timestamp_utc,open,high,low,close,volume
2026-06-09T04:00:00Z,90.14,90.2,90.04,90.09,0
2026-06-09T04:05:00Z,90.1,90.13,90.05,90.13,121
2026-06-09T04:10:00Z,90.11,90.19,90.1,90.18,71
2026-06-09T04:15:00Z,90.21,90.29,90.18,90.2,86
2026-06-09T04:20:00Z,90.21,90.23,90.12,90.15,122
2026-06-09T04:25:00Z,90.16,90.25,90.16,90.25,62
2026-06-09T04:30:00Z,90.24,90.38,90.22,90.23,152
2026-06-09T04:35:00Z,90.24,90.24,90.01,90.03,235
2026-06-09T04:40:00Z,90.06,90.12,90.04,90.07,58
2026-06-09T04:45:00Z,90.09,90.14,90.07,90.09,45
2026-06-09T04:50:00Z,90.11,90.18,90.09,90.14,84
2026-06-09T04:55:00Z,90.14,90.27,90.14,90.27,124
2026-06-09T05:00:00Z,90.28,90.36,90.28,90.31,96
2026-06-09T05:05:00Z,90.31,90.31,90.22,90.27,63
2026-06-09T05:10:00Z,90.27,90.28,90.12,90.18,220
2026-06-09T05:15:00Z,90.19,90.2,90.15,90.19,48
2026-06-09T05:20:00Z,90.18,90.21,90.0,90.0,126
2026-06-09T05:25:00Z,90.0,90.06,89.89,90.05,276
2026-06-09T05:30:00Z,90.02,90.14,89.81,90.06,337
2026-06-09T05:35:00Z,90.05,90.06,89.93,89.96,119
2026-06-09T05:40:00Z,89.97,89.98,89.82,89.92,192
2026-06-09T05:45:00Z,89.92,90.05,89.85,89.87,138
2026-06-09T05:50:00Z,89.93,90.07,89.93,90.05,88
2026-06-09T05:55:00Z,90.05,90.18,90.05,90.14,155
2026-06-09T06:00:00Z,90.14,90.16,89.75,89.83,328
2026-06-09T06:05:00Z,89.81,90.02,89.78,90.0,291
2026-06-09T06:10:00Z,89.99,90.1,89.94,89.99,267
2026-06-09T06:15:00Z,89.99,89.99,89.6,89.73,616
2026-06-09T06:20:00Z,89.71,89.83,89.65,89.83,394
2026-06-09T06:25:00Z,89.81,89.91,89.78,89.9,213
2026-06-09T06:30:00Z,89.9,90.13,89.9,89.92,431
2026-06-09T06:35:00Z,89.91,89.97,89.9,89.92,51
2026-06-09T06:45:00Z,91.3,91.3,89.84,89.9,681
2026-06-09T06:50:00Z,89.9,90.1,89.87,90.1,287
2026-06-09T06:55:00Z,90.09,90.13,89.92,89.93,390
2026-06-09T07:00:00Z,89.92,89.98,89.73,89.82,750
2026-06-09T07:05:00Z,89.81,89.83,89.68,89.71,284
2026-06-09T07:10:00Z,89.7,90.11,89.64,90.03,425
2026-06-09T07:15:00Z,90.04,90.1,89.94,90.02,281
2026-06-09T07:20:00Z,90.0,90.01,89.77,89.8,532
2026-06-09T07:25:00Z,89.79,89.9,89.69,89.72,471
2026-06-09T07:30:00Z,89.73,89.77,89.61,89.68,470
2026-06-09T07:35:00Z,89.68,89.76,89.51,89.65,594
2026-06-09T07:40:00Z,89.65,89.65,89.35,89.41,999
2026-06-09T07:45:00Z,89.4,89.71,89.33,89.71,380
2026-06-09T07:50:00Z,89.72,89.87,89.6,89.67,690
2026-06-09T07:55:00Z,89.66,89.78,89.65,89.7,208
2026-06-09T08:00:00Z,89.7,89.91,89.62,89.72,502
2026-06-09T08:05:00Z,89.69,89.79,89.51,89.57,432
2026-06-09T08:10:00Z,89.58,89.58,89.24,89.42,678
2026-06-09T08:15:00Z,89.43,89.48,89.04,89.24,730
2026-06-09T08:20:00Z,89.24,89.42,89.13,89.39,514
2026-06-09T08:25:00Z,89.38,89.45,89.16,89.21,682
2026-06-09T08:30:00Z,89.22,89.4,89.01,89.39,765
2026-06-09T08:35:00Z,89.38,89.38,89.05,89.16,564
2026-06-09T08:40:00Z,89.15,89.2,88.8,89.01,1033
2026-06-09T08:45:00Z,89.01,89.41,88.98,89.33,694
2026-06-09T08:50:00Z,89.33,89.43,89.16,89.2,519
2026-06-09T08:55:00Z,89.19,89.27,89.16,89.25,229
2026-06-09T09:00:00Z,89.25,89.36,89.06,89.11,401
2026-06-09T09:05:00Z,89.09,89.21,89.01,89.09,424
2026-06-09T09:10:00Z,89.09,89.09,88.88,88.96,465
2026-06-09T09:15:00Z,88.96,89.1,88.83,89.02,415
2026-06-09T09:20:00Z,89.04,89.09,88.85,88.91,410
2026-06-09T09:25:00Z,88.89,89.01,88.86,88.9,251
2026-06-09T09:30:00Z,88.87,88.98,88.8,88.9,593
2026-06-09T09:35:00Z,88.9,89.01,88.86,89.0,735
2026-06-09T09:40:00Z,88.98,89.11,88.89,89.1,393
2026-06-09T09:45:00Z,89.1,89.22,88.98,89.04,340
2026-06-09T09:50:00Z,89.03,89.08,88.82,89.04,468
2026-06-09T09:55:00Z,89.03,89.18,88.96,89.16,425
2026-06-09T10:00:00Z,89.15,89.35,89.08,89.3,397
2026-06-09T10:05:00Z,89.31,89.44,89.19,89.39,444
2026-06-09T10:10:00Z,89.38,89.46,89.33,89.33,366
2026-06-09T10:15:00Z,89.33,89.37,89.12,89.37,842
2026-06-09T10:20:00Z,89.37,89.38,89.25,89.31,403
2026-06-09T10:25:00Z,89.31,89.32,89.2,89.25,350
2026-06-09T10:30:00Z,89.23,89.33,89.21,89.3,223
2026-06-09T10:35:00Z,89.3,89.33,89.17,89.24,255
2026-06-09T10:40:00Z,89.26,89.36,89.26,89.3,163
2026-06-09T10:45:00Z,89.29,89.32,89.17,89.21,267
2026-06-09T10:50:00Z,89.22,89.22,88.7,89.16,1675
2026-06-09T10:55:00Z,89.16,89.18,88.98,89.01,479
2026-06-09T11:00:00Z,88.99,89.31,88.97,89.23,525
2026-06-09T11:05:00Z,89.23,89.27,89.04,89.19,311
2026-06-09T11:10:00Z,89.18,89.25,89.14,89.24,153
2026-06-09T11:15:00Z,89.23,89.32,89.19,89.31,293
2026-06-09T11:20:00Z,89.32,89.62,89.28,89.6,1353
2026-06-09T11:25:00Z,89.6,89.6,89.37,89.38,460
2026-06-09T11:30:00Z,89.38,89.57,89.3,89.53,436
2026-06-09T11:35:00Z,89.53,89.63,89.49,89.49,435
2026-06-09T11:40:00Z,89.48,89.7,89.32,89.66,821
2026-06-09T11:45:00Z,89.65,89.79,89.57,89.6,803
2026-06-09T11:50:00Z,89.59,89.74,89.59,89.73,402
2026-06-09T11:55:00Z,89.73,89.78,89.52,89.56,663
2026-06-09T12:00:00Z,89.56,89.56,89.33,89.38,636
2026-06-09T12:05:00Z,89.37,89.45,89.21,89.4,872
2026-06-09T12:10:00Z,89.4,89.54,89.38,89.49,532
2026-06-09T12:15:00Z,89.45,89.51,89.32,89.33,477
2026-06-09T12:20:00Z,89.34,89.43,89.3,89.37,516
2026-06-09T12:25:00Z,89.36,89.64,89.3,89.6,803
2026-06-09T12:30:00Z,89.61,89.67,89.35,89.36,1650
2026-06-09T12:35:00Z,89.36,89.39,89.06,89.36,1208
2026-06-09T12:40:00Z,89.36,89.44,89.31,89.39,450
2026-06-09T12:45:00Z,89.4,89.46,89.12,89.2,759
2026-06-09T12:50:00Z,89.18,89.34,89.08,89.27,831
2026-06-09T12:55:00Z,89.28,89.42,88.84,89.04,2411
2026-06-09T13:00:00Z,89.05,89.54,88.9,89.51,3707
2026-06-09T13:05:00Z,89.51,89.51,88.92,89.14,2397
2026-06-09T13:10:00Z,89.13,89.18,89.03,89.03,878
2026-06-09T13:15:00Z,89.03,89.05,88.8,88.95,2071
2026-06-09T13:20:00Z,88.94,89.05,88.81,88.84,1358
2026-06-09T13:25:00Z,88.84,88.86,88.66,88.75,1998
2026-06-09T13:30:00Z,88.75,88.78,88.43,88.62,2768
2026-06-09T13:35:00Z,88.61,88.68,88.45,88.5,2490
2026-06-09T13:40:00Z,88.49,88.7,88.36,88.4,1642
2026-06-09T13:45:00Z,88.4,88.42,87.47,87.71,7088
2026-06-09T13:50:00Z,87.7,88.06,87.62,87.88,4508
2026-06-09T13:55:00Z,87.89,88.05,87.8,87.84,1748
2026-06-09T14:00:00Z,87.84,87.87,87.45,87.62,3246
2026-06-09T14:05:00Z,87.62,87.85,87.53,87.65,2322
2026-06-09T14:10:00Z,87.65,88.0,87.65,87.98,2081
2026-06-09T14:15:00Z,87.97,88.22,87.81,88.11,2421
2026-06-09T14:20:00Z,88.09,88.11,87.72,87.73,1586
2026-06-09T14:25:00Z,87.73,87.75,87.5,87.51,1918
2026-06-09T14:30:00Z,87.51,87.77,87.37,87.75,2537
2026-06-09T14:35:00Z,87.76,87.9,87.61,87.85,1775
2026-06-09T14:40:00Z,87.87,88.06,87.82,88.05,1250
2026-06-09T14:45:00Z,88.04,88.11,87.89,88.06,1622
2026-06-09T14:50:00Z,88.06,88.08,87.67,87.74,1419
2026-06-09T14:55:00Z,87.74,87.86,87.65,87.78,1319
2026-06-09T15:00:00Z,87.77,87.88,87.64,87.8,1414
2026-06-09T15:05:00Z,87.8,87.84,87.6,87.6,969
2026-06-09T15:10:00Z,87.61,87.61,87.46,87.56,1060
2026-06-09T15:15:00Z,87.56,87.56,87.39,87.48,1262
2026-06-09T15:20:00Z,87.48,87.81,87.48,87.78,1485
2026-06-09T15:25:00Z,87.78,87.91,87.68,87.76,1865
2026-06-09T15:30:00Z,87.76,87.78,87.55,87.56,2003
2026-06-09T15:35:00Z,87.56,87.83,87.48,87.69,1807
2026-06-09T15:40:00Z,87.68,87.8,87.48,87.56,1214
2026-06-09T15:45:00Z,87.55,87.58,87.29,87.36,1741
2026-06-09T15:50:00Z,87.36,87.39,87.05,87.22,2762
2026-06-09T15:55:00Z,87.2,87.22,86.7,86.7,3916
2026-06-09T16:00:00Z,86.7,86.71,86.4,86.46,5662
2026-06-09T16:05:00Z,86.46,86.61,86.05,86.15,3732
2026-06-09T16:10:00Z,86.15,86.23,85.95,86.15,3524
2026-06-09T16:15:00Z,86.15,86.61,86.13,86.54,2874
2026-06-09T16:20:00Z,86.53,86.6,86.42,86.43,1653
2026-06-09T16:25:00Z,86.44,86.56,86.36,86.55,1305
2026-06-09T16:30:00Z,86.54,86.68,86.37,86.38,2254
2026-06-09T16:35:00Z,86.37,89.49,86.29,88.8,12573
2026-06-09T16:40:00Z,88.74,89.29,87.92,87.97,11710
2026-06-09T16:45:00Z,87.97,88.45,87.81,88.14,5227
2026-06-09T16:50:00Z,88.12,88.28,87.61,87.79,3960
2026-06-09T16:55:00Z,87.78,88.0,87.52,87.87,2413
2026-06-09T17:00:00Z,87.87,88.09,87.62,87.75,2602
2026-06-09T17:05:00Z,87.73,88.06,87.73,88.0,1684
2026-06-09T17:10:00Z,87.99,88.41,87.91,88.03,3645
2026-06-09T17:15:00Z,88.06,88.17,87.66,87.73,2206
2026-06-09T17:20:00Z,87.72,87.78,87.15,87.19,3639
2026-06-09T17:25:00Z,87.18,87.68,87.12,87.56,2537
2026-06-09T17:30:00Z,87.57,87.95,87.5,87.87,2328
2026-06-09T17:35:00Z,87.87,88.16,87.86,88.11,1508
2026-06-09T17:40:00Z,88.1,88.35,88.07,88.28,2370
2026-06-09T17:45:00Z,88.27,88.5,88.18,88.23,1953
2026-06-09T17:50:00Z,88.24,88.34,88.12,88.21,1350
2026-06-09T17:55:00Z,88.2,88.26,88.15,88.15,1789
2026-06-09T18:00:00Z,88.15,88.3,87.95,88.23,2380
2026-06-09T18:05:00Z,88.25,88.41,88.21,88.26,1882
2026-06-09T18:10:00Z,88.26,88.55,88.25,88.37,3533
2026-06-09T18:15:00Z,88.38,88.63,88.22,88.28,2323
2026-06-09T18:20:00Z,88.28,88.44,88.07,88.11,2802
2026-06-09T18:25:00Z,88.1,88.42,88.07,88.16,16063
2026-06-09T18:30:00Z,88.16,88.23,87.99,88.22,2199
2026-06-09T18:35:00Z,88.21,88.32,88.14,88.2,376
2026-06-09T18:40:00Z,88.21,88.37,88.1,88.14,774
2026-06-09T18:45:00Z,88.12,88.24,88.09,88.15,695
2026-06-09T18:50:00Z,88.15,88.19,88.1,88.17,672
2026-06-09T18:55:00Z,88.15,88.27,87.98,88.05,1126
2026-06-09T19:00:00Z,88.07,88.09,87.93,88.04,546
2026-06-09T19:05:00Z,88.06,88.19,88.02,88.16,532
2026-06-09T19:10:00Z,88.18,88.23,88.11,88.14,479
2026-06-09T19:15:00Z,88.16,88.17,88.0,88.06,590
2026-06-09T19:20:00Z,88.07,88.17,88.06,88.08,371
2026-06-09T19:25:00Z,88.08,88.15,88.08,88.14,269
2026-06-09T19:30:00Z,88.15,88.19,88.05,88.17,364
2026-06-09T19:35:00Z,88.16,88.24,88.16,88.21,528
2026-06-09T19:40:00Z,88.21,88.31,88.15,88.27,326
2026-06-09T19:45:00Z,88.27,88.45,88.27,88.42,910
2026-06-09T19:50:00Z,88.42,88.61,88.33,88.58,725
2026-06-09T19:55:00Z,88.58,88.61,88.22,88.3,1519
2026-06-09T20:00:00Z,88.31,88.56,88.23,88.28,1520
2026-06-09T20:05:00Z,88.29,88.52,88.27,88.48,645
2026-06-09T20:10:00Z,88.46,88.54,88.45,88.52,175
2026-06-09T20:15:00Z,88.52,88.52,88.4,88.47,518
2026-06-09T20:20:00Z,88.47,88.49,88.42,88.46,62
2026-06-09T20:25:00Z,88.48,88.58,88.45,88.46,395
2026-06-09T20:30:00Z,88.46,88.52,88.37,88.47,265
2026-06-09T20:35:00Z,88.49,88.63,88.33,88.59,1033
2026-06-09T20:40:00Z,88.58,88.69,88.53,88.65,611
2026-06-09T20:45:00Z,88.63,88.78,88.62,88.75,749
2026-06-09T20:50:00Z,88.75,88.77,88.66,88.74,650
2026-06-09T20:55:00Z,88.73,88.75,88.68,88.7,564
2026-06-09T22:00:00Z,89.4,89.91,89.23,89.4,0
2026-06-09T22:05:00Z,89.38,89.7,88.82,89.27,866
2026-06-09T22:10:00Z,89.26,89.26,88.75,88.96,571
2026-06-09T22:15:00Z,88.97,89.07,88.65,88.81,302
2026-06-09T22:20:00Z,88.81,88.94,88.7,88.9,200
2026-06-09T22:25:00Z,88.89,88.93,88.8,88.85,102
2026-06-09T22:30:00Z,88.87,89.06,88.86,88.99,241
2026-06-09T22:35:00Z,89.01,89.13,88.91,89.02,208
2026-06-09T22:40:00Z,89.03,89.1,88.94,89.01,187
2026-06-09T22:45:00Z,89.02,89.13,89.01,89.12,104
2026-06-09T22:50:00Z,89.14,89.27,89.11,89.13,251
2026-06-09T22:55:00Z,89.11,89.15,89.09,89.12,41
2026-06-09T23:00:00Z,89.11,89.15,88.85,88.91,213
2026-06-09T23:05:00Z,88.91,89.0,88.89,88.94,107
2026-06-09T23:10:00Z,88.95,89.0,88.89,89.0,138
2026-06-09T23:15:00Z,88.97,89.0,88.94,89.0,86
2026-06-09T23:20:00Z,89.0,89.22,88.97,89.21,383
2026-06-09T23:25:00Z,89.21,89.26,89.1,89.18,96
2026-06-09T23:30:00Z,89.14,89.17,89.04,89.06,33
2026-06-09T23:35:00Z,89.04,89.05,89.01,89.05,27
2026-06-09T23:40:00Z,89.04,89.07,88.96,88.99,39
2026-06-09T23:45:00Z,89.01,89.34,89.01,89.31,191
2026-06-09T23:50:00Z,89.29,89.29,89.1,89.16,51
2026-06-09T23:55:00Z,89.15,89.24,89.12,89.18,72
2026-06-10T00:00:00Z,89.19,89.31,88.86,88.95,527
2026-06-10T00:05:00Z,88.93,89.11,88.85,89.0,258
2026-06-10T00:10:00Z,89.01,89.42,89.0,89.28,578
2026-06-10T00:15:00Z,89.3,89.5,89.29,89.42,163
2026-06-10T00:20:00Z,89.42,89.66,89.42,89.66,347
2026-06-10T00:25:00Z,89.63,89.82,89.59,89.64,301
2026-06-10T00:30:00Z,89.63,89.76,89.6,89.76,184
2026-06-10T00:35:00Z,89.75,90.0,89.64,89.66,546
2026-06-10T00:40:00Z,89.66,89.84,89.66,89.78,137
2026-06-10T00:45:00Z,89.78,89.78,89.55,89.57,294
2026-06-10T00:50:00Z,89.59,89.63,89.3,89.36,435
2026-06-10T00:55:00Z,89.33,89.34,88.76,88.86,1299
2026-06-10T01:00:00Z,88.85,89.11,88.81,88.99,464
2026-06-10T01:05:00Z,88.97,89.02,88.81,88.84,240
2026-06-10T01:10:00Z,88.85,88.85,88.53,88.7,714
2026-06-10T01:15:00Z,88.71,88.83,88.28,88.52,693
2026-06-10T01:20:00Z,88.53,88.6,88.4,88.54,227
2026-06-10T01:25:00Z,88.52,88.78,88.52,88.71,525
2026-06-10T01:30:00Z,88.68,88.8,88.64,88.69,237
2026-06-10T01:35:00Z,88.68,89.02,88.68,88.88,252
2026-06-10T01:40:00Z,88.9,89.02,88.83,89.02,262
2026-06-10T01:45:00Z,89.01,89.11,88.96,89.07,150
2026-06-10T01:50:00Z,89.05,89.36,89.0,89.25,389
2026-06-10T01:55:00Z,89.27,89.3,89.09,89.27,287
2026-06-10T02:00:00Z,89.26,89.37,89.25,89.34,238
2026-06-10T02:05:00Z,89.34,89.4,89.21,89.26,231
2026-06-10T02:10:00Z,89.29,89.3,89.04,89.05,186
2026-06-10T02:15:00Z,89.05,89.11,88.98,89.01,146
2026-06-10T02:20:00Z,88.99,88.99,88.76,88.82,245
2026-06-10T02:25:00Z,88.82,88.97,88.8,88.94,129
2026-06-10T02:30:00Z,88.95,89.05,88.89,88.95,132
2026-06-10T02:35:00Z,88.93,88.95,88.83,88.88,70
2026-06-10T02:40:00Z,88.88,88.9,88.81,88.82,97
2026-06-10T02:45:00Z,88.81,88.83,88.73,88.76,139
2026-06-10T02:50:00Z,88.77,88.98,88.75,88.97,205
2026-06-10T02:55:00Z,88.95,89.01,88.91,88.96,152
2026-06-10T03:00:00Z,88.96,89.15,88.89,88.89,181
2026-06-10T03:05:00Z,88.88,89.04,88.84,89.02,123
2026-06-10T03:10:00Z,89.03,89.04,88.91,88.99,79
2026-06-10T03:15:00Z,89.0,89.08,88.92,89.03,138
2026-06-10T03:20:00Z,89.05,89.16,89.05,89.13,114
2026-06-10T03:25:00Z,89.1,89.1,89.0,89.02,80
2026-06-10T03:30:00Z,89.02,89.04,88.79,88.86,288
2026-06-10T03:35:00Z,88.87,88.94,88.73,88.75,151
2026-06-10T03:40:00Z,88.76,88.92,88.76,88.92,84
2026-06-10T03:45:00Z,88.92,88.92,88.76,88.81,68
2026-06-10T03:50:00Z,88.81,88.81,88.62,88.64,197
2026-06-10T03:55:00Z,88.65,88.7,88.57,88.61,75
2026-06-10T04:00:00Z,88.61,88.79,88.61,88.77,0
2026-06-10T04:05:00Z,88.77,88.82,88.76,88.78,29
2026-06-10T04:10:00Z,88.8,88.8,88.69,88.72,73
2026-06-10T04:15:00Z,88.71,88.78,88.68,88.78,61
2026-06-10T04:20:00Z,88.78,88.8,88.72,88.8,42
2026-06-10T04:25:00Z,88.8,88.88,88.76,88.87,49
2026-06-10T04:30:00Z,88.88,88.93,88.71,88.73,103
2026-06-10T04:35:00Z,88.73,88.76,88.68,88.75,86
2026-06-10T04:40:00Z,88.73,88.74,88.65,88.71,34
2026-06-10T04:45:00Z,88.72,88.79,88.69,88.72,38
2026-06-10T04:50:00Z,88.75,88.76,88.65,88.7,54
2026-06-10T04:55:00Z,88.68,88.69,88.64,88.66,22
2026-06-10T05:00:00Z,88.68,88.77,88.61,88.62,137
2026-06-10T05:05:00Z,88.61,88.66,88.43,88.49,231
2026-06-10T05:10:00Z,88.48,88.64,88.48,88.59,88
2026-06-10T05:15:00Z,88.58,88.62,88.43,88.46,134
2026-06-10T05:20:00Z,88.46,88.47,88.22,88.35,249
2026-06-10T05:25:00Z,88.34,88.34,88.07,88.2,418
2026-06-10T05:30:00Z,88.17,88.26,88.01,88.07,325
2026-06-10T05:35:00Z,88.08,88.11,87.92,87.96,346
2026-06-10T05:40:00Z,87.95,88.17,87.88,88.15,210
2026-06-10T05:45:00Z,88.15,88.26,88.1,88.14,175
2026-06-10T05:50:00Z,88.12,88.13,87.95,88.11,137
2026-06-10T05:55:00Z,88.1,88.18,88.04,88.07,123
2026-06-10T06:00:00Z,88.07,88.16,87.88,87.96,286
2026-06-10T06:05:00Z,88.01,88.04,87.83,87.99,402
2026-06-10T06:10:00Z,88.01,88.16,87.95,87.97,469
2026-06-10T06:15:00Z,87.96,87.97,87.7,87.7,484
2026-06-10T06:20:00Z,87.69,87.86,87.61,87.84,299
2026-06-10T06:25:00Z,87.81,88.03,87.74,87.91,313
2026-06-10T06:30:00Z,87.92,88.09,87.85,88.05,219
2026-06-10T06:35:00Z,88.07,88.13,87.81,88.05,339
2026-06-10T06:40:00Z,88.04,88.15,87.93,87.97,211
2026-06-10T06:45:00Z,87.98,88.05,87.98,88.03,107
2026-06-10T06:50:00Z,88.0,88.12,87.99,88.02,118
2026-06-10T06:55:00Z,88.06,88.29,88.06,88.26,564
2026-06-10T07:00:00Z,88.26,88.28,88.05,88.18,342
2026-06-10T07:05:00Z,88.17,88.27,88.15,88.19,153
2026-06-10T07:10:00Z,88.19,88.19,87.78,87.83,408
2026-06-10T07:15:00Z,87.82,87.92,87.69,87.84,449
2026-06-10T07:20:00Z,87.82,87.98,87.77,87.88,294
2026-06-10T07:25:00Z,87.89,88.25,87.87,88.21,342
2026-06-10T07:30:00Z,88.19,88.44,88.19,88.4,635
2026-06-10T07:35:00Z,88.39,88.67,88.39,88.56,651
2026-06-10T07:40:00Z,88.54,88.58,88.36,88.38,262
2026-06-10T07:45:00Z,88.38,88.55,88.14,88.46,613
2026-06-10T07:50:00Z,88.44,88.46,88.21,88.22,310
2026-06-10T07:55:00Z,88.21,88.22,88.01,88.02,433
2026-06-10T08:00:00Z,88.0,88.33,87.96,88.27,531
2026-06-10T08:05:00Z,88.27,88.42,88.21,88.34,309
2026-06-10T08:10:00Z,88.34,88.6,88.29,88.55,473
2026-06-10T08:15:00Z,88.53,88.64,88.41,88.45,332
2026-06-10T08:20:00Z,88.46,88.72,88.42,88.6,810
2026-06-10T08:25:00Z,88.6,88.85,88.56,88.62,1016
2026-06-10T08:30:00Z,88.6,88.72,88.24,88.24,668
2026-06-10T08:35:00Z,88.27,88.29,87.99,88.13,531
2026-06-10T08:40:00Z,88.13,88.21,88.03,88.06,352
2026-06-10T08:45:00Z,88.06,88.06,87.68,87.81,668
2026-06-10T08:50:00Z,87.81,87.82,87.46,87.53,792
2026-06-10T08:55:00Z,87.52,87.68,87.39,87.68,635
2026-06-10T09:00:00Z,87.69,87.71,87.43,87.56,375
2026-06-10T09:05:00Z,87.55,87.67,87.4,87.57,314
2026-06-10T09:10:00Z,87.57,87.76,87.49,87.73,296
2026-06-10T09:15:00Z,87.75,87.79,87.44,87.65,386
2026-06-10T09:20:00Z,87.62,87.83,87.61,87.77,287
2026-06-10T09:25:00Z,87.77,87.82,87.62,87.77,389
2026-06-10T09:30:00Z,87.75,87.9,87.58,87.77,470
2026-06-10T09:35:00Z,87.78,88.06,87.77,88.02,338
2026-06-10T09:40:00Z,88.04,88.51,88.04,88.39,967
2026-06-10T09:45:00Z,88.37,88.37,88.1,88.1,238
2026-06-10T09:50:00Z,88.1,88.17,87.96,88.01,285
2026-06-10T09:55:00Z,88.01,88.01,87.87,87.92,237
2026-06-10T10:00:00Z,87.9,88.17,87.87,88.08,270
2026-06-10T10:05:00Z,88.09,88.21,88.04,88.09,192
2026-06-10T10:10:00Z,88.11,88.3,88.11,88.3,182
2026-06-10T10:15:00Z,88.29,88.47,88.27,88.42,299
2026-06-10T10:20:00Z,88.41,88.42,88.2,88.23,235
2026-06-10T10:25:00Z,88.21,88.25,88.12,88.15,271
2026-06-10T10:30:00Z,88.15,88.27,88.07,88.25,334
2026-06-10T10:35:00Z,88.25,88.25,87.95,87.96,353
2026-06-10T10:40:00Z,87.94,88.04,87.83,87.84,301
2026-06-10T10:45:00Z,87.83,88.1,87.75,88.03,508
2026-06-10T10:50:00Z,88.05,88.05,87.94,88.01,185
2026-06-10T10:55:00Z,87.97,88.05,87.77,88.03,676
2026-06-10T11:00:00Z,88.0,89.64,87.76,89.5,4267
2026-06-10T11:05:00Z,89.49,89.94,89.08,89.64,4331
2026-06-10T11:10:00Z,89.64,89.67,89.35,89.38,1417
2026-06-10T11:15:00Z,89.38,89.65,89.21,89.61,1539
2026-06-10T11:20:00Z,89.63,89.63,88.95,89.39,2057
2026-06-10T11:25:00Z,89.38,90.42,89.35,89.88,5506
2026-06-10T11:30:00Z,89.88,90.12,89.64,89.79,1777
2026-06-10T11:35:00Z,89.82,90.27,89.8,90.19,1183
2026-06-10T11:40:00Z,90.21,90.23,89.95,90.05,1435
2026-06-10T11:45:00Z,90.04,90.08,89.82,89.92,873
2026-06-10T11:50:00Z,89.93,90.04,89.76,90.0,920
2026-06-10T11:55:00Z,89.99,90.13,89.87,90.05,865
2026-06-10T12:00:00Z,90.04,90.08,89.8,89.81,1513
2026-06-10T12:05:00Z,89.82,90.07,89.62,90.02,1763
2026-06-10T12:10:00Z,90.03,90.1,89.55,89.82,2280
2026-06-10T12:15:00Z,89.84,89.93,89.58,89.79,1868
2026-06-10T12:20:00Z,89.79,89.92,89.71,89.8,574
2026-06-10T12:25:00Z,89.79,89.82,89.57,89.71,895
2026-06-10T12:30:00Z,89.75,89.84,89.36,89.42,2178
2026-06-10T12:35:00Z,89.4,89.5,89.27,89.44,1154
2026-06-10T12:40:00Z,89.44,89.48,89.02,89.22,1419
2026-06-10T12:45:00Z,89.22,89.23,88.94,89.0,1675
2026-06-10T12:50:00Z,89.0,89.02,88.71,88.8,1955
2026-06-10T12:55:00Z,88.81,89.13,88.81,89.08,1570
2026-06-10T13:00:00Z,89.07,89.52,88.9,89.5,2392
2026-06-10T13:05:00Z,89.51,89.62,89.33,89.44,1360
2026-06-10T13:10:00Z,89.45,89.58,89.28,89.53,1060
2026-06-10T13:15:00Z,89.54,89.54,89.27,89.28,584
2026-06-10T13:20:00Z,89.28,89.49,89.25,89.4,876
2026-06-10T13:25:00Z,89.39,89.56,89.31,89.35,837
2026-06-10T13:30:00Z,89.36,89.58,89.3,89.56,1103
2026-06-10T13:35:00Z,89.57,89.59,89.15,89.25,1576
2026-06-10T13:40:00Z,89.26,89.38,89.19,89.3,769
2026-06-10T13:45:00Z,89.29,89.54,89.2,89.48,1097
2026-06-10T13:50:00Z,89.47,89.9,89.45,89.7,1965
2026-06-10T13:55:00Z,89.68,89.84,89.68,89.79,858
2026-06-10T14:00:00Z,89.78,89.94,89.74,89.93,1170
2026-06-10T14:05:00Z,89.93,90.0,89.78,89.91,1161
2026-06-10T14:10:00Z,89.91,89.91,89.65,89.78,1982
2026-06-10T14:15:00Z,89.78,89.89,89.6,89.75,2072
2026-06-10T14:20:00Z,89.78,89.92,89.56,89.58,1975
2026-06-10T14:25:00Z,89.59,89.85,89.48,89.73,1401
2026-06-10T14:30:00Z,89.73,90.19,89.65,90.02,2768
2026-06-10T14:35:00Z,90.04,90.25,90.0,90.19,1839
2026-06-10T14:40:00Z,90.2,90.27,90.05,90.25,1239
2026-06-10T14:45:00Z,90.23,90.23,89.95,89.99,1907
2026-06-10T14:50:00Z,89.99,90.23,89.91,90.13,2697
2026-06-10T14:55:00Z,90.14,90.38,90.13,90.26,2167
2026-06-10T15:00:00Z,90.27,90.29,89.87,90.09,1843
2026-06-10T15:05:00Z,90.09,90.15,89.9,89.93,1073
2026-06-10T15:10:00Z,89.92,89.93,89.6,89.74,1597
2026-06-10T15:15:00Z,89.76,89.9,89.7,89.82,1134
2026-06-10T15:20:00Z,89.82,89.85,89.62,89.75,1094
2026-06-10T15:25:00Z,89.75,89.81,89.41,89.54,2446
2026-06-10T15:30:00Z,89.55,89.56,89.36,89.47,2054
2026-06-10T15:35:00Z,89.47,89.79,89.47,89.74,1574
2026-06-10T15:40:00Z,89.74,90.06,89.73,90.0,1202
2026-06-10T15:45:00Z,90.01,91.11,89.91,90.66,8211
2026-06-10T15:50:00Z,90.68,91.47,90.52,90.92,9374
2026-06-10T15:55:00Z,90.93,90.97,90.5,90.63,3558
2026-06-10T16:00:00Z,90.62,90.91,90.53,90.82,2541
2026-06-10T16:05:00Z,90.84,91.17,90.77,91.13,1972
2026-06-10T16:10:00Z,91.14,91.25,90.96,91.03,1864
2026-06-10T16:15:00Z,91.04,91.08,90.85,90.9,1609
2026-06-10T16:20:00Z,90.89,90.98,90.66,90.97,1327
2026-06-10T16:25:00Z,90.97,91.1,90.87,90.93,1308
2026-06-10T16:30:00Z,90.92,91.11,90.91,90.95,1286
2026-06-10T16:35:00Z,90.95,91.09,90.89,91.0,1145
2026-06-10T16:40:00Z,90.99,91.08,90.93,91.0,808
2026-06-10T16:45:00Z,90.99,91.1,90.99,91.06,1088
2026-06-10T16:50:00Z,91.06,91.14,90.97,91.13,1182
2026-06-10T16:55:00Z,91.12,91.28,90.96,91.05,1399
2026-06-10T17:00:00Z,91.04,91.07,90.83,91.01,1877
2026-06-10T17:05:00Z,91.0,91.24,91.0,91.16,1279
2026-06-10T17:10:00Z,91.15,91.26,91.14,91.19,951
2026-06-10T17:15:00Z,91.2,91.45,91.2,91.42,1880
2026-06-10T17:20:00Z,91.42,91.46,91.25,91.39,1533
2026-06-10T17:25:00Z,91.4,91.45,91.33,91.43,1453
2026-06-10T17:30:00Z,91.43,91.7,91.43,91.65,2416
2026-06-10T17:35:00Z,91.65,91.73,91.44,91.58,1386
2026-06-10T17:40:00Z,91.59,91.63,91.52,91.61,823
2026-06-10T17:45:00Z,91.6,91.6,91.35,91.44,1536
2026-06-10T17:50:00Z,91.45,91.84,91.16,91.19,4528
2026-06-10T17:55:00Z,91.19,91.2,90.85,90.89,3617
2026-06-10T18:00:00Z,90.9,90.91,90.56,90.6,3417
2026-06-10T18:05:00Z,90.62,90.69,90.51,90.67,2693
2026-06-10T18:10:00Z,90.66,90.67,90.4,90.49,2747
2026-06-10T18:15:00Z,90.5,90.88,90.46,90.76,3094
2026-06-10T18:20:00Z,90.76,90.79,90.43,90.45,2580
2026-06-10T18:25:00Z,90.46,90.6,89.81,89.93,13492
2026-06-10T18:30:00Z,89.92,90.23,89.91,90.19,3734
2026-06-10T18:35:00Z,90.21,90.5,90.09,90.17,1627
2026-06-10T18:40:00Z,90.17,90.22,90.14,90.18,272
2026-06-10T18:45:00Z,90.19,90.26,90.12,90.25,895
2026-06-10T18:50:00Z,90.26,90.33,90.22,90.26,453
2026-06-10T18:55:00Z,90.24,90.28,90.13,90.19,539
2026-06-10T19:00:00Z,90.18,90.39,90.12,90.38,622
2026-06-10T19:05:00Z,90.39,90.57,90.35,90.42,782
2026-06-10T19:10:00Z,90.43,90.44,90.31,90.35,197
2026-06-10T19:15:00Z,90.34,90.49,90.34,90.45,203
2026-06-10T19:20:00Z,90.45,90.49,90.41,90.42,202
2026-06-10T19:25:00Z,90.41,90.41,90.31,90.37,212
2026-06-10T19:30:00Z,90.37,90.49,90.36,90.44,379
2026-06-10T19:35:00Z,90.45,90.55,90.43,90.47,417
2026-06-10T19:40:00Z,90.48,90.59,90.41,90.51,988
2026-06-10T19:45:00Z,90.5,90.6,90.5,90.58,528
2026-06-10T19:50:00Z,90.58,90.61,90.43,90.45,764
2026-06-10T19:55:00Z,90.46,90.51,90.4,90.42,303
2026-06-10T20:00:00Z,90.4,90.54,90.27,90.29,410
2026-06-10T20:05:00Z,90.3,90.78,90.3,90.72,966
2026-06-10T20:10:00Z,90.74,90.94,90.57,90.93,989
2026-06-10T20:15:00Z,90.94,90.98,90.81,90.84,373
2026-06-10T20:20:00Z,90.83,91.15,90.83,91.1,1667
2026-06-10T20:25:00Z,91.11,91.14,90.99,91.04,337
2026-06-10T20:30:00Z,91.04,91.22,91.01,91.05,375
2026-06-10T20:35:00Z,91.05,91.31,91.04,91.24,1502
2026-06-10T20:40:00Z,91.24,91.57,91.21,91.44,843
2026-06-10T20:45:00Z,91.43,91.8,91.41,91.72,1927
2026-06-10T20:50:00Z,91.69,91.87,91.68,91.76,817
2026-06-10T20:55:00Z,91.75,91.86,91.75,91.85,820
2026-06-10T21:00:00Z,91.85,91.85,91.85,91.85,4
2026-06-10T22:00:00Z,92.25,92.39,91.9,92.11,0
2026-06-10T22:05:00Z,92.13,92.25,92.03,92.16,283
2026-06-10T22:10:00Z,92.17,92.45,92.15,92.25,467
2026-06-10T22:15:00Z,92.23,92.31,92.14,92.21,358
2026-06-10T22:20:00Z,92.2,92.43,92.13,92.36,411
2026-06-10T22:25:00Z,92.39,92.42,92.28,92.33,165
2026-06-10T22:30:00Z,92.32,92.33,92.02,92.22,324
2026-06-10T22:35:00Z,92.22,92.25,92.12,92.15,135
2026-06-10T22:40:00Z,92.18,92.57,92.06,92.41,561
2026-06-10T22:45:00Z,92.42,92.66,92.31,92.63,770
2026-06-10T22:50:00Z,92.64,93.08,92.53,92.88,970
2026-06-10T22:55:00Z,92.92,93.36,92.89,93.35,1039
2026-06-10T23:00:00Z,93.35,93.45,93.15,93.34,661
2026-06-10T23:05:00Z,93.35,93.35,93.04,93.26,346
2026-06-10T23:10:00Z,93.27,93.6,93.16,93.54,576
2026-06-10T23:15:00Z,93.5,93.64,92.72,93.22,1138
2026-06-10T23:20:00Z,93.26,93.3,92.52,92.9,2349
2026-06-10T23:25:00Z,92.9,92.93,92.5,92.66,1023
2026-06-10T23:30:00Z,92.64,93.12,92.56,92.77,958
2026-06-10T23:35:00Z,92.8,92.81,92.6,92.72,343
2026-06-10T23:40:00Z,92.75,92.86,92.65,92.84,151
2026-06-10T23:45:00Z,92.83,93.05,92.71,92.92,396
2026-06-10T23:50:00Z,92.92,92.92,92.6,92.66,199
2026-06-10T23:55:00Z,92.67,92.69,92.45,92.47,321
2026-06-11T00:00:00Z,92.53,92.6,92.25,92.6,1404
2026-06-11T00:05:00Z,92.59,92.74,92.46,92.72,534
2026-06-11T00:10:00Z,92.71,92.75,92.45,92.56,413
2026-06-11T00:15:00Z,92.56,92.58,91.91,92.2,1344
2026-06-11T00:20:00Z,92.17,92.34,92.07,92.31,284
2026-06-11T00:25:00Z,92.3,92.55,92.27,92.37,519
2026-06-11T00:30:00Z,92.38,92.49,92.33,92.41,242
2026-06-11T00:35:00Z,92.41,92.62,92.3,92.39,375
2026-06-11T00:40:00Z,92.38,92.43,92.17,92.39,244
2026-06-11T00:45:00Z,92.38,92.38,92.13,92.3,179
2026-06-11T00:50:00Z,92.31,92.42,92.22,92.4,129
2026-06-11T00:55:00Z,92.39,92.43,92.29,92.35,226
2026-06-11T01:00:00Z,92.36,92.38,91.52,91.98,1471
2026-06-11T01:05:00Z,92.01,92.3,91.95,92.03,732
2026-06-11T01:10:00Z,92.05,92.06,91.69,91.76,564
2026-06-11T01:15:00Z,91.77,91.83,91.66,91.66,418
2026-06-11T01:20:00Z,91.67,91.84,91.65,91.72,257
2026-06-11T01:25:00Z,91.71,91.73,91.5,91.56,448
2026-06-11T01:30:00Z,91.58,91.68,91.42,91.48,236
2026-06-11T01:35:00Z,91.5,91.52,91.25,91.28,476
2026-06-11T01:40:00Z,91.3,91.4,91.2,91.4,328
2026-06-11T01:45:00Z,91.39,91.54,91.39,91.51,202
2026-06-11T01:50:00Z,91.55,91.61,91.52,91.53,137
2026-06-11T01:55:00Z,91.52,91.7,91.52,91.65,287
2026-06-11T02:00:00Z,91.64,91.65,91.46,91.47,119
2026-06-11T02:05:00Z,91.47,91.54,91.44,91.47,117
2026-06-11T02:10:00Z,91.47,91.7,91.44,91.7,200
2026-06-11T02:15:00Z,91.7,91.78,91.66,91.73,144
2026-06-11T02:20:00Z,91.74,91.91,91.74,91.89,193
2026-06-11T02:25:00Z,91.89,91.99,91.85,91.86,272
2026-06-11T02:30:00Z,91.85,91.9,91.6,91.6,181
2026-06-11T02:35:00Z,91.6,91.71,91.56,91.71,153
2026-06-11T02:40:00Z,91.72,91.79,91.7,91.77,65
2026-06-11T02:45:00Z,91.78,91.85,91.68,91.72,75
2026-06-11T02:50:00Z,91.72,91.75,91.66,91.67,70
2026-06-11T02:55:00Z,91.68,91.69,91.46,91.57,154
2026-06-11T03:00:00Z,91.56,91.6,91.54,91.57,42
2026-06-11T03:05:00Z,91.58,91.69,91.55,91.67,65
2026-06-11T03:10:00Z,91.66,91.74,91.64,91.72,86
2026-06-11T03:15:00Z,91.71,91.76,91.61,91.68,160
2026-06-11T03:20:00Z,91.69,91.87,91.66,91.87,170
2026-06-11T03:25:00Z,91.87,91.95,91.84,91.87,241
2026-06-11T03:30:00Z,91.87,91.88,91.76,91.78,99
2026-06-11T03:35:00Z,91.8,91.97,91.79,91.95,115
2026-06-11T03:40:00Z,91.95,92.11,91.94,92.03,211
2026-06-11T03:45:00Z,92.03,92.03,91.84,91.86,151
2026-06-11T03:50:00Z,91.86,91.88,91.7,91.81,183
2026-06-11T03:55:00Z,91.81,91.87,91.79,91.81,42
2026-06-11T04:00:00Z,91.82,91.94,91.82,91.93,0
2026-06-11T04:05:00Z,91.9,91.95,91.87,91.87,72
2026-06-11T04:10:00Z,91.88,91.88,91.77,91.83,98
2026-06-11T04:15:00Z,91.84,91.84,91.71,91.73,114
2026-06-11T04:20:00Z,91.73,91.77,91.59,91.64,155
2026-06-11T04:25:00Z,91.66,91.72,91.6,91.61,161
2026-06-11T04:30:00Z,91.62,91.7,91.59,91.66,102
2026-06-11T04:35:00Z,91.67,91.67,91.46,91.46,379
2026-06-11T04:40:00Z,91.46,91.47,91.12,91.24,494
2026-06-11T04:45:00Z,91.23,91.26,91.0,91.07,464
2026-06-11T04:50:00Z,91.08,91.16,91.0,91.1,245
2026-06-11T04:55:00Z,91.1,91.16,91.1,91.11,82
2026-06-11T05:00:00Z,91.1,91.17,91.07,91.13,112
2026-06-11T05:05:00Z,91.12,91.19,90.95,90.97,162
2026-06-11T05:10:00Z,91.01,91.12,90.92,91.09,235
2026-06-11T05:15:00Z,91.08,91.13,91.07,91.08,43
2026-06-11T05:20:00Z,91.08,91.08,90.83,90.91,223
2026-06-11T05:25:00Z,90.91,90.97,90.77,90.97,216
2026-06-11T05:30:00Z,90.94,90.94,90.69,90.72,293
2026-06-11T05:35:00Z,90.7,90.84,90.7,90.84,127
2026-06-11T05:40:00Z,90.8,90.8,90.58,90.64,553
2026-06-11T05:45:00Z,90.65,90.7,90.39,90.48,410
2026-06-11T05:50:00Z,90.46,90.6,90.46,90.55,193
2026-06-11T05:55:00Z,90.54,90.68,90.34,90.6,293
2026-06-11T06:00:00Z,90.64,90.85,90.6,90.84,335
2026-06-11T06:05:00Z,90.84,90.96,90.72,90.92,343
2026-06-11T06:10:00Z,90.92,90.92,90.75,90.76,273
2026-06-11T06:15:00Z,90.74,90.84,90.71,90.75,141
2026-06-11T06:20:00Z,90.75,90.77,90.68,90.74,198
2026-06-11T06:25:00Z,90.74,90.75,90.45,90.48,263
2026-06-11T06:30:00Z,90.49,90.69,90.43,90.59,247
2026-06-11T06:35:00Z,90.59,90.64,90.43,90.49,248
2026-06-11T06:40:00Z,90.44,90.58,90.39,90.58,192
2026-06-11T06:45:00Z,90.56,90.67,90.4,90.66,315
2026-06-11T06:50:00Z,90.67,90.67,90.48,90.57,224
2026-06-11T06:55:00Z,90.57,90.62,90.44,90.47,205
2026-06-11T07:00:00Z,90.47,90.47,90.09,90.13,1393
2026-06-11T07:05:00Z,90.12,90.33,90.1,90.25,473
2026-06-11T07:10:00Z,90.24,90.55,90.12,90.35,748
2026-06-11T07:15:00Z,90.34,90.42,90.25,90.4,158
2026-06-11T07:20:00Z,90.4,90.4,89.97,89.98,1009
2026-06-11T07:25:00Z,89.99,90.05,89.82,89.87,948
2026-06-11T07:30:00Z,89.85,89.88,89.48,89.62,1104
2026-06-11T07:35:00Z,89.6,89.6,89.36,89.54,688
2026-06-11T07:40:00Z,89.55,89.71,89.46,89.6,512
2026-06-11T07:45:00Z,89.6,89.78,89.53,89.76,392
2026-06-11T07:50:00Z,89.74,89.8,89.54,89.69,374
2026-06-11T07:55:00Z,89.7,89.84,89.69,89.83,281
2026-06-11T08:00:00Z,89.84,89.91,89.66,89.75,445
2026-06-11T08:05:00Z,89.77,89.77,89.44,89.45,497
2026-06-11T08:10:00Z,89.44,89.6,89.39,89.43,542
2026-06-11T08:15:00Z,89.42,89.46,89.11,89.13,703
2026-06-11T08:20:00Z,89.13,89.31,89.03,89.16,688
2026-06-11T08:25:00Z,89.16,89.56,89.16,89.5,731
2026-06-11T08:30:00Z,89.46,89.56,88.94,88.95,1037
2026-06-11T08:35:00Z,88.96,89.16,88.85,89.07,828
2026-06-11T08:40:00Z,89.05,89.06,88.77,88.9,941
2026-06-11T08:45:00Z,88.9,89.19,88.8,89.17,702
2026-06-11T08:50:00Z,89.17,89.19,89.0,89.05,443
2026-06-11T08:55:00Z,89.03,89.12,88.99,89.1,437
2026-06-11T09:00:00Z,89.11,89.41,89.11,89.16,534
2026-06-11T09:05:00Z,89.14,89.55,89.13,89.47,719
2026-06-11T09:10:00Z,89.46,89.64,89.39,89.55,495
2026-06-11T09:15:00Z,89.54,89.58,89.47,89.58,197
2026-06-11T09:20:00Z,89.57,89.61,89.43,89.47,260
2026-06-11T09:25:00Z,89.48,89.5,89.33,89.39,266
2026-06-11T09:30:00Z,89.4,89.59,89.38,89.58,235
2026-06-11T09:35:00Z,89.57,89.8,89.57,89.76,582
2026-06-11T09:40:00Z,89.75,89.75,89.57,89.64,208
2026-06-11T09:45:00Z,89.65,89.74,89.56,89.69,153
2026-06-11T09:50:00Z,89.67,89.67,89.21,89.21,466
2026-06-11T09:55:00Z,89.2,89.32,89.07,89.31,612
2026-06-11T10:00:00Z,89.3,89.52,89.11,89.41,511
2026-06-11T10:05:00Z,89.39,89.39,89.27,89.36,134
2026-06-11T10:10:00Z,89.38,89.4,89.26,89.34,107
2026-06-11T10:15:00Z,89.32,89.47,89.32,89.45,150
2026-06-11T10:20:00Z,89.42,89.49,89.21,89.26,201
2026-06-11T10:25:00Z,89.25,89.33,89.01,89.3,778
2026-06-11T10:30:00Z,89.26,89.29,88.75,88.84,1453
2026-06-11T10:35:00Z,88.84,89.14,88.83,89.06,463
2026-06-11T10:40:00Z,89.06,89.27,89.06,89.18,296
2026-06-11T10:45:00Z,89.17,89.37,89.17,89.3,250
2026-06-11T10:50:00Z,89.29,89.29,89.04,89.16,294
2026-06-11T10:55:00Z,89.17,89.18,88.96,88.96,480
2026-06-11T11:00:00Z,88.96,89.14,88.87,88.96,572
2026-06-11T11:05:00Z,88.98,89.27,88.96,89.18,600
2026-06-11T11:10:00Z,89.17,89.18,89.03,89.18,251
2026-06-11T11:15:00Z,89.18,89.3,88.93,89.05,476
2026-06-11T11:20:00Z,89.06,89.29,89.02,89.26,548
2026-06-11T11:25:00Z,89.26,89.37,89.03,89.14,1067
2026-06-11T11:30:00Z,89.14,89.26,88.63,88.98,1542
2026-06-11T11:35:00Z,88.97,89.05,88.78,88.92,891
2026-06-11T11:40:00Z,88.9,88.95,88.69,88.83,486
2026-06-11T11:45:00Z,88.82,88.9,88.79,88.86,311
2026-06-11T11:50:00Z,88.85,89.0,88.84,88.98,603
2026-06-11T11:55:00Z,88.98,89.09,88.92,89.04,248
2026-06-11T12:00:00Z,89.05,89.13,88.95,89.12,400
2026-06-11T12:05:00Z,89.1,89.12,88.99,89.01,300
2026-06-11T12:10:00Z,89.02,89.11,88.96,89.04,405
2026-06-11T12:15:00Z,89.02,89.59,89.01,89.59,1511
2026-06-11T12:20:00Z,89.59,91.48,89.42,90.87,7922
2026-06-11T12:25:00Z,90.88,90.96,90.44,90.62,3141
2026-06-11T12:30:00Z,90.65,90.91,90.56,90.75,2318
2026-06-11T12:35:00Z,90.72,90.83,90.52,90.66,1976
2026-06-11T12:40:00Z,90.67,91.25,90.34,90.78,3635
2026-06-11T12:45:00Z,90.79,90.97,90.22,90.37,3154
2026-06-11T12:50:00Z,90.35,90.53,90.07,90.2,2662
2026-06-11T12:55:00Z,90.21,90.21,89.88,90.06,3577
2026-06-11T13:00:00Z,90.06,90.31,89.99,90.07,1789
2026-06-11T13:05:00Z,90.07,90.44,90.03,90.28,1297
2026-06-11T13:10:00Z,90.28,90.5,90.19,90.41,1081
2026-06-11T13:15:00Z,90.41,90.59,90.36,90.58,934
2026-06-11T13:20:00Z,90.58,90.66,90.26,90.34,1037
2026-06-11T13:25:00Z,90.35,90.4,90.07,90.2,1135
2026-06-11T13:30:00Z,90.2,90.24,89.42,89.59,4065
2026-06-11T13:35:00Z,89.57,89.82,89.54,89.76,1393
2026-06-11T13:40:00Z,89.75,89.85,89.59,89.68,1362
2026-06-11T13:45:00Z,89.66,89.73,89.05,89.42,4527
2026-06-11T13:50:00Z,89.4,89.4,89.14,89.34,1964
2026-06-11T13:55:00Z,89.33,89.41,89.19,89.34,1303
2026-06-11T14:00:00Z,89.36,89.8,89.35,89.73,1534
2026-06-11T14:05:00Z,89.72,89.87,89.57,89.84,1567
2026-06-11T14:10:00Z,89.84,90.08,89.8,89.83,1909
2026-06-11T14:15:00Z,89.83,90.23,89.72,90.16,1888
2026-06-11T14:20:00Z,90.16,90.21,89.88,90.07,1524
2026-06-11T14:25:00Z,90.07,90.2,90.07,90.15,635
2026-06-11T14:30:00Z,90.14,90.35,90.09,90.28,1467
2026-06-11T14:35:00Z,90.27,90.4,90.13,90.23,1088
2026-06-11T14:40:00Z,90.21,90.25,90.04,90.23,887
2026-06-11T14:45:00Z,90.24,90.29,90.16,90.18,667
2026-06-11T14:50:00Z,90.19,90.22,90.1,90.11,845
2026-06-11T14:55:00Z,90.11,90.14,89.88,90.07,1921
2026-06-11T15:00:00Z,90.08,90.13,89.97,90.03,1296
2026-06-11T15:05:00Z,90.02,90.49,90.01,90.46,1850
2026-06-11T15:10:00Z,90.48,90.5,90.03,90.48,2079
2026-06-11T15:15:00Z,90.48,90.55,90.32,90.48,1190
2026-06-11T15:20:00Z,90.48,90.54,90.27,90.28,1256
2026-06-11T15:25:00Z,90.28,90.48,90.19,90.47,902
2026-06-11T15:30:00Z,90.48,90.71,90.37,90.64,1526
2026-06-11T15:35:00Z,90.64,90.98,90.63,90.91,1643
2026-06-11T15:40:00Z,90.9,91.21,90.82,91.05,1933
2026-06-11T15:45:00Z,91.05,91.17,90.89,91.03,1548
2026-06-11T15:50:00Z,91.05,91.07,90.98,91.01,710
2026-06-11T15:55:00Z,91.0,91.1,90.8,90.84,1766
2026-06-11T16:00:00Z,90.84,90.91,90.65,90.87,1607
2026-06-11T16:05:00Z,90.85,90.89,90.75,90.86,807
2026-06-11T16:10:00Z,90.86,91.02,90.84,90.99,932
2026-06-11T16:15:00Z,90.98,91.1,90.87,91.08,1288
2026-06-11T16:20:00Z,91.06,91.5,90.95,91.2,2394
2026-06-11T16:25:00Z,91.18,91.25,91.11,91.18,831
2026-06-11T16:30:00Z,91.18,91.29,91.15,91.23,1228
2026-06-11T16:35:00Z,91.23,91.42,91.23,91.39,1009
2026-06-11T16:40:00Z,91.37,91.38,91.04,91.05,1538
2026-06-11T16:45:00Z,91.04,91.05,90.81,90.82,1152
2026-06-11T16:50:00Z,90.83,90.87,90.69,90.74,1322
2026-06-11T16:55:00Z,90.73,90.89,90.67,90.84,974
2026-06-11T17:00:00Z,90.85,90.92,90.61,90.67,1949
2026-06-11T17:05:00Z,90.68,90.71,90.54,90.57,1548
2026-06-11T17:10:00Z,90.56,90.62,90.32,90.36,2243
2026-06-11T17:15:00Z,90.37,90.41,90.18,90.23,1227
2026-06-11T17:20:00Z,90.23,90.29,90.08,90.17,1668
2026-06-11T17:25:00Z,90.16,90.29,88.28,88.36,8631
2026-06-11T17:30:00Z,88.38,88.41,86.9,87.0,13536
2026-06-11T17:35:00Z,86.99,87.25,86.55,86.58,5681
2026-06-11T17:40:00Z,86.6,86.96,86.54,86.73,4686
2026-06-11T17:45:00Z,86.73,87.26,86.61,87.19,3930
2026-06-11T17:50:00Z,87.2,87.39,86.89,87.17,3074
2026-06-11T17:55:00Z,87.19,87.5,87.06,87.39,3844
2026-06-11T18:00:00Z,87.39,88.04,87.35,87.91,4291
2026-06-11T18:05:00Z,87.91,88.29,87.91,88.21,2754
2026-06-11T18:10:00Z,88.2,88.2,87.54,87.56,2578
2026-06-11T18:15:00Z,87.56,87.67,87.28,87.32,2889
2026-06-11T18:20:00Z,87.32,87.86,87.11,87.57,5293
2026-06-11T18:25:00Z,87.58,87.86,87.43,87.81,11859
2026-06-11T18:30:00Z,87.81,88.32,87.77,88.05,2375
2026-06-11T18:35:00Z,88.06,88.15,87.9,87.95,1021
2026-06-11T18:40:00Z,87.95,88.08,87.86,88.06,1036
2026-06-11T18:45:00Z,88.09,88.14,87.99,88.11,578
2026-06-11T18:50:00Z,88.12,88.12,87.96,88.08,851
2026-06-11T18:55:00Z,88.06,88.16,87.77,87.8,1439
2026-06-11T19:00:00Z,87.78,87.79,87.54,87.54,837
2026-06-11T19:05:00Z,87.55,87.85,87.48,87.59,861
2026-06-11T19:10:00Z,87.6,87.71,87.14,87.63,2730
2026-06-11T19:15:00Z,87.62,87.62,86.98,87.06,2046
2026-06-11T19:20:00Z,87.05,87.09,86.82,86.9,1509
2026-06-11T19:25:00Z,86.9,86.93,86.69,86.73,989
2026-06-11T19:30:00Z,86.74,86.75,85.94,85.96,4494
2026-06-11T19:35:00Z,85.97,86.23,85.81,86.22,2424
2026-06-11T19:40:00Z,86.2,86.29,85.92,86.28,1211
2026-06-11T19:45:00Z,86.28,86.56,86.23,86.49,1133
2026-06-11T19:50:00Z,86.5,86.63,86.38,86.4,699
2026-06-11T19:55:00Z,86.4,86.58,86.33,86.53,1136
2026-06-11T20:00:00Z,86.54,86.54,86.07,86.16,1293
2026-06-11T20:05:00Z,86.12,86.35,86.09,86.29,492
2026-06-11T20:10:00Z,86.31,86.59,86.23,86.23,622
2026-06-11T20:15:00Z,86.23,86.36,86.22,86.35,91
2026-06-11T20:20:00Z,86.37,86.37,86.02,86.07,590
2026-06-11T20:25:00Z,86.07,86.24,85.74,86.0,943
2026-06-11T20:30:00Z,85.99,86.3,85.9,86.3,363
2026-06-11T20:35:00Z,86.29,86.57,86.26,86.41,892
2026-06-11T20:40:00Z,86.42,86.45,86.28,86.37,287
2026-06-11T20:45:00Z,86.36,86.49,86.34,86.35,296
2026-06-11T20:50:00Z,86.35,86.59,86.27,86.49,379
2026-06-11T20:55:00Z,86.5,86.54,86.4,86.42,428
2026-06-11T22:00:00Z,86.64,86.64,85.4,85.45,0
2026-06-11T22:05:00Z,85.42,85.57,85.13,85.3,741
2026-06-11T22:10:00Z,85.3,85.79,85.27,85.75,449
2026-06-11T22:15:00Z,85.75,85.83,85.72,85.82,125
2026-06-11T22:20:00Z,85.84,85.87,85.64,85.69,189
2026-06-11T22:25:00Z,85.7,86.08,85.66,86.08,263
2026-06-11T22:30:00Z,86.05,86.1,85.9,85.93,140
2026-06-11T22:35:00Z,85.95,86.02,85.89,85.96,99
2026-06-11T22:40:00Z,85.98,85.98,85.66,85.8,402
2026-06-11T22:45:00Z,85.8,85.94,85.7,85.91,205
2026-06-11T22:50:00Z,85.92,85.96,85.87,85.93,41
2026-06-11T22:55:00Z,85.92,85.97,85.86,85.95,63
2026-06-11T23:00:00Z,85.94,85.95,85.69,85.79,452
2026-06-11T23:05:00Z,85.81,85.89,85.77,85.78,430
2026-06-11T23:10:00Z,85.8,85.87,85.79,85.83,47
2026-06-11T23:15:00Z,85.84,85.89,85.84,85.85,51
2026-06-11T23:20:00Z,85.87,85.88,85.78,85.84,59
2026-06-11T23:25:00Z,85.84,85.91,85.81,85.84,54
2026-06-11T23:30:00Z,85.86,85.96,85.86,85.96,64
2026-06-11T23:35:00Z,85.95,86.04,85.9,86.0,87
2026-06-11T23:40:00Z,85.97,86.1,85.92,86.01,138
2026-06-11T23:45:00Z,86.01,86.2,86.0,86.19,87
2026-06-11T23:50:00Z,86.18,86.19,86.05,86.07,81
2026-06-11T23:55:00Z,86.03,86.1,86.03,86.06,120
2026-06-12T00:00:00Z,86.07,86.44,86.04,86.36,611
2026-06-12T00:05:00Z,86.36,86.42,86.23,86.23,286
2026-06-12T00:10:00Z,86.24,86.4,86.2,86.25,137
2026-06-12T00:15:00Z,86.27,86.34,86.27,86.31,133
2026-06-12T00:20:00Z,86.34,86.35,86.19,86.2,172
2026-06-12T00:25:00Z,86.19,86.29,86.18,86.29,143
2026-06-12T00:30:00Z,86.3,86.41,86.24,86.36,171
2026-06-12T00:35:00Z,86.33,86.48,86.3,86.47,155
2026-06-12T00:40:00Z,86.48,86.6,86.43,86.43,242
2026-06-12T00:45:00Z,86.42,86.44,86.33,86.4,125
2026-06-12T00:50:00Z,86.4,86.5,86.34,86.5,92
2026-06-12T00:55:00Z,86.5,86.74,86.48,86.64,301
2026-06-12T01:00:00Z,86.63,86.92,86.61,86.7,818
2026-06-12T01:05:00Z,86.72,86.84,86.69,86.7,160
2026-06-12T01:10:00Z,86.68,86.78,86.65,86.75,143
2026-06-12T01:15:00Z,86.78,86.85,86.68,86.7,151
2026-06-12T01:20:00Z,86.69,86.78,86.66,86.78,72
2026-06-12T01:25:00Z,86.78,86.79,86.67,86.69,90
2026-06-12T01:30:00Z,86.7,86.7,86.56,86.63,199
2026-06-12T01:35:00Z,86.61,86.75,86.6,86.67,130
2026-06-12T01:40:00Z,86.64,86.89,86.64,86.88,561
2026-06-12T01:45:00Z,86.86,86.88,86.7,86.71,351
2026-06-12T01:50:00Z,86.7,86.87,86.69,86.86,95
2026-06-12T01:55:00Z,86.88,86.88,86.73,86.81,85
2026-06-12T02:00:00Z,86.8,86.86,86.69,86.71,114
2026-06-12T02:05:00Z,86.72,86.79,86.68,86.77,86
2026-06-12T02:10:00Z,86.77,86.81,86.71,86.77,70
2026-06-12T02:15:00Z,86.78,86.86,86.78,86.83,68
2026-06-12T02:20:00Z,86.82,86.85,86.8,86.85,66
2026-06-12T02:25:00Z,86.85,86.9,86.8,86.89,116
2026-06-12T02:30:00Z,86.88,86.88,86.77,86.84,128
2026-06-12T02:35:00Z,86.82,86.86,86.77,86.83,127
2026-06-12T02:40:00Z,86.84,86.85,86.74,86.76,141
2026-06-12T02:45:00Z,86.73,86.75,86.6,86.63,155
2026-06-12T02:50:00Z,86.64,86.7,86.5,86.69,226
2026-06-12T02:55:00Z,86.69,86.78,86.63,86.74,97
2026-06-12T03:00:00Z,86.73,86.98,86.72,86.85,178
2026-06-12T03:05:00Z,86.87,86.88,86.79,86.79,97
2026-06-12T03:10:00Z,86.81,86.9,86.75,86.9,114
2026-06-12T03:15:00Z,86.86,86.98,86.85,86.89,91
2026-06-12T03:20:00Z,86.9,86.91,86.83,86.87,43
2026-06-12T03:25:00Z,86.86,86.86,86.69,86.71,138
2026-06-12T03:30:00Z,86.72,86.76,86.44,86.48,282
2026-06-12T03:35:00Z,86.49,86.62,86.46,86.55,105
2026-06-12T03:40:00Z,86.55,86.63,86.48,86.59,130
2026-06-12T03:45:00Z,86.6,86.62,86.4,86.43,223
2026-06-12T03:50:00Z,86.43,86.43,86.32,86.35,222
2026-06-12T03:55:00Z,86.34,86.35,86.21,86.28,254
2026-06-12T04:00:00Z,86.25,86.35,86.21,86.3,0
2026-06-12T04:05:00Z,86.31,86.32,86.15,86.15,98
2026-06-12T04:10:00Z,86.15,86.21,86.07,86.11,192
2026-06-12T04:15:00Z,86.11,86.21,86.1,86.18,134
2026-06-12T04:20:00Z,86.18,86.27,86.18,86.22,72
2026-06-12T04:25:00Z,86.23,86.23,86.15,86.16,51
2026-06-12T04:30:00Z,86.17,86.17,86.1,86.16,53
2026-06-12T04:35:00Z,86.17,86.27,86.13,86.25,77
2026-06-12T04:40:00Z,86.24,86.3,86.23,86.23,44
2026-06-12T04:45:00Z,86.24,86.36,86.23,86.27,126
2026-06-12T04:50:00Z,86.26,86.27,86.19,86.21,69
2026-06-12T04:55:00Z,86.22,86.24,86.07,86.08,92
2026-06-12T05:00:00Z,86.08,86.09,85.92,86.01,204
2026-06-12T05:05:00Z,85.99,86.06,85.93,85.96,91
2026-06-12T05:10:00Z,85.95,86.03,85.88,86.0,167
2026-06-12T05:15:00Z,86.02,86.09,86.0,86.06,100
2026-06-12T05:20:00Z,86.05,86.13,86.02,86.06,135
2026-06-12T05:25:00Z,86.05,86.05,85.9,85.93,192
2026-06-12T05:30:00Z,85.94,86.16,85.91,86.08,238
2026-06-12T05:35:00Z,86.11,86.14,85.86,85.88,201
2026-06-12T05:40:00Z,85.88,85.9,85.67,85.8,489
2026-06-12T05:45:00Z,85.75,85.94,85.75,85.9,97
2026-06-12T05:50:00Z,85.9,85.94,85.72,85.77,138
2026-06-12T05:55:00Z,85.78,86.07,85.78,86.06,135
2026-06-12T06:00:00Z,86.06,86.07,85.83,85.92,219
2026-06-12T06:05:00Z,85.93,85.96,85.84,85.89,320
2026-06-12T06:10:00Z,85.89,86.06,85.88,86.04,171
2026-06-12T06:15:00Z,86.06,86.11,85.95,86.07,221
2026-06-12T06:20:00Z,86.07,86.15,85.84,85.87,212
2026-06-12T06:25:00Z,85.86,86.0,85.82,85.95,152
2026-06-12T06:30:00Z,85.97,86.05,85.88,85.91,235
2026-06-12T06:35:00Z,85.9,85.9,85.74,85.87,647
2026-06-12T06:40:00Z,85.86,86.01,85.8,86.0,199
2026-06-12T06:45:00Z,85.97,86.1,85.9,86.04,177
2026-06-12T06:50:00Z,86.03,86.03,85.87,86.0,298
2026-06-12T06:55:00Z,86.0,86.15,85.95,86.1,256
2026-06-12T07:00:00Z,86.08,86.25,85.98,86.21,398
2026-06-12T07:05:00Z,86.23,86.33,86.16,86.3,255
2026-06-12T07:10:00Z,86.29,86.35,86.09,86.34,312
2026-06-12T07:15:00Z,86.35,86.4,86.18,86.21,345
2026-06-12T07:20:00Z,86.22,86.25,86.0,86.03,709
2026-06-12T07:25:00Z,86.05,86.13,86.03,86.06,265
2026-06-12T07:30:00Z,86.04,86.19,85.84,85.89,416
2026-06-12T07:35:00Z,85.87,85.96,85.44,85.96,1270
2026-06-12T07:40:00Z,85.95,86.07,85.6,85.66,821
2026-06-12T07:45:00Z,85.65,85.74,85.51,85.68,397
2026-06-12T07:50:00Z,85.66,85.74,85.45,85.47,424
2026-06-12T07:55:00Z,85.51,85.52,84.92,85.19,2308
2026-06-12T08:00:00Z,85.2,85.23,84.77,85.0,1453
2026-06-12T08:05:00Z,84.96,85.13,84.53,84.56,1433
2026-06-12T08:10:00Z,84.57,84.61,84.29,84.38,1593
2026-06-12T08:15:00Z,84.39,84.63,83.7,83.74,2056
2026-06-12T08:20:00Z,83.73,84.03,83.47,83.81,2024
2026-06-12T08:25:00Z,83.82,84.04,83.4,83.43,1826
2026-06-12T08:30:00Z,83.42,83.78,83.2,83.78,1975
2026-06-12T08:35:00Z,83.78,83.92,83.67,83.75,1033
2026-06-12T08:40:00Z,83.76,83.98,83.71,83.75,729
2026-06-12T08:45:00Z,83.76,83.93,83.7,83.84,723
2026-06-12T08:50:00Z,83.85,83.96,83.77,83.94,571
2026-06-12T08:55:00Z,83.94,84.0,83.78,83.87,740
2026-06-12T09:00:00Z,83.88,83.91,83.62,83.64,573
2026-06-12T09:05:00Z,83.64,83.98,83.62,83.83,581
2026-06-12T09:10:00Z,83.83,83.98,83.75,83.77,379
2026-06-12T09:15:00Z,83.76,83.81,83.47,83.71,828
2026-06-12T09:20:00Z,83.72,84.08,83.65,83.91,826
2026-06-12T09:25:00Z,83.89,84.05,83.69,83.81,463
2026-06-12T09:30:00Z,83.81,83.86,83.58,83.61,329
2026-06-12T09:35:00Z,83.6,83.92,83.58,83.9,377
2026-06-12T09:40:00Z,83.9,83.96,83.84,83.85,339
2026-06-12T09:45:00Z,83.87,84.22,83.85,84.07,588
2026-06-12T09:50:00Z,84.06,84.07,83.96,84.06,438
2026-06-12T09:55:00Z,84.05,84.16,83.89,84.16,607
2026-06-12T10:00:00Z,84.16,84.25,84.03,84.18,510
2026-06-12T10:05:00Z,84.19,84.24,84.07,84.07,292
2026-06-12T10:10:00Z,84.06,84.34,84.01,84.2,1326
2026-06-12T10:15:00Z,84.2,84.49,84.18,84.33,553
2026-06-12T10:20:00Z,84.32,84.49,84.3,84.32,335
2026-06-12T10:25:00Z,84.32,85.05,84.3,84.92,2025
2026-06-12T10:30:00Z,84.93,85.28,84.76,85.01,1867
2026-06-12T10:35:00Z,85.0,85.01,84.7,84.81,576
2026-06-12T10:40:00Z,84.81,84.91,84.69,84.75,715
2026-06-12T10:45:00Z,84.76,84.84,84.67,84.77,257
2026-06-12T10:50:00Z,84.8,84.89,84.76,84.76,388
2026-06-12T10:55:00Z,84.76,84.85,84.48,84.7,1175
2026-06-12T11:00:00Z,84.69,84.77,84.61,84.69,359
2026-06-12T11:05:00Z,84.66,84.74,84.54,84.61,446
2026-06-12T11:10:00Z,84.6,84.62,84.35,84.39,412
2026-06-12T11:15:00Z,84.4,84.45,84.25,84.25,766
2026-06-12T11:20:00Z,84.26,84.26,84.06,84.08,952
2026-06-12T11:25:00Z,84.08,84.31,84.04,84.28,719
2026-06-12T11:30:00Z,84.28,84.58,84.19,84.52,863
2026-06-12T11:35:00Z,84.53,84.67,84.46,84.61,448
2026-06-12T11:40:00Z,84.62,84.62,84.34,84.44,621
2026-06-12T11:45:00Z,84.44,84.9,84.44,84.88,819
2026-06-12T11:50:00Z,84.87,85.02,84.78,84.78,603
2026-06-12T11:55:00Z,84.78,85.2,84.78,84.9,1097
2026-06-12T12:00:00Z,84.88,85.11,84.72,85.02,926
2026-06-12T12:05:00Z,85.0,85.08,84.92,84.96,435
2026-06-12T12:10:00Z,84.98,85.02,84.89,84.91,607
2026-06-12T12:15:00Z,84.9,85.02,84.89,84.96,436
2026-06-12T12:20:00Z,84.95,85.23,84.94,85.19,975
2026-06-12T12:25:00Z,85.2,85.24,85.11,85.24,650
2026-06-12T12:30:00Z,85.25,85.47,85.23,85.37,1036
2026-06-12T12:35:00Z,85.36,85.52,85.34,85.41,809
2026-06-12T12:40:00Z,85.4,85.7,85.37,85.45,1851
2026-06-12T12:45:00Z,85.44,85.6,85.1,85.22,1356
2026-06-12T12:50:00Z,85.24,85.4,85.12,85.37,814
2026-06-12T12:55:00Z,85.37,85.62,85.09,85.09,1458
2026-06-12T13:00:00Z,85.09,85.26,84.96,85.19,1420
2026-06-12T13:05:00Z,85.19,85.46,85.17,85.36,749
2026-06-12T13:10:00Z,85.35,85.6,85.35,85.39,1091
2026-06-12T13:15:00Z,85.39,85.39,85.15,85.23,1161
2026-06-12T13:20:00Z,85.24,85.44,85.16,85.39,674
2026-06-12T13:25:00Z,85.38,85.51,85.3,85.33,632
2026-06-12T13:30:00Z,85.35,85.64,85.31,85.56,1797
2026-06-12T13:35:00Z,85.56,85.92,85.45,85.82,1673
2026-06-12T13:40:00Z,85.83,86.88,85.82,86.24,6791
2026-06-12T13:45:00Z,86.24,86.56,86.06,86.37,2233
2026-06-12T13:50:00Z,86.37,86.77,86.31,86.77,2954
2026-06-12T13:55:00Z,86.78,87.04,86.72,87.02,2669
2026-06-12T14:00:00Z,87.03,87.23,86.8,86.81,3640
2026-06-12T14:05:00Z,86.8,86.94,86.62,86.63,1899
2026-06-12T14:10:00Z,86.64,86.68,86.39,86.43,1892
2026-06-12T14:15:00Z,86.44,86.54,86.14,86.53,1394
2026-06-12T14:20:00Z,86.54,86.77,86.43,86.59,1422
2026-06-12T14:25:00Z,86.59,86.62,86.38,86.46,882
2026-06-12T14:30:00Z,86.48,86.64,86.46,86.5,841
2026-06-12T14:35:00Z,86.51,86.53,86.1,86.2,2151
2026-06-12T14:40:00Z,86.21,86.49,86.2,86.44,1088
2026-06-12T14:45:00Z,86.45,86.63,86.36,86.55,1034
2026-06-12T14:50:00Z,86.55,86.68,85.12,85.32,7136
2026-06-12T14:55:00Z,85.31,85.54,84.74,84.96,3896
2026-06-12T15:00:00Z,84.97,85.04,84.51,84.88,3732
2026-06-12T15:05:00Z,84.87,84.87,84.53,84.56,1945
2026-06-12T15:10:00Z,84.57,84.8,84.41,84.61,1739
2026-06-12T15:15:00Z,84.6,84.75,84.34,84.42,1434
2026-06-12T15:20:00Z,84.4,84.49,84.23,84.31,1621
2026-06-12T15:25:00Z,84.32,84.52,84.29,84.46,1442
2026-06-12T15:30:00Z,84.44,84.72,84.24,84.58,2018
2026-06-12T15:35:00Z,84.57,84.75,84.25,84.28,2034
2026-06-12T15:40:00Z,84.3,84.56,84.25,84.49,844
2026-06-12T15:45:00Z,84.48,84.6,84.33,84.58,1180
2026-06-12T15:50:00Z,84.56,84.56,84.13,84.22,1234
2026-06-12T15:55:00Z,84.23,84.43,84.14,84.41,865
2026-06-12T16:00:00Z,84.42,84.73,84.41,84.54,1641
2026-06-12T16:05:00Z,84.55,84.79,84.55,84.73,973
2026-06-12T16:10:00Z,84.74,84.8,84.17,84.48,2931
2026-06-12T16:15:00Z,84.48,84.61,84.23,84.57,1715
2026-06-12T16:20:00Z,84.56,84.79,84.5,84.61,1213
2026-06-12T16:25:00Z,84.62,84.84,84.59,84.79,1019
2026-06-12T16:30:00Z,84.81,84.85,84.67,84.74,938
2026-06-12T16:35:00Z,84.74,84.85,84.65,84.69,901
2026-06-12T16:40:00Z,84.69,84.78,84.58,84.75,908
2026-06-12T16:45:00Z,84.75,84.78,84.46,84.55,721
2026-06-12T16:50:00Z,84.56,84.68,84.52,84.64,1296
2026-06-12T16:55:00Z,84.63,85.0,84.63,84.84,1471
2026-06-12T17:00:00Z,84.85,84.93,84.77,84.84,953
2026-06-12T17:05:00Z,84.84,84.96,84.45,84.83,1940
2026-06-12T17:10:00Z,84.84,84.97,84.72,84.82,1196
2026-06-12T17:15:00Z,84.82,84.96,84.68,84.69,1055
2026-06-12T17:20:00Z,84.66,84.78,84.65,84.69,908
2026-06-12T17:25:00Z,84.68,84.8,84.5,84.55,1126
2026-06-12T17:30:00Z,84.54,84.68,84.54,84.64,854
2026-06-12T17:35:00Z,84.63,84.79,84.58,84.74,900
2026-06-12T17:40:00Z,84.74,84.8,84.7,84.78,711
2026-06-12T17:45:00Z,84.77,84.89,84.69,84.69,727
2026-06-12T17:50:00Z,84.69,84.89,84.63,84.84,1150
2026-06-12T17:55:00Z,84.83,85.04,84.83,84.91,1550
2026-06-12T18:00:00Z,84.9,85.09,84.9,85.02,1334
2026-06-12T18:05:00Z,85.02,85.07,84.71,84.77,1724
2026-06-12T18:10:00Z,84.78,85.01,84.75,84.93,1043
2026-06-12T18:15:00Z,84.94,85.0,84.82,84.92,1535
2026-06-12T18:20:00Z,84.93,84.95,84.77,84.86,1351
2026-06-12T18:25:00Z,84.86,85.04,84.79,84.88,6401
2026-06-12T18:30:00Z,84.88,84.89,84.71,84.76,988
2026-06-12T18:35:00Z,84.75,84.77,84.61,84.62,577
2026-06-12T18:40:00Z,84.63,84.63,84.34,84.36,1004
2026-06-12T18:45:00Z,84.36,84.46,84.35,84.42,472
2026-06-12T18:50:00Z,84.42,84.46,84.4,84.42,349
2026-06-12T18:55:00Z,84.43,84.47,84.32,84.45,562
2026-06-12T19:00:00Z,84.46,84.47,84.33,84.38,242
2026-06-12T19:05:00Z,84.37,84.62,84.37,84.53,1223
2026-06-12T19:10:00Z,84.53,84.56,84.48,84.52,149
2026-06-12T19:15:00Z,84.52,84.52,84.45,84.46,116
2026-06-12T19:20:00Z,84.46,84.56,84.46,84.5,634
2026-06-12T19:25:00Z,84.5,84.5,84.42,84.45,219
2026-06-12T19:30:00Z,84.44,84.56,84.39,84.54,293
2026-06-12T19:35:00Z,84.54,84.66,84.29,84.5,1335
2026-06-12T19:40:00Z,84.5,84.58,84.46,84.56,452
2026-06-12T19:45:00Z,84.55,84.58,84.37,84.39,500
2026-06-12T19:50:00Z,84.38,84.44,84.31,84.38,564
2026-06-12T19:55:00Z,84.38,84.39,84.24,84.3,659
2026-06-12T20:00:00Z,84.3,84.38,84.28,84.36,343
2026-06-12T20:05:00Z,84.35,84.43,84.33,84.43,119
2026-06-12T20:10:00Z,84.44,84.46,84.31,84.39,130
2026-06-12T20:15:00Z,84.37,84.41,84.24,84.24,146
2026-06-12T20:20:00Z,84.25,84.28,84.22,84.28,108
2026-06-12T20:25:00Z,84.29,84.3,84.21,84.25,143
2026-06-12T20:30:00Z,84.27,84.3,84.22,84.28,170
2026-06-12T20:35:00Z,84.26,84.3,84.22,84.22,303
2026-06-12T20:40:00Z,84.23,84.29,84.21,84.27,218
2026-06-12T20:45:00Z,84.28,84.3,84.23,84.26,341
2026-06-12T20:50:00Z,84.27,84.3,84.19,84.22,272
2026-06-12T20:55:00Z,84.23,84.88,84.18,84.88,361
2026-06-14T22:10:00Z,80.95,81.0,80.79,80.96,415
2026-06-14T22:15:00Z,80.96,81.25,80.88,80.88,846
2026-06-14T22:20:00Z,80.88,81.13,80.83,81.13,393
2026-06-14T22:25:00Z,81.13,81.5,81.12,81.35,1140
2026-06-14T22:30:00Z,81.36,81.5,81.3,81.39,371
2026-06-14T22:35:00Z,81.39,81.54,81.35,81.51,491
2026-06-14T22:40:00Z,81.51,81.69,81.43,81.57,341
2026-06-14T22:45:00Z,81.56,81.59,81.08,81.29,605
2026-06-14T22:50:00Z,81.31,81.44,81.28,81.39,299
2026-06-14T22:55:00Z,81.38,81.4,81.25,81.27,204
2026-06-14T23:00:00Z,81.28,81.34,81.12,81.15,300
2026-06-14T23:05:00Z,81.15,81.15,80.98,80.98,271
2026-06-14T23:10:00Z,81.0,81.05,80.89,80.91,266
2026-06-14T23:15:00Z,80.93,81.16,80.91,81.16,214
2026-06-14T23:20:00Z,81.17,81.2,81.04,81.05,149
2026-06-14T23:25:00Z,81.05,81.23,81.05,81.12,222
2026-06-14T23:30:00Z,81.12,81.15,81.06,81.13,55
2026-06-14T23:35:00Z,81.12,81.13,81.06,81.06,111
2026-06-14T23:40:00Z,81.06,81.08,81.02,81.06,73
2026-06-14T23:45:00Z,81.07,81.12,81.02,81.04,65
2026-06-14T23:50:00Z,81.04,81.04,80.86,80.91,141
2026-06-14T23:55:00Z,80.91,81.0,80.91,81.0,151
2026-06-15T00:00:00Z,81.0,81.01,80.83,80.85,379
2026-06-15T00:05:00Z,80.84,80.92,80.79,80.83,232
2026-06-15T00:10:00Z,80.82,80.9,80.43,80.61,710
2026-06-15T00:15:00Z,80.62,80.75,80.6,80.69,171
2026-06-15T00:20:00Z,80.7,80.88,80.7,80.81,141
2026-06-15T00:25:00Z,80.79,80.85,80.71,80.85,121
2026-06-15T00:30:00Z,80.86,80.95,80.78,80.93,168
2026-06-15T00:35:00Z,80.92,80.99,80.85,80.91,145
2026-06-15T00:40:00Z,80.9,81.17,80.89,81.12,213
2026-06-15T00:45:00Z,81.13,81.23,80.99,80.99,165
2026-06-15T00:50:00Z,80.96,80.98,80.89,80.96,225
2026-06-15T00:55:00Z,80.96,81.05,80.92,80.97,189
2026-06-15T01:00:00Z,80.97,81.21,80.71,80.84,656
2026-06-15T01:05:00Z,80.85,81.02,80.81,81.0,207
2026-06-15T01:10:00Z,81.0,81.1,80.8,80.85,184
2026-06-15T01:15:00Z,80.88,80.93,80.69,80.78,277
2026-06-15T01:20:00Z,80.78,80.79,80.5,80.69,329
2026-06-15T01:25:00Z,80.69,80.75,80.53,80.6,180
2026-06-15T01:30:00Z,80.63,80.65,80.49,80.59,180
2026-06-15T01:35:00Z,80.58,80.81,80.56,80.69,184
2026-06-15T01:40:00Z,80.69,80.82,80.69,80.77,125
2026-06-15T01:45:00Z,80.78,80.88,80.75,80.86,144
2026-06-15T01:50:00Z,80.87,80.93,80.81,80.89,171
2026-06-15T01:55:00Z,80.89,80.96,80.79,80.91,113
2026-06-15T02:00:00Z,80.9,80.9,80.78,80.8,73
2026-06-15T02:05:00Z,80.78,80.78,80.52,80.62,209
2026-06-15T02:10:00Z,80.64,80.66,80.54,80.58,183
2026-06-15T02:15:00Z,80.6,80.64,80.57,80.57,77
2026-06-15T02:20:00Z,80.57,80.59,80.51,80.55,107
2026-06-15T02:25:00Z,80.52,80.52,80.32,80.34,292
2026-06-15T02:30:00Z,80.35,80.35,80.12,80.16,604
2026-06-15T02:35:00Z,80.18,80.24,80.06,80.07,287
2026-06-15T02:40:00Z,80.07,80.2,80.05,80.2,253
2026-06-15T02:45:00Z,80.2,80.23,80.1,80.11,103
2026-06-15T02:50:00Z,80.1,80.17,80.0,80.08,687
2026-06-15T02:55:00Z,80.04,80.13,80.0,80.09,426
2026-06-15T03:00:00Z,80.09,80.22,80.0,80.17,348
2026-06-15T03:05:00Z,80.17,80.28,80.13,80.13,295
2026-06-15T03:10:00Z,80.13,80.2,80.05,80.09,930
2026-06-15T03:15:00Z,80.09,80.14,80.0,80.06,592
2026-06-15T03:20:00Z,80.07,80.16,80.0,80.15,237
2026-06-15T03:25:00Z,80.17,80.19,80.11,80.13,86
2026-06-15T03:30:00Z,80.14,80.55,80.14,80.49,1216
2026-06-15T03:35:00Z,80.5,80.66,80.41,80.47,763
2026-06-15T03:40:00Z,80.48,80.6,80.34,80.56,318
2026-06-15T03:45:00Z,80.56,80.65,80.49,80.55,390
2026-06-15T03:50:00Z,80.56,80.56,80.49,80.49,166
2026-06-15T03:55:00Z,80.5,80.55,80.43,80.54,193
2026-06-15T04:00:00Z,80.52,80.6,80.46,80.6,137
2026-06-15T04:05:00Z,80.61,80.63,80.55,80.58,92
2026-06-15T04:10:00Z,80.59,80.6,80.53,80.53,87
2026-06-15T04:15:00Z,80.53,80.63,80.51,80.59,70
2026-06-15T04:20:00Z,80.59,80.63,80.53,80.62,84
2026-06-15T04:25:00Z,80.62,80.64,80.57,80.59,83
2026-06-15T04:30:00Z,80.61,80.65,80.53,80.53,80
2026-06-15T04:35:00Z,80.56,80.7,80.5,80.7,86
2026-06-15T04:40:00Z,80.69,80.71,80.58,80.59,139
2026-06-15T04:45:00Z,80.59,80.63,80.57,80.61,147
2026-06-15T04:50:00Z,80.62,80.63,80.51,80.57,97
2026-06-15T04:55:00Z,80.59,80.62,80.52,80.53,120
2026-06-15T05:00:00Z,80.55,80.66,80.5,80.61,138
2026-06-15T05:05:00Z,80.62,80.75,80.6,80.74,245
2026-06-15T05:10:00Z,80.74,80.86,80.72,80.8,348
2026-06-15T05:15:00Z,80.79,80.82,80.72,80.75,258
2026-06-15T05:20:00Z,80.72,80.75,80.69,80.7,75
2026-06-15T05:25:00Z,80.7,80.93,80.69,80.82,373
2026-06-15T05:30:00Z,80.81,80.93,80.73,80.88,387
2026-06-15T05:35:00Z,80.88,80.88,80.69,80.74,318
2026-06-15T05:40:00Z,80.74,80.93,80.74,80.88,259
2026-06-15T05:45:00Z,80.87,80.89,80.66,80.72,299
2026-06-15T05:50:00Z,80.72,81.03,80.65,80.93,397
2026-06-15T05:55:00Z,80.92,80.95,80.73,80.79,228
2026-06-15T06:00:00Z,80.79,81.08,80.79,81.04,751
2026-06-15T06:05:00Z,81.04,81.12,80.93,81.07,402
2026-06-15T06:10:00Z,81.1,81.1,80.84,80.9,605
2026-06-15T06:15:00Z,80.91,80.92,80.8,80.81,218
2026-06-15T06:20:00Z,80.81,80.81,80.45,80.57,642
2026-06-15T06:25:00Z,80.56,80.82,80.56,80.73,332
2026-06-15T06:30:00Z,80.74,80.88,80.47,80.57,510
2026-06-15T06:35:00Z,80.58,80.76,80.57,80.64,179
2026-06-15T06:40:00Z,80.66,80.66,80.44,80.6,399
2026-06-15T06:45:00Z,80.55,80.62,80.52,80.59,186
2026-06-15T06:50:00Z,80.61,80.72,80.52,80.57,242
2026-06-15T06:55:00Z,80.57,80.59,80.47,80.5,247
2026-06-15T07:00:00Z,80.51,80.68,80.45,80.52,358
2026-06-15T07:05:00Z,80.52,80.52,80.34,80.46,470
2026-06-15T07:10:00Z,80.46,80.49,80.33,80.35,272
2026-06-15T07:15:00Z,80.37,80.38,80.04,80.14,741
2026-06-15T07:20:00Z,80.14,80.14,80.0,80.03,1042
2026-06-15T07:25:00Z,80.02,80.1,79.8,79.85,1646
2026-06-15T07:30:00Z,79.86,79.9,79.7,79.76,1679
2026-06-15T07:35:00Z,79.77,80.07,79.75,80.01,1275
2026-06-15T07:40:00Z,80.01,80.2,80.01,80.09,609
2026-06-15T07:45:00Z,80.1,80.48,80.09,80.47,1166
2026-06-15T07:50:00Z,80.47,80.55,80.28,80.35,892
2026-06-15T07:55:00Z,80.36,80.53,80.35,80.49,580
2026-06-15T08:00:00Z,80.51,80.61,80.37,80.43,659
2026-06-15T08:05:00Z,80.44,80.64,80.44,80.6,494
2026-06-15T08:10:00Z,80.6,80.86,80.57,80.71,918
2026-06-15T08:15:00Z,80.7,80.81,80.57,80.57,670
2026-06-15T08:20:00Z,80.59,80.79,80.53,80.7,509
2026-06-15T08:25:00Z,80.7,80.72,80.26,80.3,1116
2026-06-15T08:30:00Z,80.3,80.53,80.23,80.33,906
2026-06-15T08:35:00Z,80.33,80.4,80.22,80.34,481
2026-06-15T08:40:00Z,80.36,80.42,80.16,80.32,549
2026-06-15T08:45:00Z,80.32,80.46,80.17,80.4,523
2026-06-15T08:50:00Z,80.39,80.5,80.34,80.45,410
2026-06-15T08:55:00Z,80.46,80.53,80.31,80.42,587
2026-06-15T09:00:00Z,80.4,80.42,79.96,80.13,2634
2026-06-15T09:05:00Z,80.12,80.22,79.99,80.16,486
2026-06-15T09:10:00Z,80.17,80.36,80.07,80.35,811
2026-06-15T09:15:00Z,80.34,80.4,80.15,80.2,533
2026-06-15T09:20:00Z,80.22,80.41,80.21,80.34,343
2026-06-15T09:25:00Z,80.34,80.38,80.08,80.12,348
2026-06-15T09:30:00Z,80.1,80.24,80.01,80.15,567
2026-06-15T09:35:00Z,80.16,80.24,80.13,80.2,229
2026-06-15T09:40:00Z,80.2,80.35,80.19,80.35,354
2026-06-15T09:45:00Z,80.35,80.5,80.32,80.34,457
2026-06-15T09:50:00Z,80.33,80.33,80.06,80.13,758
2026-06-15T09:55:00Z,80.11,80.25,80.1,80.25,568
2026-06-15T10:00:00Z,80.25,80.29,80.12,80.15,483
2026-06-15T10:05:00Z,80.16,80.25,80.12,80.17,311
2026-06-15T10:10:00Z,80.17,80.31,80.16,80.22,302
2026-06-15T10:15:00Z,80.23,80.23,80.05,80.12,449
2026-06-15T10:20:00Z,80.14,80.4,80.12,80.33,515
2026-06-15T10:25:00Z,80.32,80.37,80.16,80.36,551
2026-06-15T10:30:00Z,80.35,80.5,80.32,80.35,440
2026-06-15T10:35:00Z,80.34,80.5,80.33,80.47,279
2026-06-15T10:40:00Z,80.48,80.55,80.43,80.48,428
2026-06-15T10:45:00Z,80.47,80.52,80.36,80.46,372
2026-06-15T10:50:00Z,80.45,80.67,80.42,80.59,542
2026-06-15T10:55:00Z,80.59,80.69,80.48,80.59,353
2026-06-15T11:00:00Z,80.59,80.61,80.23,80.31,641
2026-06-15T11:05:00Z,80.27,80.43,80.25,80.4,323
2026-06-15T11:10:00Z,80.4,80.4,80.13,80.2,801
2026-06-15T11:15:00Z,80.21,80.38,80.18,80.31,412
2026-06-15T11:20:00Z,80.31,80.38,80.25,80.27,216
2026-06-15T11:25:00Z,80.29,80.29,80.13,80.16,330
2026-06-15T11:30:00Z,80.15,80.31,80.06,80.3,454
2026-06-15T11:35:00Z,80.31,80.42,80.26,80.34,311
2026-06-15T11:40:00Z,80.34,80.49,80.3,80.44,340
2026-06-15T11:45:00Z,80.44,80.47,80.3,80.33,453
2026-06-15T11:50:00Z,80.32,80.37,80.23,80.35,300
2026-06-15T11:55:00Z,80.34,80.48,80.34,80.42,534
2026-06-15T12:00:00Z,80.41,80.61,80.36,80.57,590
2026-06-15T12:05:00Z,80.58,80.6,80.46,80.55,267
2026-06-15T12:10:00Z,80.53,80.56,80.21,80.3,730
2026-06-15T12:15:00Z,80.29,80.32,80.2,80.21,528
2026-06-15T12:20:00Z,80.2,80.46,80.19,80.33,1048
2026-06-15T12:25:00Z,80.32,80.37,80.13,80.23,746
2026-06-15T12:30:00Z,80.21,80.24,79.97,80.06,1897
2026-06-15T12:35:00Z,80.05,80.23,80.05,80.18,890
2026-06-15T12:40:00Z,80.19,80.19,80.01,80.03,640
2026-06-15T12:45:00Z,80.03,80.26,80.03,80.26,646
2026-06-15T12:50:00Z,80.26,80.42,80.17,80.29,846
2026-06-15T12:55:00Z,80.29,80.41,80.26,80.34,532
2026-06-15T13:00:00Z,80.34,80.45,80.26,80.3,1093
2026-06-15T13:05:00Z,80.3,80.4,80.26,80.3,656
2026-06-15T13:10:00Z,80.32,80.48,80.3,80.44,620
2026-06-15T13:15:00Z,80.44,80.54,80.36,80.4,1050
2026-06-15T13:20:00Z,80.4,80.65,80.4,80.48,1489
2026-06-15T13:25:00Z,80.47,80.59,80.4,80.51,940
2026-06-15T13:30:00Z,80.51,80.67,80.41,80.45,2703
2026-06-15T13:35:00Z,80.46,80.48,80.3,80.48,1407
2026-06-15T13:40:00Z,80.5,80.52,80.35,80.5,1043
2026-06-15T13:45:00Z,80.51,80.63,80.46,80.5,1885
2026-06-15T13:50:00Z,80.49,80.49,80.29,80.34,1134
2026-06-15T13:55:00Z,80.35,80.43,80.21,80.24,1061
2026-06-15T14:00:00Z,80.23,80.29,80.16,80.25,1360
2026-06-15T14:05:00Z,80.26,80.28,80.03,80.09,1591
2026-06-15T14:10:00Z,80.1,80.35,80.09,80.27,946
2026-06-15T14:15:00Z,80.28,80.33,80.05,80.07,1403
2026-06-15T14:20:00Z,80.07,80.09,79.93,80.03,1351
2026-06-15T14:25:00Z,80.04,80.11,79.82,79.91,2112
2026-06-15T14:30:00Z,79.92,79.96,79.8,79.92,1993
2026-06-15T14:35:00Z,79.93,79.98,79.83,79.89,753
2026-06-15T14:40:00Z,79.87,79.96,79.81,79.92,925
2026-06-15T14:45:00Z,79.92,80.16,79.88,80.11,2274
2026-06-15T14:50:00Z,80.1,80.34,80.02,80.29,1508
2026-06-15T14:55:00Z,80.29,80.5,80.26,80.47,1773
2026-06-15T15:00:00Z,80.48,80.87,80.41,80.64,3068
2026-06-15T15:05:00Z,80.63,80.73,80.53,80.64,1553
2026-06-15T15:10:00Z,80.63,80.73,80.56,80.63,978
2026-06-15T15:15:00Z,80.63,80.63,80.48,80.57,819
2026-06-15T15:20:00Z,80.57,80.59,80.45,80.5,1058
2026-06-15T15:25:00Z,80.5,80.67,80.34,80.63,1329
2026-06-15T15:30:00Z,80.62,80.8,80.52,80.6,1667
2026-06-15T15:35:00Z,80.58,80.59,80.32,80.36,657
2026-06-15T15:40:00Z,80.35,80.58,80.35,80.5,613
2026-06-15T15:45:00Z,80.48,80.5,80.21,80.23,764
2026-06-15T15:50:00Z,80.22,80.27,80.15,80.23,667
2026-06-15T15:55:00Z,80.23,80.32,80.21,80.27,822
2026-06-15T16:00:00Z,80.25,80.26,80.12,80.22,798
2026-06-15T16:05:00Z,80.23,80.37,80.12,80.17,1198
2026-06-15T16:10:00Z,80.15,80.25,80.12,80.17,654
2026-06-15T16:15:00Z,80.16,80.23,80.02,80.13,1028
2026-06-15T16:20:00Z,80.12,80.14,80.06,80.08,520
2026-06-15T16:25:00Z,80.06,80.19,80.06,80.11,552
2026-06-15T16:30:00Z,80.08,80.26,80.08,80.24,726
2026-06-15T16:35:00Z,80.24,80.36,80.23,80.3,840
2026-06-15T16:40:00Z,80.31,80.47,80.27,80.4,847
2026-06-15T16:45:00Z,80.43,80.47,80.36,80.43,764
2026-06-15T16:50:00Z,80.42,80.43,80.33,80.41,1002
2026-06-15T16:55:00Z,80.41,80.51,80.41,80.51,1142
2026-06-15T17:00:00Z,80.51,80.64,80.51,80.58,1087
2026-06-15T17:05:00Z,80.58,80.74,80.52,80.57,2706
2026-06-15T17:10:00Z,80.57,80.61,80.51,80.58,613
2026-06-15T17:15:00Z,80.58,80.58,80.37,80.44,859
2026-06-15T17:20:00Z,80.45,80.57,80.43,80.51,2465
2026-06-15T17:25:00Z,80.51,80.64,80.43,80.56,918
2026-06-15T17:30:00Z,80.56,80.59,80.48,80.55,390
2026-06-15T17:35:00Z,80.54,80.59,80.29,80.29,1481
2026-06-15T17:40:00Z,80.29,80.46,80.28,80.45,635
2026-06-15T17:45:00Z,80.45,80.51,80.41,80.47,758
2026-06-15T17:50:00Z,80.47,80.64,80.45,80.51,954
2026-06-15T17:55:00Z,80.5,80.63,80.45,80.58,993
2026-06-15T18:00:00Z,80.59,80.66,80.42,80.47,2105
2026-06-15T18:05:00Z,80.47,80.53,80.41,80.48,669
2026-06-15T18:10:00Z,80.49,80.53,80.38,80.42,716
2026-06-15T18:15:00Z,80.41,80.67,80.36,80.59,1509
2026-06-15T18:20:00Z,80.6,80.67,80.54,80.57,1941
2026-06-15T18:25:00Z,80.57,80.94,80.5,80.9,7831
2026-06-15T18:30:00Z,80.89,81.01,80.79,80.82,1519
2026-06-15T18:35:00Z,80.82,80.9,80.81,80.82,530
2026-06-15T18:40:00Z,80.82,81.0,80.82,80.98,395
2026-06-15T18:45:00Z,80.97,81.02,80.95,80.97,871
2026-06-15T18:50:00Z,80.98,81.04,80.87,80.98,949
2026-06-15T18:55:00Z,80.97,80.97,80.84,80.88,612
2026-06-15T19:00:00Z,80.88,80.98,80.87,80.91,587
2026-06-15T19:05:00Z,80.91,80.99,80.89,80.94,331
2026-06-15T19:10:00Z,80.94,80.99,80.93,80.93,252
2026-06-15T19:15:00Z,80.94,81.1,80.94,81.04,610
2026-06-15T19:20:00Z,81.05,81.19,81.01,81.14,769
2026-06-15T19:25:00Z,81.13,81.14,81.04,81.09,406
2026-06-15T19:30:00Z,81.09,81.16,81.05,81.14,609
2026-06-15T19:35:00Z,81.14,81.39,81.12,81.3,1152
2026-06-15T19:40:00Z,81.3,81.47,81.3,81.37,447
2026-06-15T19:45:00Z,81.36,81.47,81.35,81.42,433
2026-06-15T19:50:00Z,81.45,81.46,81.33,81.35,319
2026-06-15T19:55:00Z,81.36,81.46,81.31,81.32,1112
2026-06-15T20:00:00Z,81.31,81.59,81.3,81.59,682
2026-06-15T20:05:00Z,81.57,81.59,81.43,81.49,131
2026-06-15T20:10:00Z,81.5,81.61,81.42,81.44,347
2026-06-15T20:15:00Z,81.42,81.46,81.29,81.31,168
2026-06-15T20:20:00Z,81.31,81.35,81.28,81.33,255
2026-06-15T20:25:00Z,81.32,81.35,81.28,81.31,142
2026-06-15T20:30:00Z,81.33,81.37,81.29,81.37,56
2026-06-15T20:35:00Z,81.37,81.38,81.21,81.21,158
2026-06-15T20:40:00Z,81.2,81.22,81.17,81.2,103
2026-06-15T20:45:00Z,81.18,81.3,81.15,81.17,284
2026-06-15T20:50:00Z,81.18,81.18,81.11,81.16,175
2026-06-15T20:55:00Z,81.15,81.19,81.12,81.16,263
2026-06-15T22:00:00Z,81.1,81.39,81.07,81.07,0
2026-06-15T22:05:00Z,81.06,81.06,80.92,81.06,97
2026-06-15T22:10:00Z,81.04,81.14,81.04,81.12,31
2026-06-15T22:15:00Z,81.13,81.2,81.12,81.15,49
2026-06-15T22:20:00Z,81.17,81.34,81.17,81.34,72
2026-06-15T22:25:00Z,81.33,81.47,81.22,81.3,148
2026-06-15T22:30:00Z,81.3,81.35,81.25,81.32,76
2026-06-15T22:35:00Z,81.3,81.44,81.29,81.44,20
2026-06-15T22:40:00Z,81.43,81.45,81.36,81.39,60
2026-06-15T22:45:00Z,81.36,81.44,81.35,81.43,34
2026-06-15T22:50:00Z,81.45,81.49,81.42,81.45,19
2026-06-15T22:55:00Z,81.44,81.47,81.32,81.4,46
2026-06-15T23:00:00Z,81.4,81.4,81.36,81.39,12
2026-06-15T23:05:00Z,81.38,81.38,81.3,81.37,22
2026-06-15T23:10:00Z,81.35,81.44,81.35,81.41,32
2026-06-15T23:15:00Z,81.42,81.44,81.42,81.44,3
2026-06-15T23:20:00Z,81.42,81.47,81.42,81.46,9
2026-06-15T23:25:00Z,81.43,81.43,81.41,81.42,10
2026-06-15T23:30:00Z,81.38,81.49,81.38,81.49,12
2026-06-15T23:35:00Z,81.49,81.49,81.43,81.46,22
2026-06-15T23:40:00Z,81.47,81.58,81.47,81.51,57
2026-06-15T23:45:00Z,81.47,81.53,81.46,81.49,51
2026-06-15T23:50:00Z,81.47,81.49,81.44,81.44,6
2026-06-15T23:55:00Z,81.44,81.54,81.44,81.53,64
2026-06-16T00:00:00Z,81.51,81.52,81.32,81.42,165
2026-06-16T00:05:00Z,81.42,81.44,81.27,81.32,84
2026-06-16T00:10:00Z,81.28,81.31,81.2,81.29,83
2026-06-16T00:15:00Z,81.32,81.39,81.29,81.34,55
2026-06-16T00:20:00Z,81.35,81.46,81.34,81.45,129
2026-06-16T00:25:00Z,81.44,81.45,81.32,81.35,65
2026-06-16T00:30:00Z,81.33,81.33,81.23,81.28,55
2026-06-16T00:35:00Z,81.29,81.34,81.27,81.29,65
2026-06-16T00:40:00Z,81.29,81.31,81.22,81.3,101
2026-06-16T00:45:00Z,81.32,81.4,81.32,81.4,90
2026-06-16T00:50:00Z,81.38,81.41,81.28,81.35,98
2026-06-16T00:55:00Z,81.34,81.35,81.3,81.31,48
2026-06-16T01:00:00Z,81.32,81.38,81.06,81.07,408
2026-06-16T01:05:00Z,81.07,81.19,80.96,80.99,188
2026-06-16T01:10:00Z,80.96,81.27,80.93,81.22,395
2026-06-16T01:15:00Z,81.21,81.22,81.03,81.08,97
2026-06-16T01:20:00Z,81.05,81.1,81.01,81.06,67
2026-06-16T01:25:00Z,81.09,81.12,80.98,81.02,87
2026-06-16T01:30:00Z,81.01,81.17,80.97,81.11,70
2026-06-16T01:35:00Z,81.15,81.16,81.11,81.11,48
2026-06-16T01:40:00Z,81.09,81.09,80.94,80.95,83
2026-06-16T01:45:00Z,80.95,81.1,80.84,80.89,159
2026-06-16T01:50:00Z,80.88,80.95,80.86,80.91,71
2026-06-16T01:55:00Z,80.95,81.05,80.91,80.92,60
2026-06-16T02:00:00Z,80.9,80.98,80.88,80.95,98
2026-06-16T02:05:00Z,80.96,80.97,80.89,80.89,84
2026-06-16T02:10:00Z,80.91,80.91,80.77,80.84,105
2026-06-16T02:15:00Z,80.84,80.87,80.75,80.85,168
2026-06-16T02:20:00Z,80.86,80.95,80.82,80.94,86
2026-06-16T02:25:00Z,80.94,80.98,80.92,80.95,66
2026-06-16T02:30:00Z,80.91,80.91,80.8,80.88,81
2026-06-16T02:35:00Z,80.88,80.93,80.88,80.92,44
2026-06-16T02:40:00Z,80.95,81.0,80.83,80.89,55
2026-06-16T02:45:00Z,80.86,80.86,80.64,80.67,466
2026-06-16T02:50:00Z,80.66,80.73,80.57,80.73,364
2026-06-16T02:55:00Z,80.74,80.82,80.67,80.72,109
2026-06-16T03:00:00Z,80.7,80.73,80.65,80.65,46
2026-06-16T03:05:00Z,80.65,80.65,80.59,80.63,95
2026-06-16T03:10:00Z,80.63,80.66,80.61,80.66,57
2026-06-16T03:15:00Z,80.66,80.68,80.6,80.61,40
2026-06-16T03:20:00Z,80.63,80.73,80.6,80.72,129
2026-06-16T03:25:00Z,80.73,80.73,80.61,80.68,48
2026-06-16T03:30:00Z,80.68,80.71,80.64,80.66,84
2026-06-16T03:35:00Z,80.66,80.68,80.63,80.64,48
2026-06-16T03:40:00Z,80.65,80.67,80.61,80.62,55
2026-06-16T03:45:00Z,80.62,80.69,80.57,80.64,124
2026-06-16T03:50:00Z,80.66,80.7,80.62,80.64,67
2026-06-16T03:55:00Z,80.63,80.69,80.63,80.69,31
2026-06-16T04:00:00Z,80.67,80.78,80.67,80.77,135
2026-06-16T04:05:00Z,80.78,80.82,80.76,80.76,88
2026-06-16T04:10:00Z,80.72,80.73,80.68,80.69,45
2026-06-16T04:15:00Z,80.66,80.72,80.61,80.72,47
2026-06-16T04:20:00Z,80.71,80.71,80.64,80.65,34
2026-06-16T04:25:00Z,80.65,80.7,80.65,80.69,31
2026-06-16T04:30:00Z,80.68,80.7,80.64,80.64,27
2026-06-16T04:35:00Z,80.66,80.72,80.66,80.71,37
2026-06-16T04:40:00Z,80.7,80.7,80.65,80.68,49
2026-06-16T04:45:00Z,80.67,80.71,80.67,80.7,45
2026-06-16T04:50:00Z,80.67,80.75,80.64,80.72,47
2026-06-16T04:55:00Z,80.72,80.72,80.57,80.58,95
2026-06-16T05:00:00Z,80.6,80.63,80.57,80.59,40
2026-06-16T05:05:00Z,80.6,80.6,80.54,80.58,83
2026-06-16T05:10:00Z,80.58,80.63,80.55,80.6,52
2026-06-16T05:15:00Z,80.59,80.59,80.51,80.52,65
2026-06-16T05:20:00Z,80.52,80.53,80.42,80.42,148
2026-06-16T05:25:00Z,80.41,80.48,80.38,80.4,95
2026-06-16T05:30:00Z,80.41,80.42,80.28,80.42,234
2026-06-16T05:35:00Z,80.42,80.5,80.34,80.46,272
2026-06-16T05:40:00Z,80.46,80.51,80.41,80.46,107
2026-06-16T05:45:00Z,80.46,80.46,80.32,80.43,162
2026-06-16T05:50:00Z,80.44,80.5,80.39,80.42,70
2026-06-16T05:55:00Z,80.44,80.5,80.44,80.48,60
2026-06-16T06:00:00Z,80.47,80.51,80.41,80.49,68
2026-06-16T06:05:00Z,80.48,80.5,80.38,80.47,78
2026-06-16T06:10:00Z,80.47,80.5,80.43,80.43,83
2026-06-16T06:15:00Z,80.42,80.53,80.38,80.51,73
2026-06-16T06:20:00Z,80.51,80.53,80.45,80.45,80
2026-06-16T06:25:00Z,80.42,80.48,80.4,80.44,79
2026-06-16T06:30:00Z,80.45,80.56,80.39,80.45,165
2026-06-16T06:35:00Z,80.45,80.6,80.45,80.52,80
2026-06-16T06:40:00Z,80.52,80.6,80.5,80.55,118
2026-06-16T06:45:00Z,80.55,80.75,80.55,80.73,175
2026-06-16T06:50:00Z,80.74,80.8,80.71,80.76,157
2026-06-16T06:55:00Z,80.76,80.78,80.53,80.55,353
2026-06-16T07:00:00Z,80.55,80.56,80.38,80.53,436
2026-06-16T07:05:00Z,80.54,80.54,80.22,80.29,652
2026-06-16T07:10:00Z,80.29,80.29,80.07,80.17,599
2026-06-16T07:15:00Z,80.18,80.25,80.13,80.16,318
2026-06-16T07:20:00Z,80.18,80.2,80.02,80.04,310
2026-06-16T07:25:00Z,80.05,80.15,79.96,79.99,381
2026-06-16T07:30:00Z,79.98,79.99,78.54,78.61,3902
2026-06-16T07:35:00Z,78.6,78.65,78.22,78.26,2391
2026-06-16T07:40:00Z,78.27,78.43,78.27,78.42,722
2026-06-16T07:45:00Z,78.41,78.44,78.22,78.28,1199
2026-06-16T07:50:00Z,78.28,78.35,78.21,78.28,551
2026-06-16T07:55:00Z,78.25,78.26,78.09,78.15,976
2026-06-16T08:00:00Z,78.14,78.34,78.1,78.19,756
2026-06-16T08:05:00Z,78.18,78.18,77.73,77.8,1873
2026-06-16T08:10:00Z,77.81,77.82,77.46,77.55,2388
2026-06-16T08:15:00Z,77.54,77.73,77.42,77.61,1164
2026-06-16T08:20:00Z,77.61,77.61,77.35,77.48,899
2026-06-16T08:25:00Z,77.48,77.58,77.3,77.39,949
2026-06-16T08:30:00Z,77.39,77.49,77.34,77.42,496
2026-06-16T08:35:00Z,77.43,77.7,77.43,77.58,603
2026-06-16T08:40:00Z,77.58,77.6,77.43,77.48,606
2026-06-16T08:45:00Z,77.47,77.52,77.33,77.38,680
2026-06-16T08:50:00Z,77.39,77.48,77.25,77.3,639
2026-06-16T08:55:00Z,77.3,77.5,77.29,77.48,501
2026-06-16T09:00:00Z,77.48,77.75,77.48,77.71,727
2026-06-16T09:05:00Z,77.71,77.75,77.56,77.64,417
2026-06-16T09:10:00Z,77.64,77.75,77.55,77.67,482
2026-06-16T09:15:00Z,77.67,77.68,77.56,77.6,324
2026-06-16T09:20:00Z,77.6,77.65,77.51,77.65,322
2026-06-16T09:25:00Z,77.65,77.73,77.62,77.71,294
2026-06-16T09:30:00Z,77.7,77.75,77.61,77.71,219
2026-06-16T09:35:00Z,77.69,77.75,77.68,77.71,221
2026-06-16T09:40:00Z,77.71,77.92,77.71,77.85,373
2026-06-16T09:45:00Z,77.84,78.07,77.83,78.0,379
2026-06-16T09:50:00Z,77.98,77.99,77.8,77.81,297
2026-06-16T09:55:00Z,77.82,77.91,77.67,77.77,658
2026-06-16T10:00:00Z,77.75,77.79,77.72,77.77,134
2026-06-16T10:05:00Z,77.76,77.77,77.48,77.6,645
2026-06-16T10:10:00Z,77.6,77.76,77.52,77.56,195
2026-06-16T10:15:00Z,77.58,77.6,77.48,77.52,224
2026-06-16T10:20:00Z,77.51,77.52,77.38,77.39,566
2026-06-16T10:25:00Z,77.38,77.45,77.33,77.43,792
2026-06-16T10:30:00Z,77.42,77.5,77.35,77.37,346
2026-06-16T10:35:00Z,77.36,77.36,77.2,77.23,610
2026-06-16T10:40:00Z,77.24,77.25,77.16,77.16,509
2026-06-16T10:45:00Z,77.15,77.28,77.14,77.28,591
2026-06-16T10:50:00Z,77.27,77.37,77.26,77.32,269
2026-06-16T10:55:00Z,77.32,77.4,77.27,77.3,345
2026-06-16T11:00:00Z,77.29,77.31,77.21,77.26,520
2026-06-16T11:05:00Z,77.26,77.31,77.22,77.29,342
2026-06-16T11:10:00Z,77.29,77.32,77.17,77.26,732
2026-06-16T11:15:00Z,77.25,77.35,77.23,77.3,293
2026-06-16T11:20:00Z,77.29,77.29,77.19,77.21,256
2026-06-16T11:25:00Z,77.2,77.22,77.11,77.18,697
2026-06-16T11:30:00Z,77.18,77.24,77.06,77.2,608
2026-06-16T11:35:00Z,77.21,77.37,77.21,77.34,1046
2026-06-16T11:40:00Z,77.33,77.43,77.29,77.35,655
2026-06-16T11:45:00Z,77.34,77.37,77.26,77.26,1011
2026-06-16T11:50:00Z,77.26,77.3,77.19,77.25,627
2026-06-16T11:55:00Z,77.25,77.29,77.17,77.28,691
2026-06-16T12:00:00Z,77.28,77.3,77.1,77.14,1207
2026-06-16T12:05:00Z,77.14,77.14,76.85,76.91,2937
2026-06-16T12:10:00Z,76.92,76.94,76.69,76.73,2166
2026-06-16T12:15:00Z,76.73,76.8,76.51,76.56,2194
2026-06-16T12:20:00Z,76.56,76.69,76.54,76.64,1656
2026-06-16T12:25:00Z,76.65,76.7,76.51,76.51,1704
2026-06-16T12:30:00Z,76.51,76.54,76.19,76.22,3711
2026-06-16T12:35:00Z,76.23,76.37,76.05,76.08,3114
2026-06-16T12:40:00Z,76.07,76.22,76.03,76.2,2527
2026-06-16T12:45:00Z,76.19,76.3,76.12,76.27,1749
2026-06-16T12:50:00Z,76.26,76.43,76.21,76.3,1747
2026-06-16T12:55:00Z,76.31,76.43,76.23,76.42,1444
2026-06-16T13:00:00Z,76.43,76.74,76.34,76.66,3238
2026-06-16T13:05:00Z,76.65,76.69,76.48,76.69,1561
2026-06-16T13:10:00Z,76.7,76.79,76.59,76.66,1855
2026-06-16T13:15:00Z,76.66,76.82,76.64,76.65,1827
2026-06-16T13:20:00Z,76.65,76.86,76.65,76.82,1675
2026-06-16T13:25:00Z,76.83,76.83,76.68,76.7,901
2026-06-16T13:30:00Z,76.69,76.92,76.66,76.78,2069
2026-06-16T13:35:00Z,76.78,77.0,76.77,76.95,1821
2026-06-16T13:40:00Z,76.95,77.07,76.82,77.04,2771
2026-06-16T13:45:00Z,77.03,77.15,76.98,77.0,1786
2026-06-16T13:50:00Z,76.98,77.05,76.94,76.99,634
2026-06-16T13:55:00Z,76.99,77.02,76.83,76.86,949
2026-06-16T14:00:00Z,76.87,76.89,76.67,76.69,1754
2026-06-16T14:05:00Z,76.68,76.92,76.67,76.88,1856
2026-06-16T14:10:00Z,76.88,76.95,76.77,76.93,1718
2026-06-16T14:15:00Z,76.93,76.96,76.83,76.83,1232
2026-06-16T14:20:00Z,76.83,76.83,76.59,76.68,1529
2026-06-16T14:25:00Z,76.67,76.68,76.48,76.57,1497
2026-06-16T14:30:00Z,76.57,76.6,76.44,76.52,1122
2026-06-16T14:35:00Z,76.53,76.54,76.3,76.35,3336
2026-06-16T14:40:00Z,76.35,76.36,76.11,76.22,3006
2026-06-16T14:45:00Z,76.22,76.27,76.11,76.17,1959
2026-06-16T14:50:00Z,76.16,76.32,76.06,76.27,2156
2026-06-16T14:55:00Z,76.27,76.34,76.18,76.29,1925
2026-06-16T15:00:00Z,76.3,76.46,76.3,76.43,2380
2026-06-16T15:05:00Z,76.43,76.49,76.3,76.31,1989
2026-06-16T15:10:00Z,76.3,76.48,76.27,76.4,1348
2026-06-16T15:15:00Z,76.38,76.47,76.13,76.15,1620
2026-06-16T15:20:00Z,76.14,76.29,76.14,76.24,1640
2026-06-16T15:25:00Z,76.24,76.28,76.09,76.13,1554
2026-06-16T15:30:00Z,76.14,76.22,75.83,75.85,2381
2026-06-16T15:35:00Z,75.85,75.97,75.73,75.82,1997
2026-06-16T15:40:00Z,75.82,75.87,75.73,75.81,1244
2026-06-16T15:45:00Z,75.82,75.94,75.71,75.72,2076
2026-06-16T15:50:00Z,75.71,75.72,75.15,75.18,6297
2026-06-16T15:55:00Z,75.18,75.22,74.87,75.21,3833
2026-06-16T16:00:00Z,75.21,75.29,75.05,75.27,2762
2026-06-16T16:05:00Z,75.28,75.39,75.23,75.28,1686
2026-06-16T16:10:00Z,75.28,75.32,75.08,75.18,1462
2026-06-16T16:15:00Z,75.18,75.3,75.11,75.26,1045
2026-06-16T16:20:00Z,75.25,75.35,75.18,75.18,716
2026-06-16T16:25:00Z,75.19,75.26,75.04,75.04,1202
2026-06-16T16:30:00Z,75.06,75.09,74.82,75.01,2162
2026-06-16T16:35:00Z,75.03,75.03,74.91,74.94,1507
2026-06-16T16:40:00Z,74.93,75.0,74.83,74.9,1959
2026-06-16T16:45:00Z,74.89,74.92,74.74,74.85,1037
2026-06-16T16:50:00Z,74.84,75.24,74.84,75.1,1791
2026-06-16T16:55:00Z,75.1,75.1,74.84,74.98,1168
2026-06-16T17:00:00Z,74.99,75.25,74.98,75.19,1357
2026-06-16T17:05:00Z,75.18,75.31,75.12,75.13,1225
2026-06-16T17:10:00Z,75.13,75.33,75.13,75.3,2161
2026-06-16T17:15:00Z,75.3,75.36,74.96,75.07,3633
2026-06-16T17:20:00Z,75.07,75.12,75.02,75.04,1142
2026-06-16T17:25:00Z,75.07,75.13,74.96,75.01,1273
2026-06-16T17:30:00Z,75.0,75.07,74.87,75.05,936
2026-06-16T17:35:00Z,75.04,75.14,74.96,75.04,1244
2026-06-16T17:40:00Z,75.03,75.05,74.81,74.9,700
2026-06-16T17:45:00Z,74.9,74.97,74.86,74.95,1109
2026-06-16T17:50:00Z,74.95,75.12,74.92,75.04,1765
2026-06-16T17:55:00Z,75.04,75.11,75.02,75.07,1010
2026-06-16T18:00:00Z,75.09,75.17,74.95,75.01,1095
2026-06-16T18:05:00Z,75.03,75.18,75.03,75.09,1188
2026-06-16T18:10:00Z,75.1,75.14,74.96,74.96,795
2026-06-16T18:15:00Z,74.98,75.07,74.98,75.07,1442
2026-06-16T18:20:00Z,75.07,75.23,75.04,75.21,1700
2026-06-16T18:25:00Z,75.21,75.33,75.09,75.27,5537
2026-06-16T18:30:00Z,75.28,75.38,75.2,75.27,2044
2026-06-16T18:35:00Z,75.26,75.51,75.26,75.5,1548
2026-06-16T18:40:00Z,75.51,75.69,75.49,75.65,1745
2026-06-16T18:45:00Z,75.66,75.68,75.53,75.64,712
2026-06-16T18:50:00Z,75.64,75.64,75.52,75.57,938
2026-06-16T18:55:00Z,75.57,75.65,75.55,75.65,955
2026-06-16T19:00:00Z,75.66,75.73,75.61,75.68,822
2026-06-16T19:05:00Z,75.67,75.94,75.67,75.85,1319
2026-06-16T19:10:00Z,75.83,75.97,75.8,75.93,1026
2026-06-16T19:15:00Z,75.94,76.14,75.94,76.13,1793
2026-06-16T19:20:00Z,76.12,76.26,76.12,76.24,1116
2026-06-16T19:25:00Z,76.24,76.32,76.18,76.31,813
2026-06-16T19:30:00Z,76.29,76.4,76.22,76.24,772
2026-06-16T19:35:00Z,76.24,76.32,76.17,76.29,864
2026-06-16T19:40:00Z,76.28,76.32,76.23,76.24,622
2026-06-16T19:45:00Z,76.23,76.3,76.19,76.23,1221
2026-06-16T19:50:00Z,76.23,76.3,76.21,76.27,1036
2026-06-16T19:55:00Z,76.27,76.28,76.08,76.12,975
2026-06-16T20:00:00Z,76.14,76.17,75.92,75.94,781
2026-06-16T20:05:00Z,75.94,75.94,75.78,75.84,1854
2026-06-16T20:10:00Z,75.84,75.9,75.79,75.9,216
2026-06-16T20:15:00Z,75.9,75.94,75.86,75.89,428
2026-06-16T20:20:00Z,75.91,76.0,75.86,75.98,193
2026-06-16T20:25:00Z,75.99,75.99,75.81,75.84,191
2026-06-16T20:30:00Z,75.8,75.95,75.8,75.9,132
2026-06-16T20:35:00Z,75.92,75.92,75.85,75.89,64
2026-06-16T20:40:00Z,75.88,75.9,75.78,75.9,133
2026-06-16T20:45:00Z,75.9,75.98,75.9,75.92,400
2026-06-16T20:50:00Z,75.94,75.94,75.73,75.83,948
2026-06-16T20:55:00Z,75.81,75.87,75.8,75.83,87
2026-06-16T22:00:00Z,75.72,75.78,75.51,75.68,0
2026-06-16T22:05:00Z,75.68,75.87,75.66,75.73,421
2026-06-16T22:10:00Z,75.76,76.0,75.7,76.0,93
2026-06-16T22:15:00Z,75.99,76.04,75.96,75.98,49
2026-06-16T22:20:00Z,75.98,76.04,75.98,75.98,44
2026-06-16T22:25:00Z,75.96,76.06,75.92,76.0,102
2026-06-16T22:30:00Z,76.0,76.04,75.91,75.94,36
2026-06-16T22:35:00Z,75.93,75.93,75.86,75.87,37
2026-06-16T22:40:00Z,75.87,75.9,75.81,75.82,38
2026-06-16T22:45:00Z,75.81,75.91,75.81,75.88,53
2026-06-16T22:50:00Z,75.92,75.94,75.86,75.89,28
2026-06-16T22:55:00Z,75.93,75.95,75.92,75.93,31
2026-06-16T23:00:00Z,75.93,75.97,75.84,75.84,54
2026-06-16T23:05:00Z,75.83,75.9,75.78,75.9,44
2026-06-16T23:10:00Z,75.91,75.98,75.91,75.94,61
2026-06-16T23:15:00Z,75.97,75.97,75.9,75.9,22
2026-06-16T23:20:00Z,75.93,75.93,75.81,75.83,93
2026-06-16T23:25:00Z,75.82,75.83,75.8,75.8,47
2026-06-16T23:30:00Z,75.8,75.81,75.72,75.75,68
2026-06-16T23:35:00Z,75.76,75.84,75.75,75.8,138
2026-06-16T23:40:00Z,75.8,75.8,75.78,75.79,22
2026-06-16T23:45:00Z,75.8,75.83,75.79,75.83,49
2026-06-16T23:50:00Z,75.82,75.89,75.82,75.83,44
2026-06-16T23:55:00Z,75.85,75.87,75.83,75.86,27
2026-06-17T00:00:00Z,75.88,75.89,75.68,75.76,501
2026-06-17T00:05:00Z,75.75,75.82,75.66,75.82,242
2026-06-17T00:10:00Z,75.82,75.88,75.79,75.87,138
2026-06-17T00:15:00Z,75.86,75.88,75.81,75.82,70
2026-06-17T00:20:00Z,75.82,75.86,75.79,75.85,69
2026-06-17T00:25:00Z,75.83,75.87,75.82,75.84,47
2026-06-17T00:30:00Z,75.87,75.87,75.79,75.81,103
2026-06-17T00:35:00Z,75.78,75.8,75.72,75.8,123
2026-06-17T00:40:00Z,75.79,75.86,75.79,75.85,58
2026-06-17T00:45:00Z,75.86,75.9,75.85,75.89,69
2026-06-17T00:50:00Z,75.89,75.9,75.88,75.89,55
2026-06-17T00:55:00Z,75.89,75.9,75.84,75.86,130
2026-06-17T01:00:00Z,75.85,75.9,75.69,75.7,533
2026-06-17T01:05:00Z,75.69,75.74,75.52,75.54,518
2026-06-17T01:10:00Z,75.53,75.76,75.52,75.73,239
2026-06-17T01:15:00Z,75.74,75.78,75.69,75.71,173
2026-06-17T01:20:00Z,75.7,75.76,75.58,75.59,196
2026-06-17T01:25:00Z,75.58,75.6,75.53,75.56,152
2026-06-17T01:30:00Z,75.55,75.55,75.44,75.52,237
2026-06-17T01:35:00Z,75.51,75.52,75.42,75.47,232
2026-06-17T01:40:00Z,75.47,75.57,75.46,75.57,87
2026-06-17T01:45:00Z,75.55,75.7,75.54,75.66,179
2026-06-17T01:50:00Z,75.66,75.67,75.44,75.45,130
2026-06-17T01:55:00Z,75.44,75.5,75.33,75.43,300
2026-06-17T02:00:00Z,75.44,75.44,75.31,75.35,148
2026-06-17T02:05:00Z,75.36,75.39,75.31,75.39,147
2026-06-17T02:10:00Z,75.39,75.46,75.38,75.4,110
2026-06-17T02:15:00Z,75.41,75.53,75.41,75.46,148
2026-06-17T02:20:00Z,75.45,75.45,75.37,75.39,76
2026-06-17T02:25:00Z,75.39,75.4,75.35,75.38,65
2026-06-17T02:30:00Z,75.39,75.46,75.29,75.43,286
2026-06-17T02:35:00Z,75.42,75.42,75.33,75.33,90
2026-06-17T02:40:00Z,75.35,75.36,75.28,75.36,109
2026-06-17T02:45:00Z,75.37,75.46,75.36,75.4,176
2026-06-17T02:50:00Z,75.41,75.44,75.35,75.37,144
2026-06-17T02:55:00Z,75.35,75.36,75.29,75.35,92
2026-06-17T03:00:00Z,75.35,75.37,75.29,75.32,71
2026-06-17T03:05:00Z,75.32,75.32,75.18,75.24,244
2026-06-17T03:10:00Z,75.22,75.22,75.12,75.19,726
2026-06-17T03:15:00Z,75.2,75.22,75.11,75.13,107
2026-06-17T03:20:00Z,75.12,75.16,75.09,75.16,329
2026-06-17T03:25:00Z,75.15,75.15,75.01,75.04,800
2026-06-17T03:30:00Z,75.04,75.16,75.04,75.09,381
2026-06-17T03:35:00Z,75.09,75.16,75.04,75.15,358
2026-06-17T03:40:00Z,75.15,75.19,75.07,75.09,136
2026-06-17T03:45:00Z,75.1,75.1,74.85,74.87,395
2026-06-17T03:50:00Z,74.87,74.9,74.72,74.78,405
2026-06-17T03:55:00Z,74.8,74.82,74.74,74.8,155
2026-06-17T04:00:00Z,74.81,75.01,74.8,74.97,775
2026-06-17T04:05:00Z,74.98,75.04,74.97,74.98,148
2026-06-17T04:10:00Z,74.99,75.03,74.91,75.03,122
2026-06-17T04:15:00Z,75.02,75.08,74.96,75.04,81
2026-06-17T04:20:00Z,75.06,75.16,75.06,75.12,127
2026-06-17T04:25:00Z,75.12,75.13,75.06,75.08,84
2026-06-17T04:30:00Z,75.08,75.09,75.07,75.09,37
2026-06-17T04:35:00Z,75.09,75.14,74.96,75.0,149
2026-06-17T04:40:00Z,75.0,75.02,74.96,74.99,110
2026-06-17T04:45:00Z,74.98,74.99,74.78,74.82,171
2026-06-17T04:50:00Z,74.83,74.86,74.8,74.82,206
2026-06-17T04:55:00Z,74.81,74.9,74.8,74.89,107
2026-06-17T05:00:00Z,74.88,74.93,74.76,74.78,193
2026-06-17T05:05:00Z,74.78,74.89,74.72,74.83,156
2026-06-17T05:10:00Z,74.83,74.88,74.79,74.8,135
2026-06-17T05:15:00Z,74.81,74.81,74.57,74.69,672
2026-06-17T05:20:00Z,74.67,74.76,74.64,74.69,187
2026-06-17T05:25:00Z,74.69,74.69,74.5,74.53,482
2026-06-17T05:30:00Z,74.55,74.71,74.46,74.66,552
2026-06-17T05:35:00Z,74.66,74.86,74.62,74.81,315
2026-06-17T05:40:00Z,74.81,74.95,74.81,74.94,547
2026-06-17T05:45:00Z,74.92,75.03,74.9,75.03,578
2026-06-17T05:50:00Z,75.02,75.19,75.02,75.16,379
2026-06-17T05:55:00Z,75.16,75.66,75.16,75.46,872
2026-06-17T06:00:00Z,75.45,75.53,75.29,75.29,326
2026-06-17T06:05:00Z,75.3,75.4,75.24,75.38,230
2026-06-17T06:10:00Z,75.37,75.58,75.34,75.47,243
2026-06-17T06:15:00Z,75.48,75.61,75.45,75.49,266
2026-06-17T06:20:00Z,75.46,75.51,75.3,75.44,554
2026-06-17T06:25:00Z,75.42,75.49,75.24,75.27,263
2026-06-17T06:30:00Z,75.27,75.34,75.09,75.1,757
2026-06-17T06:35:00Z,75.11,75.21,74.92,74.94,704
2026-06-17T06:40:00Z,74.93,74.94,74.7,74.76,903
2026-06-17T06:45:00Z,74.74,74.74,74.54,74.54,550
2026-06-17T06:50:00Z,74.54,74.85,74.49,74.84,912
2026-06-17T06:55:00Z,74.84,74.93,74.77,74.79,899
2026-06-17T07:00:00Z,74.78,74.82,74.52,74.63,852
2026-06-17T07:05:00Z,74.61,74.66,74.21,74.29,1077
2026-06-17T07:10:00Z,74.27,74.42,74.09,74.28,1228
2026-06-17T07:15:00Z,74.29,74.7,74.25,74.69,778
2026-06-17T07:20:00Z,74.7,74.76,74.59,74.6,492
2026-06-17T07:25:00Z,74.63,75.1,74.63,75.06,853
2026-06-17T07:30:00Z,75.06,75.1,74.86,75.02,662
2026-06-17T07:35:00Z,75.02,75.02,74.56,74.57,820
2026-06-17T07:40:00Z,74.55,74.77,74.47,74.69,434
2026-06-17T07:45:00Z,74.69,74.89,74.68,74.77,489
2026-06-17T07:50:00Z,74.76,74.84,74.64,74.75,400
2026-06-17T07:55:00Z,74.75,75.02,74.71,74.99,427
2026-06-17T08:00:00Z,75.0,75.11,74.83,75.01,1112
2026-06-17T08:05:00Z,75.02,75.1,74.8,74.83,735
2026-06-17T08:10:00Z,74.84,75.41,74.84,75.38,1008
2026-06-17T08:15:00Z,75.36,75.5,75.3,75.4,722
2026-06-17T08:20:00Z,75.4,75.57,75.35,75.45,493
2026-06-17T08:25:00Z,75.43,75.46,75.18,75.45,1114
2026-06-17T08:30:00Z,75.46,75.72,75.41,75.65,1147
2026-06-17T08:35:00Z,75.65,75.77,75.57,75.67,672
2026-06-17T08:40:00Z,75.66,75.8,75.64,75.67,559
2026-06-17T08:45:00Z,75.66,75.76,75.59,75.73,331
2026-06-17T08:50:00Z,75.74,75.76,75.43,75.46,428
2026-06-17T08:55:00Z,75.47,75.48,75.26,75.39,638
2026-06-17T09:00:00Z,75.4,75.59,75.35,75.45,682
2026-06-17T09:05:00Z,75.46,75.58,75.41,75.57,520
2026-06-17T09:10:00Z,75.55,75.64,75.35,75.42,403
2026-06-17T09:15:00Z,75.42,75.5,75.24,75.28,642
2026-06-17T09:20:00Z,75.29,75.32,75.03,75.06,756
2026-06-17T09:25:00Z,75.07,75.21,75.03,75.17,722
2026-06-17T09:30:00Z,75.16,75.16,74.85,75.08,930
2026-06-17T09:35:00Z,75.09,75.4,75.07,75.39,367
2026-06-17T09:40:00Z,75.39,75.39,75.25,75.25,168
2026-06-17T09:45:00Z,75.24,75.27,75.06,75.12,236
2026-06-17T09:50:00Z,75.13,75.27,75.1,75.19,230
2026-06-17T09:55:00Z,75.18,75.36,75.16,75.35,311
2026-06-17T10:00:00Z,75.33,75.61,75.32,75.49,496
2026-06-17T10:05:00Z,75.47,75.64,75.43,75.62,246
2026-06-17T10:10:00Z,75.59,75.74,75.58,75.59,997
2026-06-17T10:15:00Z,75.58,75.62,75.48,75.55,416
2026-06-17T10:20:00Z,75.55,75.63,75.49,75.51,357
2026-06-17T10:25:00Z,75.5,75.63,75.49,75.62,414
2026-06-17T10:30:00Z,75.61,75.61,75.27,75.49,1076
2026-06-17T10:35:00Z,75.47,75.54,75.37,75.42,582
2026-06-17T10:40:00Z,75.41,75.47,75.29,75.3,209
2026-06-17T10:45:00Z,75.28,75.5,75.24,75.38,382
2026-06-17T10:50:00Z,75.38,75.74,75.13,75.59,965
2026-06-17T10:55:00Z,75.63,75.83,75.54,75.7,757
2026-06-17T11:00:00Z,75.69,75.69,75.56,75.67,612
2026-06-17T11:05:00Z,75.68,75.83,75.61,75.74,543
2026-06-17T11:10:00Z,75.72,75.87,75.69,75.86,376
2026-06-17T11:15:00Z,75.87,75.89,75.68,75.88,815
2026-06-17T11:20:00Z,75.89,75.92,75.72,75.75,616
2026-06-17T11:25:00Z,75.74,75.81,75.64,75.66,367
2026-06-17T11:30:00Z,75.66,75.96,75.66,75.94,601
2026-06-17T11:35:00Z,75.95,75.96,75.85,75.88,317
2026-06-17T11:40:00Z,75.88,75.99,75.83,75.92,431
2026-06-17T11:45:00Z,75.92,75.95,75.8,75.88,405
2026-06-17T11:50:00Z,75.89,76.07,75.88,76.0,781
2026-06-17T11:55:00Z,76.0,76.27,75.99,76.02,1286
2026-06-17T12:00:00Z,76.02,76.03,75.75,75.79,966
2026-06-17T12:05:00Z,75.8,75.9,75.71,75.74,849
2026-06-17T12:10:00Z,75.75,75.86,75.64,75.78,1204
2026-06-17T12:15:00Z,75.78,76.06,75.77,75.97,828
2026-06-17T12:20:00Z,75.97,75.98,75.83,75.87,584
2026-06-17T12:25:00Z,75.86,75.94,75.81,75.91,791
2026-06-17T12:30:00Z,75.92,75.99,75.87,75.95,636
2026-06-17T12:35:00Z,75.94,76.0,75.84,75.91,999
2026-06-17T12:40:00Z,75.9,75.99,75.78,75.8,967
2026-06-17T12:45:00Z,75.8,75.88,75.77,75.86,380
2026-06-17T12:50:00Z,75.86,75.88,75.76,75.83,653
2026-06-17T12:55:00Z,75.84,75.89,75.79,75.84,675
2026-06-17T13:00:00Z,75.83,76.04,75.78,76.0,1736
2026-06-17T13:05:00Z,75.99,76.13,75.92,76.05,1365
2026-06-17T13:10:00Z,76.06,76.11,75.95,75.96,991
2026-06-17T13:15:00Z,75.96,76.01,75.79,75.87,960
2026-06-17T13:20:00Z,75.87,75.97,75.8,75.91,804
2026-06-17T13:25:00Z,75.92,76.15,75.92,76.13,1352
2026-06-17T13:30:00Z,76.14,76.34,76.07,76.23,2104
2026-06-17T13:35:00Z,76.23,76.48,76.2,76.43,2122
2026-06-17T13:40:00Z,76.43,76.44,76.28,76.31,2080
2026-06-17T13:45:00Z,76.31,76.48,76.29,76.38,1047
2026-06-17T13:50:00Z,76.4,76.47,76.27,76.38,2909
2026-06-17T13:55:00Z,76.36,76.49,76.34,76.37,3007
2026-06-17T14:00:00Z,76.37,76.43,76.24,76.37,2631
2026-06-17T14:05:00Z,76.38,76.43,76.14,76.41,2012
2026-06-17T14:10:00Z,76.4,76.95,76.39,76.84,3797
2026-06-17T14:15:00Z,76.85,77.08,76.69,76.7,3846
2026-06-17T14:20:00Z,76.71,76.78,76.49,76.5,2391
2026-06-17T14:25:00Z,76.5,76.63,76.38,76.55,2046
2026-06-17T14:30:00Z,76.56,77.02,76.55,76.7,5544
2026-06-17T14:35:00Z,76.7,76.82,76.62,76.63,2481
2026-06-17T14:40:00Z,76.64,76.79,76.61,76.78,2714
2026-06-17T14:45:00Z,76.78,79.18,76.73,77.41,13690
2026-06-17T14:50:00Z,77.42,77.46,76.91,77.1,5306
2026-06-17T14:55:00Z,77.09,77.2,76.82,77.0,2566
2026-06-17T15:00:00Z,77.01,77.01,76.69,76.78,2115
2026-06-17T15:05:00Z,76.77,77.19,76.75,77.13,1922
2026-06-17T15:10:00Z,77.15,77.2,76.83,76.86,1734
2026-06-17T15:15:00Z,76.86,76.96,76.35,76.52,3998
2026-06-17T15:20:00Z,76.55,76.57,76.03,76.06,2350
2026-06-17T15:25:00Z,76.06,76.22,75.93,76.1,2382
2026-06-17T15:30:00Z,76.11,76.28,76.05,76.14,1301
2026-06-17T15:35:00Z,76.14,76.25,76.08,76.11,857
2026-06-17T15:40:00Z,76.12,76.31,76.11,76.21,1378
2026-06-17T15:45:00Z,76.2,76.21,75.83,75.95,2275
2026-06-17T15:50:00Z,75.95,76.0,75.75,75.85,1306
2026-06-17T15:55:00Z,75.86,75.95,75.78,75.86,801
2026-06-17T16:00:00Z,75.87,76.06,75.85,75.92,940
2026-06-17T16:05:00Z,75.92,75.95,75.76,75.87,977
2026-06-17T16:10:00Z,75.86,76.0,75.83,75.92,796
2026-06-17T16:15:00Z,75.92,76.26,75.86,75.93,1642
2026-06-17T16:20:00Z,75.92,76.02,75.88,75.98,845
2026-06-17T16:25:00Z,75.98,76.16,75.98,76.01,547
2026-06-17T16:30:00Z,76.02,76.09,75.9,75.96,1042
2026-06-17T16:35:00Z,75.96,76.05,75.9,75.99,729
2026-06-17T16:40:00Z,76.0,76.12,75.98,75.99,1137
2026-06-17T16:45:00Z,75.98,76.14,75.98,76.12,1230
2026-06-17T16:50:00Z,76.12,76.12,75.83,75.84,1118
2026-06-17T16:55:00Z,75.84,75.84,75.59,75.64,2544
2026-06-17T17:00:00Z,75.67,75.98,75.63,75.95,1762
2026-06-17T17:05:00Z,75.96,76.32,75.83,75.94,2291
2026-06-17T17:10:00Z,75.95,75.99,75.69,75.73,1220
2026-06-17T17:15:00Z,75.73,75.8,75.56,75.57,1170
2026-06-17T17:20:00Z,75.58,75.63,75.39,75.55,1752
2026-06-17T17:25:00Z,75.56,75.59,75.41,75.49,1152
2026-06-17T17:30:00Z,75.48,75.66,75.46,75.66,638
2026-06-17T17:35:00Z,75.65,75.68,75.44,75.47,955
2026-06-17T17:40:00Z,75.46,75.55,75.41,75.47,924
2026-06-17T17:45:00Z,75.47,75.62,75.41,75.59,1617
2026-06-17T17:50:00Z,75.6,75.69,75.56,75.63,1045
2026-06-17T17:55:00Z,75.62,75.74,75.61,75.66,880
2026-06-17T18:00:00Z,75.66,75.87,75.54,75.69,1375
2026-06-17T18:05:00Z,75.67,75.94,75.56,75.9,1315
2026-06-17T18:10:00Z,75.9,75.91,75.76,75.88,1043
2026-06-17T18:15:00Z,75.89,75.91,75.7,75.75,1002
2026-06-17T18:20:00Z,75.74,75.95,75.71,75.9,1318
2026-06-17T18:25:00Z,75.9,76.13,75.85,76.09,4988
2026-06-17T18:30:00Z,76.09,76.26,75.98,76.1,2563
2026-06-17T18:35:00Z,76.08,76.11,75.81,75.94,1011
2026-06-17T18:40:00Z,75.94,76.03,75.81,75.88,382
2026-06-17T18:45:00Z,75.9,75.91,75.7,75.78,508
2026-06-17T18:50:00Z,75.77,75.87,75.71,75.81,775
2026-06-17T18:55:00Z,75.81,75.87,75.71,75.74,646
2026-06-17T19:00:00Z,75.74,75.85,75.7,75.78,562
2026-06-17T19:05:00Z,75.79,75.81,75.72,75.77,514
2026-06-17T19:10:00Z,75.78,75.84,75.55,75.57,564
2026-06-17T19:15:00Z,75.56,75.6,75.41,75.52,806
2026-06-17T19:20:00Z,75.52,75.54,75.33,75.46,423
2026-06-17T19:25:00Z,75.46,75.47,75.3,75.4,547
2026-06-17T19:30:00Z,75.38,75.4,75.26,75.29,661
2026-06-17T19:35:00Z,75.28,75.41,75.24,75.35,759
2026-06-17T19:40:00Z,75.37,75.41,75.33,75.36,254
2026-06-17T19:45:00Z,75.37,75.52,75.33,75.47,586
2026-06-17T19:50:00Z,75.48,75.58,75.4,75.4,737
2026-06-17T19:55:00Z,75.41,75.43,75.29,75.31,596
2026-06-17T20:00:00Z,75.31,75.39,75.26,75.36,252
2026-06-17T20:05:00Z,75.36,75.38,75.22,75.26,232
2026-06-17T20:10:00Z,75.26,75.34,75.21,75.27,267
2026-06-17T20:15:00Z,75.28,75.3,75.22,75.29,140
2026-06-17T20:20:00Z,75.28,75.28,75.17,75.18,330
2026-06-17T20:25:00Z,75.19,75.23,75.17,75.21,240
2026-06-17T20:30:00Z,75.22,75.24,75.08,75.09,183
2026-06-17T20:35:00Z,75.1,75.12,74.93,75.02,405
2026-06-17T20:40:00Z,75.01,75.04,74.98,75.03,274
2026-06-17T20:45:00Z,75.03,75.06,74.98,75.04,503
2026-06-17T20:50:00Z,75.05,75.07,74.98,74.99,229
2026-06-17T20:55:00Z,75.01,75.04,74.95,75.01,310
2026-06-17T22:00:00Z,74.88,75.5,74.88,75.2,0
2026-06-17T22:05:00Z,75.23,75.24,75.06,75.11,126
2026-06-17T22:10:00Z,75.09,75.65,75.09,75.62,440
2026-06-17T22:15:00Z,75.63,75.75,75.51,75.51,317
2026-06-17T22:20:00Z,75.56,75.74,75.56,75.59,236
2026-06-17T22:25:00Z,75.58,75.6,75.49,75.53,242
2026-06-17T22:30:00Z,75.53,75.61,75.49,75.5,223
2026-06-17T22:35:00Z,75.52,75.57,75.34,75.38,136
2026-06-17T22:40:00Z,75.38,75.42,75.27,75.37,119
2026-06-17T22:45:00Z,75.38,75.4,75.31,75.31,81
2026-06-17T22:50:00Z,75.34,75.4,75.33,75.36,29
2026-06-17T22:55:00Z,75.35,75.49,75.35,75.38,142
2026-06-17T23:00:00Z,75.36,75.39,75.31,75.33,105
2026-06-17T23:05:00Z,75.33,75.33,75.2,75.24,191
2026-06-17T23:10:00Z,75.24,75.28,75.22,75.24,34
2026-06-17T23:15:00Z,75.24,75.25,75.15,75.19,83
2026-06-17T23:20:00Z,75.2,75.24,75.2,75.21,43
2026-06-17T23:25:00Z,75.22,75.29,75.22,75.26,59
2026-06-17T23:30:00Z,75.27,75.33,75.23,75.33,91
2026-06-17T23:35:00Z,75.32,75.42,75.32,75.38,248
2026-06-17T23:40:00Z,75.39,75.4,75.25,75.28,111
2026-06-17T23:45:00Z,75.27,75.28,75.22,75.26,61
2026-06-17T23:50:00Z,75.28,75.34,75.22,75.29,110
2026-06-17T23:55:00Z,75.3,75.33,75.27,75.32,33
2026-06-18T00:00:00Z,75.3,75.36,75.06,75.09,523
2026-06-18T00:05:00Z,75.1,75.28,75.0,75.26,358
2026-06-18T00:10:00Z,75.26,75.3,75.14,75.2,129
2026-06-18T00:15:00Z,75.18,75.25,75.14,75.18,132
2026-06-18T00:20:00Z,75.18,75.22,75.01,75.03,190
2026-06-18T00:25:00Z,75.04,75.18,75.03,75.09,171
2026-06-18T00:30:00Z,75.08,75.17,75.01,75.16,161
2026-06-18T00:35:00Z,75.16,75.16,75.1,75.11,63
2026-06-18T00:40:00Z,75.1,75.22,75.09,75.09,122
2026-06-18T00:45:00Z,75.1,75.14,75.03,75.04,137
2026-06-18T00:50:00Z,75.05,75.3,75.03,75.25,296
2026-06-18T00:55:00Z,75.27,75.35,75.2,75.3,321
2026-06-18T01:00:00Z,75.3,75.44,75.09,75.27,489
2026-06-18T01:05:00Z,75.26,75.31,75.18,75.2,53
2026-06-18T01:10:00Z,75.17,75.24,75.05,75.1,199
2026-06-18T01:15:00Z,75.09,75.13,74.93,74.97,282
2026-06-18T01:20:00Z,74.96,74.97,74.77,74.82,394
2026-06-18T01:25:00Z,74.83,74.87,74.71,74.8,363
2026-06-18T01:30:00Z,74.79,74.81,74.66,74.75,239
2026-06-18T01:35:00Z,74.76,74.87,74.73,74.74,209
2026-06-18T01:40:00Z,74.72,74.76,74.64,74.71,251
2026-06-18T01:45:00Z,74.73,74.95,74.73,74.89,168
2026-06-18T01:50:00Z,74.89,74.95,74.75,74.81,68
2026-06-18T01:55:00Z,74.82,74.84,74.75,74.8,102
2026-06-18T02:00:00Z,74.79,74.86,74.79,74.8,62
2026-06-18T02:05:00Z,74.8,74.8,74.69,74.7,154
2026-06-18T02:10:00Z,74.7,74.76,74.69,74.7,96
2026-06-18T02:15:00Z,74.71,74.75,74.57,74.64,666
2026-06-18T02:20:00Z,74.64,74.69,74.61,74.68,122
2026-06-18T02:25:00Z,74.66,74.76,74.64,74.71,150
2026-06-18T02:30:00Z,74.7,74.8,74.69,74.76,138
2026-06-18T02:35:00Z,74.79,75.01,74.79,75.01,231
2026-06-18T02:40:00Z,74.98,74.99,74.84,74.86,246
2026-06-18T02:45:00Z,74.86,74.93,74.78,74.85,156
2026-06-18T02:50:00Z,74.87,74.9,74.84,74.86,64
2026-06-18T02:55:00Z,74.83,74.92,74.8,74.8,92
2026-06-18T03:00:00Z,74.81,74.83,74.65,74.69,155
2026-06-18T03:05:00Z,74.69,74.71,74.66,74.7,41
2026-06-18T03:10:00Z,74.69,74.71,74.64,74.64,66
2026-06-18T03:15:00Z,74.65,74.67,74.59,74.59,177
2026-06-18T03:20:00Z,74.59,74.67,74.56,74.65,224
2026-06-18T03:25:00Z,74.65,74.71,74.55,74.57,152
2026-06-18T03:30:00Z,74.57,74.65,74.48,74.61,363
2026-06-18T03:35:00Z,74.61,74.69,74.61,74.65,96
2026-06-18T03:40:00Z,74.65,74.65,74.55,74.58,57
2026-06-18T03:45:00Z,74.57,74.61,74.54,74.55,48
2026-06-18T03:50:00Z,74.55,74.58,74.52,74.53,63
2026-06-18T03:55:00Z,74.52,74.56,74.48,74.54,90
2026-06-18T04:00:00Z,74.51,74.54,74.49,74.52,66
2026-06-18T04:05:00Z,74.53,74.59,74.52,74.53,44
2026-06-18T04:10:00Z,74.5,74.5,74.41,74.43,117
2026-06-18T04:15:00Z,74.43,74.43,74.35,74.36,163
2026-06-18T04:20:00Z,74.36,74.39,74.23,74.28,244
2026-06-18T04:25:00Z,74.28,74.3,74.16,74.18,310
2026-06-18T04:30:00Z,74.18,74.26,74.17,74.23,181
2026-06-18T04:35:00Z,74.24,74.25,74.06,74.11,571
2026-06-18T04:40:00Z,74.12,74.12,74.06,74.1,118
2026-06-18T04:45:00Z,74.1,74.18,74.05,74.08,423
2026-06-18T04:50:00Z,74.07,74.13,74.04,74.12,266
2026-06-18T04:55:00Z,74.11,74.13,74.07,74.12,79
2026-06-18T05:00:00Z,74.13,74.22,74.11,74.22,357
2026-06-18T05:05:00Z,74.22,74.24,74.15,74.15,125
2026-06-18T05:10:00Z,74.15,74.22,74.08,74.19,157
2026-06-18T05:15:00Z,74.19,74.2,73.92,74.01,505
2026-06-18T05:20:00Z,74.02,74.07,73.84,73.9,722
2026-06-18T05:25:00Z,73.91,73.92,73.78,73.81,260
2026-06-18T05:30:00Z,73.8,74.02,73.75,73.96,473
2026-06-18T05:35:00Z,73.95,73.97,73.82,73.87,237
2026-06-18T05:40:00Z,73.88,74.19,73.84,74.17,300
2026-06-18T05:45:00Z,74.16,74.17,74.05,74.11,192
2026-06-18T05:50:00Z,74.1,74.16,74.09,74.14,60
2026-06-18T05:55:00Z,74.14,74.14,74.01,74.04,174
2026-06-18T06:00:00Z,74.04,74.04,73.6,73.67,979
2026-06-18T06:05:00Z,73.66,73.67,73.53,73.54,524
2026-06-18T06:10:00Z,73.53,73.68,73.42,73.66,645
2026-06-18T06:15:00Z,73.65,73.77,73.51,73.58,321
2026-06-18T06:20:00Z,73.59,73.67,73.48,73.48,344
2026-06-18T06:25:00Z,73.48,73.68,73.48,73.55,326
2026-06-18T06:30:00Z,73.56,73.78,73.47,73.78,537
2026-06-18T06:35:00Z,73.77,74.18,73.75,74.06,755
2026-06-18T06:40:00Z,74.06,74.28,74.04,74.08,591
2026-06-18T06:45:00Z,74.07,74.1,73.98,73.99,517
2026-06-18T06:50:00Z,73.99,74.22,73.98,74.21,355
2026-06-18T06:55:00Z,74.21,74.34,74.18,74.2,904
2026-06-18T07:00:00Z,74.19,74.26,73.96,73.99,523
2026-06-18T07:05:00Z,74.0,74.2,74.0,74.05,433
2026-06-18T07:10:00Z,74.04,74.34,74.03,74.33,459
2026-06-18T07:15:00Z,74.33,74.64,74.33,74.61,1011
2026-06-18T07:20:00Z,74.6,74.75,74.55,74.64,928
2026-06-18T07:25:00Z,74.65,74.67,74.36,74.36,713
2026-06-18T07:30:00Z,74.38,74.48,74.25,74.27,446
2026-06-18T07:35:00Z,74.24,74.36,74.23,74.28,326
2026-06-18T07:40:00Z,74.29,74.41,74.14,74.19,427
2026-06-18T07:45:00Z,74.18,74.5,74.17,74.44,693
2026-06-18T07:50:00Z,74.45,74.48,74.3,74.34,315
2026-06-18T07:55:00Z,74.32,74.48,74.25,74.34,403
2026-06-18T08:00:00Z,74.33,74.36,74.1,74.31,507
2026-06-18T08:05:00Z,74.32,74.32,74.04,74.24,583
2026-06-18T08:10:00Z,74.23,74.4,74.2,74.37,536
2026-06-18T08:15:00Z,74.35,74.4,74.04,74.11,540
2026-06-18T08:20:00Z,74.1,74.37,74.05,74.35,482
2026-06-18T08:25:00Z,74.32,74.4,74.2,74.32,1295
2026-06-18T08:30:00Z,74.32,74.49,74.23,74.36,718
2026-06-18T08:35:00Z,74.37,74.51,74.1,74.14,729
2026-06-18T08:40:00Z,74.13,74.19,73.94,73.98,824
2026-06-18T08:45:00Z,73.98,74.0,73.82,73.86,484
2026-06-18T08:50:00Z,73.87,74.09,73.82,73.96,332
2026-06-18T08:55:00Z,73.95,74.07,73.84,73.98,455
2026-06-18T09:00:00Z,73.99,74.21,73.87,74.21,496
2026-06-18T09:05:00Z,74.2,74.28,73.9,73.99,581
2026-06-18T09:10:00Z,73.99,74.16,73.98,74.06,243
2026-06-18T09:15:00Z,74.04,74.04,73.72,73.72,498
2026-06-18T09:20:00Z,73.73,74.16,73.72,74.09,725
2026-06-18T09:25:00Z,74.07,74.16,74.02,74.09,357
2026-06-18T09:30:00Z,74.11,74.26,74.09,74.13,766
2026-06-18T09:35:00Z,74.14,74.16,74.0,74.03,299
2026-06-18T09:40:00Z,74.03,74.18,73.98,74.17,407
2026-06-18T09:45:00Z,74.17,74.17,73.98,74.08,178
2026-06-18T09:50:00Z,74.07,74.08,73.71,73.79,694
2026-06-18T09:55:00Z,73.79,73.79,73.69,73.74,636
2026-06-18T10:00:00Z,73.74,73.97,73.72,73.9,527
2026-06-18T10:05:00Z,73.91,73.99,73.83,73.94,269
2026-06-18T10:10:00Z,73.93,74.07,73.89,73.96,717
2026-06-18T10:15:00Z,73.95,74.15,73.94,74.14,380
2026-06-18T10:20:00Z,74.14,74.28,74.07,74.2,383
2026-06-18T10:25:00Z,74.19,74.34,74.13,74.23,292
2026-06-18T10:30:00Z,74.22,74.69,74.21,74.56,896
2026-06-18T10:35:00Z,74.55,74.71,74.48,74.63,797
2026-06-18T10:40:00Z,74.64,74.86,74.58,74.85,795
2026-06-18T10:45:00Z,74.86,75.01,74.75,75.0,913
2026-06-18T10:50:00Z,74.99,75.05,74.75,74.77,892
2026-06-18T10:55:00Z,74.77,74.83,74.58,74.63,783
2026-06-18T11:00:00Z,74.62,74.66,74.42,74.54,687
2026-06-18T11:05:00Z,74.53,74.71,74.52,74.64,465
2026-06-18T11:10:00Z,74.65,74.74,74.6,74.64,315
2026-06-18T11:15:00Z,74.64,74.68,74.52,74.59,291
2026-06-18T11:20:00Z,74.59,74.77,74.51,74.63,426
2026-06-18T11:25:00Z,74.65,74.84,74.65,74.82,358
2026-06-18T11:30:00Z,74.82,74.91,74.8,74.83,355
2026-06-18T11:35:00Z,74.8,74.81,74.66,74.74,414
2026-06-18T11:40:00Z,74.74,74.78,74.57,74.6,536
2026-06-18T11:45:00Z,74.59,74.71,74.41,74.58,702
2026-06-18T11:50:00Z,74.6,74.76,74.57,74.72,618
2026-06-18T11:55:00Z,74.74,74.78,74.68,74.72,288
2026-06-18T12:00:00Z,74.72,74.79,74.51,74.54,731
2026-06-18T12:05:00Z,74.53,74.63,74.43,74.46,479
2026-06-18T12:10:00Z,74.46,74.48,74.27,74.35,504
2026-06-18T12:15:00Z,74.37,74.47,74.27,74.42,465
2026-06-18T12:20:00Z,74.44,74.53,74.38,74.39,448
2026-06-18T12:25:00Z,74.4,74.56,74.31,74.56,460
2026-06-18T12:30:00Z,74.56,74.56,74.37,74.39,429
2026-06-18T12:35:00Z,74.39,74.55,74.39,74.53,263
2026-06-18T12:40:00Z,74.53,74.66,74.51,74.58,565
2026-06-18T12:45:00Z,74.56,74.56,74.44,74.47,451
2026-06-18T12:50:00Z,74.47,74.48,74.33,74.34,384
2026-06-18T12:55:00Z,74.35,74.52,74.3,74.44,662
2026-06-18T13:00:00Z,74.44,74.56,74.36,74.49,1269
2026-06-18T13:05:00Z,74.49,74.58,73.82,74.05,4626
2026-06-18T13:10:00Z,74.04,74.08,73.72,74.04,2679
2026-06-18T13:15:00Z,74.03,74.22,73.95,74.04,1654
2026-06-18T13:20:00Z,74.05,74.16,73.97,74.06,2067
2026-06-18T13:25:00Z,74.05,74.23,74.0,74.16,1336
2026-06-18T13:30:00Z,74.17,74.18,73.81,73.85,2231
2026-06-18T13:35:00Z,73.87,73.89,73.43,73.55,2799
2026-06-18T13:40:00Z,73.56,73.64,73.3,73.41,2751
2026-06-18T13:45:00Z,73.41,73.55,73.11,73.15,3086
2026-06-18T13:50:00Z,73.15,73.3,73.04,73.27,3008
2026-06-18T13:55:00Z,73.27,73.38,73.19,73.2,1810
2026-06-18T14:00:00Z,73.21,73.46,73.21,73.43,1924
2026-06-18T14:05:00Z,73.42,73.43,73.01,73.05,2190
2026-06-18T14:10:00Z,73.05,73.2,72.96,73.06,2265
2026-06-18T14:15:00Z,73.06,73.23,72.92,73.03,3239
2026-06-18T14:20:00Z,73.02,73.22,73.02,73.16,2708
2026-06-18T14:25:00Z,73.16,73.22,73.01,73.14,1336
2026-06-18T14:30:00Z,73.16,73.33,73.13,73.15,2665
2026-06-18T14:35:00Z,73.15,73.41,73.15,73.35,1296
2026-06-18T14:40:00Z,73.36,73.55,73.36,73.49,2321
2026-06-18T14:45:00Z,73.5,73.52,73.23,73.26,1588
2026-06-18T14:50:00Z,73.25,73.36,73.22,73.28,1975
2026-06-18T14:55:00Z,73.28,73.36,73.23,73.3,1080
2026-06-18T15:00:00Z,73.31,73.43,73.28,73.31,2150
2026-06-18T15:05:00Z,73.34,73.39,73.21,73.24,1091
2026-06-18T15:10:00Z,73.23,73.33,73.17,73.22,1268
2026-06-18T15:15:00Z,73.23,73.26,72.83,72.89,2888
2026-06-18T15:20:00Z,72.88,73.2,72.84,73.18,1856
2026-06-18T15:25:00Z,73.18,73.61,73.04,73.5,3871
2026-06-18T15:30:00Z,73.5,73.79,73.5,73.6,3571
2026-06-18T15:35:00Z,73.61,73.89,73.61,73.75,3290
2026-06-18T15:40:00Z,73.75,73.85,73.59,73.8,2754
2026-06-18T15:45:00Z,73.8,73.91,73.68,73.78,1712
2026-06-18T15:50:00Z,73.77,73.92,73.72,73.84,1862
2026-06-18T15:55:00Z,73.83,73.99,73.72,73.92,2422
2026-06-18T16:00:00Z,73.93,74.01,73.86,73.91,2331
2026-06-18T16:05:00Z,73.9,74.18,73.8,74.15,2847
2026-06-18T16:10:00Z,74.14,74.17,73.98,74.03,2013
2026-06-18T16:15:00Z,74.03,74.12,73.96,74.1,1443
2026-06-18T16:20:00Z,74.1,74.27,74.01,74.04,1430
2026-06-18T16:25:00Z,74.03,74.03,73.81,73.89,1271
2026-06-18T16:30:00Z,73.87,73.88,73.68,73.71,1307
2026-06-18T16:35:00Z,73.7,73.82,73.68,73.76,1572
2026-06-18T16:40:00Z,73.77,73.93,73.72,73.91,1250
2026-06-18T16:45:00Z,73.91,74.24,73.87,74.22,1330
2026-06-18T16:50:00Z,74.21,74.42,74.21,74.3,1883
2026-06-18T16:55:00Z,74.29,74.38,74.26,74.28,1356
2026-06-18T17:00:00Z,74.28,74.38,74.26,74.32,1330
2026-06-18T17:05:00Z,74.33,74.46,74.23,74.27,1198
2026-06-18T17:10:00Z,74.27,74.4,74.24,74.35,909
2026-06-18T17:15:00Z,74.35,74.42,74.27,74.31,1458
2026-06-18T17:20:00Z,74.31,74.31,74.05,74.12,1436
2026-06-18T17:25:00Z,74.13,74.43,74.12,74.41,1555
2026-06-18T17:30:00Z,74.41,74.57,74.38,74.38,1285
2026-06-18T17:35:00Z,74.38,74.63,74.23,74.57,2275
2026-06-18T17:40:00Z,74.57,74.58,74.39,74.45,1814
2026-06-18T17:45:00Z,74.45,74.59,74.35,74.47,2232
2026-06-18T17:50:00Z,74.47,74.59,74.42,74.54,1224
2026-06-18T17:55:00Z,74.54,74.65,74.5,74.52,2626
2026-06-18T18:00:00Z,74.52,74.97,74.51,74.93,2911
2026-06-18T18:05:00Z,74.93,75.0,74.82,74.86,3303
2026-06-18T18:10:00Z,74.85,75.22,74.76,75.11,2657
2026-06-18T18:15:00Z,75.12,75.31,75.11,75.22,3944
2026-06-18T18:20:00Z,75.22,75.46,75.2,75.34,5296
2026-06-18T18:25:00Z,75.33,76.06,75.24,75.84,21802
2026-06-18T18:30:00Z,75.84,76.02,75.71,75.81,4688
2026-06-18T18:35:00Z,75.81,75.91,75.74,75.8,2369
2026-06-18T18:40:00Z,75.81,75.82,75.59,75.69,2169
2026-06-18T18:45:00Z,75.69,75.72,75.6,75.64,1256
2026-06-18T18:50:00Z,75.64,75.65,75.55,75.65,1955
2026-06-18T18:55:00Z,75.65,75.68,75.6,75.63,944
2026-06-18T19:00:00Z,75.63,75.83,75.63,75.69,1381
2026-06-18T19:05:00Z,75.69,75.77,75.63,75.72,1112
2026-06-18T19:10:00Z,75.73,75.79,75.67,75.69,669
2026-06-18T19:15:00Z,75.69,75.8,75.58,75.66,1834
2026-06-18T19:20:00Z,75.66,75.75,75.62,75.74,689
2026-06-18T19:25:00Z,75.73,75.77,75.65,75.66,861
2026-06-18T19:30:00Z,75.65,75.65,75.46,75.61,1684
2026-06-18T19:35:00Z,75.6,75.62,75.5,75.55,576
2026-06-18T19:40:00Z,75.54,75.66,75.54,75.62,794
2026-06-18T19:45:00Z,75.63,75.68,75.56,75.59,575
2026-06-18T19:50:00Z,75.59,75.64,75.56,75.62,594
2026-06-18T19:55:00Z,75.63,75.73,75.59,75.73,655
2026-06-18T20:00:00Z,75.72,75.85,75.71,75.81,487
2026-06-18T20:05:00Z,75.8,75.87,75.74,75.74,574
2026-06-18T20:10:00Z,75.75,75.75,75.56,75.6,341
2026-06-18T20:15:00Z,75.59,75.63,75.53,75.55,233
2026-06-18T20:20:00Z,75.54,75.54,75.36,75.46,423
2026-06-18T20:25:00Z,75.46,75.51,75.41,75.45,219
2026-06-18T20:30:00Z,75.45,75.47,75.33,75.39,214
2026-06-18T20:35:00Z,75.39,75.46,75.39,75.43,253
2026-06-18T20:40:00Z,75.42,75.44,75.38,75.41,287
2026-06-18T20:45:00Z,75.42,75.43,75.32,75.41,305
2026-06-18T20:50:00Z,75.4,75.52,75.39,75.5,100
2026-06-18T20:55:00Z,75.5,75.55,75.44,75.52,191
2026-06-18T22:00:00Z,75.4,75.6,75.39,75.45,0
2026-06-18T22:05:00Z,75.43,75.48,75.41,75.42,39
2026-06-18T22:10:00Z,75.46,75.49,75.34,75.44,80
2026-06-18T22:15:00Z,75.43,75.57,75.42,75.57,37
2026-06-18T22:20:00Z,75.59,75.73,75.58,75.68,80
2026-06-18T22:25:00Z,75.62,75.66,75.55,75.57,66
2026-06-18T22:30:00Z,75.57,75.57,75.45,75.5,67
2026-06-18T22:35:00Z,75.47,75.49,75.39,75.41,37
2026-06-18T22:40:00Z,75.42,75.48,75.4,75.42,39
2026-06-18T22:45:00Z,75.43,75.44,75.35,75.39,31
2026-06-18T22:50:00Z,75.38,75.46,75.37,75.41,121
2026-06-18T22:55:00Z,75.42,75.43,75.28,75.38,85
2026-06-18T23:00:00Z,75.39,75.46,75.39,75.43,40
2026-06-18T23:05:00Z,75.45,75.45,75.33,75.34,66
2026-06-18T23:10:00Z,75.34,75.35,75.25,75.3,188
2026-06-18T23:15:00Z,75.3,75.3,75.26,75.27,134
2026-06-18T23:20:00Z,75.27,75.27,75.13,75.23,223
2026-06-18T23:25:00Z,75.22,75.25,75.16,75.17,79
2026-06-18T23:30:00Z,75.16,75.27,75.11,75.27,95
2026-06-18T23:35:00Z,75.28,75.3,75.22,75.3,55
2026-06-18T23:40:00Z,75.31,75.32,75.27,75.29,24
2026-06-18T23:45:00Z,75.29,75.38,75.28,75.34,47
2026-06-18T23:50:00Z,75.37,75.38,75.35,75.36,14
2026-06-18T23:55:00Z,75.36,75.43,75.3,75.38,114
2026-06-19T00:00:00Z,75.41,75.41,75.07,75.09,443
2026-06-19T00:05:00Z,75.09,75.15,75.0,75.13,449
2026-06-19T00:10:00Z,75.12,75.16,75.08,75.08,36
2026-06-19T00:15:00Z,75.09,75.17,75.02,75.17,100
2026-06-19T00:20:00Z,75.18,75.25,75.14,75.18,120
2026-06-19T00:25:00Z,75.17,75.2,75.11,75.12,60
2026-06-19T00:30:00Z,75.12,75.19,75.12,75.19,31
2026-06-19T00:35:00Z,75.2,75.21,75.13,75.17,41
2026-06-19T00:40:00Z,75.18,75.18,75.15,75.15,9
2026-06-19T00:45:00Z,75.14,75.17,75.13,75.15,24
2026-06-19T00:50:00Z,75.15,75.2,75.15,75.17,25
2026-06-19T00:55:00Z,75.17,75.21,75.06,75.06,61
2026-06-19T01:00:00Z,75.07,75.07,74.98,75.03,196
2026-06-19T01:05:00Z,75.04,75.18,75.04,75.17,106
2026-06-19T01:10:00Z,75.15,75.39,75.11,75.31,246
2026-06-19T01:15:00Z,75.3,75.34,75.27,75.32,145
2026-06-19T01:20:00Z,75.32,75.44,75.3,75.36,256
2026-06-19T01:25:00Z,75.36,75.43,75.32,75.38,84
2026-06-19T01:30:00Z,75.38,75.55,75.38,75.46,307
2026-06-19T01:35:00Z,75.46,75.62,75.46,75.54,157
2026-06-19T01:40:00Z,75.54,75.55,75.37,75.44,103
2026-06-19T01:45:00Z,75.44,75.65,75.4,75.63,297
2026-06-19T01:50:00Z,75.63,75.71,75.55,75.65,263
2026-06-19T01:55:00Z,75.64,75.68,75.59,75.65,52
2026-06-19T02:00:00Z,75.66,75.8,75.56,75.67,218
2026-06-19T02:05:00Z,75.67,75.73,75.65,75.7,79
2026-06-19T02:10:00Z,75.71,75.83,75.71,75.75,301
2026-06-19T02:15:00Z,75.74,75.79,75.69,75.78,167
2026-06-19T02:20:00Z,75.78,75.82,75.65,75.68,137
2026-06-19T02:25:00Z,75.66,75.67,75.57,75.59,58
2026-06-19T02:30:00Z,75.6,75.61,75.57,75.61,48
2026-06-19T02:35:00Z,75.61,75.61,75.52,75.56,62
2026-06-19T02:40:00Z,75.55,75.57,75.52,75.52,31
2026-06-19T02:45:00Z,75.54,75.66,75.53,75.65,105
2026-06-19T02:50:00Z,75.65,75.67,75.58,75.6,47
2026-06-19T02:55:00Z,75.6,75.66,75.6,75.61,68
2026-06-19T03:00:00Z,75.61,75.68,75.6,75.68,58
2026-06-19T03:05:00Z,75.68,75.72,75.66,75.7,388
2026-06-19T03:10:00Z,75.71,75.72,75.67,75.67,62
2026-06-19T03:15:00Z,75.67,75.68,75.58,75.6,60
2026-06-19T03:20:00Z,75.6,75.6,75.51,75.56,37
2026-06-19T03:25:00Z,75.54,75.56,75.51,75.55,46
2026-06-19T03:30:00Z,75.56,75.58,75.4,75.41,289
2026-06-19T03:35:00Z,75.43,75.44,75.22,75.29,281
2026-06-19T03:40:00Z,75.29,75.32,75.24,75.24,162
2026-06-19T03:45:00Z,75.25,75.27,75.21,75.23,87
2026-06-19T03:50:00Z,75.24,75.27,75.19,75.23,202
2026-06-19T03:55:00Z,75.22,75.31,75.2,75.26,78
2026-06-21T22:00:00Z,78.0,78.14,77.32,77.63,3208
2026-06-21T22:05:00Z,77.61,77.86,76.54,77.77,714
2026-06-21T22:10:00Z,77.75,78.0,77.66,77.71,2734
2026-06-21T22:15:00Z,77.7,77.81,77.62,77.68,418
2026-06-21T22:20:00Z,77.69,77.81,77.67,77.7,167
2026-06-21T22:25:00Z,77.72,77.72,76.54,77.64,173
2026-06-21T22:30:00Z,77.64,77.66,76.54,77.48,329
2026-06-21T22:35:00Z,77.48,77.48,77.34,77.44,152
2026-06-21T22:40:00Z,77.45,77.51,77.35,77.36,127
2026-06-21T22:45:00Z,77.35,77.35,77.21,77.26,282
2026-06-21T22:50:00Z,77.27,77.55,76.54,76.54,311
2026-06-21T22:55:00Z,77.52,77.54,77.4,77.46,242
2026-06-21T23:00:00Z,77.46,77.59,77.45,77.58,185
2026-06-21T23:05:00Z,77.6,77.63,77.52,77.59,244
2026-06-21T23:10:00Z,77.6,77.69,77.51,77.6,807
2026-06-21T23:15:00Z,77.61,77.75,76.54,77.74,250
2026-06-21T23:20:00Z,77.73,77.74,77.6,77.65,152
2026-06-21T23:25:00Z,77.63,77.75,77.6,77.73,204
2026-06-21T23:30:00Z,77.75,77.86,77.7,77.72,254
2026-06-21T23:35:00Z,77.72,77.82,77.69,77.81,296
2026-06-21T23:40:00Z,77.82,77.85,76.54,77.65,180
2026-06-21T23:45:00Z,77.65,77.77,77.61,77.75,238
2026-06-21T23:50:00Z,77.76,77.83,77.68,77.81,243
2026-06-21T23:55:00Z,77.79,77.79,77.64,77.68,151
2026-06-22T00:00:00Z,77.69,77.76,77.52,77.75,429
2026-06-22T00:05:00Z,77.76,77.82,76.54,77.76,226
2026-06-22T00:10:00Z,77.75,77.77,77.58,77.59,173
2026-06-22T00:15:00Z,77.58,77.64,77.48,77.52,345
2026-06-22T00:20:00Z,77.5,77.59,77.41,77.45,226
2026-06-22T00:25:00Z,77.45,77.45,77.13,77.26,471
2026-06-22T00:30:00Z,77.25,77.38,76.54,77.37,184
2026-06-22T00:35:00Z,77.36,77.46,77.28,77.39,182
2026-06-22T00:40:00Z,77.39,77.43,77.35,77.36,80
2026-06-22T00:45:00Z,77.37,77.48,77.27,77.48,249
2026-06-22T00:50:00Z,77.49,77.68,77.49,77.66,599
2026-06-22T00:55:00Z,77.66,77.69,76.54,77.0,1281
2026-06-22T01:00:00Z,77.02,77.02,76.25,76.41,2383
2026-06-22T01:05:00Z,76.4,76.42,76.18,76.26,680
2026-06-22T01:10:00Z,76.3,76.41,76.11,76.41,468
2026-06-22T01:15:00Z,76.41,76.46,76.11,76.25,413
2026-06-22T01:20:00Z,76.26,76.54,75.75,75.91,1029
2026-06-22T01:25:00Z,75.92,75.95,75.65,75.73,559
2026-06-22T01:30:00Z,75.74,75.83,75.63,75.71,408
2026-06-22T01:35:00Z,75.72,75.79,75.52,75.67,394
2026-06-22T01:40:00Z,75.69,75.76,75.54,75.56,207
2026-06-22T01:45:00Z,75.56,76.54,75.5,75.67,447
2026-06-22T01:50:00Z,75.67,75.74,75.61,75.67,212
2026-06-22T01:55:00Z,75.66,75.78,75.65,75.76,227
2026-06-22T02:00:00Z,75.78,75.78,75.53,75.61,287
2026-06-22T02:05:00Z,75.62,75.63,75.41,75.54,369
2026-06-22T02:10:00Z,75.53,76.54,75.44,75.57,237
2026-06-22T02:15:00Z,75.54,75.6,75.53,75.57,110
2026-06-22T02:20:00Z,75.57,75.63,75.44,75.47,235
2026-06-22T02:25:00Z,75.46,75.54,75.46,75.49,116
2026-06-22T02:30:00Z,75.47,75.47,75.3,75.37,379
2026-06-22T02:35:00Z,75.38,76.54,75.21,75.25,283
2026-06-22T02:40:00Z,75.25,75.28,75.1,75.13,551
2026-06-22T02:45:00Z,75.12,75.32,75.01,75.26,544
2026-06-22T02:50:00Z,75.27,75.33,75.23,75.3,241
2026-06-22T02:55:00Z,75.31,75.36,75.28,75.33,101
2026-06-22T03:00:00Z,75.35,76.54,75.3,75.58,794
2026-06-22T03:05:00Z,75.58,75.68,75.55,75.67,172
2026-06-22T03:10:00Z,75.67,75.71,75.61,75.71,185
2026-06-22T03:15:00Z,75.69,75.73,75.61,75.65,147
2026-06-22T03:20:00Z,75.65,75.76,75.65,75.7,121
2026-06-22T03:25:00Z,75.7,76.54,75.67,75.76,117
2026-06-22T03:30:00Z,75.78,75.85,75.73,75.8,266
2026-06-22T03:35:00Z,75.81,75.81,75.77,75.79,70
2026-06-22T03:40:00Z,75.8,75.8,75.7,75.74,183
2026-06-22T03:45:00Z,75.73,75.73,75.56,75.56,177
2026-06-22T03:50:00Z,75.58,76.54,75.57,75.65,122
2026-06-22T03:55:00Z,75.65,75.74,75.64,75.69,113
2026-06-22T04:00:00Z,75.65,75.65,75.55,75.56,93
2026-06-22T04:05:00Z,75.56,75.61,75.51,75.53,83
2026-06-22T04:10:00Z,75.53,75.6,75.5,75.58,90
2026-06-22T04:15:00Z,75.59,76.54,75.59,75.67,76
2026-06-22T04:20:00Z,75.67,75.71,75.6,75.6,80
2026-06-22T04:25:00Z,75.61,75.63,75.56,75.6,71
2026-06-22T04:30:00Z,75.59,75.6,75.52,75.52,44
2026-06-22T04:35:00Z,75.52,75.56,75.47,75.49,104
2026-06-22T04:40:00Z,75.47,76.54,75.45,75.47,146
2026-06-22T04:45:00Z,75.47,75.56,75.46,75.54,218
2026-06-22T04:50:00Z,75.54,75.55,75.46,75.49,53
2026-06-22T04:55:00Z,75.52,75.52,75.41,75.41,64
2026-06-22T05:00:00Z,75.42,75.42,75.32,75.33,135
2026-06-22T05:05:00Z,75.33,76.54,75.31,75.35,121
2026-06-22T05:10:00Z,75.36,75.36,75.31,75.33,71
2026-06-22T05:15:00Z,75.32,75.33,75.23,75.27,201
2026-06-22T05:20:00Z,75.28,75.32,75.22,75.27,96
2026-06-22T05:25:00Z,75.26,75.27,75.08,75.09,219
2026-06-22T05:30:00Z,75.07,76.54,75.03,75.18,427
2026-06-22T05:35:00Z,75.2,75.3,75.1,75.27,313
2026-06-22T05:40:00Z,75.28,75.39,75.26,75.36,239
2026-06-22T05:45:00Z,75.36,75.41,75.2,75.3,351
2026-06-22T05:50:00Z,75.27,75.33,75.2,75.26,152
2026-06-22T05:55:00Z,75.27,76.54,75.21,75.3,144
2026-06-22T06:00:00Z,75.32,75.38,75.12,75.24,227
2026-06-22T06:05:00Z,75.24,75.26,75.12,75.21,356
2026-06-22T06:10:00Z,75.2,75.3,75.18,75.21,152
2026-06-22T06:15:00Z,75.22,75.29,75.12,75.23,180
2026-06-22T06:20:00Z,75.24,76.54,75.03,75.05,224
2026-06-22T06:25:00Z,75.04,75.15,74.9,75.15,819
2026-06-22T06:30:00Z,75.15,75.32,75.11,75.11,404
2026-06-22T06:35:00Z,75.11,75.31,75.11,75.29,200
2026-06-22T06:40:00Z,75.3,75.43,75.29,75.35,229
2026-06-22T06:45:00Z,75.34,76.54,75.31,75.4,216
2026-06-22T06:50:00Z,75.4,75.46,75.25,75.39,303
2026-06-22T06:55:00Z,75.39,75.45,75.3,75.33,203
2026-06-22T07:00:00Z,75.32,75.41,75.2,75.34,509
2026-06-22T07:05:00Z,75.34,75.45,75.24,75.34,329
2026-06-22T07:10:00Z,75.33,76.54,75.31,75.53,325
2026-06-22T07:15:00Z,75.52,75.55,75.39,75.43,241
2026-06-22T07:20:00Z,75.42,75.51,75.39,75.5,223
2026-06-22T07:25:00Z,75.5,75.55,75.36,75.47,367
2026-06-22T07:30:00Z,75.45,75.6,75.38,75.38,443
2026-06-22T07:35:00Z,75.39,76.54,75.38,75.62,355
2026-06-22T07:40:00Z,75.62,75.86,75.59,75.81,802
2026-06-22T07:45:00Z,75.82,76.01,75.69,75.72,807
2026-06-22T07:50:00Z,75.74,75.92,75.68,75.88,309
2026-06-22T07:55:00Z,75.88,75.89,75.63,75.64,377
2026-06-22T08:00:00Z,75.63,76.54,75.59,75.77,423
2026-06-22T08:05:00Z,75.77,76.07,75.74,75.98,652
2026-06-22T08:10:00Z,76.0,76.19,75.92,76.04,702
2026-06-22T08:15:00Z,76.06,76.17,75.97,76.12,436
2026-06-22T08:20:00Z,76.12,76.13,75.76,75.9,756
2026-06-22T08:25:00Z,75.91,76.54,75.37,75.4,1648
2026-06-22T08:30:00Z,75.4,75.68,75.37,75.46,678
2026-06-22T08:35:00Z,75.46,75.49,75.19,75.43,720
2026-06-22T08:40:00Z,75.41,75.41,75.25,75.28,289
2026-06-22T08:45:00Z,75.27,75.4,75.25,75.28,249
2026-06-22T08:50:00Z,75.28,76.54,75.24,75.28,374
2026-06-22T08:55:00Z,75.26,75.29,75.09,75.23,621
2026-06-22T09:00:00Z,75.23,75.41,75.17,75.21,356
2026-06-22T09:05:00Z,75.22,75.24,75.1,75.18,340
2026-06-22T09:10:00Z,75.19,75.48,75.19,75.36,577
2026-06-22T09:15:00Z,75.35,76.54,75.28,75.32,182
2026-06-22T09:20:00Z,75.34,75.34,75.15,75.23,215
2026-06-22T09:25:00Z,75.24,75.38,75.21,75.3,193
2026-06-22T09:30:00Z,75.29,75.48,75.18,75.27,395
2026-06-22T09:35:00Z,75.29,75.38,75.2,75.21,177
2026-06-22T09:40:00Z,75.2,76.54,75.11,75.32,417
2026-06-22T09:45:00Z,75.32,75.35,75.17,75.2,135
2026-06-22T09:50:00Z,75.21,75.27,75.12,75.24,375
2026-06-22T09:55:00Z,75.23,75.36,75.22,75.35,277
2026-06-22T10:00:00Z,75.36,75.37,75.25,75.35,249
2026-06-22T10:05:00Z,75.36,76.54,75.26,75.33,245
2026-06-22T10:10:00Z,75.32,75.36,75.2,75.27,251
2026-06-22T10:15:00Z,75.25,75.36,75.19,75.35,197
2026-06-22T10:20:00Z,75.36,75.38,75.24,75.32,195
2026-06-22T10:25:00Z,75.32,75.4,75.26,75.38,378
2026-06-22T10:30:00Z,75.37,76.54,75.28,75.38,164
2026-06-22T10:35:00Z,75.39,75.47,75.34,75.47,176
2026-06-22T10:40:00Z,75.47,75.47,75.29,75.37,405
2026-06-22T10:45:00Z,75.36,75.37,75.28,75.35,192
2026-06-22T10:50:00Z,75.35,75.36,75.28,75.3,324
2026-06-22T10:55:00Z,75.31,76.54,75.26,75.34,314
2026-06-22T11:00:00Z,75.34,75.44,75.04,75.09,763
2026-06-22T11:05:00Z,75.09,75.09,74.63,75.03,2073
2026-06-22T11:10:00Z,75.04,75.43,75.04,75.3,1001
2026-06-22T11:15:00Z,75.31,76.54,75.3,76.54,472
2026-06-22T11:20:00Z,75.45,76.54,75.34,75.35,282
2026-06-22T11:25:00Z,75.35,75.46,75.27,75.42,363
2026-06-22T11:30:00Z,75.43,75.45,75.16,75.23,499
2026-06-22T11:35:00Z,75.24,75.25,75.13,75.13,452
2026-06-22T11:40:00Z,75.13,76.54,75.08,75.12,580
2026-06-22T11:45:00Z,75.13,76.54,75.04,75.08,796
2026-06-22T11:50:00Z,75.07,75.25,75.07,75.17,466
2026-06-22T11:55:00Z,75.17,75.18,74.92,75.01,853
2026-06-22T12:00:00Z,75.0,75.08,74.96,75.07,407
2026-06-22T12:05:00Z,75.07,76.54,74.92,75.01,805
2026-06-22T12:10:00Z,75.02,76.54,74.83,74.89,474
2026-06-22T12:15:00Z,74.9,74.92,74.75,74.78,985
2026-06-22T12:20:00Z,74.78,74.8,74.51,74.56,1608
2026-06-22T12:25:00Z,74.56,74.7,74.5,74.61,774
2026-06-22T12:30:00Z,74.61,76.54,74.55,74.59,632
2026-06-22T12:35:00Z,74.59,76.54,74.5,74.58,567
2026-06-22T12:40:00Z,74.57,74.57,74.43,74.53,1129
2026-06-22T12:45:00Z,74.52,74.82,74.49,74.8,1291
2026-06-22T12:50:00Z,74.8,74.81,74.62,74.64,622
2026-06-22T12:55:00Z,74.64,76.54,74.48,74.52,1253
2026-06-22T13:00:00Z,74.53,76.54,74.48,74.74,2029
2026-06-22T13:05:00Z,74.72,75.05,74.66,74.83,1750
2026-06-22T13:10:00Z,74.83,74.92,74.3,74.39,3366
2026-06-22T13:15:00Z,74.41,74.53,74.33,74.51,1639
2026-06-22T13:20:00Z,74.51,76.54,74.29,74.37,1245
2026-06-22T13:25:00Z,74.38,76.54,74.13,74.23,1915
2026-06-22T13:30:00Z,74.23,74.3,74.1,74.17,2662
2026-06-22T13:35:00Z,74.16,74.17,73.83,73.85,3881
2026-06-22T13:40:00Z,73.83,74.05,73.8,73.86,2063
2026-06-22T13:45:00Z,73.86,76.54,73.5,73.59,3854
2026-06-22T13:50:00Z,73.59,76.54,73.51,73.74,2132
2026-06-22T13:55:00Z,73.74,73.84,73.71,73.76,2195
2026-06-22T14:00:00Z,73.77,73.98,73.7,73.89,2179
2026-06-22T14:05:00Z,73.89,73.89,73.57,73.62,2056
2026-06-22T14:10:00Z,73.63,76.54,73.57,73.59,1345
2026-06-22T14:15:00Z,73.59,76.54,73.51,73.8,1872
2026-06-22T14:20:00Z,73.81,73.83,73.7,73.8,1543
2026-06-22T14:25:00Z,73.8,73.94,73.7,73.86,1794
2026-06-22T14:30:00Z,73.87,74.23,73.86,74.22,2544
2026-06-22T14:35:00Z,74.22,76.54,74.03,74.11,2134
2026-06-22T14:40:00Z,74.12,76.54,74.1,74.21,1084
2026-06-22T14:45:00Z,74.21,74.24,74.05,74.11,990
2026-06-22T14:50:00Z,74.11,74.12,73.84,73.88,1124
2026-06-22T14:55:00Z,73.88,74.09,73.88,74.02,1011
2026-06-22T15:00:00Z,74.02,76.54,73.76,73.78,1066
2026-06-22T15:05:00Z,73.79,76.54,73.71,73.76,1336
2026-06-22T15:10:00Z,73.73,73.74,73.37,73.4,3678
2026-06-22T15:15:00Z,73.4,73.5,73.31,73.32,1827
2026-06-22T15:20:00Z,73.32,73.41,73.27,73.34,2621
2026-06-22T15:25:00Z,73.34,76.54,73.3,73.63,3630
2026-06-22T15:30:00Z,73.62,76.54,73.51,73.57,1703
2026-06-22T15:35:00Z,73.56,73.63,73.39,73.44,1429
2026-06-22T15:40:00Z,73.45,73.45,73.24,73.32,1449
2026-06-22T15:45:00Z,73.32,73.76,73.3,73.71,1598
2026-06-22T15:50:00Z,73.7,76.54,73.37,73.38,1236
2026-06-22T15:55:00Z,73.39,73.41,73.3,73.41,1497
2026-06-22T16:00:00Z,73.41,73.56,73.37,73.56,1200
2026-06-22T16:05:00Z,73.56,73.64,73.55,73.63,832
2026-06-22T16:10:00Z,73.63,73.67,73.53,73.53,945
2026-06-22T16:15:00Z,73.54,76.54,73.54,73.6,1024
2026-06-22T16:20:00Z,73.6,73.7,73.57,73.61,1007
2026-06-22T16:25:00Z,73.6,73.67,73.56,73.66,1010
2026-06-22T16:30:00Z,73.65,73.74,73.64,73.68,1325
2026-06-22T16:35:00Z,73.67,73.79,73.66,73.75,1389
2026-06-22T16:40:00Z,73.76,76.54,73.65,73.71,832
2026-06-22T16:45:00Z,73.72,73.77,73.67,73.7,704
2026-06-22T16:50:00Z,73.71,73.76,73.66,73.72,774
2026-06-22T16:55:00Z,73.71,73.75,73.54,73.58,1950
2026-06-22T17:00:00Z,73.57,73.68,73.56,73.63,733
2026-06-22T17:05:00Z,73.63,76.54,73.55,73.57,508
2026-06-22T17:10:00Z,73.59,76.54,73.51,73.54,888
2026-06-22T17:15:00Z,73.55,73.62,73.51,73.57,824
2026-06-22T17:20:00Z,73.58,73.59,73.49,73.51,756
2026-06-22T17:25:00Z,73.5,73.55,73.45,73.53,1249
2026-06-22T17:30:00Z,73.53,76.54,73.49,73.67,1020
2026-06-22T17:35:00Z,73.66,73.75,73.6,73.61,1752
2026-06-22T17:40:00Z,73.62,73.62,73.39,73.4,1287
2026-06-22T17:45:00Z,73.4,73.48,73.38,73.38,904
2026-06-22T17:50:00Z,73.38,73.48,73.33,73.35,1218
2026-06-22T17:55:00Z,73.35,76.54,73.29,73.33,1247
2026-06-22T18:00:00Z,73.32,73.58,73.32,73.46,2419
2026-06-22T18:05:00Z,73.47,73.63,73.41,73.59,1994
2026-06-22T18:10:00Z,73.59,73.7,73.55,73.64,2979
2026-06-22T18:15:00Z,73.64,73.73,73.59,73.72,2395
2026-06-22T18:20:00Z,73.73,76.54,73.57,73.67,3778
2026-06-22T18:25:00Z,73.68,73.93,73.6,73.9,8320
2026-06-22T18:30:00Z,73.9,73.91,73.7,73.77,2753
2026-06-22T18:35:00Z,73.78,73.79,73.68,73.69,641
2026-06-22T18:40:00Z,73.7,73.8,73.68,73.76,579
2026-06-22T18:45:00Z,73.75,76.54,73.74,73.81,847
2026-06-22T18:50:00Z,73.82,73.9,73.78,73.89,672
2026-06-22T18:55:00Z,73.9,74.06,73.9,74.01,1211
2026-06-22T19:00:00Z,74.01,74.07,74.0,74.07,299
2026-06-22T19:05:00Z,74.07,74.14,74.06,74.11,316
2026-06-22T19:10:00Z,74.12,76.54,74.04,74.09,576
2026-06-22T19:15:00Z,74.09,74.11,74.06,74.1,186
2026-06-22T19:20:00Z,74.12,74.23,74.09,74.2,917
2026-06-22T19:25:00Z,74.19,74.22,74.17,74.2,390
2026-06-22T19:30:00Z,74.2,74.35,74.16,74.2,693
2026-06-22T19:35:00Z,74.19,76.54,74.17,74.25,158
2026-06-22T19:40:00Z,74.26,74.33,74.25,74.29,700
2026-06-22T19:45:00Z,74.29,74.3,74.25,74.29,251
2026-06-22T19:50:00Z,74.29,74.35,74.26,74.31,596
2026-06-22T19:55:00Z,74.3,74.36,74.25,74.27,313
2026-06-22T20:00:00Z,74.27,76.54,74.19,74.22,525
2026-06-22T20:05:00Z,74.23,74.23,74.17,74.23,351
2026-06-22T20:10:00Z,74.23,74.25,74.19,74.22,108
2026-06-22T20:15:00Z,74.22,74.25,74.13,74.15,164
2026-06-22T20:20:00Z,74.16,74.21,73.99,74.05,327
2026-06-22T20:25:00Z,74.07,76.54,74.02,74.04,243
2026-06-22T20:30:00Z,74.03,74.04,73.99,74.01,154
2026-06-22T20:35:00Z,74.02,74.09,74.02,74.08,138
2026-06-22T20:40:00Z,74.08,74.08,73.97,74.04,331
2026-06-22T20:45:00Z,74.03,74.09,74.01,74.06,138
2026-06-22T20:50:00Z,74.04,76.54,74.0,74.1,189
2026-06-22T20:55:00Z,74.11,76.54,74.03,76.54,486
2026-06-22T22:00:00Z,74.14,74.24,74.04,74.18,0
2026-06-22T22:05:00Z,74.2,74.25,74.15,74.15,131
2026-06-22T22:10:00Z,74.14,74.16,74.06,74.14,53
2026-06-22T22:15:00Z,74.14,74.2,74.1,74.2,56
2026-06-22T22:20:00Z,74.19,74.25,74.13,74.23,96
2026-06-22T22:25:00Z,74.24,74.25,74.2,74.23,49
2026-06-22T22:30:00Z,74.24,74.45,74.21,74.43,346
2026-06-22T22:35:00Z,74.45,74.45,74.34,74.36,95
2026-06-22T22:40:00Z,74.35,74.38,74.29,74.32,81
2026-06-22T22:45:00Z,74.32,74.32,74.29,74.29,12
2026-06-22T22:50:00Z,74.29,74.29,74.29,74.29,1
2026-06-22T22:55:00Z,74.3,74.33,74.3,74.33,12
2026-06-22T23:00:00Z,74.31,74.32,74.14,74.19,207
2026-06-22T23:05:00Z,74.16,74.2,74.13,74.2,49
2026-06-22T23:10:00Z,74.16,74.18,74.13,74.17,34
2026-06-22T23:15:00Z,74.16,74.18,74.13,74.13,25
2026-06-22T23:20:00Z,74.14,74.19,74.11,74.12,102
2026-06-22T23:25:00Z,74.13,74.17,74.12,74.16,19
2026-06-22T23:30:00Z,74.17,74.2,74.16,74.16,20
2026-06-22T23:35:00Z,74.17,74.17,74.13,74.15,27
2026-06-22T23:40:00Z,74.15,74.17,74.1,74.1,36
2026-06-22T23:45:00Z,74.11,74.12,74.1,74.12,31
2026-06-22T23:50:00Z,74.12,74.17,74.12,74.17,20
2026-06-22T23:55:00Z,74.16,74.22,74.16,74.16,34
2026-06-23T00:00:00Z,74.18,74.23,74.14,74.19,374
2026-06-23T00:05:00Z,74.2,74.2,74.05,74.05,144
2026-06-23T00:10:00Z,74.07,74.28,74.07,74.17,115
2026-06-23T00:15:00Z,74.17,74.17,74.09,74.13,70
2026-06-23T00:20:00Z,74.13,74.23,74.13,74.2,62
2026-06-23T00:25:00Z,74.18,74.23,74.1,74.14,57
2026-06-23T00:30:00Z,74.14,74.16,74.1,74.14,94
2026-06-23T00:35:00Z,74.13,74.17,74.08,74.12,101
2026-06-23T00:40:00Z,74.12,74.19,74.05,74.06,119
2026-06-23T00:45:00Z,74.05,74.1,74.02,74.09,119
2026-06-23T00:50:00Z,74.06,74.14,74.0,74.13,133
2026-06-23T00:55:00Z,74.12,74.25,74.12,74.2,116
2026-06-23T01:00:00Z,74.21,74.27,73.84,73.84,475
2026-06-23T01:05:00Z,73.85,73.88,73.79,73.85,298
2026-06-23T01:10:00Z,73.85,74.06,73.85,74.02,208
2026-06-23T01:15:00Z,74.01,74.12,73.99,74.08,251
2026-06-23T01:20:00Z,74.11,74.24,74.08,74.13,472
2026-06-23T01:25:00Z,74.13,74.22,74.1,74.18,190
2026-06-23T01:30:00Z,74.18,74.22,74.14,74.21,67
2026-06-23T01:35:00Z,74.21,74.25,74.18,74.21,102
2026-06-23T01:40:00Z,74.23,74.24,74.11,74.12,60
2026-06-23T01:45:00Z,74.13,74.13,74.02,74.04,169
2026-06-23T01:50:00Z,74.03,74.08,73.95,73.95,352
2026-06-23T01:55:00Z,73.96,73.97,73.91,73.92,202
2026-06-23T02:00:00Z,73.92,73.93,73.77,73.81,410
2026-06-23T02:05:00Z,73.8,74.05,73.8,74.03,213
2026-06-23T02:10:00Z,74.03,74.07,74.01,74.01,107
2026-06-23T02:15:00Z,74.0,74.08,74.0,74.02,69
2026-06-23T02:20:00Z,74.02,74.04,73.98,74.02,55
2026-06-23T02:25:00Z,74.01,74.08,74.0,74.05,47
2026-06-23T02:30:00Z,74.05,74.31,74.03,74.29,245
2026-06-23T02:35:00Z,74.28,74.3,74.15,74.17,176
2026-06-23T02:40:00Z,74.16,74.22,74.14,74.2,117
2026-06-23T02:45:00Z,74.21,74.27,74.16,74.16,139
2026-06-23T02:50:00Z,74.15,74.16,74.02,74.09,221
2026-06-23T02:55:00Z,74.08,74.11,73.92,73.92,194
2026-06-23T03:00:00Z,73.92,73.92,73.73,73.78,450
2026-06-23T03:05:00Z,73.78,73.88,73.78,73.8,123
2026-06-23T03:10:00Z,73.79,73.79,73.7,73.77,198
2026-06-23T03:15:00Z,73.77,73.81,73.7,73.75,448
2026-06-23T03:20:00Z,73.75,73.8,73.69,73.76,88
2026-06-23T03:25:00Z,73.76,73.81,73.59,73.61,403
2026-06-23T03:30:00Z,73.63,73.68,73.57,73.62,162
2026-06-23T03:35:00Z,73.64,73.75,73.63,73.75,44
2026-06-23T03:40:00Z,73.75,73.75,73.64,73.64,95
2026-06-23T03:45:00Z,73.65,73.66,73.63,73.66,93
2026-06-23T03:50:00Z,73.66,73.66,73.61,73.63,103
2026-06-23T03:55:00Z,73.62,73.65,73.61,73.64,25
2026-06-23T04:00:00Z,73.64,73.69,73.62,73.69,50
2026-06-23T04:05:00Z,73.68,73.71,73.67,73.71,40
2026-06-23T04:10:00Z,73.72,73.73,73.68,73.73,25
2026-06-23T04:15:00Z,73.73,73.75,73.62,73.62,165
2026-06-23T04:20:00Z,73.64,73.66,73.6,73.64,149
2026-06-23T04:25:00Z,73.64,73.67,73.61,73.62,61
2026-06-23T04:30:00Z,73.62,73.72,73.58,73.71,134
2026-06-23T04:35:00Z,73.7,73.77,73.64,73.72,123
2026-06-23T04:40:00Z,73.72,73.75,73.68,73.75,47
2026-06-23T04:45:00Z,73.74,73.76,73.67,73.67,60
2026-06-23T04:50:00Z,73.69,73.75,73.61,73.75,147
2026-06-23T04:55:00Z,73.74,73.78,73.74,73.75,82
2026-06-23T05:00:00Z,73.73,73.79,73.7,73.72,65
2026-06-23T05:05:00Z,73.74,73.75,73.71,73.71,24
2026-06-23T05:10:00Z,73.7,73.7,73.67,73.68,186
2026-06-23T05:15:00Z,73.72,73.76,73.65,73.65,84
2026-06-23T05:20:00Z,73.65,73.65,73.57,73.58,265
2026-06-23T05:25:00Z,73.57,73.63,73.54,73.59,105
2026-06-23T05:30:00Z,73.57,73.6,73.41,73.42,722
2026-06-23T05:35:00Z,73.41,73.45,73.35,73.39,250
2026-06-23T05:40:00Z,73.42,73.43,73.28,73.3,389
2026-06-23T05:45:00Z,73.29,73.34,73.05,73.11,747
2026-06-23T05:50:00Z,73.13,73.15,73.02,73.09,362
2026-06-23T05:55:00Z,73.08,73.13,73.06,73.1,326
2026-06-23T06:00:00Z,73.08,73.15,72.98,73.04,690
2026-06-23T06:05:00Z,73.06,73.08,72.88,72.99,741
2026-06-23T06:10:00Z,72.98,73.19,72.9,73.14,689
2026-06-23T06:15:00Z,73.12,73.13,72.85,72.96,711
2026-06-23T06:20:00Z,72.95,72.99,72.87,72.89,319
2026-06-23T06:25:00Z,72.88,72.96,72.85,72.87,267
2026-06-23T06:30:00Z,72.88,72.94,72.74,72.75,723
2026-06-23T06:35:00Z,72.74,72.79,72.65,72.66,552
2026-06-23T06:40:00Z,72.66,72.8,72.56,72.75,571
2026-06-23T06:45:00Z,72.75,73.08,72.68,73.07,456
2026-06-23T06:50:00Z,73.06,73.14,72.94,72.98,562
2026-06-23T06:55:00Z,72.98,73.04,72.87,72.92,263
2026-06-23T07:00:00Z,72.94,72.99,72.78,72.79,462
2026-06-23T07:05:00Z,72.79,72.87,72.76,72.8,403
2026-06-23T07:10:00Z,72.81,72.82,72.63,72.81,382
2026-06-23T07:15:00Z,72.81,72.87,72.71,72.78,388
2026-06-23T07:20:00Z,72.75,72.76,72.61,72.66,332
2026-06-23T07:25:00Z,72.65,72.77,72.48,72.53,583
2026-06-23T07:30:00Z,72.55,72.84,72.5,72.78,448
2026-06-23T07:35:00Z,72.79,72.99,72.79,72.88,480
2026-06-23T07:40:00Z,72.89,73.17,72.86,73.08,469
2026-06-23T07:45:00Z,73.07,73.17,73.02,73.1,361
2026-06-23T07:50:00Z,73.09,73.19,73.02,73.06,565
2026-06-23T07:55:00Z,73.05,73.23,73.04,73.17,1072
2026-06-23T08:00:00Z,73.17,73.55,73.16,73.54,1298
2026-06-23T08:05:00Z,73.53,73.55,73.37,73.49,550
2026-06-23T08:10:00Z,73.5,73.62,73.44,73.48,540
2026-06-23T08:15:00Z,73.48,73.57,73.36,73.57,433
2026-06-23T08:20:00Z,73.58,73.66,73.5,73.62,554
2026-06-23T08:25:00Z,73.62,73.7,73.49,73.64,1049
2026-06-23T08:30:00Z,73.64,73.87,73.55,73.83,939
2026-06-23T08:35:00Z,73.82,73.84,73.65,73.74,497
2026-06-23T08:40:00Z,73.73,73.76,73.56,73.56,358
2026-06-23T08:45:00Z,73.57,73.71,73.51,73.52,492
2026-06-23T08:50:00Z,73.53,73.62,73.41,73.43,682
2026-06-23T08:55:00Z,73.44,73.52,73.41,73.45,721
2026-06-23T09:00:00Z,73.44,73.5,73.27,73.46,464
2026-06-23T09:05:00Z,73.47,73.57,73.38,73.54,450
2026-06-23T09:10:00Z,73.55,73.59,73.37,73.42,185
2026-06-23T09:15:00Z,73.42,73.65,73.42,73.58,255
2026-06-23T09:20:00Z,73.58,73.67,73.5,73.5,370
2026-06-23T09:25:00Z,73.53,73.53,73.22,73.22,439
2026-06-23T09:30:00Z,73.21,73.42,73.17,73.37,309
2026-06-23T09:35:00Z,73.36,73.46,73.34,73.4,329
2026-06-23T09:40:00Z,73.42,73.49,73.41,73.45,184
2026-06-23T09:45:00Z,73.47,73.59,73.37,73.54,346
2026-06-23T09:50:00Z,73.54,73.54,73.38,73.52,329
2026-06-23T09:55:00Z,73.53,73.6,73.5,73.51,257
2026-06-23T10:00:00Z,73.52,73.6,73.41,73.41,341
2026-06-23T10:05:00Z,73.42,73.48,73.37,73.48,146
2026-06-23T10:10:00Z,73.49,73.59,73.48,73.52,216
2026-06-23T10:15:00Z,73.52,73.63,73.44,73.59,362
2026-06-23T10:20:00Z,73.6,73.76,73.6,73.71,572
2026-06-23T10:25:00Z,73.7,73.75,73.63,73.72,291
2026-06-23T10:30:00Z,73.72,73.75,73.59,73.66,496
2026-06-23T10:35:00Z,73.67,73.96,73.64,73.88,763
2026-06-23T10:40:00Z,73.89,73.89,73.69,73.77,324
2026-06-23T10:45:00Z,73.79,73.8,73.66,73.68,259
2026-06-23T10:50:00Z,73.69,73.93,73.68,73.79,406
2026-06-23T10:55:00Z,73.78,73.91,73.78,73.9,281
2026-06-23T11:00:00Z,73.89,73.9,73.79,73.87,324
2026-06-23T11:05:00Z,73.88,74.0,73.82,73.92,405
2026-06-23T11:10:00Z,73.92,73.92,73.8,73.81,150
2026-06-23T11:15:00Z,73.8,73.98,73.74,73.88,435
2026-06-23T11:20:00Z,73.86,73.96,73.5,73.96,1180
2026-06-23T11:25:00Z,73.96,73.98,73.79,73.8,379
2026-06-23T11:30:00Z,73.81,74.07,73.8,74.01,961
2026-06-23T11:35:00Z,74.0,74.06,73.88,73.92,368
2026-06-23T11:40:00Z,73.93,73.98,73.85,73.96,354
2026-06-23T11:45:00Z,73.94,74.03,73.76,73.81,356
2026-06-23T11:50:00Z,73.82,73.88,73.64,73.67,300
2026-06-23T11:55:00Z,73.66,73.86,73.66,73.86,342
2026-06-23T12:00:00Z,73.86,73.9,73.71,73.76,633
2026-06-23T12:05:00Z,73.75,73.75,73.6,73.61,546
2026-06-23T12:10:00Z,73.6,73.63,73.44,73.54,1383
2026-06-23T12:15:00Z,73.53,73.6,73.39,73.42,1918
2026-06-23T12:20:00Z,73.42,73.48,73.3,73.34,892
2026-06-23T12:25:00Z,73.33,73.4,73.22,73.32,714
2026-06-23T12:30:00Z,73.3,73.32,73.22,73.27,432
2026-06-23T12:35:00Z,73.27,73.36,73.21,73.29,829
2026-06-23T12:40:00Z,73.27,73.44,73.26,73.44,447
2026-06-23T12:45:00Z,73.42,73.62,73.4,73.58,487
2026-06-23T12:50:00Z,73.57,73.64,73.5,73.53,665
2026-06-23T12:55:00Z,73.54,73.63,73.5,73.61,518
2026-06-23T13:00:00Z,73.62,73.73,73.56,73.57,1313
2026-06-23T13:05:00Z,73.57,73.7,73.51,73.69,869
2026-06-23T13:10:00Z,73.69,73.72,73.48,73.49,1215
2026-06-23T13:15:00Z,73.49,73.52,73.33,73.37,1154
2026-06-23T13:20:00Z,73.38,73.48,73.31,73.31,1024
2026-06-23T13:25:00Z,73.32,73.34,72.99,73.08,2183
2026-06-23T13:30:00Z,73.07,73.18,72.94,73.08,2283
2026-06-23T13:35:00Z,73.08,73.1,72.87,73.04,1008
2026-06-23T13:40:00Z,73.03,73.25,73.0,73.2,983
2026-06-23T13:45:00Z,73.21,73.31,73.06,73.09,1097
2026-06-23T13:50:00Z,73.08,73.25,73.05,73.14,1598
2026-06-23T13:55:00Z,73.14,73.2,72.91,72.98,1251
2026-06-23T14:00:00Z,72.98,73.0,72.67,72.69,2667
2026-06-23T14:05:00Z,72.69,72.8,72.65,72.66,2228
2026-06-23T14:10:00Z,72.65,72.75,72.6,72.72,1670
2026-06-23T14:15:00Z,72.73,72.76,72.62,72.72,1948
2026-06-23T14:20:00Z,72.72,72.74,72.6,72.62,1809
2026-06-23T14:25:00Z,72.61,72.64,72.52,72.6,2056
2026-06-23T14:30:00Z,72.61,72.76,72.61,72.69,3654
2026-06-23T14:35:00Z,72.68,73.24,72.68,73.18,5669
2026-06-23T14:40:00Z,73.17,73.28,73.03,73.23,2290
2026-06-23T14:45:00Z,73.22,73.3,73.07,73.21,2012
2026-06-23T14:50:00Z,73.2,73.39,72.99,73.01,1917
2026-06-23T14:55:00Z,73.02,73.18,72.89,73.17,1320
2026-06-23T15:00:00Z,73.16,73.38,73.16,73.36,1182
2026-06-23T15:05:00Z,73.36,73.48,73.29,73.3,1505
2026-06-23T15:10:00Z,73.29,73.29,73.16,73.21,3560
2026-06-23T15:15:00Z,73.2,73.38,73.19,73.27,2312
2026-06-23T15:20:00Z,73.26,73.32,73.07,73.08,1398
2026-06-23T15:25:00Z,73.08,73.23,73.02,73.12,1377
2026-06-23T15:30:00Z,73.11,73.12,72.78,72.82,2437
2026-06-23T15:35:00Z,72.83,72.96,72.72,72.85,1406
2026-06-23T15:40:00Z,72.85,73.06,72.83,73.06,979
2026-06-23T15:45:00Z,73.05,73.22,72.89,72.9,795
2026-06-23T15:50:00Z,72.89,73.02,72.86,72.96,641
2026-06-23T15:55:00Z,72.97,73.06,72.96,73.0,402
2026-06-23T16:00:00Z,72.99,73.14,72.99,73.12,607
2026-06-23T16:05:00Z,73.11,73.16,73.06,73.11,400
2026-06-23T16:10:00Z,73.1,73.17,73.0,73.01,599
2026-06-23T16:15:00Z,73.01,73.26,73.01,73.17,665
2026-06-23T16:20:00Z,73.17,73.24,73.11,73.15,975
2026-06-23T16:25:00Z,73.15,73.18,73.08,73.09,632
2026-06-23T16:30:00Z,73.08,73.1,72.94,72.97,560
2026-06-23T16:35:00Z,72.98,72.98,72.88,72.91,790
2026-06-23T16:40:00Z,72.9,72.93,72.84,72.93,953
2026-06-23T16:45:00Z,72.93,73.08,72.92,72.98,462
2026-06-23T16:50:00Z,72.98,72.99,72.83,72.87,646
2026-06-23T16:55:00Z,72.86,72.98,72.86,72.97,792
2026-06-23T17:00:00Z,72.98,73.29,72.98,73.23,1038
2026-06-23T17:05:00Z,73.22,73.3,73.16,73.2,1346
2026-06-23T17:10:00Z,73.19,73.3,73.11,73.23,999
2026-06-23T17:15:00Z,73.22,73.3,73.15,73.25,659
2026-06-23T17:20:00Z,73.24,73.27,73.17,73.2,481
2026-06-23T17:25:00Z,73.19,73.3,73.19,73.25,752
2026-06-23T17:30:00Z,73.25,73.32,73.02,73.04,2219
2026-06-23T17:35:00Z,73.05,73.2,73.05,73.12,1136
2026-06-23T17:40:00Z,73.11,73.12,73.04,73.04,943
2026-06-23T17:45:00Z,73.05,73.14,73.02,73.11,1024
2026-06-23T17:50:00Z,73.11,73.23,73.1,73.12,1595
2026-06-23T17:55:00Z,73.13,73.16,72.99,73.04,2040
2026-06-23T18:00:00Z,73.04,73.4,73.04,73.27,2911
2026-06-23T18:05:00Z,73.26,73.43,73.22,73.33,1571
2026-06-23T18:10:00Z,73.33,73.36,73.17,73.23,1149
2026-06-23T18:15:00Z,73.24,73.24,73.13,73.16,1283
2026-06-23T18:20:00Z,73.16,73.2,73.04,73.07,1972
2026-06-23T18:25:00Z,73.06,73.29,73.05,73.28,7003
2026-06-23T18:30:00Z,73.28,73.34,73.22,73.23,1600
2026-06-23T18:35:00Z,73.23,73.26,73.19,73.22,582
2026-06-23T18:40:00Z,73.22,73.27,73.17,73.2,455
2026-06-23T18:45:00Z,73.2,73.36,73.19,73.32,589
2026-06-23T18:50:00Z,73.32,73.37,73.32,73.32,344
2026-06-23T18:55:00Z,73.34,73.41,73.3,73.36,630
2026-06-23T19:00:00Z,73.36,73.37,73.23,73.25,434
2026-06-23T19:05:00Z,73.26,73.33,73.25,73.27,294
2026-06-23T19:10:00Z,73.28,73.29,73.24,73.24,270
2026-06-23T19:15:00Z,73.24,73.3,73.23,73.3,141
2026-06-23T19:20:00Z,73.3,73.39,73.27,73.38,304
2026-06-23T19:25:00Z,73.39,73.42,73.33,73.36,284
2026-06-23T19:30:00Z,73.37,73.38,73.32,73.35,80
2026-06-23T19:35:00Z,73.36,73.42,73.36,73.4,218
2026-06-23T19:40:00Z,73.41,73.42,73.35,73.37,165
2026-06-23T19:45:00Z,73.37,73.4,73.34,73.37,299
2026-06-23T19:50:00Z,73.37,73.38,73.31,73.32,173
2026-06-23T19:55:00Z,73.33,73.34,73.27,73.32,378
2026-06-23T20:00:00Z,73.32,73.38,73.3,73.35,156
2026-06-23T20:05:00Z,73.35,73.48,73.34,73.47,267
2026-06-23T20:10:00Z,73.48,73.51,73.32,73.35,471
2026-06-23T20:15:00Z,73.35,73.37,73.34,73.36,69
2026-06-23T20:20:00Z,73.37,73.42,73.36,73.38,111
2026-06-23T20:25:00Z,73.37,73.37,73.29,73.31,171
2026-06-23T20:30:00Z,73.3,73.35,73.25,73.27,202
2026-06-23T20:35:00Z,73.29,73.32,73.23,73.25,173
2026-06-23T20:40:00Z,73.23,73.25,73.16,73.16,458
2026-06-23T20:45:00Z,73.16,73.18,73.09,73.12,502
2026-06-23T20:50:00Z,73.11,73.11,73.02,73.08,272
2026-06-23T20:55:00Z,73.07,73.1,73.02,73.05,329
2026-06-23T22:00:00Z,73.13,73.18,73.09,73.15,0
2026-06-23T22:05:00Z,73.13,73.14,73.05,73.13,129
2026-06-23T22:10:00Z,73.12,73.13,73.09,73.1,25
2026-06-23T22:15:00Z,73.1,73.14,73.09,73.14,16
2026-06-23T22:20:00Z,73.11,73.12,73.1,73.12,19
2026-06-23T22:25:00Z,73.13,73.13,73.12,73.13,4
2026-06-23T22:30:00Z,73.12,73.13,73.11,73.13,10
2026-06-23T22:35:00Z,73.13,73.13,73.04,73.04,38
2026-06-23T22:40:00Z,73.03,73.04,73.0,73.04,66
2026-06-23T22:45:00Z,73.02,73.04,72.88,72.95,126
2026-06-23T22:50:00Z,72.94,72.97,72.92,72.93,55
2026-06-23T22:55:00Z,72.91,72.97,72.91,72.95,31
2026-06-23T23:00:00Z,72.96,72.97,72.92,72.94,81
2026-06-23T23:05:00Z,72.92,72.94,72.85,72.88,114
2026-06-23T23:10:00Z,72.87,72.92,72.86,72.91,61
2026-06-23T23:15:00Z,72.91,72.91,72.86,72.9,46
2026-06-23T23:20:00Z,72.91,72.95,72.86,72.87,58
2026-06-23T23:25:00Z,72.87,72.88,72.85,72.88,39
2026-06-23T23:30:00Z,72.88,72.89,72.87,72.89,22
2026-06-23T23:35:00Z,72.88,72.88,72.71,72.76,391
2026-06-23T23:40:00Z,72.75,72.76,72.67,72.75,159
2026-06-23T23:45:00Z,72.76,72.78,72.73,72.73,33
2026-06-23T23:50:00Z,72.72,72.74,72.67,72.67,112
2026-06-23T23:55:00Z,72.68,72.71,72.63,72.69,137
2026-06-24T00:00:00Z,72.7,72.85,72.67,72.81,519
2026-06-24T00:05:00Z,72.8,72.85,72.66,72.82,431
2026-06-24T00:10:00Z,72.81,72.87,72.8,72.82,93
2026-06-24T00:15:00Z,72.82,72.92,72.79,72.88,136
2026-06-24T00:20:00Z,72.91,72.95,72.91,72.94,99
2026-06-24T00:25:00Z,72.93,72.96,72.88,72.89,93
2026-06-24T00:30:00Z,72.88,72.89,72.8,72.82,103
2026-06-24T00:35:00Z,72.81,72.81,72.75,72.78,113
2026-06-24T00:40:00Z,72.79,72.86,72.79,72.84,42
2026-06-24T00:45:00Z,72.84,72.86,72.77,72.78,101
2026-06-24T00:50:00Z,72.79,72.8,72.75,72.79,98
2026-06-24T00:55:00Z,72.78,72.89,72.78,72.82,87
2026-06-24T01:00:00Z,72.82,72.87,72.55,72.56,594
2026-06-24T01:05:00Z,72.55,72.56,72.34,72.44,1095
2026-06-24T01:10:00Z,72.45,72.56,72.43,72.48,181
2026-06-24T01:15:00Z,72.48,72.75,72.48,72.73,301
2026-06-24T01:20:00Z,72.72,72.94,72.71,72.92,467
2026-06-24T01:25:00Z,72.91,73.02,72.87,73.02,341
2026-06-24T01:30:00Z,73.02,73.04,72.91,72.95,283
2026-06-24T01:35:00Z,72.96,73.07,72.92,72.92,170
2026-06-24T01:40:00Z,72.91,72.95,72.82,72.9,258
2026-06-24T01:45:00Z,72.89,72.96,72.79,72.82,114
2026-06-24T01:50:00Z,72.81,72.83,72.69,72.69,197
2026-06-24T01:55:00Z,72.69,72.72,72.59,72.67,271
2026-06-24T02:00:00Z,72.68,72.82,72.66,72.71,182
2026-06-24T02:05:00Z,72.7,72.91,72.7,72.86,202
2026-06-24T02:10:00Z,72.86,72.86,72.79,72.82,78
2026-06-24T02:15:00Z,72.82,72.88,72.8,72.84,76
2026-06-24T02:20:00Z,72.81,72.82,72.78,72.81,42
2026-06-24T02:25:00Z,72.78,72.82,72.75,72.76,17
2026-06-24T02:30:00Z,72.75,72.75,72.56,72.57,281
2026-06-24T02:35:00Z,72.56,72.57,72.38,72.52,650
2026-06-24T02:40:00Z,72.52,72.64,72.45,72.51,512
2026-06-24T02:45:00Z,72.53,72.59,72.36,72.38,188
2026-06-24T02:50:00Z,72.38,72.38,72.18,72.19,684
2026-06-24T02:55:00Z,72.19,72.23,72.16,72.17,243
2026-06-24T03:00:00Z,72.19,72.24,72.07,72.18,525
2026-06-24T03:05:00Z,72.18,72.39,72.18,72.32,351
2026-06-24T03:10:00Z,72.32,72.44,72.32,72.42,158
2026-06-24T03:15:00Z,72.42,72.43,72.36,72.4,80
2026-06-24T03:20:00Z,72.38,72.41,72.31,72.41,100
2026-06-24T03:25:00Z,72.41,72.43,72.37,72.38,111
2026-06-24T03:30:00Z,72.38,72.45,72.35,72.35,138
2026-06-24T03:35:00Z,72.35,72.4,72.33,72.36,104
2026-06-24T03:40:00Z,72.37,72.4,72.34,72.4,59
2026-06-24T03:45:00Z,72.39,72.43,72.39,72.43,67
2026-06-24T03:50:00Z,72.43,72.48,72.43,72.45,55
2026-06-24T03:55:00Z,72.44,72.44,72.4,72.42,27
2026-06-24T04:00:00Z,72.43,72.59,72.42,72.52,190
2026-06-24T04:05:00Z,72.52,72.59,72.52,72.57,69
2026-06-24T04:10:00Z,72.58,72.62,72.54,72.59,90
2026-06-24T04:15:00Z,72.6,72.72,72.57,72.7,207
2026-06-24T04:20:00Z,72.7,72.77,72.7,72.7,144
2026-06-24T04:25:00Z,72.7,72.71,72.67,72.68,63
2026-06-24T04:30:00Z,72.67,72.67,72.62,72.62,51
2026-06-24T04:35:00Z,72.62,72.7,72.61,72.69,26
2026-06-24T04:40:00Z,72.7,72.71,72.66,72.66,27
2026-06-24T04:45:00Z,72.66,72.67,72.63,72.64,22
2026-06-24T04:50:00Z,72.63,72.63,72.61,72.61,21
2026-06-24T04:55:00Z,72.62,72.66,72.59,72.66,46
2026-06-24T05:00:00Z,72.66,72.78,72.66,72.74,130
2026-06-24T05:05:00Z,72.76,72.76,72.62,72.62,51
2026-06-24T05:10:00Z,72.63,72.65,72.59,72.62,48
2026-06-24T05:15:00Z,72.66,72.67,72.6,72.64,37
2026-06-24T05:20:00Z,72.64,72.68,72.63,72.67,23
2026-06-24T05:25:00Z,72.68,72.7,72.66,72.67,59
2026-06-24T05:30:00Z,72.67,72.73,72.62,72.73,123
2026-06-24T05:35:00Z,72.73,72.73,72.62,72.68,73
2026-06-24T05:40:00Z,72.66,72.66,72.54,72.61,146
2026-06-24T05:45:00Z,72.6,72.62,72.49,72.6,146
2026-06-24T05:50:00Z,72.59,72.59,72.44,72.46,118
2026-06-24T05:55:00Z,72.46,72.52,72.43,72.5,86
2026-06-24T06:00:00Z,72.5,73.05,72.49,72.94,734
2026-06-24T06:05:00Z,72.93,73.17,72.91,73.01,785
2026-06-24T06:10:00Z,73.01,73.05,72.81,72.84,612
2026-06-24T06:15:00Z,72.83,72.84,72.69,72.74,299
2026-06-24T06:20:00Z,72.72,72.73,72.6,72.64,212
2026-06-24T06:25:00Z,72.65,72.71,72.53,72.66,310
2026-06-24T06:30:00Z,72.66,72.67,72.51,72.54,288
2026-06-24T06:35:00Z,72.54,72.63,72.46,72.58,441
2026-06-24T06:40:00Z,72.59,72.62,72.5,72.61,325
2026-06-24T06:45:00Z,72.62,72.66,72.52,72.56,240
2026-06-24T06:50:00Z,72.56,72.61,72.49,72.58,153
2026-06-24T06:55:00Z,72.6,72.67,72.58,72.61,245
2026-06-24T07:00:00Z,72.6,72.62,72.41,72.44,398
2026-06-24T07:05:00Z,72.43,72.45,72.17,72.2,843
2026-06-24T07:10:00Z,72.2,72.33,72.12,72.3,632
2026-06-24T07:15:00Z,72.3,72.39,72.28,72.39,195
2026-06-24T07:20:00Z,72.36,72.4,72.09,72.13,516
2026-06-24T07:25:00Z,72.15,72.24,72.11,72.2,357
2026-06-24T07:30:00Z,72.21,72.33,72.19,72.3,278
2026-06-24T07:35:00Z,72.29,72.35,72.27,72.31,306
2026-06-24T07:40:00Z,72.29,72.33,72.03,72.15,665
2026-06-24T07:45:00Z,72.16,72.33,72.16,72.23,275
2026-06-24T07:50:00Z,72.21,72.3,72.01,72.02,494
2026-06-24T07:55:00Z,72.01,72.09,71.92,71.96,945
2026-06-24T08:00:00Z,71.96,72.04,71.82,71.83,1084
2026-06-24T08:05:00Z,71.83,71.97,71.8,71.83,661
2026-06-24T08:10:00Z,71.84,72.06,71.84,71.92,511
2026-06-24T08:15:00Z,71.92,71.99,71.8,71.9,713
2026-06-24T08:20:00Z,71.92,71.93,71.77,71.9,574
2026-06-24T08:25:00Z,71.9,71.97,71.75,71.78,1279
2026-06-24T08:30:00Z,71.76,72.01,71.69,71.73,1084
2026-06-24T08:35:00Z,71.75,72.04,71.7,72.04,618
2026-06-24T08:40:00Z,72.03,72.05,71.91,71.91,276
2026-06-24T08:45:00Z,71.92,71.98,71.9,71.97,395
2026-06-24T08:50:00Z,71.96,72.07,71.93,71.98,462
2026-06-24T08:55:00Z,71.98,72.13,71.95,72.04,337
2026-06-24T09:00:00Z,72.06,72.09,71.83,71.93,864
2026-06-24T09:05:00Z,71.92,71.94,71.76,71.8,652
2026-06-24T09:10:00Z,71.81,71.84,71.63,71.72,755
2026-06-24T09:15:00Z,71.72,71.83,71.63,71.64,784
2026-06-24T09:20:00Z,71.64,71.75,71.61,71.67,617
2026-06-24T09:25:00Z,71.68,71.74,71.55,71.71,811
2026-06-24T09:30:00Z,71.71,71.89,71.69,71.88,662
2026-06-24T09:35:00Z,71.89,71.95,71.79,71.87,540
2026-06-24T09:40:00Z,71.9,71.9,71.8,71.88,281
2026-06-24T09:45:00Z,71.88,72.11,71.8,72.05,525
2026-06-24T09:50:00Z,72.03,72.1,71.95,72.06,690
2026-06-24T09:55:00Z,72.05,72.14,71.97,71.99,547
2026-06-24T10:00:00Z,72.0,72.28,72.0,72.25,518
2026-06-24T10:05:00Z,72.24,72.24,72.06,72.1,337
2026-06-24T10:10:00Z,72.09,72.14,71.89,71.93,366
2026-06-24T10:15:00Z,71.94,71.99,71.87,71.95,413
2026-06-24T10:20:00Z,71.93,72.2,71.93,72.15,334
2026-06-24T10:25:00Z,72.14,72.17,72.01,72.01,386
2026-06-24T10:30:00Z,72.0,72.15,71.96,72.07,315
2026-06-24T10:35:00Z,72.1,72.13,71.75,71.78,550
2026-06-24T10:40:00Z,71.77,71.93,71.72,71.76,573
2026-06-24T10:45:00Z,71.76,71.85,71.74,71.82,412
2026-06-24T10:50:00Z,71.82,71.85,71.72,71.85,221
2026-06-24T10:55:00Z,71.84,71.84,71.73,71.82,284
2026-06-24T11:00:00Z,71.83,71.84,71.7,71.81,269
2026-06-24T11:05:00Z,71.8,71.87,71.78,71.87,193
2026-06-24T11:10:00Z,71.88,71.89,71.77,71.84,335
2026-06-24T11:15:00Z,71.83,71.87,71.8,71.84,205
2026-06-24T11:20:00Z,71.85,71.86,71.61,71.62,689
2026-06-24T11:25:00Z,71.61,71.68,71.39,71.47,1148
2026-06-24T11:30:00Z,71.45,71.74,71.38,71.7,1278
2026-06-24T11:35:00Z,71.7,71.71,71.43,71.45,882
2026-06-24T11:40:00Z,71.44,71.51,71.38,71.45,546
2026-06-24T11:45:00Z,71.44,71.45,70.98,71.05,2665
2026-06-24T11:50:00Z,71.04,71.16,70.95,71.04,2791
2026-06-24T11:55:00Z,71.05,71.18,70.92,70.94,1552
2026-06-24T12:00:00Z,70.95,71.11,70.91,71.0,1318
2026-06-24T12:05:00Z,71.02,71.11,70.96,71.06,611
2026-06-24T12:10:00Z,71.05,71.13,71.02,71.12,586
2026-06-24T12:15:00Z,71.12,71.16,70.84,70.89,1834
2026-06-24T12:20:00Z,70.9,71.09,70.84,71.07,1414
2026-06-24T12:25:00Z,71.05,71.11,71.01,71.1,1161
2026-06-24T12:30:00Z,71.11,71.16,70.99,71.1,1078
2026-06-24T12:35:00Z,71.09,71.09,70.93,71.02,1110
2026-06-24T12:40:00Z,71.02,71.14,71.0,71.03,507
2026-06-24T12:45:00Z,71.02,71.15,71.01,71.1,1047
2026-06-24T12:50:00Z,71.1,71.21,71.06,71.14,1106
2026-06-24T12:55:00Z,71.13,71.14,71.03,71.03,1969
2026-06-24T13:00:00Z,71.04,71.07,70.37,70.6,6209
2026-06-24T13:05:00Z,70.58,70.61,70.36,70.45,2926
2026-06-24T13:10:00Z,70.46,70.54,70.41,70.51,2088
2026-06-24T13:15:00Z,70.51,70.51,70.13,70.15,3977
2026-06-24T13:20:00Z,70.15,70.25,70.08,70.16,3177
2026-06-24T13:25:00Z,70.16,70.23,70.02,70.05,2576
2026-06-24T13:30:00Z,70.05,70.15,69.84,70.02,6177
2026-06-24T13:35:00Z,70.03,70.21,70.0,70.08,3671
2026-06-24T13:40:00Z,70.07,70.11,69.88,70.02,2209
2026-06-24T13:45:00Z,70.01,70.28,69.99,70.1,3171
2026-06-24T13:50:00Z,70.09,70.13,69.95,69.97,2827
2026-06-24T13:55:00Z,69.96,70.07,69.67,69.77,3020
2026-06-24T14:00:00Z,69.76,69.91,69.71,69.73,2128
2026-06-24T14:05:00Z,69.73,69.83,69.63,69.76,1926
2026-06-24T14:10:00Z,69.75,70.1,69.75,69.99,2737
2026-06-24T14:15:00Z,69.98,70.15,69.98,70.05,1543
2026-06-24T14:20:00Z,70.05,70.33,70.04,70.24,2204
2026-06-24T14:25:00Z,70.24,70.38,70.11,70.17,2008
2026-06-24T14:30:00Z,70.19,70.25,70.06,70.17,2789
2026-06-24T14:35:00Z,70.15,70.22,70.08,70.12,1273
2026-06-24T14:40:00Z,70.11,70.14,69.98,69.98,1270
2026-06-24T14:45:00Z,69.98,70.04,69.83,69.84,1594
2026-06-24T14:50:00Z,69.83,69.91,69.72,69.91,1395
2026-06-24T14:55:00Z,69.91,70.03,69.83,69.87,1143
2026-06-24T15:00:00Z,69.87,69.94,69.77,69.78,1757
2026-06-24T15:05:00Z,69.78,69.86,69.68,69.75,1455
2026-06-24T15:10:00Z,69.76,69.88,69.74,69.75,1146
2026-06-24T15:15:00Z,69.75,69.89,69.72,69.8,1541
2026-06-24T15:20:00Z,69.8,70.0,69.8,69.93,1737
2026-06-24T15:25:00Z,69.92,70.07,69.88,70.02,3688
2026-06-24T15:30:00Z,70.01,70.22,69.9,70.16,2224
2026-06-24T15:35:00Z,70.16,70.45,70.11,70.42,3529
2026-06-24T15:40:00Z,70.4,70.5,70.27,70.29,1864
2026-06-24T15:45:00Z,70.3,70.58,70.3,70.4,2810
2026-06-24T15:50:00Z,70.39,70.5,70.28,70.4,1757
2026-06-24T15:55:00Z,70.4,70.51,70.37,70.49,1468
2026-06-24T16:00:00Z,70.49,70.59,70.41,70.43,1818
2026-06-24T16:05:00Z,70.43,70.44,70.28,70.42,1150
2026-06-24T16:10:00Z,70.41,70.46,70.33,70.39,847
2026-06-24T16:15:00Z,70.39,70.63,70.37,70.55,1606
2026-06-24T16:20:00Z,70.56,70.71,70.56,70.69,1400
2026-06-24T16:25:00Z,70.7,70.7,70.57,70.64,705
2026-06-24T16:30:00Z,70.63,70.69,70.6,70.69,703
2026-06-24T16:35:00Z,70.68,70.8,70.67,70.74,1230
2026-06-24T16:40:00Z,70.74,70.96,70.64,70.66,2308
2026-06-24T16:45:00Z,70.66,70.72,70.54,70.58,1132
2026-06-24T16:50:00Z,70.58,70.65,70.51,70.53,972
2026-06-24T16:55:00Z,70.53,70.59,70.45,70.52,980
2026-06-24T17:00:00Z,70.53,70.63,70.49,70.62,938
2026-06-24T17:05:00Z,70.62,70.66,70.46,70.58,859
2026-06-24T17:10:00Z,70.57,70.59,70.42,70.42,859
2026-06-24T17:15:00Z,70.43,70.45,70.26,70.32,1650
2026-06-24T17:20:00Z,70.32,70.35,70.18,70.2,1331
2026-06-24T17:25:00Z,70.2,70.28,70.14,70.22,1493
2026-06-24T17:30:00Z,70.21,70.32,70.05,70.05,1978
2026-06-24T17:35:00Z,70.07,70.31,70.05,70.19,1863
2026-06-24T17:40:00Z,70.19,70.5,70.19,70.43,2015
2026-06-24T17:45:00Z,70.42,70.48,70.34,70.44,1006
2026-06-24T17:50:00Z,70.44,70.51,70.41,70.43,711
2026-06-24T17:55:00Z,70.43,70.51,70.42,70.48,655
2026-06-24T18:00:00Z,70.48,70.52,70.36,70.38,1369
2026-06-24T18:05:00Z,70.38,70.44,70.3,70.31,1168
2026-06-24T18:10:00Z,70.3,70.46,70.16,70.33,2244
2026-06-24T18:15:00Z,70.33,70.39,70.2,70.24,1505
2026-06-24T18:20:00Z,70.26,70.43,70.24,70.29,1462
2026-06-24T18:25:00Z,70.3,70.44,70.12,70.42,7964
2026-06-24T18:30:00Z,70.42,70.44,70.2,70.23,2556
2026-06-24T18:35:00Z,70.23,70.24,70.08,70.12,2185
2026-06-24T18:40:00Z,70.12,70.26,70.09,70.19,929
2026-06-24T18:45:00Z,70.19,70.2,70.05,70.05,734
2026-06-24T18:50:00Z,70.05,70.07,69.97,69.99,850
2026-06-24T18:55:00Z,69.99,70.0,69.91,69.95,1903
2026-06-24T19:00:00Z,69.95,69.98,69.9,69.94,857
2026-06-24T19:05:00Z,69.94,70.01,69.9,69.93,559
2026-06-24T19:10:00Z,69.94,69.99,69.91,69.98,474
2026-06-24T19:15:00Z,69.98,70.01,69.93,69.94,543
2026-06-24T19:20:00Z,69.94,70.05,69.91,70.03,589
2026-06-24T19:25:00Z,70.03,70.1,70.02,70.08,441
2026-06-24T19:30:00Z,70.09,70.1,69.97,69.97,736
2026-06-24T19:35:00Z,69.97,70.05,69.96,70.04,502
2026-06-24T19:40:00Z,70.03,70.13,70.02,70.13,482
2026-06-24T19:45:00Z,70.12,70.12,70.05,70.05,328
2026-06-24T19:50:00Z,70.05,70.09,70.01,70.07,536
2026-06-24T19:55:00Z,70.08,70.09,70.0,70.04,449
2026-06-24T20:00:00Z,70.04,70.04,69.96,69.98,309
2026-06-24T20:05:00Z,69.97,69.99,69.88,69.89,603
2026-06-24T20:10:00Z,69.89,69.9,69.78,69.79,493
2026-06-24T20:15:00Z,69.8,69.81,69.77,69.78,159
2026-06-24T20:20:00Z,69.79,69.87,69.76,69.84,303
2026-06-24T20:25:00Z,69.83,69.87,69.81,69.86,342
2026-06-24T20:30:00Z,69.86,69.89,69.8,69.81,311
2026-06-24T20:35:00Z,69.82,69.87,69.82,69.85,161
2026-06-24T20:40:00Z,69.85,69.9,69.83,69.89,168
2026-06-24T20:45:00Z,69.89,69.89,69.84,69.89,150
2026-06-24T20:50:00Z,69.9,69.9,69.79,69.85,313
2026-06-24T20:55:00Z,69.82,69.89,69.82,69.87,426
2026-06-24T22:00:00Z,69.95,70.03,69.66,69.83,0
2026-06-24T22:05:00Z,69.81,69.86,69.76,69.85,87
2026-06-24T22:10:00Z,69.83,69.87,69.8,69.86,26
2026-06-24T22:15:00Z,69.87,69.89,69.85,69.85,36
2026-06-24T22:20:00Z,69.88,69.89,69.85,69.86,29
2026-06-24T22:25:00Z,69.85,69.86,69.83,69.84,41
2026-06-24T22:30:00Z,69.83,69.86,69.83,69.83,21
2026-06-24T22:35:00Z,69.83,69.84,69.79,69.8,55
2026-06-24T22:40:00Z,69.81,69.94,69.79,69.9,78
2026-06-24T22:45:00Z,69.9,69.9,69.86,69.89,18
2026-06-24T22:50:00Z,69.87,69.88,69.84,69.86,31
2026-06-24T22:55:00Z,69.86,69.9,69.84,69.88,23
2026-06-24T23:00:00Z,69.87,69.94,69.86,69.91,34
2026-06-24T23:05:00Z,69.93,69.93,69.89,69.9,82
2026-06-24T23:10:00Z,69.89,69.89,69.87,69.89,23
2026-06-24T23:15:00Z,69.87,69.88,69.87,69.87,5
2026-06-24T23:20:00Z,69.88,69.89,69.86,69.89,17
2026-06-24T23:25:00Z,69.89,69.98,69.89,69.95,46
2026-06-24T23:30:00Z,69.96,70.0,69.96,69.97,26
2026-06-24T23:35:00Z,69.96,69.97,69.91,69.92,56
2026-06-24T23:40:00Z,69.94,69.94,69.89,69.89,26
2026-06-24T23:45:00Z,69.9,69.99,69.9,69.95,103
2026-06-24T23:50:00Z,69.98,69.99,69.96,69.97,11
2026-06-24T23:55:00Z,69.98,70.02,69.97,70.0,98
2026-06-25T00:00:00Z,70.0,70.08,69.95,70.06,348
2026-06-25T00:05:00Z,70.06,70.07,69.96,70.07,230
2026-06-25T00:10:00Z,70.07,70.12,70.02,70.1,122
2026-06-25T00:15:00Z,70.12,70.15,70.07,70.09,97
2026-06-25T00:20:00Z,70.1,70.1,70.02,70.06,80
2026-06-25T00:25:00Z,70.06,70.12,70.06,70.12,52
2026-06-25T00:30:00Z,70.1,70.21,70.1,70.2,135
2026-06-25T00:35:00Z,70.2,70.21,70.13,70.15,52
2026-06-25T00:40:00Z,70.14,70.16,70.12,70.12,92
2026-06-25T00:45:00Z,70.1,70.1,70.03,70.03,165
2026-06-25T00:50:00Z,70.01,70.03,69.94,69.99,222
2026-06-25T00:55:00Z,70.0,70.05,69.98,69.98,92
2026-06-25T01:00:00Z,70.0,70.07,69.57,69.69,1578
2026-06-25T01:05:00Z,69.69,69.84,69.52,69.54,669
2026-06-25T01:10:00Z,69.53,69.6,69.33,69.47,1132
2026-06-25T01:15:00Z,69.46,69.83,69.46,69.81,371
2026-06-25T01:20:00Z,69.81,69.81,69.49,69.52,347
2026-06-25T01:25:00Z,69.51,69.53,69.42,69.43,303
2026-06-25T01:30:00Z,69.41,69.41,69.29,69.36,276
2026-06-25T01:35:00Z,69.36,69.36,69.21,69.27,291
2026-06-25T01:40:00Z,69.28,69.45,69.2,69.23,406
2026-06-25T01:45:00Z,69.23,69.36,69.21,69.28,118
2026-06-25T01:50:00Z,69.29,69.29,69.11,69.21,303
2026-06-25T01:55:00Z,69.21,69.36,69.14,69.34,163
2026-06-25T02:00:00Z,69.34,69.38,69.17,69.18,216
2026-06-25T02:05:00Z,69.18,69.24,69.05,69.19,504
2026-06-25T02:10:00Z,69.17,69.2,69.06,69.2,114
2026-06-25T02:15:00Z,69.2,69.27,69.19,69.23,238
2026-06-25T02:20:00Z,69.23,69.27,69.11,69.16,266
2026-06-25T02:25:00Z,69.18,69.21,69.15,69.16,90
2026-06-25T02:30:00Z,69.16,69.22,69.14,69.18,102
2026-06-25T02:35:00Z,69.18,69.36,69.12,69.33,217
2026-06-25T02:40:00Z,69.32,69.42,69.24,69.37,359
2026-06-25T02:45:00Z,69.39,69.5,69.39,69.43,197
2026-06-25T02:50:00Z,69.41,69.45,69.37,69.41,108
2026-06-25T02:55:00Z,69.41,69.43,69.33,69.37,108
2026-06-25T03:00:00Z,69.4,69.42,69.16,69.18,299
2026-06-25T03:05:00Z,69.2,69.2,69.06,69.15,243
2026-06-25T03:10:00Z,69.12,69.17,69.09,69.17,228
2026-06-25T03:15:00Z,69.18,69.39,69.09,69.1,711
2026-06-25T03:20:00Z,69.11,69.17,69.07,69.14,189
2026-06-25T03:25:00Z,69.14,69.24,69.1,69.18,200
2026-06-25T03:30:00Z,69.16,69.32,69.16,69.28,186
2026-06-25T03:35:00Z,69.28,69.33,69.25,69.25,88
2026-06-25T03:40:00Z,69.24,69.26,69.22,69.25,50
2026-06-25T03:45:00Z,69.25,69.28,69.24,69.25,31
2026-06-25T03:50:00Z,69.24,69.33,69.23,69.3,75
2026-06-25T03:55:00Z,69.31,69.33,69.29,69.33,57
2026-06-25T04:00:00Z,69.32,69.42,69.26,69.42,185
2026-06-25T04:05:00Z,69.4,69.43,69.31,69.32,108
2026-06-25T04:10:00Z,69.34,69.38,69.32,69.33,100
2026-06-25T04:15:00Z,69.34,69.35,69.31,69.33,37
2026-06-25T04:20:00Z,69.33,69.37,69.33,69.37,28
2026-06-25T04:25:00Z,69.36,69.42,69.35,69.36,111
2026-06-25T04:30:00Z,69.36,69.46,69.33,69.45,83
2026-06-25T04:35:00Z,69.45,69.51,69.42,69.48,181
2026-06-25T04:40:00Z,69.49,69.5,69.42,69.42,86
2026-06-25T04:45:00Z,69.42,69.48,69.42,69.47,59
2026-06-25T04:50:00Z,69.46,69.47,69.43,69.45,115
2026-06-25T04:55:00Z,69.46,69.56,69.46,69.49,191
2026-06-25T05:00:00Z,69.49,69.49,69.43,69.46,97
2026-06-25T05:05:00Z,69.46,69.47,69.38,69.39,76
2026-06-25T05:10:00Z,69.39,69.48,69.36,69.48,127
2026-06-25T05:15:00Z,69.48,69.51,69.43,69.44,71
2026-06-25T05:20:00Z,69.44,69.48,69.43,69.48,99
2026-06-25T05:25:00Z,69.48,69.51,69.44,69.49,107
2026-06-25T05:30:00Z,69.49,69.61,69.42,69.42,544
2026-06-25T05:35:00Z,69.41,69.54,69.4,69.53,195
2026-06-25T05:40:00Z,69.54,69.57,69.37,69.37,135
2026-06-25T05:45:00Z,69.39,69.45,69.33,69.35,203
2026-06-25T05:50:00Z,69.35,69.39,69.32,69.37,108
2026-06-25T05:55:00Z,69.37,69.42,69.21,69.38,582
2026-06-25T06:00:00Z,69.36,69.4,69.24,69.29,391
2026-06-25T06:05:00Z,69.3,69.44,69.3,69.42,187
2026-06-25T06:10:00Z,69.41,69.64,69.39,69.63,204
2026-06-25T06:15:00Z,69.63,69.67,69.45,69.46,358
2026-06-25T06:20:00Z,69.46,69.72,69.46,69.7,410
2026-06-25T06:25:00Z,69.69,69.76,69.64,69.73,375
2026-06-25T06:30:00Z,69.74,69.82,69.64,69.64,482
2026-06-25T06:35:00Z,69.64,69.68,69.52,69.59,414
2026-06-25T06:40:00Z,69.62,69.65,69.48,69.49,180
2026-06-25T06:45:00Z,69.48,69.55,69.41,69.52,260
2026-06-25T06:50:00Z,69.51,69.59,69.51,69.53,122
2026-06-25T06:55:00Z,69.54,69.66,69.46,69.59,288
2026-06-25T07:00:00Z,69.57,69.63,69.42,69.58,410
2026-06-25T07:05:00Z,69.56,69.73,69.56,69.71,297
2026-06-25T07:10:00Z,69.7,69.9,69.69,69.88,677
2026-06-25T07:15:00Z,69.86,70.01,69.85,69.96,602
2026-06-25T07:20:00Z,69.96,69.99,69.71,69.82,888
2026-06-25T07:25:00Z,69.82,69.86,69.66,69.7,402
2026-06-25T07:30:00Z,69.71,69.76,69.62,69.65,310
2026-06-25T07:35:00Z,69.65,69.8,69.61,69.65,508
2026-06-25T07:40:00Z,69.65,69.73,69.58,69.71,385
2026-06-25T07:45:00Z,69.7,69.87,69.69,69.87,534
2026-06-25T07:50:00Z,69.86,70.06,69.82,70.04,928
2026-06-25T07:55:00Z,70.03,70.06,69.9,69.97,667
2026-06-25T08:00:00Z,69.96,70.06,69.84,69.85,622
2026-06-25T08:05:00Z,69.84,69.89,69.71,69.86,407
2026-06-25T08:10:00Z,69.85,69.97,69.67,69.93,711
2026-06-25T08:15:00Z,69.93,69.95,69.64,69.67,726
2026-06-25T08:20:00Z,69.67,69.74,69.55,69.69,829
2026-06-25T08:25:00Z,69.69,69.77,69.43,69.5,1280
2026-06-25T08:30:00Z,69.49,69.7,69.34,69.36,1022
2026-06-25T08:35:00Z,69.38,69.38,69.05,69.07,1187
2026-06-25T08:40:00Z,69.06,69.32,69.04,69.25,576
2026-06-25T08:45:00Z,69.25,69.45,69.23,69.3,588
2026-06-25T08:50:00Z,69.31,69.35,69.18,69.2,432
2026-06-25T08:55:00Z,69.2,69.33,69.16,69.21,414
2026-06-25T09:00:00Z,69.21,69.36,69.16,69.34,587
2026-06-25T09:05:00Z,69.33,69.4,69.22,69.28,571
2026-06-25T09:10:00Z,69.27,69.32,68.9,69.05,1284
2026-06-25T09:15:00Z,69.07,69.61,68.92,69.57,983
2026-06-25T09:20:00Z,69.57,69.65,69.36,69.36,866
2026-06-25T09:25:00Z,69.36,69.51,69.28,69.38,611
2026-06-25T09:30:00Z,69.38,69.55,69.34,69.55,409
2026-06-25T09:35:00Z,69.53,69.59,69.45,69.51,340
2026-06-25T09:40:00Z,69.52,69.6,69.45,69.48,533
2026-06-25T09:45:00Z,69.47,69.54,69.42,69.45,474
2026-06-25T09:50:00Z,69.44,69.51,69.44,69.47,276
2026-06-25T09:55:00Z,69.49,69.6,69.4,69.58,418
2026-06-25T10:00:00Z,69.57,69.66,69.53,69.58,293
2026-06-25T10:05:00Z,69.58,69.64,69.47,69.52,310
2026-06-25T10:10:00Z,69.51,69.59,69.5,69.59,211
2026-06-25T10:15:00Z,69.6,69.63,69.56,69.58,107
2026-06-25T10:20:00Z,69.58,69.62,69.43,69.52,492
2026-06-25T10:25:00Z,69.52,69.59,69.47,69.53,339
2026-06-25T10:30:00Z,69.52,69.57,69.49,69.51,238
2026-06-25T10:35:00Z,69.5,69.56,69.48,69.51,174
2026-06-25T10:40:00Z,69.51,69.6,69.5,69.59,328
2026-06-25T10:45:00Z,69.59,69.68,69.54,69.6,454
2026-06-25T10:50:00Z,69.61,69.65,69.54,69.61,268
2026-06-25T10:55:00Z,69.6,69.61,69.37,69.42,391
2026-06-25T11:00:00Z,69.4,69.5,69.32,69.33,542
2026-06-25T11:05:00Z,69.31,69.4,69.27,69.37,600
2026-06-25T11:10:00Z,69.37,69.45,69.35,69.45,280
2026-06-25T11:15:00Z,69.45,69.57,69.45,69.5,435
2026-06-25T11:20:00Z,69.51,69.57,69.46,69.55,226
2026-06-25T11:25:00Z,69.55,69.7,69.51,69.7,921
2026-06-25T11:30:00Z,69.69,69.85,69.69,69.84,618
2026-06-25T11:35:00Z,69.83,69.84,69.69,69.69,689
2026-06-25T11:40:00Z,69.69,69.81,69.66,69.77,319
2026-06-25T11:45:00Z,69.78,69.9,69.78,69.9,491
2026-06-25T11:50:00Z,69.91,69.95,69.71,69.76,535
2026-06-25T11:55:00Z,69.77,69.82,69.76,69.81,348
2026-06-25T12:00:00Z,69.8,69.83,69.69,69.73,657
2026-06-25T12:05:00Z,69.72,69.8,69.7,69.75,821
2026-06-25T12:10:00Z,69.75,69.82,69.61,69.65,2439
2026-06-25T12:15:00Z,69.66,69.83,69.59,69.82,1486
2026-06-25T12:20:00Z,69.82,69.86,69.77,69.81,719
2026-06-25T12:25:00Z,69.82,69.94,69.8,69.92,730
2026-06-25T12:30:00Z,69.92,69.95,69.78,69.79,1190
2026-06-25T12:35:00Z,69.78,69.83,69.5,69.54,1825
2026-06-25T12:40:00Z,69.54,69.59,69.36,69.47,838
2026-06-25T12:45:00Z,69.47,69.56,69.32,69.55,1246
2026-06-25T12:50:00Z,69.55,69.68,69.52,69.61,845
2026-06-25T12:55:00Z,69.61,69.7,69.53,69.55,1077
2026-06-25T13:00:00Z,69.54,69.68,69.45,69.66,1581
2026-06-25T13:05:00Z,69.66,69.85,69.63,69.79,2069
2026-06-25T13:10:00Z,69.78,70.07,69.78,70.05,1986
2026-06-25T13:15:00Z,70.04,70.19,70.02,70.16,2218
2026-06-25T13:20:00Z,70.17,70.18,69.98,70.01,1730
2026-06-25T13:25:00Z,70.01,70.15,69.87,69.88,1115
2026-06-25T13:30:00Z,69.88,69.94,69.75,69.77,1434
2026-06-25T13:35:00Z,69.79,69.97,69.79,69.9,1046
2026-06-25T13:40:00Z,69.9,70.03,69.87,70.03,1179
2026-06-25T13:45:00Z,70.03,70.15,69.95,70.11,1429
2026-06-25T13:50:00Z,70.12,70.3,70.07,70.22,2324
2026-06-25T13:55:00Z,70.22,70.48,70.17,70.46,2048
2026-06-25T14:00:00Z,70.44,70.64,70.38,70.44,3947
2026-06-25T14:05:00Z,70.44,70.57,70.35,70.45,2807
2026-06-25T14:10:00Z,70.44,70.66,70.43,70.59,1246
2026-06-25T14:15:00Z,70.57,70.7,70.4,70.7,1274
2026-06-25T14:20:00Z,70.69,70.86,70.67,70.85,1637
2026-06-25T14:25:00Z,70.84,70.98,70.84,70.95,1719
2026-06-25T14:30:00Z,70.94,70.96,70.74,70.84,1794
2026-06-25T14:35:00Z,70.84,70.89,70.61,70.71,2500
2026-06-25T14:40:00Z,70.69,70.88,70.62,70.86,1853
2026-06-25T14:45:00Z,70.85,70.85,70.6,70.7,1600
2026-06-25T14:50:00Z,70.71,70.72,70.54,70.66,1334
2026-06-25T14:55:00Z,70.65,70.84,70.59,70.81,1616
2026-06-25T15:00:00Z,70.82,71.08,70.77,71.06,2606
2026-06-25T15:05:00Z,71.05,71.61,71.01,71.36,6757
2026-06-25T15:10:00Z,71.37,71.71,71.3,71.57,4759
2026-06-25T15:15:00Z,71.59,71.76,71.58,71.61,2070
2026-06-25T15:20:00Z,71.62,71.65,71.49,71.61,1539
2026-06-25T15:25:00Z,71.62,71.7,71.34,71.35,2792
2026-06-25T15:30:00Z,71.34,71.43,71.26,71.31,2487
2026-06-25T15:35:00Z,71.3,71.41,71.21,71.31,1597
2026-06-25T15:40:00Z,71.32,71.47,71.31,71.36,1337
2026-06-25T15:45:00Z,71.36,71.44,71.24,71.37,1438
2026-06-25T15:50:00Z,71.38,71.45,71.35,71.42,1074
2026-06-25T15:55:00Z,71.42,71.53,71.4,71.43,851
2026-06-25T16:00:00Z,71.45,71.6,71.45,71.54,1331
2026-06-25T16:05:00Z,71.54,71.6,71.47,71.59,996
2026-06-25T16:10:00Z,71.58,71.69,71.55,71.64,1227
2026-06-25T16:15:00Z,71.64,71.64,71.51,71.63,915
2026-06-25T16:20:00Z,71.63,71.69,71.61,71.63,1148
2026-06-25T16:25:00Z,71.64,71.67,71.58,71.61,1331
2026-06-25T16:30:00Z,71.6,71.68,71.49,71.59,879
2026-06-25T16:35:00Z,71.59,71.61,71.44,71.47,966
2026-06-25T16:40:00Z,71.48,71.51,71.44,71.47,893
2026-06-25T16:45:00Z,71.48,71.56,71.44,71.44,854
2026-06-25T16:50:00Z,71.44,71.54,71.41,71.44,1368
2026-06-25T16:55:00Z,71.44,71.58,71.44,71.55,1293
2026-06-25T17:00:00Z,71.55,71.63,71.54,71.58,1176
2026-06-25T17:05:00Z,71.58,71.62,71.43,71.45,1098
2026-06-25T17:10:00Z,71.45,71.56,71.29,71.55,1621
2026-06-25T17:15:00Z,71.54,71.73,71.53,71.71,1443
2026-06-25T17:20:00Z,71.71,71.84,71.64,71.68,1533
2026-06-25T17:25:00Z,71.67,71.68,71.47,71.52,1744
2026-06-25T17:30:00Z,71.51,71.64,71.49,71.51,1234
2026-06-25T17:35:00Z,71.52,71.6,71.43,71.57,1153
2026-06-25T17:40:00Z,71.57,71.64,71.55,71.56,699
2026-06-25T17:45:00Z,71.56,71.58,71.52,71.54,509
2026-06-25T17:50:00Z,71.54,71.64,71.48,71.6,1442
2026-06-25T17:55:00Z,71.6,71.79,71.6,71.78,1761
2026-06-25T18:00:00Z,71.79,72.09,71.79,71.95,3752
2026-06-25T18:05:00Z,71.95,71.95,71.78,71.88,2477
2026-06-25T18:10:00Z,71.87,71.94,71.77,71.91,1800
2026-06-25T18:15:00Z,71.91,71.93,71.74,71.78,1347
2026-06-25T18:20:00Z,71.78,71.88,71.73,71.83,1898
2026-06-25T18:25:00Z,71.84,71.99,71.78,71.96,8347
2026-06-25T18:30:00Z,71.96,72.23,71.96,72.15,3264
2026-06-25T18:35:00Z,72.15,72.18,71.96,72.02,1828
2026-06-25T18:40:00Z,72.0,72.09,71.97,72.03,600
2026-06-25T18:45:00Z,72.04,72.14,72.02,72.12,585
2026-06-25T18:50:00Z,72.13,72.16,72.06,72.13,524
2026-06-25T18:55:00Z,72.13,72.14,72.04,72.13,893
2026-06-25T19:00:00Z,72.14,72.26,72.12,72.24,580
2026-06-25T19:05:00Z,72.25,72.27,72.2,72.23,334
2026-06-25T19:10:00Z,72.23,72.36,72.22,72.33,511
2026-06-25T19:15:00Z,72.33,72.5,72.33,72.48,848
2026-06-25T19:20:00Z,72.47,72.48,72.27,72.28,743
2026-06-25T19:25:00Z,72.28,72.34,72.26,72.3,310
2026-06-25T19:30:00Z,72.3,72.31,72.12,72.13,911
2026-06-25T19:35:00Z,72.13,72.16,72.08,72.09,294
2026-06-25T19:40:00Z,72.08,72.15,72.06,72.1,471
2026-06-25T19:45:00Z,72.11,72.13,71.93,71.97,558
2026-06-25T19:50:00Z,71.98,72.02,71.9,71.95,868
2026-06-25T19:55:00Z,71.95,72.06,71.92,72.03,545
2026-06-25T20:00:00Z,72.03,72.18,71.98,71.99,343
2026-06-25T20:05:00Z,71.99,72.12,71.95,72.1,154
2026-06-25T20:10:00Z,72.1,72.12,72.05,72.05,100
2026-06-25T20:15:00Z,72.04,72.05,71.94,71.95,84
2026-06-25T20:20:00Z,71.96,71.97,71.88,71.9,132
2026-06-25T20:25:00Z,71.91,71.95,71.77,71.78,310
2026-06-25T20:30:00Z,71.78,71.81,71.71,71.74,318
2026-06-25T20:35:00Z,71.74,71.74,71.59,71.7,673
2026-06-25T20:40:00Z,71.69,71.72,71.62,71.64,462
2026-06-25T20:45:00Z,71.62,71.62,71.43,71.46,619
2026-06-25T20:50:00Z,71.47,71.47,71.38,71.43,691
2026-06-25T20:55:00Z,71.42,71.47,71.38,71.47,299
2026-06-25T22:00:00Z,71.44,71.61,71.39,71.45,0
2026-06-25T22:05:00Z,71.42,71.49,71.42,71.45,63
2026-06-25T22:10:00Z,71.47,71.58,71.42,71.44,131
2026-06-25T22:15:00Z,71.44,71.46,71.41,71.44,24
2026-06-25T22:20:00Z,71.45,71.49,71.45,71.46,80
2026-06-25T22:25:00Z,71.46,71.46,71.27,71.36,254
2026-06-25T22:30:00Z,71.33,71.46,71.33,71.46,64
2026-06-25T22:35:00Z,71.46,71.46,71.43,71.43,24
2026-06-25T22:40:00Z,71.45,71.49,71.44,71.49,8
2026-06-25T22:45:00Z,71.45,71.47,71.45,71.45,9
2026-06-25T22:50:00Z,71.46,71.47,71.45,71.47,16
2026-06-25T22:55:00Z,71.47,71.51,71.47,71.5,26
2026-06-25T23:00:00Z,71.52,71.52,71.43,71.46,135
2026-06-25T23:05:00Z,71.46,71.48,71.44,71.47,37
2026-06-25T23:10:00Z,71.47,71.47,71.46,71.46,10
2026-06-25T23:15:00Z,71.47,71.52,71.46,71.51,25
2026-06-25T23:20:00Z,71.51,71.56,71.48,71.51,103
2026-06-25T23:25:00Z,71.5,71.54,71.47,71.5,37
2026-06-25T23:30:00Z,71.49,71.53,71.49,71.52,11
2026-06-25T23:35:00Z,71.49,71.51,71.46,71.49,35
2026-06-25T23:40:00Z,71.48,71.5,71.48,71.49,12
2026-06-25T23:45:00Z,71.5,71.56,71.5,71.51,76
2026-06-25T23:50:00Z,71.5,71.52,71.5,71.52,24
2026-06-25T23:55:00Z,71.53,71.56,71.52,71.52,36
2026-06-26T00:00:00Z,71.53,71.58,71.43,71.46,272
2026-06-26T00:05:00Z,71.45,71.6,71.45,71.57,108
2026-06-26T00:10:00Z,71.57,71.66,71.57,71.61,176
2026-06-26T00:15:00Z,71.6,71.77,71.58,71.61,282
2026-06-26T00:20:00Z,71.62,71.69,71.61,71.69,108
2026-06-26T00:25:00Z,71.68,71.86,71.68,71.71,411
2026-06-26T00:30:00Z,71.71,71.74,71.68,71.7,76
2026-06-26T00:35:00Z,71.69,71.7,71.61,71.66,77
2026-06-26T00:40:00Z,71.65,71.65,71.55,71.59,86
2026-06-26T00:45:00Z,71.58,71.62,71.58,71.6,53
2026-06-26T00:50:00Z,71.61,71.78,71.61,71.78,68
2026-06-26T00:55:00Z,71.79,71.82,71.76,71.8,79
2026-06-26T01:00:00Z,71.81,71.84,71.58,71.65,564
2026-06-26T01:05:00Z,71.66,71.68,71.52,71.66,380
2026-06-26T01:10:00Z,71.66,71.66,71.5,71.51,260
2026-06-26T01:15:00Z,71.5,71.56,71.47,71.53,151
2026-06-26T01:20:00Z,71.53,71.64,71.45,71.63,117
2026-06-26T01:25:00Z,71.61,71.68,71.57,71.57,200
2026-06-26T01:30:00Z,71.56,71.58,71.44,71.45,178
2026-06-26T01:35:00Z,71.43,71.49,71.43,71.47,108
2026-06-26T01:40:00Z,71.47,71.48,71.41,71.43,123
2026-06-26T01:45:00Z,71.44,71.44,71.3,71.33,239
2026-06-26T01:50:00Z,71.34,71.36,71.21,71.3,290
2026-06-26T01:55:00Z,71.28,71.33,71.21,71.24,218
2026-06-26T02:00:00Z,71.24,71.29,71.22,71.25,124
2026-06-26T02:05:00Z,71.22,71.24,71.17,71.18,140
2026-06-26T02:10:00Z,71.17,71.26,71.14,71.25,218
2026-06-26T02:15:00Z,71.27,71.27,71.16,71.23,139
2026-06-26T02:20:00Z,71.24,71.28,71.2,71.21,63
2026-06-26T02:25:00Z,71.24,71.26,71.13,71.2,239
2026-06-26T02:30:00Z,71.18,71.18,71.06,71.07,243
2026-06-26T02:35:00Z,71.07,71.12,71.03,71.06,205
2026-06-26T02:40:00Z,71.07,71.13,71.06,71.13,116
2026-06-26T02:45:00Z,71.12,71.12,70.98,71.02,537
2026-06-26T02:50:00Z,71.01,71.01,70.9,70.93,276
2026-06-26T02:55:00Z,70.95,70.96,70.79,70.82,241
2026-06-26T03:00:00Z,70.81,70.82,70.73,70.76,304
2026-06-26T03:05:00Z,70.75,70.79,70.64,70.69,357
2026-06-26T03:10:00Z,70.68,70.7,70.6,70.69,152
2026-06-26T03:15:00Z,70.7,70.7,70.6,70.63,107
2026-06-26T03:20:00Z,70.62,70.65,70.53,70.54,191
2026-06-26T03:25:00Z,70.55,70.71,70.53,70.68,294
2026-06-26T03:30:00Z,70.69,70.75,70.68,70.71,196
2026-06-26T03:35:00Z,70.7,70.71,70.58,70.6,111
2026-06-26T03:40:00Z,70.59,70.62,70.57,70.57,52
2026-06-26T03:45:00Z,70.57,70.57,70.51,70.53,82
2026-06-26T03:50:00Z,70.52,70.54,70.48,70.51,72
2026-06-26T03:55:00Z,70.52,70.6,70.5,70.59,111
2026-06-26T04:00:00Z,70.6,70.65,70.56,70.6,178
2026-06-26T04:05:00Z,70.6,70.6,70.42,70.53,314
2026-06-26T04:10:00Z,70.53,70.53,70.5,70.52,81
2026-06-26T04:15:00Z,70.53,70.54,70.43,70.48,132
2026-06-26T04:20:00Z,70.48,70.54,70.46,70.53,66
2026-06-26T04:25:00Z,70.51,70.51,70.45,70.46,99
2026-06-26T04:30:00Z,70.49,70.53,70.47,70.49,65
2026-06-26T04:35:00Z,70.49,70.5,70.41,70.44,130
2026-06-26T04:40:00Z,70.44,70.47,70.42,70.45,47
2026-06-26T04:45:00Z,70.45,70.45,70.4,70.45,63
2026-06-26T04:50:00Z,70.45,70.49,70.44,70.47,54
2026-06-26T04:55:00Z,70.47,70.48,70.39,70.41,83
2026-06-26T05:00:00Z,70.4,70.44,70.39,70.43,92
2026-06-26T05:05:00Z,70.44,70.44,70.34,70.37,255
2026-06-26T05:10:00Z,70.38,70.43,70.36,70.41,97
2026-06-26T05:15:00Z,70.41,70.45,70.38,70.42,62
2026-06-26T05:20:00Z,70.41,70.46,70.4,70.42,120
2026-06-26T05:25:00Z,70.42,70.51,70.41,70.48,115
2026-06-26T05:30:00Z,70.47,70.68,70.39,70.67,379
2026-06-26T05:35:00Z,70.67,70.77,70.63,70.75,289
2026-06-26T05:40:00Z,70.74,70.75,70.64,70.71,238
2026-06-26T05:45:00Z,70.71,70.86,70.67,70.81,298
2026-06-26T05:50:00Z,70.83,70.94,70.82,70.82,306
2026-06-26T05:55:00Z,70.81,70.89,70.81,70.88,193
2026-06-26T06:00:00Z,70.88,70.91,70.69,70.73,192
2026-06-26T06:05:00Z,70.74,70.78,70.68,70.68,259
2026-06-26T06:10:00Z,70.68,70.69,70.63,70.64,223
2026-06-26T06:15:00Z,70.66,70.77,70.64,70.69,165
2026-06-26T06:20:00Z,70.69,70.72,70.64,70.7,157
2026-06-26T06:25:00Z,70.68,70.75,70.66,70.67,369
2026-06-26T06:30:00Z,70.67,70.67,70.55,70.6,607
2026-06-26T06:35:00Z,70.59,70.64,70.5,70.52,209
2026-06-26T06:40:00Z,70.54,70.58,70.49,70.57,277
2026-06-26T06:45:00Z,70.57,70.62,70.41,70.45,253
2026-06-26T06:50:00Z,70.45,70.49,70.34,70.49,238
2026-06-26T06:55:00Z,70.48,70.59,70.46,70.49,191
2026-06-26T07:00:00Z,70.48,70.53,70.34,70.43,339
2026-06-26T07:05:00Z,70.43,70.47,70.36,70.46,345
2026-06-26T07:10:00Z,70.44,70.5,70.29,70.32,511
2026-06-26T07:15:00Z,70.31,70.37,70.23,70.25,464
2026-06-26T07:20:00Z,70.25,70.31,70.21,70.28,427
2026-06-26T07:25:00Z,70.28,70.39,70.21,70.21,400
2026-06-26T07:30:00Z,70.2,70.33,70.16,70.31,476
2026-06-26T07:35:00Z,70.31,70.4,70.18,70.19,350
2026-06-26T07:40:00Z,70.2,70.26,70.09,70.15,373
2026-06-26T07:45:00Z,70.14,70.14,70.05,70.06,286
2026-06-26T07:50:00Z,70.04,70.13,69.94,70.0,873
2026-06-26T07:55:00Z,70.0,70.04,69.82,69.87,606
2026-06-26T08:00:00Z,69.88,69.9,69.76,69.82,863
2026-06-26T08:05:00Z,69.82,69.94,69.73,69.81,585
2026-06-26T08:10:00Z,69.81,70.16,69.8,70.13,676
2026-06-26T08:15:00Z,70.12,70.17,69.96,69.98,388
2026-06-26T08:20:00Z,69.98,69.98,69.64,69.65,898
2026-06-26T08:25:00Z,69.65,69.68,69.03,69.11,3489
2026-06-26T08:30:00Z,69.13,69.4,68.98,69.36,2001
2026-06-26T08:35:00Z,69.35,69.48,69.33,69.36,1112
2026-06-26T08:40:00Z,69.35,69.46,69.33,69.43,527
2026-06-26T08:45:00Z,69.43,69.48,69.35,69.48,572
2026-06-26T08:50:00Z,69.46,69.48,69.37,69.41,364
2026-06-26T08:55:00Z,69.41,69.48,69.26,69.29,720
2026-06-26T09:00:00Z,69.29,69.5,69.23,69.45,894
2026-06-26T09:05:00Z,69.46,69.51,69.38,69.47,318
2026-06-26T09:10:00Z,69.44,69.5,69.43,69.45,182
2026-06-26T09:15:00Z,69.44,69.51,69.32,69.35,780
2026-06-26T09:20:00Z,69.37,69.43,69.3,69.3,405
2026-06-26T09:25:00Z,69.3,69.39,69.21,69.35,507
2026-06-26T09:30:00Z,69.34,69.5,69.3,69.43,456
2026-06-26T09:35:00Z,69.43,69.44,69.31,69.32,189
2026-06-26T09:40:00Z,69.32,69.39,69.27,69.32,360
2026-06-26T09:45:00Z,69.31,69.36,69.21,69.23,770
2026-06-26T09:50:00Z,69.22,69.27,69.16,69.2,870
2026-06-26T09:55:00Z,69.19,69.23,69.02,69.08,1037
2026-06-26T10:00:00Z,69.07,69.22,68.96,69.16,1903
2026-06-26T10:05:00Z,69.15,69.15,69.03,69.13,335
2026-06-26T10:10:00Z,69.15,69.24,69.11,69.23,529
2026-06-26T10:15:00Z,69.23,69.33,69.16,69.32,508
2026-06-26T10:20:00Z,69.32,69.4,69.29,69.39,282
2026-06-26T10:25:00Z,69.4,69.42,69.28,69.3,299
2026-06-26T10:30:00Z,69.29,69.31,69.1,69.27,455
2026-06-26T10:35:00Z,69.27,69.48,69.27,69.47,613
2026-06-26T10:40:00Z,69.45,69.47,69.38,69.41,502
2026-06-26T10:45:00Z,69.4,69.56,69.37,69.53,583
2026-06-26T10:50:00Z,69.52,69.57,69.42,69.42,827
2026-06-26T10:55:00Z,69.42,69.6,69.41,69.52,504
2026-06-26T11:00:00Z,69.51,69.67,69.5,69.62,804
2026-06-26T11:05:00Z,69.63,69.75,69.54,69.7,550
2026-06-26T11:10:00Z,69.7,69.72,69.59,69.7,599
2026-06-26T11:15:00Z,69.69,69.78,69.68,69.72,586
2026-06-26T11:20:00Z,69.74,69.8,69.66,69.74,354
2026-06-26T11:25:00Z,69.73,69.77,69.6,69.72,509
2026-06-26T11:30:00Z,69.72,69.84,69.7,69.82,588
2026-06-26T11:35:00Z,69.81,69.96,69.81,69.95,713
2026-06-26T11:40:00Z,69.95,70.1,69.93,70.1,847
2026-06-26T11:45:00Z,70.09,70.21,70.07,70.21,1215
2026-06-26T11:50:00Z,70.2,70.34,70.2,70.3,1422
2026-06-26T11:55:00Z,70.3,70.31,70.07,70.08,935
2026-06-26T12:00:00Z,70.08,70.12,69.98,69.99,787
2026-06-26T12:05:00Z,69.98,70.06,69.74,69.78,1777
2026-06-26T12:10:00Z,69.78,69.83,69.67,69.79,1310
2026-06-26T12:15:00Z,69.78,69.83,69.63,69.83,1513
2026-06-26T12:20:00Z,69.83,69.91,69.75,69.76,446
2026-06-26T12:25:00Z,69.75,69.76,69.67,69.69,389
2026-06-26T12:30:00Z,69.69,69.74,69.6,69.61,700
2026-06-26T12:35:00Z,69.61,69.68,69.5,69.55,974
2026-06-26T12:40:00Z,69.54,69.62,69.46,69.51,722
2026-06-26T12:45:00Z,69.5,69.56,69.45,69.47,1222
2026-06-26T12:50:00Z,69.47,69.53,69.38,69.5,1037
2026-06-26T12:55:00Z,69.5,69.5,69.36,69.38,1024
2026-06-26T13:00:00Z,69.38,69.8,69.33,69.72,1977
2026-06-26T13:05:00Z,69.72,69.81,69.59,69.64,793
2026-06-26T13:10:00Z,69.64,69.66,69.47,69.55,675
2026-06-26T13:15:00Z,69.57,70.58,69.54,70.09,6673
2026-06-26T13:20:00Z,70.08,70.14,69.72,69.92,5780
2026-06-26T13:25:00Z,69.93,69.96,69.71,69.74,1635
2026-06-26T13:30:00Z,69.75,69.95,69.52,69.6,2519
2026-06-26T13:35:00Z,69.6,69.81,69.59,69.69,2256
2026-06-26T13:40:00Z,69.68,69.74,69.54,69.73,970
2026-06-26T13:45:00Z,69.72,69.81,69.66,69.69,1332
2026-06-26T13:50:00Z,69.7,69.71,69.3,69.34,3265
2026-06-26T13:55:00Z,69.34,69.43,69.18,69.4,3129
2026-06-26T14:00:00Z,69.4,69.52,69.15,69.21,2281
2026-06-26T14:05:00Z,69.22,69.28,69.15,69.18,1556
2026-06-26T14:10:00Z,69.18,69.33,69.15,69.31,1447
2026-06-26T14:15:00Z,69.3,69.32,69.09,69.19,2734
2026-06-26T14:20:00Z,69.2,69.3,69.17,69.19,1607
2026-06-26T14:25:00Z,69.18,69.23,68.92,69.18,2607
2026-06-26T14:30:00Z,69.19,69.26,69.12,69.18,1673
2026-06-26T14:35:00Z,69.18,69.23,69.09,69.1,1667
2026-06-26T14:40:00Z,69.08,69.1,68.85,68.95,2864
2026-06-26T14:45:00Z,68.95,69.05,68.84,69.03,2752
2026-06-26T14:50:00Z,69.03,69.16,68.99,69.13,3901
2026-06-26T14:55:00Z,69.13,69.24,69.05,69.21,3223
2026-06-26T15:00:00Z,69.21,69.26,68.96,69.01,1579
2026-06-26T15:05:00Z,69.02,69.04,68.58,68.65,2952
2026-06-26T15:10:00Z,68.66,68.82,68.63,68.8,1386
2026-06-26T15:15:00Z,68.78,68.78,68.65,68.72,1317
2026-06-26T15:20:00Z,68.72,68.76,68.56,68.59,3156
2026-06-26T15:25:00Z,68.59,68.89,68.58,68.75,2736
2026-06-26T15:30:00Z,68.75,68.8,68.65,68.78,1569
2026-06-26T15:35:00Z,68.77,68.93,68.75,68.86,1448
2026-06-26T15:40:00Z,68.86,69.06,68.86,69.04,1691
2026-06-26T15:45:00Z,69.04,69.06,68.8,68.89,2245
2026-06-26T15:50:00Z,68.89,69.52,68.81,69.38,7197
2026-06-26T15:55:00Z,69.37,69.4,69.01,69.09,2496
2026-06-26T16:00:00Z,69.09,69.15,68.96,69.0,1274
2026-06-26T16:05:00Z,69.0,69.19,69.0,69.15,1546
2026-06-26T16:10:00Z,69.15,69.18,68.93,68.98,1121
2026-06-26T16:15:00Z,68.99,69.12,68.97,69.09,1310
2026-06-26T16:20:00Z,69.08,69.23,69.06,69.16,1426
2026-06-26T16:25:00Z,69.16,69.2,68.95,69.01,1082
2026-06-26T16:30:00Z,69.0,69.01,68.85,68.94,2002
2026-06-26T16:35:00Z,68.94,69.01,68.89,68.99,871
2026-06-26T16:40:00Z,68.99,69.29,68.99,69.27,1967
2026-06-26T16:45:00Z,69.28,69.31,69.16,69.17,1559
2026-06-26T16:50:00Z,69.17,69.36,69.06,69.27,2124
2026-06-26T16:55:00Z,69.26,69.32,69.23,69.3,907
2026-06-26T17:00:00Z,69.31,69.33,69.13,69.15,1539
2026-06-26T17:05:00Z,69.14,69.23,69.09,69.1,942
2026-06-26T17:10:00Z,69.11,69.15,69.04,69.1,745
2026-06-26T17:15:00Z,69.1,69.11,69.03,69.07,554
2026-06-26T17:20:00Z,69.06,69.13,69.05,69.12,631
2026-06-26T17:25:00Z,69.12,69.32,69.12,69.31,1426
2026-06-26T17:30:00Z,69.32,69.48,69.31,69.4,1956
2026-06-26T17:35:00Z,69.4,69.45,69.34,69.41,1388
2026-06-26T17:40:00Z,69.42,69.52,69.34,69.35,1419
2026-06-26T17:45:00Z,69.34,69.37,69.25,69.33,963
2026-06-26T17:50:00Z,69.34,69.4,69.31,69.39,993
2026-06-26T17:55:00Z,69.38,69.4,69.23,69.27,768
2026-06-26T18:00:00Z,69.27,69.31,69.22,69.26,2396
2026-06-26T18:05:00Z,69.28,69.33,69.21,69.32,613
2026-06-26T18:10:00Z,69.31,69.38,69.28,69.34,1579
2026-06-26T18:15:00Z,69.36,69.38,69.17,69.33,1876
2026-06-26T18:20:00Z,69.33,69.33,69.18,69.2,1830
2026-06-26T18:25:00Z,69.2,69.28,69.11,69.24,5061
2026-06-26T18:30:00Z,69.24,69.25,69.09,69.14,1671
2026-06-26T18:35:00Z,69.14,69.2,69.1,69.19,430
2026-06-26T18:40:00Z,69.19,69.2,69.08,69.13,447
2026-06-26T18:45:00Z,69.12,69.2,69.07,69.18,797
2026-06-26T18:50:00Z,69.18,69.2,69.12,69.14,192
2026-06-26T18:55:00Z,69.14,69.14,69.07,69.12,266
2026-06-26T19:00:00Z,69.12,69.12,69.07,69.1,242
2026-06-26T19:05:00Z,69.11,69.12,69.01,69.08,459
2026-06-26T19:10:00Z,69.09,69.12,69.06,69.1,131
2026-06-26T19:15:00Z,69.09,69.19,69.02,69.18,901
2026-06-26T19:20:00Z,69.19,69.23,69.17,69.18,331
2026-06-26T19:25:00Z,69.18,69.24,69.16,69.2,285
2026-06-26T19:30:00Z,69.2,69.28,69.2,69.23,164
2026-06-26T19:35:00Z,69.23,69.35,69.22,69.33,761
2026-06-26T19:40:00Z,69.34,69.43,69.33,69.42,343
2026-06-26T19:45:00Z,69.41,69.45,69.39,69.44,254
2026-06-26T19:50:00Z,69.44,69.51,69.39,69.47,1173
2026-06-26T19:55:00Z,69.47,69.62,69.44,69.51,979
2026-06-26T20:00:00Z,69.49,69.52,69.38,69.38,607
2026-06-26T20:05:00Z,69.38,69.5,69.37,69.42,451
2026-06-26T20:10:00Z,69.41,69.48,69.39,69.41,157
2026-06-26T20:15:00Z,69.4,69.45,69.4,69.43,163
2026-06-26T20:20:00Z,69.44,69.55,69.44,69.52,206
2026-06-26T20:25:00Z,69.52,69.56,69.51,69.54,157
2026-06-26T20:30:00Z,69.56,70.25,69.54,70.05,2846
2026-06-26T20:35:00Z,70.05,70.26,69.83,69.85,1785
2026-06-26T20:40:00Z,69.82,69.98,69.7,69.85,938
2026-06-26T20:45:00Z,69.82,70.03,69.8,70.0,371
2026-06-26T20:50:00Z,70.0,70.3,69.89,70.29,1334
2026-06-26T20:55:00Z,70.3,70.39,69.23,69.23,731
2026-06-28T22:10:00Z,69.98,70.18,69.93,70.12,289
2026-06-28T22:15:00Z,70.14,70.36,70.08,70.36,768
2026-06-28T22:20:00Z,70.35,70.35,70.13,70.28,530
2026-06-28T22:25:00Z,70.3,70.37,70.25,70.34,166
2026-06-28T22:30:00Z,70.37,70.39,70.18,70.18,85
2026-06-28T22:35:00Z,70.19,70.2,70.15,70.18,114
2026-06-28T22:40:00Z,70.16,70.22,70.12,70.16,144
2026-06-28T22:45:00Z,70.15,70.16,70.02,70.04,172
2026-06-28T22:50:00Z,70.06,70.12,70.04,70.11,107
2026-06-28T22:55:00Z,70.1,70.12,70.02,70.04,156
2026-06-28T23:00:00Z,70.05,70.1,69.97,70.0,181
2026-06-28T23:05:00Z,69.99,70.06,69.99,70.05,88
2026-06-28T23:10:00Z,70.04,70.08,69.88,69.97,377
2026-06-28T23:15:00Z,69.99,70.0,69.85,69.93,228
2026-06-28T23:20:00Z,69.92,69.95,69.89,69.91,288
2026-06-28T23:25:00Z,69.9,69.95,69.84,69.86,61
2026-06-28T23:30:00Z,69.88,69.93,69.85,69.88,68
2026-06-28T23:35:00Z,69.9,69.9,69.83,69.85,50
2026-06-28T23:40:00Z,69.84,69.84,69.78,69.78,98
2026-06-28T23:45:00Z,69.8,69.81,69.67,69.69,235
2026-06-28T23:50:00Z,69.69,69.77,69.66,69.75,216
2026-06-28T23:55:00Z,69.75,69.81,69.71,69.76,140
2026-06-29T00:00:00Z,69.75,69.77,69.52,69.68,308
2026-06-29T00:05:00Z,69.67,69.67,69.45,69.51,342
2026-06-29T00:10:00Z,69.52,69.53,69.32,69.45,590
2026-06-29T00:15:00Z,69.46,69.57,69.43,69.55,139
2026-06-29T00:20:00Z,69.56,69.66,69.53,69.63,155
2026-06-29T00:25:00Z,69.62,69.81,69.62,69.79,281
2026-06-29T00:30:00Z,69.79,69.84,69.74,69.78,546
2026-06-29T00:35:00Z,69.79,69.9,69.79,69.87,177
2026-06-29T00:40:00Z,69.88,69.97,69.81,69.92,147
2026-06-29T00:45:00Z,69.92,70.05,69.92,70.02,183
2026-06-29T00:50:00Z,70.0,70.03,69.92,69.95,165
2026-06-29T00:55:00Z,69.94,69.94,69.84,69.85,159
2026-06-29T01:00:00Z,69.86,70.13,69.74,70.11,674
2026-06-29T01:05:00Z,70.12,70.2,69.91,70.17,378
2026-06-29T01:10:00Z,70.15,70.23,70.12,70.19,259
2026-06-29T01:15:00Z,70.19,70.28,70.11,70.11,362
2026-06-29T01:20:00Z,70.11,70.17,70.08,70.17,184
2026-06-29T01:25:00Z,70.16,70.26,70.11,70.13,166
2026-06-29T01:30:00Z,70.11,70.16,70.03,70.1,193
2026-06-29T01:35:00Z,70.1,70.2,70.07,70.08,107
2026-06-29T01:40:00Z,70.08,70.16,70.03,70.04,106
2026-06-29T01:45:00Z,70.04,70.11,69.95,70.07,299
2026-06-29T01:50:00Z,70.06,70.08,69.96,70.07,149
2026-06-29T01:55:00Z,70.06,70.11,69.96,70.0,142
2026-06-29T02:00:00Z,70.0,70.05,69.95,70.03,156
2026-06-29T02:05:00Z,70.02,70.11,69.96,69.98,174
2026-06-29T02:10:00Z,69.96,70.07,69.95,69.98,118
2026-06-29T02:15:00Z,70.0,70.08,70.0,70.07,63
2026-06-29T02:20:00Z,70.08,70.08,70.02,70.03,75
2026-06-29T02:25:00Z,70.03,70.04,69.97,70.04,234
2026-06-29T02:30:00Z,70.02,70.08,69.87,69.91,196
2026-06-29T02:35:00Z,69.92,69.95,69.78,69.88,250
2026-06-29T02:40:00Z,69.89,69.95,69.81,69.88,191
2026-06-29T02:45:00Z,69.87,69.95,69.83,69.83,176
2026-06-29T02:50:00Z,69.86,69.9,69.81,69.9,110
2026-06-29T02:55:00Z,69.91,69.98,69.87,69.96,103
2026-06-29T03:00:00Z,69.95,70.1,69.95,70.03,170
2026-06-29T03:05:00Z,70.02,70.02,69.9,69.91,105
2026-06-29T03:10:00Z,69.93,70.08,69.93,70.07,87
2026-06-29T03:15:00Z,70.06,70.08,70.01,70.01,54
2026-06-29T03:20:00Z,70.02,70.03,69.92,69.93,84
2026-06-29T03:25:00Z,69.94,70.04,69.92,70.01,92
2026-06-29T03:30:00Z,70.0,70.03,69.94,70.03,160
2026-06-29T03:35:00Z,70.03,70.03,69.96,69.97,51
2026-06-29T03:40:00Z,69.97,69.98,69.92,69.93,87
2026-06-29T03:45:00Z,69.93,69.99,69.92,69.99,77
2026-06-29T03:50:00Z,69.97,70.09,69.95,70.05,145
2026-06-29T03:55:00Z,70.05,70.08,70.04,70.06,46
2026-06-29T04:00:00Z,70.06,70.13,70.03,70.1,145
2026-06-29T04:05:00Z,70.1,70.1,70.02,70.05,60
2026-06-29T04:10:00Z,70.06,70.07,70.03,70.06,39
2026-06-29T04:15:00Z,70.05,70.1,70.05,70.07,62
2026-06-29T04:20:00Z,70.08,70.08,70.04,70.06,37
2026-06-29T04:25:00Z,70.05,70.08,70.0,70.04,90
2026-06-29T04:30:00Z,70.02,70.02,69.97,69.98,124
2026-06-29T04:35:00Z,69.99,70.03,69.97,70.02,52
2026-06-29T04:40:00Z,70.01,70.05,69.99,69.99,36
2026-06-29T04:45:00Z,69.98,70.04,69.97,70.04,40
2026-06-29T04:50:00Z,70.04,70.05,69.99,70.02,42
2026-06-29T04:55:00Z,70.01,70.03,69.95,69.95,70
2026-06-29T05:00:00Z,69.95,69.97,69.86,69.94,132
2026-06-29T05:05:00Z,69.92,69.95,69.81,69.82,128
2026-06-29T05:10:00Z,69.84,69.84,69.66,69.7,311
2026-06-29T05:15:00Z,69.7,69.87,69.7,69.85,104
2026-06-29T05:20:00Z,69.86,69.86,69.8,69.83,30
2026-06-29T05:25:00Z,69.84,69.88,69.75,69.77,84
2026-06-29T05:30:00Z,69.75,69.78,69.47,69.47,510
2026-06-29T05:35:00Z,69.49,69.64,69.47,69.49,213
2026-06-29T05:40:00Z,69.5,69.6,69.48,69.5,66
2026-06-29T05:45:00Z,69.5,69.64,69.47,69.63,121
2026-06-29T05:50:00Z,69.62,69.64,69.55,69.59,65
2026-06-29T05:55:00Z,69.57,69.58,69.42,69.51,268
2026-06-29T06:00:00Z,69.49,69.69,69.46,69.66,191
2026-06-29T06:05:00Z,69.67,69.72,69.61,69.7,166
2026-06-29T06:10:00Z,69.69,69.83,69.69,69.73,278
2026-06-29T06:15:00Z,69.73,69.79,69.66,69.77,187
2026-06-29T06:20:00Z,69.78,70.03,69.77,70.02,236
2026-06-29T06:25:00Z,70.0,70.08,69.99,70.07,279
2026-06-29T06:30:00Z,70.08,70.24,70.08,70.19,424
2026-06-29T06:35:00Z,70.17,70.29,70.17,70.18,235
2026-06-29T06:40:00Z,70.18,70.24,70.16,70.22,158
2026-06-29T06:45:00Z,70.23,70.25,70.12,70.16,455
2026-06-29T06:50:00Z,70.16,70.17,69.94,69.97,358
2026-06-29T06:55:00Z,69.97,69.97,69.85,69.95,259
2026-06-29T07:00:00Z,69.94,69.98,69.83,69.95,408
2026-06-29T07:05:00Z,69.94,69.99,69.88,69.93,301
2026-06-29T07:10:00Z,69.92,69.97,69.85,69.87,350
2026-06-29T07:15:00Z,69.87,69.9,69.76,69.86,368
2026-06-29T07:20:00Z,69.87,69.94,69.81,69.92,287
2026-06-29T07:25:00Z,69.92,70.01,69.87,69.95,245
2026-06-29T07:30:00Z,69.93,70.01,69.81,69.82,240
2026-06-29T07:35:00Z,69.83,69.88,69.61,69.64,281
2026-06-29T07:40:00Z,69.65,69.69,69.61,69.66,222
2026-06-29T07:45:00Z,69.67,69.77,69.65,69.72,270
2026-06-29T07:50:00Z,69.73,69.73,69.48,69.6,378
2026-06-29T07:55:00Z,69.6,69.61,69.49,69.52,280
2026-06-29T08:00:00Z,69.52,69.77,69.48,69.77,377
2026-06-29T08:05:00Z,69.78,69.82,69.68,69.74,484
2026-06-29T08:10:00Z,69.74,69.92,69.73,69.85,335
2026-06-29T08:15:00Z,69.86,70.06,69.79,70.03,543
2026-06-29T08:20:00Z,70.01,70.12,69.96,70.09,500
2026-06-29T08:25:00Z,70.09,70.23,69.96,70.16,830
2026-06-29T08:30:00Z,70.16,70.24,70.12,70.15,662
2026-06-29T08:35:00Z,70.16,70.19,69.94,70.07,532
2026-06-29T08:40:00Z,70.06,70.14,70.02,70.07,318
2026-06-29T08:45:00Z,70.07,70.18,69.99,70.0,342
2026-06-29T08:50:00Z,70.0,70.17,69.93,70.17,579
2026-06-29T08:55:00Z,70.16,70.27,70.12,70.14,1099
2026-06-29T09:00:00Z,70.13,70.2,70.04,70.13,579
2026-06-29T09:05:00Z,70.13,70.18,70.02,70.02,424
2026-06-29T09:10:00Z,70.01,70.04,69.97,70.02,290
2026-06-29T09:15:00Z,70.01,70.08,69.91,70.06,265
2026-06-29T09:20:00Z,70.08,70.24,70.08,70.21,612
2026-06-29T09:25:00Z,70.2,70.36,70.18,70.33,613
2026-06-29T09:30:00Z,70.34,70.47,70.3,70.45,874
2026-06-29T09:35:00Z,70.44,70.52,70.41,70.41,476
2026-06-29T09:40:00Z,70.43,70.46,70.37,70.37,203
2026-06-29T09:45:00Z,70.36,70.49,70.35,70.47,111
2026-06-29T09:50:00Z,70.49,70.72,70.49,70.67,1070
2026-06-29T09:55:00Z,70.69,70.73,70.56,70.61,716
2026-06-29T10:00:00Z,70.6,70.62,70.39,70.42,560
2026-06-29T10:05:00Z,70.43,70.43,70.06,70.15,696
2026-06-29T10:10:00Z,70.13,70.16,69.99,70.06,673
2026-06-29T10:15:00Z,70.07,70.11,69.87,69.93,386
2026-06-29T10:20:00Z,69.93,69.95,69.86,69.91,166
2026-06-29T10:25:00Z,69.91,70.02,69.9,69.99,239
2026-06-29T10:30:00Z,69.99,70.11,69.94,69.96,560
2026-06-29T10:35:00Z,69.95,70.02,69.94,69.98,258
2026-06-29T10:40:00Z,69.98,69.99,69.86,69.9,372
2026-06-29T10:45:00Z,69.89,69.99,69.86,69.96,263
2026-06-29T10:50:00Z,69.95,69.95,69.79,69.85,453
2026-06-29T10:55:00Z,69.85,69.89,69.81,69.85,213
2026-06-29T11:00:00Z,69.86,69.87,69.76,69.84,801
2026-06-29T11:05:00Z,69.84,69.84,69.68,69.74,728
2026-06-29T11:10:00Z,69.76,69.79,69.72,69.79,263
2026-06-29T11:15:00Z,69.79,69.99,69.79,69.97,1343
2026-06-29T11:20:00Z,69.98,70.03,69.92,69.99,580
2026-06-29T11:25:00Z,70.0,70.01,69.94,70.01,136
2026-06-29T11:30:00Z,70.02,70.07,69.61,70.0,1772
2026-06-29T11:35:00Z,70.0,70.08,69.92,69.97,361
2026-06-29T11:40:00Z,69.97,69.97,69.62,69.83,942
2026-06-29T11:45:00Z,69.85,69.89,69.83,69.83,172
2026-06-29T11:50:00Z,69.84,69.84,69.7,69.74,450
2026-06-29T11:55:00Z,69.74,69.99,69.74,69.97,2453
2026-06-29T12:00:00Z,69.96,70.08,69.94,70.0,968
2026-06-29T12:05:00Z,70.0,70.0,69.79,69.84,951
2026-06-29T12:10:00Z,69.84,69.9,69.7,69.89,606
2026-06-29T12:15:00Z,69.88,70.05,69.88,70.0,1036
2026-06-29T12:20:00Z,70.01,70.06,69.97,69.98,507
2026-06-29T12:25:00Z,70.0,70.14,69.98,70.13,556
2026-06-29T12:30:00Z,70.13,70.14,70.07,70.08,492
2026-06-29T12:35:00Z,70.07,70.1,69.95,70.05,856
2026-06-29T12:40:00Z,70.05,70.18,69.97,69.98,1054
2026-06-29T12:45:00Z,69.98,70.03,69.94,69.99,483
2026-06-29T12:50:00Z,69.99,70.06,69.83,70.01,1440
2026-06-29T12:55:00Z,70.01,70.1,69.98,70.03,782
2026-06-29T13:00:00Z,70.04,70.16,69.88,70.01,1793
2026-06-29T13:05:00Z,70.0,70.08,69.91,70.08,845
2026-06-29T13:10:00Z,70.07,70.15,69.97,70.06,598
2026-06-29T13:15:00Z,70.07,70.2,69.98,69.99,988
2026-06-29T13:20:00Z,69.98,70.26,69.96,70.25,885
2026-06-29T13:25:00Z,70.25,70.28,70.18,70.26,567
2026-06-29T13:30:00Z,70.27,70.3,70.09,70.21,1120
2026-06-29T13:35:00Z,70.21,70.23,70.04,70.11,868
2026-06-29T13:40:00Z,70.1,70.11,69.97,70.07,729
2026-06-29T13:45:00Z,70.08,70.2,70.03,70.11,624
2026-06-29T13:50:00Z,70.12,70.28,70.1,70.23,1006
2026-06-29T13:55:00Z,70.23,70.24,70.06,70.07,943
2026-06-29T14:00:00Z,70.09,70.23,70.01,70.14,1507
2026-06-29T14:05:00Z,70.15,70.18,70.02,70.07,1304
2026-06-29T14:10:00Z,70.06,70.26,69.95,70.22,1583
2026-06-29T14:15:00Z,70.21,70.46,70.17,70.36,2948
2026-06-29T14:20:00Z,70.36,70.46,70.2,70.27,1224
2026-06-29T14:25:00Z,70.27,70.45,70.21,70.44,1258
2026-06-29T14:30:00Z,70.43,70.51,70.37,70.39,1273
2026-06-29T14:35:00Z,70.4,70.44,70.31,70.33,1065
2026-06-29T14:40:00Z,70.33,70.39,70.28,70.36,821
2026-06-29T14:45:00Z,70.36,70.46,70.31,70.41,1273
2026-06-29T14:50:00Z,70.41,70.59,70.41,70.51,1000
2026-06-29T14:55:00Z,70.5,70.52,70.41,70.47,736
2026-06-29T15:00:00Z,70.48,70.5,70.31,70.34,1051
2026-06-29T15:05:00Z,70.35,70.42,70.26,70.42,849
2026-06-29T15:10:00Z,70.41,70.52,70.39,70.5,944
2026-06-29T15:15:00Z,70.5,70.53,70.43,70.51,504
2026-06-29T15:20:00Z,70.5,70.52,70.37,70.47,1395
2026-06-29T15:25:00Z,70.46,70.53,70.37,70.48,1221
2026-06-29T15:30:00Z,70.46,70.54,70.41,70.46,886
2026-06-29T15:35:00Z,70.47,70.58,70.42,70.55,791
2026-06-29T15:40:00Z,70.56,70.64,70.53,70.58,1030
2026-06-29T15:45:00Z,70.58,70.66,70.54,70.61,682
2026-06-29T15:50:00Z,70.61,70.7,70.53,70.64,1957
2026-06-29T15:55:00Z,70.63,70.64,70.57,70.59,575
2026-06-29T16:00:00Z,70.59,70.79,70.55,70.77,930
2026-06-29T16:05:00Z,70.77,70.82,70.75,70.79,841
2026-06-29T16:10:00Z,70.79,70.8,70.67,70.68,978
2026-06-29T16:15:00Z,70.69,70.71,70.64,70.69,657
2026-06-29T16:20:00Z,70.7,70.8,70.7,70.76,669
2026-06-29T16:25:00Z,70.76,70.84,70.74,70.82,711
2026-06-29T16:30:00Z,70.82,70.91,70.82,70.87,985
2026-06-29T16:35:00Z,70.88,70.91,70.79,70.86,768
2026-06-29T16:40:00Z,70.87,71.01,70.87,70.99,1339
2026-06-29T16:45:00Z,70.99,71.04,70.92,70.94,937
2026-06-29T16:50:00Z,70.94,70.98,70.78,70.92,1791
2026-06-29T16:55:00Z,70.93,70.93,70.77,70.81,1029
2026-06-29T17:00:00Z,70.81,70.82,70.67,70.69,1354
2026-06-29T17:05:00Z,70.69,70.86,70.68,70.83,1124
2026-06-29T17:10:00Z,70.83,70.94,70.8,70.92,1072
2026-06-29T17:15:00Z,70.92,71.09,70.88,70.95,1880
2026-06-29T17:20:00Z,70.95,71.15,70.94,71.0,938
2026-06-29T17:25:00Z,71.0,71.01,70.85,70.89,992
2026-06-29T17:30:00Z,70.89,70.97,70.86,70.94,1076
2026-06-29T17:35:00Z,70.93,71.03,70.86,70.95,1379
2026-06-29T17:40:00Z,70.94,70.98,70.84,70.93,764
2026-06-29T17:45:00Z,70.92,70.93,70.86,70.86,595
2026-06-29T17:50:00Z,70.86,70.89,70.83,70.87,445
2026-06-29T17:55:00Z,70.87,70.93,70.86,70.91,1019
2026-06-29T18:00:00Z,70.9,71.0,70.82,70.84,1627
2026-06-29T18:05:00Z,70.85,70.93,70.83,70.92,771
2026-06-29T18:10:00Z,70.91,70.96,70.8,70.82,1667
2026-06-29T18:15:00Z,70.84,70.92,70.56,70.6,1939
2026-06-29T18:20:00Z,70.6,70.62,70.48,70.57,1446
2026-06-29T18:25:00Z,70.56,70.85,70.51,70.82,5542
2026-06-29T18:30:00Z,70.81,70.84,70.65,70.69,2111
2026-06-29T18:35:00Z,70.69,70.71,70.6,70.64,805
2026-06-29T18:40:00Z,70.64,70.68,70.6,70.61,451
2026-06-29T18:45:00Z,70.6,70.62,70.56,70.61,250
2026-06-29T18:50:00Z,70.6,70.6,70.5,70.51,495
2026-06-29T18:55:00Z,70.52,70.56,70.45,70.46,638
2026-06-29T19:00:00Z,70.47,70.54,70.46,70.52,414
2026-06-29T19:05:00Z,70.52,70.54,70.5,70.53,134
2026-06-29T19:10:00Z,70.53,70.55,70.51,70.51,117
2026-06-29T19:15:00Z,70.5,70.52,70.47,70.48,250
2026-06-29T19:20:00Z,70.48,70.48,70.41,70.47,370
2026-06-29T19:25:00Z,70.46,70.46,70.41,70.42,121
2026-06-29T19:30:00Z,70.42,70.5,70.38,70.5,239
2026-06-29T19:35:00Z,70.49,70.49,70.43,70.45,228
2026-06-29T19:40:00Z,70.46,70.46,70.41,70.42,147
2026-06-29T19:45:00Z,70.43,70.43,70.36,70.39,269
2026-06-29T19:50:00Z,70.38,70.48,70.37,70.48,654
2026-06-29T19:55:00Z,70.49,70.55,70.46,70.52,609
2026-06-29T20:00:00Z,70.53,70.57,70.52,70.57,194
2026-06-29T20:05:00Z,70.55,70.57,70.54,70.56,43
2026-06-29T20:10:00Z,70.57,70.57,70.51,70.51,125
2026-06-29T20:15:00Z,70.5,70.55,70.48,70.52,153
2026-06-29T20:20:00Z,70.52,70.53,70.48,70.5,227
2026-06-29T20:25:00Z,70.49,70.5,70.47,70.48,141
2026-06-29T20:30:00Z,70.49,70.5,70.47,70.49,167
2026-06-29T20:35:00Z,70.5,70.61,70.5,70.59,173
2026-06-29T20:40:00Z,70.59,70.6,70.48,70.48,57
2026-06-29T20:45:00Z,70.48,70.51,70.46,70.49,113
2026-06-29T20:50:00Z,70.49,70.5,70.43,70.45,82
2026-06-29T20:55:00Z,70.42,70.47,70.41,70.42,637
2026-06-29T22:00:00Z,70.43,70.5,70.38,70.44,0
2026-06-29T22:05:00Z,70.43,70.44,70.31,70.33,125
2026-06-29T22:10:00Z,70.34,70.35,70.31,70.33,33
2026-06-29T22:15:00Z,70.3,70.41,70.25,70.4,145
2026-06-29T22:20:00Z,70.39,70.4,70.38,70.38,5
2026-06-29T22:25:00Z,70.37,70.38,70.37,70.38,17
2026-06-29T22:30:00Z,70.38,70.39,70.35,70.35,11
2026-06-29T22:35:00Z,70.35,70.35,70.33,70.33,12
2026-06-29T22:40:00Z,70.31,70.33,70.28,70.33,23
2026-06-29T22:45:00Z,70.3,70.3,70.27,70.3,14
2026-06-29T22:50:00Z,70.3,70.31,70.28,70.28,17
2026-06-29T22:55:00Z,70.3,70.3,70.25,70.28,23
2026-06-29T23:00:00Z,70.29,70.3,70.19,70.22,73
2026-06-29T23:05:00Z,70.24,70.27,70.22,70.24,31
2026-06-29T23:10:00Z,70.23,70.25,70.19,70.19,38
2026-06-29T23:15:00Z,70.21,70.25,70.19,70.25,35
2026-06-29T23:20:00Z,70.24,70.26,70.21,70.26,8
2026-06-29T23:25:00Z,70.28,70.32,70.27,70.31,53
2026-06-29T23:30:00Z,70.29,70.29,70.21,70.21,26
2026-06-29T23:35:00Z,70.2,70.24,70.19,70.22,30
2026-06-29T23:40:00Z,70.2,70.22,70.14,70.16,55
2026-06-29T23:45:00Z,70.17,70.2,70.15,70.19,56
2026-06-29T23:50:00Z,70.2,70.22,70.2,70.21,13
2026-06-29T23:55:00Z,70.2,70.2,70.15,70.15,46
2026-06-30T00:00:00Z,70.15,70.34,70.15,70.23,330
2026-06-30T00:05:00Z,70.24,70.32,70.22,70.28,115
2026-06-30T00:10:00Z,70.28,70.35,70.26,70.3,125
2026-06-30T00:15:00Z,70.3,70.32,70.27,70.28,41
2026-06-30T00:20:00Z,70.28,70.4,70.28,70.36,158
2026-06-30T00:25:00Z,70.36,70.4,70.33,70.35,62
2026-06-30T00:30:00Z,70.34,70.34,70.21,70.24,74
2026-06-30T00:35:00Z,70.23,70.26,70.22,70.23,82
2026-06-30T00:40:00Z,70.22,70.24,70.19,70.22,59
2026-06-30T00:45:00Z,70.21,70.28,70.21,70.27,74
2026-06-30T00:50:00Z,70.28,70.35,70.27,70.31,148
2026-06-30T00:55:00Z,70.31,70.33,70.24,70.3,197
2026-06-30T01:00:00Z,70.3,70.36,70.11,70.18,305
2026-06-30T01:05:00Z,70.18,70.32,70.17,70.28,110
2026-06-30T01:10:00Z,70.3,70.42,70.2,70.22,248
2026-06-30T01:15:00Z,70.24,70.27,70.16,70.25,197
2026-06-30T01:20:00Z,70.26,70.28,70.19,70.2,101
2026-06-30T01:25:00Z,70.22,70.27,70.18,70.22,46
2026-06-30T01:30:00Z,70.18,70.3,70.15,70.28,93
2026-06-30T01:35:00Z,70.28,70.35,70.27,70.29,57
2026-06-30T01:40:00Z,70.3,70.38,70.3,70.33,114
2026-06-30T01:45:00Z,70.31,70.38,70.3,70.36,75
2026-06-30T01:50:00Z,70.37,70.4,70.3,70.33,55
2026-06-30T01:55:00Z,70.3,70.35,70.28,70.3,49
2026-06-30T02:00:00Z,70.33,70.43,70.3,70.41,114
2026-06-30T02:05:00Z,70.41,70.46,70.4,70.43,151
2026-06-30T02:10:00Z,70.42,70.48,70.41,70.43,120
2026-06-30T02:15:00Z,70.45,70.45,70.41,70.42,26
2026-06-30T02:20:00Z,70.43,70.43,70.41,70.41,36
2026-06-30T02:25:00Z,70.41,70.43,70.35,70.43,85
2026-06-30T02:30:00Z,70.45,70.47,70.38,70.4,54
2026-06-30T02:35:00Z,70.38,70.44,70.37,70.44,51
2026-06-30T02:40:00Z,70.45,70.46,70.36,70.39,33
2026-06-30T02:45:00Z,70.4,70.53,70.4,70.49,125
2026-06-30T02:50:00Z,70.5,70.77,70.48,70.75,486
2026-06-30T02:55:00Z,70.76,70.87,70.63,70.68,583
2026-06-30T03:00:00Z,70.69,70.74,70.65,70.67,80
2026-06-30T03:05:00Z,70.69,70.7,70.57,70.57,66
2026-06-30T03:10:00Z,70.58,70.71,70.57,70.68,178
2026-06-30T03:15:00Z,70.69,70.69,70.62,70.64,71
2026-06-30T03:20:00Z,70.66,70.66,70.57,70.6,103
2026-06-30T03:25:00Z,70.59,70.6,70.46,70.46,334
2026-06-30T03:30:00Z,70.48,70.6,70.48,70.5,148
2026-06-30T03:35:00Z,70.5,70.53,70.46,70.46,32
2026-06-30T03:40:00Z,70.46,70.49,70.36,70.37,120
2026-06-30T03:45:00Z,70.37,70.4,70.35,70.4,62
2026-06-30T03:50:00Z,70.4,70.41,70.34,70.34,83
2026-06-30T03:55:00Z,70.34,70.37,70.31,70.35,96
2026-06-30T04:00:00Z,70.37,70.43,70.36,70.41,107
2026-06-30T04:05:00Z,70.39,70.45,70.38,70.44,38
2026-06-30T04:10:00Z,70.44,70.45,70.42,70.43,23
2026-06-30T04:15:00Z,70.43,70.46,70.42,70.46,16
2026-06-30T04:20:00Z,70.44,70.48,70.36,70.39,59
2026-06-30T04:25:00Z,70.4,70.41,70.28,70.28,108
2026-06-30T04:30:00Z,70.27,70.32,70.25,70.27,115
2026-06-30T04:35:00Z,70.27,70.28,70.23,70.26,108
2026-06-30T04:40:00Z,70.26,70.27,70.23,70.24,70
2026-06-30T04:45:00Z,70.25,70.27,70.24,70.26,12
2026-06-30T04:50:00Z,70.25,70.26,70.23,70.23,35
2026-06-30T04:55:00Z,70.23,70.28,70.21,70.22,110
2026-06-30T05:00:00Z,70.21,70.22,69.93,70.1,719
2026-06-30T05:05:00Z,70.1,70.12,69.98,70.02,120
2026-06-30T05:10:00Z,70.03,70.22,70.03,70.22,191
2026-06-30T05:15:00Z,70.21,70.22,70.16,70.22,68
2026-06-30T05:20:00Z,70.22,70.23,70.17,70.21,58
2026-06-30T05:25:00Z,70.22,70.23,70.18,70.23,52
2026-06-30T05:30:00Z,70.22,70.26,70.08,70.15,355
2026-06-30T05:35:00Z,70.18,70.34,70.16,70.26,187
2026-06-30T05:40:00Z,70.26,70.33,70.26,70.33,123
2026-06-30T05:45:00Z,70.33,70.37,70.2,70.25,133
2026-06-30T05:50:00Z,70.24,70.24,70.16,70.2,90
2026-06-30T05:55:00Z,70.21,70.21,70.07,70.11,171
2026-06-30T06:00:00Z,70.1,70.13,69.98,69.99,332
2026-06-30T06:05:00Z,70.0,70.1,69.97,70.1,255
2026-06-30T06:10:00Z,70.1,70.11,69.98,70.04,291
2026-06-30T06:15:00Z,70.04,70.05,69.91,69.93,310
2026-06-30T06:20:00Z,69.92,69.96,69.81,69.88,350
2026-06-30T06:25:00Z,69.87,69.93,69.82,69.84,279
2026-06-30T06:30:00Z,69.85,69.99,69.8,69.92,333
2026-06-30T06:35:00Z,69.94,69.99,69.75,69.86,405
2026-06-30T06:40:00Z,69.86,70.0,69.83,69.99,169
2026-06-30T06:45:00Z,69.98,70.04,69.96,70.03,214
2026-06-30T06:50:00Z,70.05,70.21,70.05,70.13,252
2026-06-30T06:55:00Z,70.13,70.15,70.07,70.13,189
2026-06-30T07:00:00Z,70.12,70.29,70.1,70.27,533
2026-06-30T07:05:00Z,70.24,70.26,70.15,70.17,209
2026-06-30T07:10:00Z,70.16,70.41,70.16,70.35,400
2026-06-30T07:15:00Z,70.36,70.37,70.26,70.28,207
2026-06-30T07:20:00Z,70.29,70.43,70.28,70.3,454
2026-06-30T07:25:00Z,70.31,70.35,70.22,70.33,274
2026-06-30T07:30:00Z,70.34,70.42,70.25,70.28,302
2026-06-30T07:35:00Z,70.27,70.28,70.16,70.23,247
2026-06-30T07:40:00Z,70.23,70.27,70.19,70.21,131
2026-06-30T07:45:00Z,70.21,70.4,70.2,70.33,356
2026-06-30T07:50:00Z,70.32,70.39,70.28,70.34,180
2026-06-30T07:55:00Z,70.33,70.35,70.18,70.28,274
2026-06-30T08:00:00Z,70.27,70.35,70.15,70.31,438
2026-06-30T08:05:00Z,70.31,70.35,70.2,70.25,333
2026-06-30T08:10:00Z,70.27,70.64,70.25,70.58,693
2026-06-30T08:15:00Z,70.57,70.77,70.46,70.52,635
2026-06-30T08:20:00Z,70.52,70.65,70.44,70.62,391
2026-06-30T08:25:00Z,70.61,70.63,70.46,70.5,615
2026-06-30T08:30:00Z,70.5,70.83,70.44,70.81,801
2026-06-30T08:35:00Z,70.81,70.87,70.66,70.68,748
2026-06-30T08:40:00Z,70.69,70.88,70.65,70.77,474
2026-06-30T08:45:00Z,70.77,70.87,70.7,70.81,291
2026-06-30T08:50:00Z,70.81,70.86,70.6,70.6,540
2026-06-30T08:55:00Z,70.61,70.62,70.39,70.53,625
2026-06-30T09:00:00Z,70.55,70.64,70.53,70.59,306
2026-06-30T09:05:00Z,70.6,70.64,70.54,70.6,127
2026-06-30T09:10:00Z,70.59,70.63,70.54,70.59,159
2026-06-30T09:15:00Z,70.59,70.7,70.59,70.69,243
2026-06-30T09:20:00Z,70.68,70.79,70.51,70.73,613
2026-06-30T09:25:00Z,70.75,70.75,70.46,70.71,1049
2026-06-30T09:30:00Z,70.7,70.9,70.68,70.85,579
2026-06-30T09:35:00Z,70.86,70.92,70.75,70.76,452
2026-06-30T09:40:00Z,70.76,70.86,70.73,70.81,297
2026-06-30T09:45:00Z,70.8,70.89,70.78,70.87,337
2026-06-30T09:50:00Z,70.84,70.94,70.77,70.92,532
2026-06-30T09:55:00Z,70.92,71.04,70.88,71.02,1460
2026-06-30T10:00:00Z,71.02,71.18,71.01,71.01,963
2026-06-30T10:05:00Z,71.02,71.06,70.94,71.06,590
2026-06-30T10:10:00Z,71.07,71.1,71.0,71.03,246
2026-06-30T10:15:00Z,71.02,71.07,70.94,70.97,355
2026-06-30T10:20:00Z,70.97,70.98,70.88,70.91,146
2026-06-30T10:25:00Z,70.91,70.92,70.67,70.71,526
2026-06-30T10:30:00Z,70.7,70.91,70.68,70.82,250
2026-06-30T10:35:00Z,70.83,70.83,70.75,70.76,158
2026-06-30T10:40:00Z,70.77,70.77,70.54,70.63,450
2026-06-30T10:45:00Z,70.62,70.71,70.6,70.68,546
2026-06-30T10:50:00Z,70.69,70.74,70.62,70.74,306
2026-06-30T10:55:00Z,70.74,70.8,70.69,70.7,231
2026-06-30T11:00:00Z,70.7,70.81,70.67,70.74,285
2026-06-30T11:05:00Z,70.73,70.73,70.69,70.72,112
2026-06-30T11:10:00Z,70.71,70.78,70.65,70.69,254
2026-06-30T11:15:00Z,70.69,70.7,70.59,70.6,202
2026-06-30T11:20:00Z,70.6,70.69,70.54,70.64,315
2026-06-30T11:25:00Z,70.65,70.78,70.53,70.76,1021
2026-06-30T11:30:00Z,70.75,70.87,70.72,70.81,378
2026-06-30T11:35:00Z,70.8,70.84,70.76,70.82,328
2026-06-30T11:40:00Z,70.82,70.93,70.8,70.9,383
2026-06-30T11:45:00Z,70.91,71.02,70.9,70.97,1091
2026-06-30T11:50:00Z,70.97,71.11,70.85,71.05,1398
2026-06-30T11:55:00Z,71.07,71.2,70.99,71.15,658
2026-06-30T12:00:00Z,71.16,71.24,71.07,71.17,630
2026-06-30T12:05:00Z,71.17,71.22,71.11,71.14,332
2026-06-30T12:10:00Z,71.14,71.21,71.04,71.17,410
2026-06-30T12:15:00Z,71.18,71.56,71.16,71.33,2582
2026-06-30T12:20:00Z,71.32,71.34,71.19,71.28,1049
2026-06-30T12:25:00Z,71.29,71.3,71.14,71.23,1123
2026-06-30T12:30:00Z,71.23,71.23,71.1,71.13,1228
2026-06-30T12:35:00Z,71.12,71.14,70.86,70.89,1960
2026-06-30T12:40:00Z,70.88,71.0,70.82,70.97,941
2026-06-30T12:45:00Z,70.97,71.08,70.92,71.01,1110
2026-06-30T12:50:00Z,71.02,71.03,70.92,70.94,574
2026-06-30T12:55:00Z,70.94,71.01,70.92,70.97,804
2026-06-30T13:00:00Z,70.96,71.3,70.86,71.28,1688
2026-06-30T13:05:00Z,71.28,71.38,71.18,71.22,1586
2026-06-30T13:10:00Z,71.22,71.5,71.22,71.49,2415
2026-06-30T13:15:00Z,71.5,71.6,71.1,71.1,3750
2026-06-30T13:20:00Z,71.09,71.12,70.84,70.98,3400
2026-06-30T13:25:00Z,70.98,71.26,70.91,71.23,1784
2026-06-30T13:30:00Z,71.23,71.23,70.86,70.97,2784
2026-06-30T13:35:00Z,70.98,70.99,70.87,70.91,1266
2026-06-30T13:40:00Z,70.91,70.92,70.7,70.77,1185
2026-06-30T13:45:00Z,70.77,70.85,70.71,70.71,1302
2026-06-30T13:50:00Z,70.72,70.84,70.71,70.83,1093
2026-06-30T13:55:00Z,70.83,70.97,70.81,70.9,1141
2026-06-30T14:00:00Z,70.89,70.97,70.87,70.96,1141
2026-06-30T14:05:00Z,70.96,70.97,70.82,70.9,2138
2026-06-30T14:10:00Z,70.9,70.92,70.82,70.84,755
2026-06-30T14:15:00Z,70.83,70.84,70.61,70.63,1329
2026-06-30T14:20:00Z,70.62,70.69,70.55,70.64,1122
2026-06-30T14:25:00Z,70.62,70.83,70.61,70.81,1694
2026-06-30T14:30:00Z,70.81,70.89,70.68,70.69,798
2026-06-30T14:35:00Z,70.71,70.8,70.58,70.59,3050
2026-06-30T14:40:00Z,70.6,70.66,70.52,70.55,1767
2026-06-30T14:45:00Z,70.56,70.61,70.45,70.51,1935
2026-06-30T14:50:00Z,70.51,70.51,70.34,70.42,2307
2026-06-30T14:55:00Z,70.42,70.46,70.32,70.43,1535
2026-06-30T15:00:00Z,70.43,70.44,70.21,70.3,2777
2026-06-30T15:05:00Z,70.3,70.3,70.21,70.24,1130
2026-06-30T15:10:00Z,70.25,70.32,70.14,70.25,1825
2026-06-30T15:15:00Z,70.24,70.38,70.24,70.26,1223
2026-06-30T15:20:00Z,70.26,70.3,70.08,70.09,1014
2026-06-30T15:25:00Z,70.09,70.12,70.0,70.06,1775
2026-06-30T15:30:00Z,70.05,70.18,70.0,70.08,1776
2026-06-30T15:35:00Z,70.07,70.13,69.96,70.01,876
2026-06-30T15:40:00Z,70.02,70.16,70.01,70.08,1273
2026-06-30T15:45:00Z,70.08,70.1,69.91,69.95,2224
2026-06-30T15:50:00Z,69.94,69.94,69.79,69.87,1662
2026-06-30T15:55:00Z,69.86,69.87,69.72,69.77,1367
2026-06-30T16:00:00Z,69.77,69.89,69.75,69.88,1083
2026-06-30T16:05:00Z,69.88,69.97,69.87,69.96,1706
2026-06-30T16:10:00Z,69.96,70.12,69.9,70.1,1673
2026-06-30T16:15:00Z,70.1,70.17,70.0,70.03,1630
2026-06-30T16:20:00Z,70.03,70.09,70.01,70.03,957
2026-06-30T16:25:00Z,70.03,70.05,69.96,69.98,757
2026-06-30T16:30:00Z,69.98,69.99,69.82,69.84,1245
2026-06-30T16:35:00Z,69.84,69.94,69.83,69.86,1038
2026-06-30T16:40:00Z,69.85,69.97,69.85,69.95,2038
2026-06-30T16:45:00Z,69.95,69.95,69.85,69.88,1574
2026-06-30T16:50:00Z,69.89,69.97,69.86,69.88,944
2026-06-30T16:55:00Z,69.88,69.88,69.75,69.8,1037
2026-06-30T17:00:00Z,69.79,69.85,69.72,69.79,948
2026-06-30T17:05:00Z,69.8,69.83,69.78,69.81,527
2026-06-30T17:10:00Z,69.82,69.87,69.8,69.85,691
2026-06-30T17:15:00Z,69.84,69.9,69.75,69.76,1154
2026-06-30T17:20:00Z,69.76,69.8,69.66,69.73,883
2026-06-30T17:25:00Z,69.73,69.74,69.57,69.66,1349
2026-06-30T17:30:00Z,69.67,69.69,69.6,69.65,888
2026-06-30T17:35:00Z,69.64,69.69,69.6,69.64,1030
2026-06-30T17:40:00Z,69.63,69.68,69.57,69.67,935
2026-06-30T17:45:00Z,69.68,69.77,69.67,69.76,1358
2026-06-30T17:50:00Z,69.76,69.76,69.68,69.7,924
2026-06-30T17:55:00Z,69.7,69.74,69.67,69.69,804
2026-06-30T18:00:00Z,69.68,69.73,69.6,69.65,1189
2026-06-30T18:05:00Z,69.65,69.68,69.58,69.6,759
2026-06-30T18:10:00Z,69.61,69.62,69.45,69.5,1178
2026-06-30T18:15:00Z,69.5,69.51,69.43,69.45,1054
2026-06-30T18:20:00Z,69.45,69.48,69.22,69.27,4062
2026-06-30T18:25:00Z,69.27,69.57,69.27,69.52,8971
2026-06-30T18:30:00Z,69.52,69.68,69.5,69.67,1882
2026-06-30T18:35:00Z,69.67,69.8,69.66,69.74,1080
2026-06-30T18:40:00Z,69.75,69.86,69.72,69.81,588
2026-06-30T18:45:00Z,69.81,69.97,69.76,69.94,735
2026-06-30T18:50:00Z,69.94,70.03,69.92,69.94,431
2026-06-30T18:55:00Z,69.94,70.01,69.93,69.98,401
2026-06-30T19:00:00Z,69.98,70.0,69.91,69.94,274
2026-06-30T19:05:00Z,69.95,70.01,69.95,69.99,176
2026-06-30T19:10:00Z,69.99,70.03,69.92,69.93,302
2026-06-30T19:15:00Z,69.95,70.02,69.94,69.96,184
2026-06-30T19:20:00Z,69.97,70.08,69.96,70.02,312
2026-06-30T19:25:00Z,70.04,70.05,70.02,70.02,185
2026-06-30T19:30:00Z,70.03,70.11,70.02,70.09,250
2026-06-30T19:35:00Z,70.1,70.13,70.02,70.13,295
2026-06-30T19:40:00Z,70.13,70.15,70.04,70.07,325
2026-06-30T19:45:00Z,70.07,70.1,70.06,70.07,247
2026-06-30T19:50:00Z,70.07,70.15,70.06,70.1,402
2026-06-30T19:55:00Z,70.09,70.13,70.07,70.09,502
2026-06-30T20:00:00Z,70.08,70.13,70.07,70.09,220
2026-06-30T20:05:00Z,70.09,70.14,70.08,70.11,203
2026-06-30T20:10:00Z,70.11,70.17,70.03,70.08,338
2026-06-30T20:15:00Z,70.08,70.1,70.05,70.05,94
2026-06-30T20:20:00Z,70.06,70.09,70.03,70.08,321
2026-06-30T20:25:00Z,70.07,70.12,70.07,70.08,165
2026-06-30T20:30:00Z,70.09,70.11,70.04,70.04,87
2026-06-30T20:35:00Z,70.05,70.07,70.02,70.06,535
2026-06-30T20:40:00Z,70.07,70.08,70.01,70.06,72
2026-06-30T20:45:00Z,70.05,70.08,70.03,70.05,431
2026-06-30T20:50:00Z,70.06,70.06,69.97,70.05,547
2026-06-30T20:55:00Z,70.05,70.1,70.03,70.03,270
2026-06-30T22:00:00Z,69.98,70.17,69.94,70.0,0
2026-06-30T22:05:00Z,70.0,70.0,69.93,69.93,100
2026-06-30T22:10:00Z,69.95,69.98,69.93,69.97,35
2026-06-30T22:15:00Z,69.96,69.96,69.94,69.95,16
2026-06-30T22:20:00Z,69.95,69.95,69.9,69.95,20
2026-06-30T22:25:00Z,69.94,69.94,69.88,69.94,80
2026-06-30T22:30:00Z,69.94,69.98,69.93,69.98,28
2026-06-30T22:35:00Z,69.98,69.99,69.96,69.96,16
2026-06-30T22:40:00Z,69.95,69.95,69.92,69.94,14
2026-06-30T22:45:00Z,69.94,69.94,69.91,69.92,6
2026-06-30T22:50:00Z,69.93,69.94,69.93,69.94,6
2026-06-30T22:55:00Z,69.95,69.99,69.95,69.99,31
2026-06-30T23:00:00Z,69.98,70.04,69.91,70.03,76
2026-06-30T23:05:00Z,70.03,70.03,69.99,70.0,20
2026-06-30T23:10:00Z,70.01,70.02,70.0,70.0,15
2026-06-30T23:15:00Z,70.03,70.07,70.03,70.06,21
2026-06-30T23:20:00Z,70.07,70.07,70.05,70.05,10
2026-06-30T23:25:00Z,70.06,70.06,70.03,70.03,11
2026-06-30T23:30:00Z,70.06,70.07,70.05,70.05,50
2026-06-30T23:35:00Z,70.05,70.12,70.0,70.04,117
2026-06-30T23:40:00Z,70.04,70.04,69.97,69.99,55
2026-06-30T23:45:00Z,70.0,70.08,70.0,70.08,32
2026-06-30T23:50:00Z,70.08,70.12,70.07,70.1,25
2026-06-30T23:55:00Z,70.07,70.12,70.07,70.12,8
2026-07-01T00:00:00Z,70.11,70.15,70.06,70.12,239
2026-07-01T00:05:00Z,70.12,70.19,70.06,70.15,141
2026-07-01T00:10:00Z,70.14,70.14,70.09,70.11,38
2026-07-01T00:15:00Z,70.13,70.14,70.09,70.11,63
2026-07-01T00:20:00Z,70.11,70.11,70.0,70.04,106
2026-07-01T00:25:00Z,70.05,70.05,69.98,69.99,69
2026-07-01T00:30:00Z,70.0,70.09,70.0,70.09,47
2026-07-01T00:35:00Z,70.09,70.11,70.04,70.1,25
2026-07-01T00:40:00Z,70.1,70.1,70.04,70.05,30
2026-07-01T00:45:00Z,70.04,70.05,70.0,70.04,40
2026-07-01T00:50:00Z,70.03,70.07,70.03,70.04,45
2026-07-01T00:55:00Z,70.04,70.12,70.03,70.12,85
2026-07-01T01:00:00Z,70.13,70.15,69.92,69.94,402
2026-07-01T01:05:00Z,69.96,69.98,69.86,69.96,193
2026-07-01T01:10:00Z,69.96,69.96,69.9,69.91,126
2026-07-01T01:15:00Z,69.93,69.99,69.81,69.88,317
2026-07-01T01:20:00Z,69.9,69.9,69.85,69.86,116
2026-07-01T01:25:00Z,69.86,69.95,69.84,69.93,126
2026-07-01T01:30:00Z,69.93,69.98,69.9,69.91,70
2026-07-01T01:35:00Z,69.91,69.94,69.8,69.8,128
2026-07-01T01:40:00Z,69.81,69.88,69.79,69.85,115
2026-07-01T01:45:00Z,69.85,69.9,69.82,69.84,52
2026-07-01T01:50:00Z,69.84,69.84,69.71,69.73,204
2026-07-01T01:55:00Z,69.72,69.81,69.67,69.78,182
2026-07-01T02:00:00Z,69.79,69.79,69.7,69.76,186
2026-07-01T02:05:00Z,69.74,69.76,69.68,69.71,157
2026-07-01T02:10:00Z,69.72,69.77,69.71,69.75,137
2026-07-01T02:15:00Z,69.77,69.8,69.77,69.8,47
2026-07-01T02:20:00Z,69.79,69.88,69.79,69.85,104
2026-07-01T02:25:00Z,69.84,69.85,69.76,69.77,36
2026-07-01T02:30:00Z,69.78,69.81,69.74,69.81,129
2026-07-01T02:35:00Z,69.8,69.88,69.77,69.78,156
2026-07-01T02:40:00Z,69.78,69.81,69.75,69.81,197
2026-07-01T02:45:00Z,69.79,69.83,69.78,69.79,38
2026-07-01T02:50:00Z,69.78,69.79,69.76,69.77,33
2026-07-01T02:55:00Z,69.79,69.83,69.75,69.81,119
2026-07-01T03:00:00Z,69.81,69.86,69.79,69.8,79
2026-07-01T03:05:00Z,69.84,69.87,69.79,69.84,62
2026-07-01T03:10:00Z,69.82,69.82,69.77,69.79,123
2026-07-01T03:15:00Z,69.79,69.87,69.79,69.85,65
2026-07-01T03:20:00Z,69.85,69.85,69.82,69.83,38
2026-07-01T03:25:00Z,69.82,69.83,69.77,69.77,151
2026-07-01T03:30:00Z,69.76,69.87,69.76,69.82,205
2026-07-01T03:35:00Z,69.81,69.84,69.79,69.82,90
2026-07-01T03:40:00Z,69.82,69.83,69.81,69.83,28
2026-07-01T03:45:00Z,69.84,69.84,69.77,69.79,52
2026-07-01T03:50:00Z,69.79,69.81,69.78,69.79,21
2026-07-01T03:55:00Z,69.79,69.81,69.78,69.81,14
2026-07-01T04:00:00Z,69.82,69.84,69.82,69.83,32
2026-07-01T04:05:00Z,69.82,69.85,69.82,69.82,60
2026-07-01T04:10:00Z,69.8,69.81,69.77,69.77,21
2026-07-01T04:15:00Z,69.76,69.78,69.73,69.76,42
2026-07-01T04:20:00Z,69.77,69.78,69.74,69.75,34
2026-07-01T04:25:00Z,69.76,69.77,69.74,69.77,13
2026-07-01T04:30:00Z,69.76,69.78,69.72,69.73,63
2026-07-01T04:35:00Z,69.73,69.75,69.72,69.75,28
2026-07-01T04:40:00Z,69.74,69.74,69.7,69.74,84
2026-07-01T04:45:00Z,69.75,69.75,69.7,69.7,40
2026-07-01T04:50:00Z,69.7,69.75,69.67,69.75,59
2026-07-01T04:55:00Z,69.76,69.76,69.71,69.72,67
2026-07-01T05:00:00Z,69.73,69.73,69.71,69.73,21
2026-07-01T05:05:00Z,69.73,69.73,69.72,69.72,40
2026-07-01T05:10:00Z,69.73,69.78,69.71,69.78,74
2026-07-01T05:15:00Z,69.76,69.78,69.74,69.76,79
2026-07-01T05:20:00Z,69.76,69.87,69.75,69.8,167
2026-07-01T05:25:00Z,69.82,69.82,69.76,69.78,76
2026-07-01T05:30:00Z,69.76,69.79,69.72,69.74,126
2026-07-01T05:35:00Z,69.75,69.76,69.68,69.71,141
2026-07-01T05:40:00Z,69.72,69.72,69.63,69.69,203
2026-07-01T05:45:00Z,69.7,69.76,69.67,69.74,143
2026-07-01T05:50:00Z,69.74,69.75,69.6,69.63,122
2026-07-01T05:55:00Z,69.63,69.63,69.57,69.61,85
2026-07-01T06:00:00Z,69.6,69.69,69.54,69.61,259
2026-07-01T06:05:00Z,69.62,69.66,69.57,69.65,131
2026-07-01T06:10:00Z,69.66,69.67,69.57,69.59,120
2026-07-01T06:15:00Z,69.6,69.61,69.5,69.6,198
2026-07-01T06:20:00Z,69.59,69.59,69.51,69.55,154
2026-07-01T06:25:00Z,69.56,69.58,69.44,69.53,234
2026-07-01T06:30:00Z,69.52,69.58,69.45,69.47,177
2026-07-01T06:35:00Z,69.49,69.52,69.44,69.46,170
2026-07-01T06:40:00Z,69.47,69.64,69.47,69.57,264
2026-07-01T06:45:00Z,69.57,69.6,69.44,69.47,198
2026-07-01T06:50:00Z,69.46,69.53,69.44,69.5,177
2026-07-01T06:55:00Z,69.51,69.59,69.5,69.59,103
2026-07-01T07:00:00Z,69.58,69.6,69.45,69.53,421
2026-07-01T07:05:00Z,69.53,69.53,69.41,69.46,401
2026-07-01T07:10:00Z,69.46,69.72,69.46,69.7,595
2026-07-01T07:15:00Z,69.71,69.71,69.54,69.54,363
2026-07-01T07:20:00Z,69.52,69.61,69.4,69.41,360
2026-07-01T07:25:00Z,69.41,69.43,69.32,69.39,380
2026-07-01T07:30:00Z,69.38,69.47,69.33,69.46,247
2026-07-01T07:35:00Z,69.46,69.53,69.33,69.34,428
2026-07-01T07:40:00Z,69.36,69.43,69.17,69.4,737
2026-07-01T07:45:00Z,69.39,69.48,69.36,69.43,352
2026-07-01T07:50:00Z,69.42,69.42,69.33,69.38,188
2026-07-01T07:55:00Z,69.36,69.4,69.31,69.36,255
2026-07-01T08:00:00Z,69.36,69.42,69.33,69.42,251
2026-07-01T08:05:00Z,69.43,69.45,69.18,69.27,477
2026-07-01T08:10:00Z,69.3,69.38,69.25,69.31,469
2026-07-01T08:15:00Z,69.3,69.33,69.05,69.09,966
2026-07-01T08:20:00Z,69.08,69.12,69.0,69.02,963
2026-07-01T08:25:00Z,69.02,69.02,68.92,68.94,1492
2026-07-01T08:30:00Z,68.94,69.01,68.69,68.78,1371
2026-07-01T08:35:00Z,68.78,68.84,68.67,68.84,1047
2026-07-01T08:40:00Z,68.84,68.88,68.73,68.81,629
2026-07-01T08:45:00Z,68.8,68.9,68.69,68.7,521
2026-07-01T08:50:00Z,68.69,68.72,68.63,68.66,774
2026-07-01T08:55:00Z,68.65,68.65,68.29,68.35,1883
2026-07-01T09:00:00Z,68.34,68.46,68.26,68.41,845
2026-07-01T09:05:00Z,68.42,68.56,68.22,68.38,976
2026-07-01T09:10:00Z,68.38,68.4,68.24,68.32,409
2026-07-01T09:15:00Z,68.33,68.4,68.3,68.38,542
2026-07-01T09:20:00Z,68.37,68.5,68.35,68.43,497
2026-07-01T09:25:00Z,68.42,68.52,68.41,68.46,311
2026-07-01T09:30:00Z,68.46,68.59,68.44,68.52,406
2026-07-01T09:35:00Z,68.52,68.53,68.48,68.51,201
2026-07-01T09:40:00Z,68.49,68.66,68.46,68.64,430
2026-07-01T09:45:00Z,68.64,68.79,68.64,68.77,547
2026-07-01T09:50:00Z,68.77,68.79,68.68,68.71,498
2026-07-01T09:55:00Z,68.72,68.8,68.7,68.79,568
2026-07-01T10:00:00Z,68.79,69.01,68.78,68.98,576
2026-07-01T10:05:00Z,68.97,69.0,68.89,68.91,309
2026-07-01T10:10:00Z,68.91,69.01,68.9,68.96,372
2026-07-01T10:15:00Z,68.95,68.96,68.69,68.79,790
2026-07-01T10:20:00Z,68.78,68.78,68.68,68.74,227
2026-07-01T10:25:00Z,68.74,68.84,68.73,68.76,599
2026-07-01T10:30:00Z,68.76,68.8,68.7,68.75,201
2026-07-01T10:35:00Z,68.73,68.74,68.61,68.63,306
2026-07-01T10:40:00Z,68.64,68.94,68.64,68.85,1386
2026-07-01T10:45:00Z,68.84,68.86,68.78,68.85,192
2026-07-01T10:50:00Z,68.86,68.94,68.81,68.89,373
2026-07-01T10:55:00Z,68.89,68.89,68.75,68.85,223
2026-07-01T11:00:00Z,68.84,68.91,68.73,68.81,366
2026-07-01T11:05:00Z,68.8,68.94,68.8,68.93,329
2026-07-01T11:10:00Z,68.93,69.04,68.92,68.98,695
2026-07-01T11:15:00Z,68.96,69.05,68.85,69.04,808
2026-07-01T11:20:00Z,69.04,69.05,68.95,68.99,372
2026-07-01T11:25:00Z,69.0,69.04,68.96,68.98,344
2026-07-01T11:30:00Z,68.98,69.07,68.87,69.05,646
2026-07-01T11:35:00Z,69.05,69.07,68.91,69.06,786
2026-07-01T11:40:00Z,69.07,69.07,68.91,68.94,683
2026-07-01T11:45:00Z,68.94,69.07,68.93,69.05,392
2026-07-01T11:50:00Z,69.05,69.17,69.05,69.14,563
2026-07-01T11:55:00Z,69.15,69.17,69.08,69.14,358
2026-07-01T12:00:00Z,69.15,69.18,69.07,69.08,762
2026-07-01T12:05:00Z,69.09,69.09,68.88,68.94,1072
2026-07-01T12:10:00Z,68.93,68.94,68.78,68.85,674
2026-07-01T12:15:00Z,68.85,69.13,68.84,69.11,772
2026-07-01T12:20:00Z,69.11,69.12,68.89,68.92,959
2026-07-01T12:25:00Z,68.93,68.94,68.8,68.89,597
2026-07-01T12:30:00Z,68.88,68.93,68.77,68.78,597
2026-07-01T12:35:00Z,68.77,68.88,68.77,68.85,383
2026-07-01T12:40:00Z,68.85,68.9,68.74,68.9,912
2026-07-01T12:45:00Z,68.89,68.9,68.66,68.68,745
2026-07-01T12:50:00Z,68.68,68.76,68.65,68.74,976
2026-07-01T12:55:00Z,68.74,68.83,68.73,68.76,487
2026-07-01T13:00:00Z,68.77,69.17,68.77,69.06,2923
2026-07-01T13:05:00Z,69.06,69.25,69.05,69.1,1673
2026-07-01T13:10:00Z,69.1,69.22,69.03,69.14,1302
2026-07-01T13:15:00Z,69.15,69.15,68.93,68.96,782
2026-07-01T13:20:00Z,68.96,68.99,68.86,68.99,1210
2026-07-01T13:25:00Z,68.97,69.02,68.85,68.88,912
2026-07-01T13:30:00Z,68.88,68.92,68.75,68.76,2028
2026-07-01T13:35:00Z,68.76,68.96,68.75,68.9,2185
2026-07-01T13:40:00Z,68.9,68.96,68.8,68.89,2519
2026-07-01T13:45:00Z,68.89,69.08,68.88,69.0,1302
2026-07-01T13:50:00Z,69.0,69.15,68.97,69.08,1096
2026-07-01T13:55:00Z,69.07,69.13,69.04,69.07,695
2026-07-01T14:00:00Z,69.07,69.11,68.89,69.0,1283
2026-07-01T14:05:00Z,68.98,68.99,68.85,68.91,978
2026-07-01T14:10:00Z,68.9,68.9,68.78,68.89,932
2026-07-01T14:15:00Z,68.89,68.94,68.8,68.85,772
2026-07-01T14:20:00Z,68.86,68.87,68.78,68.82,937
2026-07-01T14:25:00Z,68.83,68.93,68.72,68.79,1391
2026-07-01T14:30:00Z,68.79,68.88,68.69,68.77,2198
2026-07-01T14:35:00Z,68.78,68.86,68.7,68.84,1299
2026-07-01T14:40:00Z,68.81,68.81,68.57,68.65,2153
2026-07-01T14:45:00Z,68.65,68.69,68.37,68.45,2358
2026-07-01T14:50:00Z,68.45,68.47,68.24,68.29,2577
2026-07-01T14:55:00Z,68.27,68.33,68.15,68.19,2722
2026-07-01T15:00:00Z,68.2,68.33,68.06,68.31,3703
2026-07-01T15:05:00Z,68.31,68.36,68.26,68.36,1945
2026-07-01T15:10:00Z,68.36,68.56,68.36,68.43,1615
2026-07-01T15:15:00Z,68.42,68.49,68.36,68.42,1094
2026-07-01T15:20:00Z,68.41,68.43,68.25,68.25,1255
2026-07-01T15:25:00Z,68.25,68.31,68.1,68.12,1694
2026-07-01T15:30:00Z,68.12,68.26,68.08,68.24,1860
2026-07-01T15:35:00Z,68.25,68.3,68.15,68.22,2146
2026-07-01T15:40:00Z,68.23,68.36,68.19,68.33,952
2026-07-01T15:45:00Z,68.32,68.38,68.19,68.2,1134
2026-07-01T15:50:00Z,68.19,68.2,68.09,68.12,845
2026-07-01T15:55:00Z,68.12,68.18,68.09,68.16,742
2026-07-01T16:00:00Z,68.16,68.17,68.05,68.07,1866
2026-07-01T16:05:00Z,68.06,68.12,68.03,68.08,1048
2026-07-01T16:10:00Z,68.08,68.15,68.04,68.14,876
2026-07-01T16:15:00Z,68.13,68.31,68.13,68.24,1239
2026-07-01T16:20:00Z,68.24,68.3,68.19,68.26,797
2026-07-01T16:25:00Z,68.25,68.26,68.14,68.2,787
2026-07-01T16:30:00Z,68.2,68.27,68.11,68.26,581
2026-07-01T16:35:00Z,68.26,68.31,68.24,68.28,992
2026-07-01T16:40:00Z,68.27,68.36,68.26,68.32,1074
2026-07-01T16:45:00Z,68.32,68.38,68.24,68.35,1444
2026-07-01T16:50:00Z,68.36,68.47,68.34,68.39,1555
2026-07-01T16:55:00Z,68.39,68.39,68.25,68.27,1135
2026-07-01T17:00:00Z,68.28,68.33,68.15,68.21,1266
2026-07-01T17:05:00Z,68.22,68.34,68.21,68.27,940
2026-07-01T17:10:00Z,68.26,68.32,68.24,68.31,841
2026-07-01T17:15:00Z,68.32,68.38,68.3,68.31,1110
2026-07-01T17:20:00Z,68.31,68.39,68.3,68.33,416
2026-07-01T17:25:00Z,68.33,68.41,68.32,68.4,588
2026-07-01T17:30:00Z,68.39,68.41,68.33,68.37,842
2026-07-01T17:35:00Z,68.38,68.41,68.35,68.36,514
2026-07-01T17:40:00Z,68.36,68.37,68.23,68.24,1554
2026-07-01T17:45:00Z,68.24,68.31,68.22,68.23,780
2026-07-01T17:50:00Z,68.24,68.24,68.13,68.19,2764
2026-07-01T17:55:00Z,68.19,68.29,68.17,68.29,955
2026-07-01T18:00:00Z,68.29,68.39,68.27,68.32,1375
2026-07-01T18:05:00Z,68.32,68.36,68.28,68.31,1275
2026-07-01T18:10:00Z,68.32,68.33,68.27,68.32,957
2026-07-01T18:15:00Z,68.33,68.37,68.31,68.33,1498
2026-07-01T18:20:00Z,68.33,68.42,68.32,68.38,1439
2026-07-01T18:25:00Z,68.38,68.73,68.31,68.69,7723
2026-07-01T18:30:00Z,68.68,68.73,68.52,68.56,2172
2026-07-01T18:35:00Z,68.56,68.57,68.44,68.47,1938
2026-07-01T18:40:00Z,68.47,68.49,68.36,68.43,1145
2026-07-01T18:45:00Z,68.43,68.44,68.38,68.4,438
2026-07-01T18:50:00Z,68.4,68.4,68.34,68.38,842
2026-07-01T18:55:00Z,68.39,68.4,68.28,68.29,602
2026-07-01T19:00:00Z,68.29,68.3,68.25,68.26,632
2026-07-01T19:05:00Z,68.26,68.28,68.2,68.21,554
2026-07-01T19:10:00Z,68.2,68.29,68.2,68.28,199
2026-07-01T19:15:00Z,68.27,68.33,68.26,68.31,204
2026-07-01T19:20:00Z,68.31,68.35,68.29,68.33,1185
2026-07-01T19:25:00Z,68.34,68.34,68.25,68.27,680
2026-07-01T19:30:00Z,68.27,68.27,68.21,68.21,175
2026-07-01T19:35:00Z,68.21,68.22,68.01,68.07,1967
2026-07-01T19:40:00Z,68.08,68.18,68.05,68.17,523
2026-07-01T19:45:00Z,68.17,68.17,68.09,68.12,372
2026-07-01T19:50:00Z,68.11,68.14,68.06,68.07,453
2026-07-01T19:55:00Z,68.06,68.08,67.92,68.02,1457
2026-07-01T20:00:00Z,68.03,68.04,67.99,68.01,382
2026-07-01T20:05:00Z,68.02,68.04,67.96,67.98,580
2026-07-01T20:10:00Z,67.98,68.07,67.97,68.0,380
2026-07-01T20:15:00Z,68.0,68.04,67.96,68.03,423
2026-07-01T20:20:00Z,68.05,68.12,68.05,68.1,307
2026-07-01T20:25:00Z,68.13,68.15,68.1,68.12,124
2026-07-01T20:30:00Z,68.12,68.15,68.05,68.08,184
2026-07-01T20:35:00Z,68.09,68.12,68.07,68.11,252
2026-07-01T20:40:00Z,68.13,68.14,68.1,68.12,192
2026-07-01T20:45:00Z,68.11,68.14,68.09,68.11,189
2026-07-01T20:50:00Z,68.11,68.14,68.08,68.08,357
2026-07-01T20:55:00Z,68.1,68.11,68.05,68.09,304
2026-07-01T22:00:00Z,68.03,68.17,68.03,68.09,0
2026-07-01T22:05:00Z,68.06,68.08,68.03,68.05,32
2026-07-01T22:10:00Z,68.05,68.07,68.05,68.07,10
2026-07-01T22:15:00Z,68.06,68.1,68.02,68.02,48
2026-07-01T22:20:00Z,68.04,68.04,67.98,68.02,154
2026-07-01T22:25:00Z,68.02,68.02,67.95,67.98,47
2026-07-01T22:30:00Z,67.98,68.06,67.98,68.01,62
2026-07-01T22:35:00Z,68.02,68.04,68.0,68.02,23
2026-07-01T22:40:00Z,68.03,68.05,68.02,68.04,13
2026-07-01T22:45:00Z,68.03,68.07,68.03,68.06,14
2026-07-01T22:50:00Z,68.06,68.07,68.04,68.04,13
2026-07-01T22:55:00Z,68.04,68.04,68.0,68.02,35
2026-07-01T23:00:00Z,68.01,68.02,67.99,68.01,41
2026-07-01T23:05:00Z,67.99,68.02,67.99,68.0,45
2026-07-01T23:10:00Z,67.99,68.0,67.99,68.0,42
2026-07-01T23:15:00Z,68.0,68.03,67.96,68.0,86
2026-07-01T23:20:00Z,67.99,68.01,67.99,68.0,6
2026-07-01T23:25:00Z,67.99,68.05,67.97,68.05,21
2026-07-01T23:30:00Z,68.05,68.05,68.01,68.02,17
2026-07-01T23:35:00Z,68.03,68.03,67.96,67.97,34
2026-07-01T23:40:00Z,67.99,68.06,67.99,68.04,91
2026-07-01T23:45:00Z,68.06,68.06,68.03,68.04,14
2026-07-01T23:50:00Z,68.02,68.04,67.97,68.0,58
2026-07-01T23:55:00Z,68.01,68.01,67.99,67.99,18
2026-07-02T00:00:00Z,68.0,68.14,67.88,67.9,920
2026-07-02T00:05:00Z,67.92,67.93,67.72,67.9,687
2026-07-02T00:10:00Z,67.89,67.95,67.85,67.95,159
2026-07-02T00:15:00Z,67.95,67.96,67.88,67.88,223
2026-07-02T00:20:00Z,67.89,67.93,67.86,67.86,77
2026-07-02T00:25:00Z,67.87,67.89,67.8,67.86,251
2026-07-02T00:30:00Z,67.88,67.92,67.88,67.9,137
2026-07-02T00:35:00Z,67.89,67.91,67.85,67.85,115
2026-07-02T00:40:00Z,67.85,67.88,67.81,67.82,171
2026-07-02T00:45:00Z,67.81,67.84,67.73,67.78,245
2026-07-02T00:50:00Z,67.78,67.87,67.77,67.84,115
2026-07-02T00:55:00Z,67.85,67.92,67.85,67.9,94
2026-07-02T01:00:00Z,67.89,67.94,67.72,67.81,571
2026-07-02T01:05:00Z,67.82,67.89,67.69,67.69,259
2026-07-02T01:10:00Z,67.7,67.82,67.7,67.8,313
2026-07-02T01:15:00Z,67.79,67.83,67.72,67.83,219
2026-07-02T01:20:00Z,67.81,67.81,67.61,67.66,465
2026-07-02T01:25:00Z,67.66,67.68,67.6,67.61,367
2026-07-02T01:30:00Z,67.63,67.7,67.59,67.66,270
2026-07-02T01:35:00Z,67.65,67.74,67.65,67.68,150
2026-07-02T01:40:00Z,67.69,67.74,67.66,67.72,100
2026-07-02T01:45:00Z,67.72,67.72,67.61,67.68,143
2026-07-02T01:50:00Z,67.67,67.72,67.64,67.7,107
2026-07-02T01:55:00Z,67.71,67.84,67.71,67.8,159
2026-07-02T02:00:00Z,67.81,67.83,67.63,67.83,296
2026-07-02T02:05:00Z,67.83,67.95,67.79,67.91,260
2026-07-02T02:10:00Z,67.9,67.98,67.82,67.84,239
2026-07-02T02:15:00Z,67.83,67.86,67.82,67.83,120
2026-07-02T02:20:00Z,67.82,67.85,67.8,67.81,73
2026-07-02T02:25:00Z,67.8,67.85,67.79,67.85,53
2026-07-02T02:30:00Z,67.84,67.89,67.8,67.88,83
2026-07-02T02:35:00Z,67.87,67.89,67.77,67.8,101
2026-07-02T02:40:00Z,67.8,67.81,67.73,67.76,68
2026-07-02T02:45:00Z,67.75,67.77,67.72,67.77,30
2026-07-02T02:50:00Z,67.78,67.85,67.7,67.72,107
2026-07-02T02:55:00Z,67.72,67.74,67.66,67.71,71
2026-07-02T03:00:00Z,67.7,67.77,67.7,67.73,109
2026-07-02T03:05:00Z,67.74,67.76,67.68,67.72,205
2026-07-02T03:10:00Z,67.72,67.72,67.59,67.62,130
2026-07-02T03:15:00Z,67.63,67.63,67.56,67.61,279
2026-07-02T03:20:00Z,67.62,67.66,67.6,67.61,147
2026-07-02T03:25:00Z,67.63,67.65,67.6,67.63,135
2026-07-02T03:30:00Z,67.64,67.75,67.64,67.7,284
2026-07-02T03:35:00Z,67.72,67.74,67.68,67.7,111
2026-07-02T03:40:00Z,67.7,67.74,67.69,67.73,65
2026-07-02T03:45:00Z,67.73,67.75,67.62,67.73,258
2026-07-02T03:50:00Z,67.72,67.79,67.71,67.77,65
2026-07-02T03:55:00Z,67.76,67.76,67.64,67.71,93
2026-07-02T04:00:00Z,67.73,67.77,67.72,67.76,42
2026-07-02T04:05:00Z,67.78,67.81,67.77,67.77,36
2026-07-02T04:10:00Z,67.77,67.79,67.77,67.79,8
2026-07-02T04:15:00Z,67.79,67.8,67.78,67.79,23
2026-07-02T04:20:00Z,67.79,67.83,67.79,67.82,40
2026-07-02T04:25:00Z,67.81,67.84,67.81,67.82,51
2026-07-02T04:30:00Z,67.82,67.85,67.81,67.82,28
2026-07-02T04:35:00Z,67.81,67.92,67.81,67.88,181
2026-07-02T04:40:00Z,67.89,67.91,67.87,67.91,25
2026-07-02T04:45:00Z,67.9,67.91,67.87,67.89,50
2026-07-02T04:50:00Z,67.89,67.9,67.86,67.88,38
2026-07-02T04:55:00Z,67.89,67.9,67.87,67.9,27
2026-07-02T05:00:00Z,67.89,67.92,67.88,67.88,78
2026-07-02T05:05:00Z,67.87,67.89,67.86,67.88,21
2026-07-02T05:10:00Z,67.86,67.88,67.86,67.86,20
2026-07-02T05:15:00Z,67.85,67.87,67.83,67.86,50
2026-07-02T05:20:00Z,67.87,67.9,67.86,67.87,50
2026-07-02T05:25:00Z,67.88,67.89,67.86,67.87,54
2026-07-02T05:30:00Z,67.87,67.91,67.8,67.85,215
2026-07-02T05:35:00Z,67.86,67.88,67.71,67.78,320
2026-07-02T05:40:00Z,67.79,67.85,67.77,67.81,127
2026-07-02T05:45:00Z,67.8,67.87,67.78,67.86,97
2026-07-02T05:50:00Z,67.86,67.91,67.85,67.86,123
2026-07-02T05:55:00Z,67.86,67.88,67.81,67.88,137
2026-07-02T06:00:00Z,67.89,67.94,67.76,67.79,263
2026-07-02T06:05:00Z,67.78,67.83,67.72,67.77,203
2026-07-02T06:10:00Z,67.76,67.76,67.67,67.7,408
2026-07-02T06:15:00Z,67.7,67.87,67.7,67.8,197
2026-07-02T06:20:00Z,67.79,67.92,67.77,67.92,262
2026-07-02T06:25:00Z,67.92,67.98,67.86,67.98,372
2026-07-02T06:30:00Z,67.98,67.99,67.74,67.75,331
2026-07-02T06:35:00Z,67.74,67.8,67.71,67.72,222
2026-07-02T06:40:00Z,67.75,67.78,67.72,67.75,70
2026-07-02T06:45:00Z,67.76,67.76,67.66,67.68,171
2026-07-02T06:50:00Z,67.67,67.7,67.55,67.62,414
2026-07-02T06:55:00Z,67.62,67.62,67.51,67.56,359
2026-07-02T07:00:00Z,67.55,67.6,67.51,67.57,653
2026-07-02T07:05:00Z,67.56,67.57,67.45,67.51,880
2026-07-02T07:10:00Z,67.52,67.54,67.46,67.53,357
2026-07-02T07:15:00Z,67.53,67.65,67.48,67.59,552
2026-07-02T07:20:00Z,67.6,67.73,67.56,67.72,317
2026-07-02T07:25:00Z,67.71,68.07,67.71,67.95,1149
2026-07-02T07:30:00Z,67.96,68.12,67.93,68.01,684
2026-07-02T07:35:00Z,68.02,68.1,67.98,68.1,317
2026-07-02T07:40:00Z,68.1,68.16,68.07,68.15,306
2026-07-02T07:45:00Z,68.15,68.24,68.13,68.16,699
2026-07-02T07:50:00Z,68.17,68.21,68.07,68.07,461
2026-07-02T07:55:00Z,68.07,68.11,67.89,67.95,497
2026-07-02T08:00:00Z,67.95,68.05,67.88,68.01,748
2026-07-02T08:05:00Z,67.99,68.08,67.91,67.95,517
2026-07-02T08:10:00Z,67.93,68.19,67.89,68.12,560
2026-07-02T08:15:00Z,68.11,68.23,68.09,68.12,444
2026-07-02T08:20:00Z,68.13,68.17,68.04,68.13,342
2026-07-02T08:25:00Z,68.14,68.24,68.01,68.14,965
2026-07-02T08:30:00Z,68.15,68.24,67.92,67.93,729
2026-07-02T08:35:00Z,67.93,68.01,67.89,67.99,372
2026-07-02T08:40:00Z,67.98,68.05,67.96,67.98,238
2026-07-02T08:45:00Z,67.97,68.05,67.91,67.91,330
2026-07-02T08:50:00Z,67.92,67.93,67.81,67.84,311
2026-07-02T08:55:00Z,67.84,67.89,67.78,67.87,288
2026-07-02T09:00:00Z,67.88,67.9,67.79,67.84,224
2026-07-02T09:05:00Z,67.84,67.88,67.75,67.77,284
2026-07-02T09:10:00Z,67.76,67.77,67.58,67.66,579
2026-07-02T09:15:00Z,67.67,67.76,67.59,67.59,491
2026-07-02T09:20:00Z,67.6,67.66,67.49,67.5,668
2026-07-02T09:25:00Z,67.5,67.57,67.49,67.49,438
2026-07-02T09:30:00Z,67.48,67.58,67.46,67.57,402
2026-07-02T09:35:00Z,67.56,67.57,67.31,67.44,1050
2026-07-02T09:40:00Z,67.44,67.58,67.38,67.58,666
2026-07-02T09:45:00Z,67.57,67.66,67.56,67.64,293
2026-07-02T09:50:00Z,67.63,67.63,67.5,67.53,900
2026-07-02T09:55:00Z,67.52,67.56,67.46,67.51,456
2026-07-02T10:00:00Z,67.51,67.59,67.47,67.48,404
2026-07-02T10:05:00Z,67.48,67.64,67.48,67.59,1916
2026-07-02T10:10:00Z,67.59,67.61,67.46,67.58,245
2026-07-02T10:15:00Z,67.57,67.67,67.56,67.64,252
2026-07-02T10:20:00Z,67.63,67.7,67.6,67.66,452
2026-07-02T10:25:00Z,67.65,67.67,67.6,67.64,159
2026-07-02T10:30:00Z,67.64,67.66,67.61,67.65,334
2026-07-02T10:35:00Z,67.65,67.69,67.56,67.57,341
2026-07-02T10:40:00Z,67.58,67.67,67.57,67.63,196
2026-07-02T10:45:00Z,67.63,67.69,67.61,67.67,175
2026-07-02T10:50:00Z,67.67,67.67,67.56,67.57,605
2026-07-02T10:55:00Z,67.56,67.59,67.42,67.45,654
2026-07-02T11:00:00Z,67.45,67.59,67.41,67.57,636
2026-07-02T11:05:00Z,67.58,67.62,67.46,67.46,600
2026-07-02T11:10:00Z,67.45,67.52,67.42,67.5,330
2026-07-02T11:15:00Z,67.49,67.51,67.41,67.42,305
2026-07-02T11:20:00Z,67.41,67.43,67.28,67.33,1209
2026-07-02T11:25:00Z,67.33,67.34,67.24,67.3,693
2026-07-02T11:30:00Z,67.3,67.3,67.04,67.1,1591
2026-07-02T11:35:00Z,67.1,67.15,67.04,67.12,1080
2026-07-02T11:40:00Z,67.12,67.29,67.12,67.28,794
2026-07-02T11:45:00Z,67.28,67.3,67.26,67.27,393
2026-07-02T11:50:00Z,67.28,67.32,67.26,67.31,763
2026-07-02T11:55:00Z,67.3,67.3,67.16,67.18,404
2026-07-02T12:00:00Z,67.18,67.34,67.12,67.25,622
2026-07-02T12:05:00Z,67.25,67.31,67.22,67.24,678
2026-07-02T12:10:00Z,67.24,67.26,67.19,67.21,578
2026-07-02T12:15:00Z,67.21,67.21,67.12,67.16,646
2026-07-02T12:20:00Z,67.14,67.23,67.11,67.2,687
2026-07-02T12:25:00Z,67.19,67.36,67.17,67.34,1004
2026-07-02T12:30:00Z,67.33,67.4,67.27,67.34,1057
2026-07-02T12:35:00Z,67.33,67.41,67.31,67.34,1788
2026-07-02T12:40:00Z,67.32,67.39,67.25,67.25,1023
2026-07-02T12:45:00Z,67.27,67.49,67.27,67.45,1234
2026-07-02T12:50:00Z,67.46,67.66,67.46,67.57,1924
2026-07-02T12:55:00Z,67.56,67.68,67.53,67.57,1142
2026-07-02T13:00:00Z,67.56,67.74,67.5,67.69,2189
2026-07-02T13:05:00Z,67.69,67.75,67.55,67.55,968
2026-07-02T13:10:00Z,67.56,67.57,67.47,67.51,1008
2026-07-02T13:15:00Z,67.51,67.62,67.48,67.57,1024
2026-07-02T13:20:00Z,67.57,67.75,67.53,67.68,1458
2026-07-02T13:25:00Z,67.68,67.73,67.55,67.72,864
2026-07-02T13:30:00Z,67.72,67.81,67.64,67.65,1341
2026-07-02T13:35:00Z,67.65,67.86,67.64,67.84,1366
2026-07-02T13:40:00Z,67.83,67.89,67.78,67.85,862
2026-07-02T13:45:00Z,67.85,68.09,67.85,68.03,1724
2026-07-02T13:50:00Z,68.02,68.02,67.82,67.82,1669
2026-07-02T13:55:00Z,67.82,67.84,67.72,67.77,1452
2026-07-02T14:00:00Z,67.76,67.84,67.69,67.72,1306
2026-07-02T14:05:00Z,67.72,67.78,67.66,67.66,1541
2026-07-02T14:10:00Z,67.66,67.79,67.62,67.65,1513
2026-07-02T14:15:00Z,67.65,67.75,67.62,67.71,1386
2026-07-02T14:20:00Z,67.71,67.72,67.53,67.56,957
2026-07-02T14:25:00Z,67.56,67.66,67.54,67.61,801
2026-07-02T14:30:00Z,67.61,67.7,67.57,67.69,1039
2026-07-02T14:35:00Z,67.69,67.73,67.64,67.73,614
2026-07-02T14:40:00Z,67.72,67.77,67.57,67.7,743
2026-07-02T14:45:00Z,67.7,67.82,67.69,67.75,1046
2026-07-02T14:50:00Z,67.74,67.78,67.63,67.77,866
2026-07-02T14:55:00Z,67.77,67.84,67.67,67.74,667
2026-07-02T15:00:00Z,67.74,67.82,67.69,67.73,1274
2026-07-02T15:05:00Z,67.72,67.73,67.47,67.49,1762
2026-07-02T15:10:00Z,67.49,67.59,67.47,67.59,743
2026-07-02T15:15:00Z,67.59,67.89,67.59,67.79,2032
2026-07-02T15:20:00Z,67.79,67.81,67.59,67.71,1136
2026-07-02T15:25:00Z,67.71,67.85,67.67,67.71,1138
2026-07-02T15:30:00Z,67.71,67.74,67.6,67.68,821
2026-07-02T15:35:00Z,67.68,67.68,67.58,67.62,538
2026-07-02T15:40:00Z,67.62,67.67,67.53,67.55,518
2026-07-02T15:45:00Z,67.55,67.55,67.44,67.49,1273
2026-07-02T15:50:00Z,67.49,67.7,67.43,67.68,877
2026-07-02T15:55:00Z,67.68,67.74,67.65,67.73,1506
2026-07-02T16:00:00Z,67.74,67.8,67.68,67.76,1241
2026-07-02T16:05:00Z,67.77,68.02,67.77,67.99,3046
2026-07-02T16:10:00Z,68.0,68.13,67.99,68.1,1829
2026-07-02T16:15:00Z,68.1,68.17,68.06,68.14,827
2026-07-02T16:20:00Z,68.15,68.21,68.11,68.12,1870
2026-07-02T16:25:00Z,68.11,68.15,68.06,68.11,795
2026-07-02T16:30:00Z,68.12,68.14,68.05,68.07,885
2026-07-02T16:35:00Z,68.06,68.09,68.02,68.02,973
2026-07-02T16:40:00Z,68.02,68.08,67.99,68.06,629
2026-07-02T16:45:00Z,68.06,68.16,68.05,68.12,942
2026-07-02T16:50:00Z,68.13,68.28,68.13,68.22,982
2026-07-02T16:55:00Z,68.23,68.27,68.12,68.13,540
2026-07-02T17:00:00Z,68.13,68.22,68.08,68.2,530
2026-07-02T17:05:00Z,68.18,68.29,68.17,68.29,452
2026-07-02T17:10:00Z,68.28,68.31,68.24,68.3,518
2026-07-02T17:15:00Z,68.3,68.3,68.23,68.24,946
2026-07-02T17:20:00Z,68.23,68.3,68.2,68.27,838
2026-07-02T17:25:00Z,68.27,68.35,68.27,68.34,577
2026-07-02T17:30:00Z,68.33,68.38,68.29,68.33,626
2026-07-02T17:35:00Z,68.32,68.42,68.29,68.37,892
2026-07-02T17:40:00Z,68.36,68.5,68.32,68.48,1407
2026-07-02T17:45:00Z,68.49,68.52,68.42,68.45,1194
2026-07-02T17:50:00Z,68.46,68.51,68.43,68.47,963
2026-07-02T17:55:00Z,68.46,68.51,68.43,68.48,2422
2026-07-02T18:00:00Z,68.47,68.51,68.35,68.36,1465
2026-07-02T18:05:00Z,68.36,68.45,68.35,68.42,1046
2026-07-02T18:10:00Z,68.42,68.53,68.41,68.51,1591
2026-07-02T18:15:00Z,68.5,68.66,68.47,68.62,1332
2026-07-02T18:20:00Z,68.62,68.74,68.61,68.69,1864
2026-07-02T18:25:00Z,68.68,68.8,68.53,68.68,7824
2026-07-02T18:30:00Z,68.67,68.72,68.56,68.6,1425
2026-07-02T18:35:00Z,68.6,68.67,68.57,68.63,262
2026-07-02T18:40:00Z,68.62,68.67,68.62,68.63,180
2026-07-02T18:45:00Z,68.64,68.67,68.57,68.57,505
2026-07-02T18:50:00Z,68.58,68.6,68.49,68.51,568
2026-07-02T18:55:00Z,68.51,68.51,68.43,68.45,439
2026-07-02T19:00:00Z,68.45,68.49,68.43,68.48,311
2026-07-02T19:05:00Z,68.49,68.51,68.46,68.5,315
2026-07-02T19:10:00Z,68.51,68.51,68.44,68.49,448
2026-07-02T19:15:00Z,68.5,68.55,68.48,68.48,666
2026-07-02T19:20:00Z,68.49,68.51,68.42,68.44,283
2026-07-02T19:25:00Z,68.45,68.48,68.41,68.46,196
2026-07-02T19:30:00Z,68.47,68.55,68.46,68.51,384
2026-07-02T19:35:00Z,68.51,68.51,68.43,68.43,409
2026-07-02T19:40:00Z,68.43,68.47,68.42,68.46,206
2026-07-02T19:45:00Z,68.46,68.48,68.45,68.46,350
2026-07-02T19:50:00Z,68.45,68.48,68.43,68.44,210
2026-07-02T19:55:00Z,68.44,68.5,68.44,68.47,315
2026-07-02T20:00:00Z,68.47,68.48,68.43,68.43,102
2026-07-02T20:05:00Z,68.44,68.51,68.44,68.49,218
2026-07-02T20:10:00Z,68.48,68.49,68.47,68.47,59
2026-07-02T20:15:00Z,68.48,68.52,68.46,68.52,157
2026-07-02T20:20:00Z,68.51,68.51,68.45,68.47,146
2026-07-02T20:25:00Z,68.46,68.51,68.46,68.48,212
2026-07-02T20:30:00Z,68.49,68.51,68.47,68.49,82
2026-07-02T20:35:00Z,68.48,68.51,68.45,68.47,105
2026-07-02T20:40:00Z,68.47,68.5,68.47,68.47,169
2026-07-02T20:45:00Z,68.48,68.49,68.45,68.47,114
2026-07-02T20:50:00Z,68.47,68.48,68.45,68.46,46
2026-07-02T20:55:00Z,68.46,68.47,68.44,68.46,155
2026-07-02T22:00:00Z,68.43,68.53,68.37,68.48,0
2026-07-02T22:05:00Z,68.45,68.52,68.42,68.5,73
2026-07-02T22:10:00Z,68.48,68.56,68.46,68.51,64
2026-07-02T22:15:00Z,68.51,68.51,68.46,68.48,14
2026-07-02T22:20:00Z,68.48,68.55,68.48,68.51,64
2026-07-02T22:25:00Z,68.5,68.5,68.5,68.5,3
2026-07-02T22:30:00Z,68.48,68.51,68.45,68.51,28
2026-07-02T22:35:00Z,68.51,68.52,68.5,68.52,7
2026-07-02T22:40:00Z,68.5,68.51,68.48,68.5,12
2026-07-02T22:45:00Z,68.49,68.51,68.48,68.51,5
2026-07-02T22:50:00Z,68.48,68.5,68.47,68.49,12
2026-07-02T22:55:00Z,68.49,68.51,68.48,68.48,11
2026-07-02T23:00:00Z,68.48,68.48,68.44,68.45,28
2026-07-02T23:05:00Z,68.44,68.45,68.39,68.44,129
2026-07-02T23:10:00Z,68.46,68.5,68.46,68.48,27
2026-07-02T23:15:00Z,68.47,68.47,68.42,68.42,28
2026-07-02T23:20:00Z,68.43,68.43,68.42,68.42,13
2026-07-02T23:25:00Z,68.43,68.47,68.43,68.46,30
2026-07-02T23:30:00Z,68.46,68.46,68.46,68.46,5
2026-07-02T23:35:00Z,68.47,68.5,68.47,68.47,13
2026-07-02T23:40:00Z,68.47,68.47,68.47,68.47,1
2026-07-02T23:45:00Z,68.47,68.47,68.46,68.46,5
2026-07-02T23:50:00Z,68.47,68.47,68.45,68.45,6
2026-07-02T23:55:00Z,68.45,68.45,68.38,68.4,39
2026-07-03T00:00:00Z,68.38,68.4,68.33,68.34,193
2026-07-03T00:05:00Z,68.34,68.42,68.34,68.37,68
2026-07-03T00:10:00Z,68.38,68.42,68.36,68.4,68
2026-07-03T00:15:00Z,68.4,68.43,68.36,68.43,80
2026-07-03T00:20:00Z,68.41,68.43,68.39,68.42,41
2026-07-03T00:25:00Z,68.42,68.42,68.39,68.39,27
2026-07-03T00:30:00Z,68.4,68.4,68.36,68.38,19
2026-07-03T00:35:00Z,68.4,68.42,68.36,68.42,56
2026-07-03T00:40:00Z,68.42,68.45,68.41,68.41,51
2026-07-03T00:45:00Z,68.39,68.41,68.38,68.41,23
2026-07-03T00:50:00Z,68.42,68.49,68.42,68.45,42
2026-07-03T00:55:00Z,68.44,68.53,68.42,68.44,77
2026-07-03T01:00:00Z,68.44,68.54,68.36,68.54,194
2026-07-03T01:05:00Z,68.54,68.6,68.44,68.46,171
2026-07-03T01:10:00Z,68.48,68.53,68.4,68.4,82
2026-07-03T01:15:00Z,68.38,68.44,68.3,68.37,129
2026-07-03T01:20:00Z,68.4,68.44,68.36,68.44,36
2026-07-03T01:25:00Z,68.44,68.57,68.44,68.54,253
2026-07-03T01:30:00Z,68.55,68.63,68.55,68.6,93
2026-07-03T01:35:00Z,68.61,68.68,68.57,68.68,148
2026-07-03T01:40:00Z,68.66,68.81,68.64,68.8,291
2026-07-03T01:45:00Z,68.79,68.93,68.74,68.85,471
2026-07-03T01:50:00Z,68.86,68.88,68.77,68.78,276
2026-07-03T01:55:00Z,68.79,68.91,68.78,68.9,97
2026-07-03T02:00:00Z,68.92,68.97,68.88,68.96,182
2026-07-03T02:05:00Z,68.96,69.01,68.9,68.94,154
2026-07-03T02:10:00Z,68.94,68.97,68.89,68.95,102
2026-07-03T02:15:00Z,68.93,68.96,68.89,68.89,83
2026-07-03T02:20:00Z,68.91,68.95,68.9,68.95,62
2026-07-03T02:25:00Z,68.94,68.99,68.92,68.95,110
2026-07-03T02:30:00Z,68.96,69.02,68.9,69.01,127
2026-07-03T02:35:00Z,68.97,69.04,68.96,68.98,110
2026-07-03T02:40:00Z,69.01,69.14,68.97,69.07,185
2026-07-03T02:45:00Z,69.08,69.08,68.99,69.03,117
2026-07-03T02:50:00Z,69.03,69.03,68.92,68.94,245
2026-07-03T02:55:00Z,68.93,68.95,68.82,68.89,341
2026-07-03T03:00:00Z,68.89,68.98,68.89,68.98,67
2026-07-03T03:05:00Z,68.96,69.04,68.94,69.04,89
2026-07-03T03:10:00Z,69.04,69.12,69.0,69.06,124
2026-07-03T03:15:00Z,69.05,69.08,69.04,69.07,51
2026-07-03T03:20:00Z,69.09,69.16,69.08,69.11,93
2026-07-03T03:25:00Z,69.1,69.15,69.08,69.09,111
2026-07-03T03:30:00Z,69.08,69.11,69.01,69.02,179
2026-07-03T03:35:00Z,69.02,69.07,69.02,69.06,78
2026-07-03T03:40:00Z,69.05,69.05,68.99,69.0,69
2026-07-03T03:45:00Z,68.99,68.99,68.97,68.98,62
2026-07-03T03:50:00Z,68.98,69.01,68.98,69.0,31
2026-07-03T03:55:00Z,68.99,69.04,68.99,69.01,27
2026-07-05T22:00:00Z,68.68,68.78,68.45,68.49,379
2026-07-05T22:05:00Z,68.49,68.59,68.44,68.49,388
2026-07-05T22:10:00Z,68.5,68.5,68.32,68.33,279
2026-07-05T22:15:00Z,68.34,68.44,68.33,68.38,121
2026-07-05T22:20:00Z,68.38,68.78,68.36,68.78,72
2026-07-05T22:25:00Z,68.4,68.44,68.38,68.38,32
2026-07-05T22:30:00Z,68.38,68.4,68.36,68.4,42
2026-07-05T22:35:00Z,68.41,68.43,68.35,68.39,65
2026-07-05T22:40:00Z,68.4,68.41,68.35,68.36,48
2026-07-05T22:45:00Z,68.35,68.78,68.3,68.32,63
2026-07-05T22:50:00Z,68.33,68.35,68.31,68.34,37
2026-07-05T22:55:00Z,68.35,68.35,68.31,68.31,46
2026-07-05T23:00:00Z,68.32,68.4,68.3,68.4,97
2026-07-05T23:05:00Z,68.38,68.44,68.35,68.42,127
2026-07-05T23:10:00Z,68.42,68.78,68.34,68.34,36
2026-07-05T23:15:00Z,68.34,68.35,68.28,68.29,73
2026-07-05T23:20:00Z,68.3,68.36,68.3,68.35,43
2026-07-05T23:25:00Z,68.34,68.34,68.28,68.3,62
2026-07-05T23:30:00Z,68.28,68.31,68.26,68.29,85
2026-07-05T23:35:00Z,68.28,68.78,68.28,68.28,37
2026-07-05T23:40:00Z,68.26,68.29,68.26,68.27,44
2026-07-05T23:45:00Z,68.27,68.27,68.22,68.22,90
2026-07-05T23:50:00Z,68.24,68.26,68.23,68.24,157
2026-07-05T23:55:00Z,68.24,68.26,68.23,68.25,21
2026-07-06T00:00:00Z,68.25,68.78,68.22,68.35,151
2026-07-06T00:05:00Z,68.35,68.6,68.33,68.6,337
2026-07-06T00:10:00Z,68.59,68.61,68.49,68.51,215
2026-07-06T00:15:00Z,68.51,68.54,68.49,68.52,98
2026-07-06T00:20:00Z,68.51,68.78,68.48,68.78,42
2026-07-06T00:25:00Z,68.5,68.78,68.34,68.34,187
2026-07-06T00:30:00Z,68.33,68.35,68.27,68.33,98
2026-07-06T00:35:00Z,68.34,68.37,68.31,68.31,52
2026-07-06T00:40:00Z,68.32,68.36,68.26,68.29,839
2026-07-06T00:45:00Z,68.29,68.78,68.29,68.35,83
2026-07-06T00:50:00Z,68.34,68.78,68.28,68.28,17
2026-07-06T00:55:00Z,68.28,68.35,68.23,68.24,155
2026-07-06T01:00:00Z,68.23,68.43,68.16,68.41,590
2026-07-06T01:05:00Z,68.4,68.54,68.35,68.45,275
2026-07-06T01:10:00Z,68.45,68.78,68.43,68.65,348
2026-07-06T01:15:00Z,68.66,68.78,68.61,68.65,161
2026-07-06T01:20:00Z,68.64,68.7,68.61,68.62,328
2026-07-06T01:25:00Z,68.64,68.65,68.57,68.59,75
2026-07-06T01:30:00Z,68.58,68.6,68.54,68.55,92
2026-07-06T01:35:00Z,68.57,68.78,68.4,68.43,198
2026-07-06T01:40:00Z,68.44,68.78,68.42,68.58,154
2026-07-06T01:45:00Z,68.57,68.68,68.57,68.66,118
2026-07-06T01:50:00Z,68.66,68.89,68.66,68.82,482
2026-07-06T01:55:00Z,68.83,68.9,68.82,68.87,193
2026-07-06T02:00:00Z,68.88,68.93,68.78,68.92,285
2026-07-06T02:05:00Z,68.93,69.16,68.78,69.07,543
2026-07-06T02:10:00Z,69.06,69.07,68.99,69.04,126
2026-07-06T02:15:00Z,69.05,69.07,69.0,69.0,108
2026-07-06T02:20:00Z,69.04,69.09,69.04,69.07,65
2026-07-06T02:25:00Z,69.06,69.12,68.78,69.09,81
2026-07-06T02:30:00Z,69.09,69.11,68.78,69.0,116
2026-07-06T02:35:00Z,69.01,69.01,68.9,68.93,256
2026-07-06T02:40:00Z,68.91,68.94,68.85,68.85,186
2026-07-06T02:45:00Z,68.84,68.84,68.76,68.8,181
2026-07-06T02:50:00Z,68.78,68.84,68.66,68.7,240
2026-07-06T02:55:00Z,68.7,68.78,68.53,68.58,347
2026-07-06T03:00:00Z,68.58,68.58,68.49,68.51,182
2026-07-06T03:05:00Z,68.52,68.58,68.47,68.51,220
2026-07-06T03:10:00Z,68.52,68.54,68.37,68.39,320
2026-07-06T03:15:00Z,68.38,68.78,68.37,68.47,180
2026-07-06T03:20:00Z,68.47,68.78,68.43,68.48,54
2026-07-06T03:25:00Z,68.49,68.55,68.49,68.5,55
2026-07-06T03:30:00Z,68.5,68.55,68.42,68.43,54
2026-07-06T03:35:00Z,68.43,68.49,68.42,68.49,46
2026-07-06T03:40:00Z,68.45,68.78,68.37,68.41,103
2026-07-06T03:45:00Z,68.44,68.78,68.41,68.42,46
2026-07-06T03:50:00Z,68.43,68.46,68.41,68.41,45
2026-07-06T03:55:00Z,68.41,68.43,68.4,68.42,32
2026-07-06T04:00:00Z,68.44,68.48,68.41,68.44,31
2026-07-06T04:05:00Z,68.43,68.78,68.43,68.56,168
2026-07-06T04:10:00Z,68.57,68.78,68.55,68.56,104
2026-07-06T04:15:00Z,68.56,68.62,68.56,68.61,25
2026-07-06T04:20:00Z,68.6,68.63,68.57,68.61,58
2026-07-06T04:25:00Z,68.62,68.63,68.59,68.6,26
2026-07-06T04:30:00Z,68.6,68.78,68.57,68.57,20
2026-07-06T04:35:00Z,68.58,68.78,68.57,68.62,45
2026-07-06T04:40:00Z,68.61,68.64,68.6,68.64,74
2026-07-06T04:45:00Z,68.63,68.68,68.63,68.65,82
2026-07-06T04:50:00Z,68.63,68.63,68.55,68.58,67
2026-07-06T04:55:00Z,68.57,68.78,68.55,68.61,33
2026-07-06T05:00:00Z,68.62,68.78,68.59,68.72,151
2026-07-06T05:05:00Z,68.71,68.74,68.68,68.68,38
2026-07-06T05:10:00Z,68.68,68.74,68.66,68.74,53
2026-07-06T05:15:00Z,68.73,68.76,68.73,68.73,65
2026-07-06T05:20:00Z,68.73,68.78,68.67,68.7,93
2026-07-06T05:25:00Z,68.71,68.78,68.71,68.72,33
2026-07-06T05:30:00Z,68.72,68.8,68.7,68.74,134
2026-07-06T05:35:00Z,68.75,68.75,68.69,68.7,88
2026-07-06T05:40:00Z,68.69,68.82,68.69,68.8,174
2026-07-06T05:45:00Z,68.8,68.81,68.76,68.77,33
2026-07-06T05:50:00Z,68.78,68.88,68.77,68.85,128
2026-07-06T05:55:00Z,68.85,68.89,68.82,68.85,111
2026-07-06T06:00:00Z,68.88,69.01,68.84,68.98,329
2026-07-06T06:05:00Z,68.98,69.15,68.98,69.12,521
2026-07-06T06:10:00Z,69.12,69.18,68.78,69.08,340
2026-07-06T06:15:00Z,69.08,69.21,68.78,69.11,377
2026-07-06T06:20:00Z,69.1,69.11,68.98,68.98,345
2026-07-06T06:25:00Z,69.0,69.0,68.88,68.92,338
2026-07-06T06:30:00Z,68.92,68.97,68.85,68.85,381
2026-07-06T06:35:00Z,68.86,68.91,68.78,68.85,240
2026-07-06T06:40:00Z,68.87,68.87,68.76,68.77,167
2026-07-06T06:45:00Z,68.76,68.88,68.75,68.86,160
2026-07-06T06:50:00Z,68.87,68.88,68.71,68.74,112
2026-07-06T06:55:00Z,68.75,68.79,68.72,68.76,332
2026-07-06T07:00:00Z,68.77,68.78,68.57,68.58,667
2026-07-06T07:05:00Z,68.58,68.78,68.42,68.44,754
2026-07-06T07:10:00Z,68.45,68.52,68.41,68.49,482
2026-07-06T07:15:00Z,68.5,68.5,68.43,68.44,225
2026-07-06T07:20:00Z,68.44,68.61,68.41,68.55,547
2026-07-06T07:25:00Z,68.55,68.78,68.5,68.54,487
2026-07-06T07:30:00Z,68.52,68.78,68.39,68.46,396
2026-07-06T07:35:00Z,68.47,68.49,68.38,68.39,300
2026-07-06T07:40:00Z,68.38,68.39,68.04,68.11,1522
2026-07-06T07:45:00Z,68.12,68.19,68.04,68.06,761
2026-07-06T07:50:00Z,68.05,68.78,67.82,67.9,1697
2026-07-06T07:55:00Z,67.9,68.78,67.84,67.93,453
2026-07-06T08:00:00Z,67.94,68.06,67.9,67.95,696
2026-07-06T08:05:00Z,67.95,68.21,67.91,68.2,722
2026-07-06T08:10:00Z,68.19,68.29,68.12,68.13,825
2026-07-06T08:15:00Z,68.13,68.78,68.02,68.78,476
2026-07-06T08:20:00Z,68.09,68.16,68.02,68.15,418
2026-07-06T08:25:00Z,68.16,68.29,68.08,68.08,1009
2026-07-06T08:30:00Z,68.08,68.38,68.04,68.36,778
2026-07-06T08:35:00Z,68.36,68.38,68.25,68.27,550
2026-07-06T08:40:00Z,68.26,68.78,68.21,68.4,448
2026-07-06T08:45:00Z,68.39,68.5,68.36,68.43,469
2026-07-06T08:50:00Z,68.42,68.57,68.42,68.44,428
2026-07-06T08:55:00Z,68.45,68.48,68.19,68.2,1311
2026-07-06T09:00:00Z,68.2,68.33,68.2,68.26,276
2026-07-06T09:05:00Z,68.25,68.78,68.23,68.29,901
2026-07-06T09:10:00Z,68.28,68.44,68.27,68.42,383
2026-07-06T09:15:00Z,68.42,68.52,68.42,68.48,294
2026-07-06T09:20:00Z,68.49,68.56,68.32,68.32,544
2026-07-06T09:25:00Z,68.31,68.38,68.29,68.3,326
2026-07-06T09:30:00Z,68.3,68.78,68.23,68.36,1171
2026-07-06T09:35:00Z,68.37,68.38,68.28,68.28,533
2026-07-06T09:40:00Z,68.28,68.44,68.21,68.44,482
2026-07-06T09:45:00Z,68.44,68.53,68.42,68.5,335
2026-07-06T09:50:00Z,68.5,68.5,68.22,68.23,700
2026-07-06T09:55:00Z,68.23,68.78,68.11,68.31,1023
2026-07-06T10:00:00Z,68.32,68.39,68.25,68.33,486
2026-07-06T10:05:00Z,68.35,68.44,68.29,68.29,790
2026-07-06T10:10:00Z,68.29,68.32,68.17,68.17,392
2026-07-06T10:15:00Z,68.17,68.22,68.1,68.21,380
2026-07-06T10:20:00Z,68.22,68.78,68.21,68.27,201
2026-07-06T10:25:00Z,68.27,68.34,68.26,68.29,373
2026-07-06T10:30:00Z,68.31,68.33,68.26,68.27,145
2026-07-06T10:35:00Z,68.28,68.29,68.09,68.18,520
2026-07-06T10:40:00Z,68.2,68.35,68.2,68.33,426
2026-07-06T10:45:00Z,68.33,68.78,68.3,68.35,179
2026-07-06T10:50:00Z,68.36,68.68,68.35,68.65,1208
2026-07-06T10:55:00Z,68.65,68.68,68.58,68.59,537
2026-07-06T11:00:00Z,68.59,68.74,68.57,68.73,571
2026-07-06T11:05:00Z,68.73,68.76,68.57,68.63,617
2026-07-06T11:10:00Z,68.62,68.78,68.6,68.65,283
2026-07-06T11:15:00Z,68.64,68.71,68.6,68.67,225
2026-07-06T11:20:00Z,68.67,68.68,68.55,68.58,478
2026-07-06T11:25:00Z,68.58,68.63,68.53,68.58,407
2026-07-06T11:30:00Z,68.6,68.61,68.48,68.5,545
2026-07-06T11:35:00Z,68.51,68.78,68.47,68.49,172
2026-07-06T11:40:00Z,68.49,68.49,68.41,68.43,259
2026-07-06T11:45:00Z,68.44,68.44,68.31,68.44,380
2026-07-06T11:50:00Z,68.44,68.56,68.43,68.53,343
2026-07-06T11:55:00Z,68.52,68.65,68.5,68.65,353
2026-07-06T12:00:00Z,68.65,68.78,68.57,68.58,434
2026-07-06T12:05:00Z,68.58,68.68,68.56,68.65,466
2026-07-06T12:10:00Z,68.66,68.74,68.56,68.56,512
2026-07-06T12:15:00Z,68.56,68.61,68.31,68.32,816
2026-07-06T12:20:00Z,68.32,68.38,68.23,68.26,976
2026-07-06T12:25:00Z,68.26,68.78,68.14,68.19,2096
2026-07-06T12:30:00Z,68.2,68.33,68.19,68.33,663
2026-07-06T12:35:00Z,68.32,68.35,68.26,68.3,495
2026-07-06T12:40:00Z,68.31,68.37,68.26,68.35,942
2026-07-06T12:45:00Z,68.36,68.39,68.26,68.3,1060
2026-07-06T12:50:00Z,68.29,68.78,68.24,68.32,1012
2026-07-06T12:55:00Z,68.33,68.34,68.25,68.29,374
2026-07-06T13:00:00Z,68.28,68.43,68.14,68.22,2425
2026-07-06T13:05:00Z,68.22,68.28,68.07,68.27,1356
2026-07-06T13:10:00Z,68.27,68.52,68.25,68.5,1234
2026-07-06T13:15:00Z,68.5,68.78,68.41,68.62,1485
2026-07-06T13:20:00Z,68.62,68.7,68.56,68.63,1968
2026-07-06T13:25:00Z,68.63,68.86,68.59,68.83,1844
2026-07-06T13:30:00Z,68.83,68.95,68.53,68.57,1865
2026-07-06T13:35:00Z,68.56,68.65,68.53,68.61,1781
2026-07-06T13:40:00Z,68.6,68.78,68.57,68.58,1018
2026-07-06T13:45:00Z,68.59,68.61,68.47,68.58,1023
2026-07-06T13:50:00Z,68.59,68.7,68.55,68.67,717
2026-07-06T13:55:00Z,68.68,68.75,68.65,68.71,1186
2026-07-06T14:00:00Z,68.7,68.83,68.63,68.79,1400
2026-07-06T14:05:00Z,68.8,68.83,68.7,68.74,1673
2026-07-06T14:10:00Z,68.74,68.78,68.62,68.64,1110
2026-07-06T14:15:00Z,68.64,68.65,68.44,68.5,1258
2026-07-06T14:20:00Z,68.51,68.85,68.48,68.81,1690
2026-07-06T14:25:00Z,68.81,68.96,68.79,68.9,1876
2026-07-06T14:30:00Z,68.9,69.1,68.78,68.86,1619
2026-07-06T14:35:00Z,68.85,69.12,68.82,69.1,1287
2026-07-06T14:40:00Z,69.1,69.11,68.93,69.02,1750
2026-07-06T14:45:00Z,69.02,69.03,68.89,68.91,1093
2026-07-06T14:50:00Z,68.92,68.93,68.71,68.78,1362
2026-07-06T14:55:00Z,68.78,68.81,68.7,68.76,1116
2026-07-06T15:00:00Z,68.76,68.88,68.65,68.65,1527
2026-07-06T15:05:00Z,68.65,68.7,68.58,68.7,724
2026-07-06T15:10:00Z,68.71,68.73,68.59,68.7,635
2026-07-06T15:15:00Z,68.7,68.78,68.66,68.74,1465
2026-07-06T15:20:00Z,68.75,68.8,68.66,68.71,956
2026-07-06T15:25:00Z,68.7,68.93,68.7,68.88,1649
2026-07-06T15:30:00Z,68.88,69.04,68.82,68.89,2765
2026-07-06T15:35:00Z,68.89,68.9,68.78,68.81,549
2026-07-06T15:40:00Z,68.8,68.87,68.7,68.74,1338
2026-07-06T15:45:00Z,68.74,68.83,68.69,68.81,856
2026-07-06T15:50:00Z,68.82,68.84,68.7,68.74,1030
2026-07-06T15:55:00Z,68.75,68.78,68.71,68.74,464
2026-07-06T16:00:00Z,68.74,68.81,68.72,68.77,615
2026-07-06T16:05:00Z,68.78,68.78,68.66,68.67,681
2026-07-06T16:10:00Z,68.68,68.78,68.64,68.71,679
2026-07-06T16:15:00Z,68.71,68.71,68.51,68.52,839
2026-07-06T16:20:00Z,68.51,68.53,68.41,68.46,1419
2026-07-06T16:25:00Z,68.45,68.48,68.35,68.36,965
2026-07-06T16:30:00Z,68.36,68.78,68.28,68.33,1166
2026-07-06T16:35:00Z,68.32,68.78,68.31,68.35,514
2026-07-06T16:40:00Z,68.35,68.36,68.3,68.33,736
2026-07-06T16:45:00Z,68.34,68.41,68.33,68.33,548
2026-07-06T16:50:00Z,68.32,68.32,68.22,68.27,1491
2026-07-06T16:55:00Z,68.26,68.78,68.25,68.31,716
2026-07-06T17:00:00Z,68.3,68.78,68.23,68.26,1478
2026-07-06T17:05:00Z,68.25,68.29,68.22,68.26,713
2026-07-06T17:10:00Z,68.26,68.29,68.2,68.28,1117
2026-07-06T17:15:00Z,68.28,68.34,68.27,68.3,488
2026-07-06T17:20:00Z,68.31,68.78,68.26,68.34,822
2026-07-06T17:25:00Z,68.35,68.78,68.34,68.42,844
2026-07-06T17:30:00Z,68.41,68.47,68.38,68.44,882
2026-07-06T17:35:00Z,68.43,68.51,68.42,68.45,1668
2026-07-06T17:40:00Z,68.45,68.52,68.41,68.52,871
2026-07-06T17:45:00Z,68.52,68.78,68.44,68.44,754
2026-07-06T17:50:00Z,68.45,68.78,68.41,68.48,1479
2026-07-06T17:55:00Z,68.48,68.53,68.4,68.53,924
2026-07-06T18:00:00Z,68.53,68.56,68.49,68.53,1017
2026-07-06T18:05:00Z,68.52,68.59,68.52,68.53,693
2026-07-06T18:10:00Z,68.53,68.78,68.51,68.56,794
2026-07-06T18:15:00Z,68.55,68.78,68.52,68.54,875
2026-07-06T18:20:00Z,68.55,68.57,68.47,68.51,1345
2026-07-06T18:25:00Z,68.5,68.62,68.44,68.55,8013
2026-07-06T18:30:00Z,68.55,68.58,68.36,68.49,2806
2026-07-06T18:35:00Z,68.5,68.52,68.46,68.5,281
2026-07-06T18:40:00Z,68.49,68.78,68.49,68.54,507
2026-07-06T18:45:00Z,68.53,68.58,68.53,68.58,136
2026-07-06T18:50:00Z,68.58,68.59,68.54,68.54,119
2026-07-06T18:55:00Z,68.55,68.59,68.53,68.54,130
2026-07-06T19:00:00Z,68.55,68.78,68.54,68.59,282
2026-07-06T19:05:00Z,68.6,68.78,68.6,68.62,115
2026-07-06T19:10:00Z,68.62,68.62,68.6,68.62,76
2026-07-06T19:15:00Z,68.63,68.69,68.61,68.69,255
2026-07-06T19:20:00Z,68.69,68.75,68.67,68.68,251
2026-07-06T19:25:00Z,68.69,68.78,68.69,68.72,269
2026-07-06T19:30:00Z,68.72,68.78,68.69,68.7,382
2026-07-06T19:35:00Z,68.69,68.71,68.65,68.67,175
2026-07-06T19:40:00Z,68.68,68.72,68.68,68.7,628
2026-07-06T19:45:00Z,68.7,68.77,68.69,68.74,231
2026-07-06T19:50:00Z,68.73,68.78,68.69,68.73,218
2026-07-06T19:55:00Z,68.73,68.78,68.66,68.69,501
2026-07-06T20:00:00Z,68.68,68.7,68.64,68.64,157
2026-07-06T20:05:00Z,68.64,68.66,68.62,68.65,99
2026-07-06T20:10:00Z,68.66,68.7,68.66,68.68,79
2026-07-06T20:15:00Z,68.67,68.78,68.67,68.69,96
2026-07-06T20:20:00Z,68.69,68.78,68.68,68.69,24
2026-07-06T20:25:00Z,68.69,68.7,68.66,68.67,117
2026-07-06T20:30:00Z,68.66,68.75,68.66,68.74,125
2026-07-06T20:35:00Z,68.75,68.75,68.7,68.7,103
2026-07-06T20:40:00Z,68.69,68.78,68.67,68.67,44
2026-07-06T20:45:00Z,68.67,68.78,68.64,68.68,91
2026-07-06T20:50:00Z,68.68,68.68,68.61,68.62,123
2026-07-06T20:55:00Z,68.62,68.78,68.59,68.78,197
2026-07-06T22:00:00Z,68.58,68.72,68.58,68.66,0
2026-07-06T22:05:00Z,68.66,68.7,68.66,68.66,87
2026-07-06T22:10:00Z,68.66,68.67,68.63,68.66,22
2026-07-06T22:15:00Z,68.66,68.67,68.66,68.67,3
2026-07-06T22:20:00Z,68.65,68.67,68.65,68.67,25
2026-07-06T22:25:00Z,68.67,68.7,68.66,68.67,27
2026-07-06T22:30:00Z,68.67,68.68,68.67,68.67,5
2026-07-06T22:35:00Z,68.67,68.67,68.67,68.67,1
2026-07-06T22:40:00Z,68.69,68.71,68.68,68.7,16
2026-07-06T22:45:00Z,68.71,68.72,68.69,68.7,16
2026-07-06T22:50:00Z,68.7,68.73,68.7,68.71,163
2026-07-06T22:55:00Z,68.72,68.75,68.7,68.75,83
2026-07-06T23:00:00Z,68.76,68.76,68.68,68.7,140
2026-07-06T23:05:00Z,68.7,68.7,68.66,68.69,27
2026-07-06T23:10:00Z,68.7,68.71,68.7,68.71,10
2026-07-06T23:15:00Z,68.7,68.9,68.66,68.9,281
2026-07-06T23:20:00Z,68.85,68.85,68.8,68.83,69
2026-07-06T23:25:00Z,68.82,68.82,68.78,68.8,20
2026-07-06T23:30:00Z,68.81,68.83,68.81,68.81,8
2026-07-06T23:35:00Z,68.82,68.83,68.79,68.8,40
2026-07-06T23:40:00Z,68.8,68.8,68.78,68.79,19
2026-07-06T23:45:00Z,68.79,68.81,68.77,68.8,59
2026-07-06T23:50:00Z,68.78,68.79,68.75,68.75,30
2026-07-06T23:55:00Z,68.76,68.77,68.74,68.76,31
2026-07-07T00:00:00Z,68.76,68.77,68.71,68.76,298
2026-07-07T00:05:00Z,68.76,68.88,68.75,68.85,169
2026-07-07T00:10:00Z,68.84,68.89,68.83,68.88,87
2026-07-07T00:15:00Z,68.9,68.9,68.85,68.88,76
2026-07-07T00:20:00Z,68.88,68.91,68.83,68.84,153
2026-07-07T00:25:00Z,68.84,68.87,68.75,68.76,254
2026-07-07T00:30:00Z,68.77,68.81,68.7,68.81,106
2026-07-07T00:35:00Z,68.82,68.83,68.79,68.82,36
2026-07-07T00:40:00Z,68.82,68.85,68.81,68.85,100
2026-07-07T00:45:00Z,68.84,68.86,68.77,68.82,142
2026-07-07T00:50:00Z,68.81,68.81,68.78,68.8,36
2026-07-07T00:55:00Z,68.83,68.9,68.83,68.88,52
2026-07-07T01:00:00Z,68.87,68.96,68.75,68.83,393
2026-07-07T01:05:00Z,68.84,68.84,68.76,68.77,136
2026-07-07T01:10:00Z,68.78,68.78,68.7,68.73,98
2026-07-07T01:15:00Z,68.71,68.74,68.63,68.65,124
2026-07-07T01:20:00Z,68.66,68.69,68.63,68.68,70
2026-07-07T01:25:00Z,68.68,68.77,68.68,68.77,89
2026-07-07T01:30:00Z,68.77,68.82,68.74,68.79,152
2026-07-07T01:35:00Z,68.79,68.86,68.77,68.85,51
2026-07-07T01:40:00Z,68.83,68.95,68.83,68.9,193
2026-07-07T01:45:00Z,68.9,68.94,68.87,68.91,181
2026-07-07T01:50:00Z,68.92,69.06,68.92,69.03,302
2026-07-07T01:55:00Z,69.02,69.1,69.01,69.07,168
2026-07-07T02:00:00Z,69.06,69.1,68.99,69.07,253
2026-07-07T02:05:00Z,69.08,69.25,69.07,69.22,1280
2026-07-07T02:10:00Z,69.22,69.23,69.16,69.18,258
2026-07-07T02:15:00Z,69.17,69.27,69.16,69.22,273
2026-07-07T02:20:00Z,69.23,69.25,69.2,69.21,55
2026-07-07T02:25:00Z,69.22,69.24,69.2,69.22,191
2026-07-07T02:30:00Z,69.22,69.32,69.2,69.25,299
2026-07-07T02:35:00Z,69.24,69.27,69.13,69.13,247
2026-07-07T02:40:00Z,69.13,69.13,69.05,69.09,167
2026-07-07T02:45:00Z,69.08,69.1,69.07,69.08,135
2026-07-07T02:50:00Z,69.07,69.1,69.03,69.08,159
2026-07-07T02:55:00Z,69.08,69.1,68.96,69.0,258
2026-07-07T03:00:00Z,69.0,69.08,69.0,69.07,162
2026-07-07T03:05:00Z,69.07,69.21,69.07,69.2,190
2026-07-07T03:10:00Z,69.2,69.22,69.15,69.2,106
2026-07-07T03:15:00Z,69.19,69.19,69.07,69.08,244
2026-07-07T03:20:00Z,69.08,69.09,69.02,69.02,127
2026-07-07T03:25:00Z,69.03,69.05,68.97,69.05,167
2026-07-07T03:30:00Z,69.06,69.07,68.92,68.95,436
2026-07-07T03:35:00Z,68.94,68.97,68.91,68.92,124
2026-07-07T03:40:00Z,68.92,68.95,68.92,68.92,159
2026-07-07T03:45:00Z,68.92,68.93,68.85,68.86,95
2026-07-07T03:50:00Z,68.86,68.9,68.84,68.89,95
2026-07-07T03:55:00Z,68.9,68.93,68.9,68.93,42
2026-07-07T04:00:00Z,68.93,68.97,68.92,68.95,128
2026-07-07T04:05:00Z,68.95,68.98,68.93,68.98,70
2026-07-07T04:10:00Z,68.97,68.98,68.95,68.97,47
2026-07-07T04:15:00Z,68.99,68.99,68.94,68.96,59
2026-07-07T04:20:00Z,68.97,69.0,68.96,68.99,36
2026-07-07T04:25:00Z,68.99,69.01,68.98,69.0,34
2026-07-07T04:30:00Z,68.99,69.02,68.98,69.02,45
2026-07-07T04:35:00Z,69.03,69.03,68.96,68.97,49
2026-07-07T04:40:00Z,68.98,69.0,68.95,69.0,70
2026-07-07T04:45:00Z,69.0,69.02,68.97,68.99,25
2026-07-07T04:50:00Z,68.98,69.0,68.98,69.0,18
2026-07-07T04:55:00Z,68.98,69.0,68.96,68.96,36
2026-07-07T05:00:00Z,68.98,69.05,68.96,69.01,129
2026-07-07T05:05:00Z,69.01,69.02,69.0,69.02,37
2026-07-07T05:10:00Z,69.02,69.09,69.01,69.08,133
2026-07-07T05:15:00Z,69.09,69.15,69.07,69.11,220
2026-07-07T05:20:00Z,69.11,69.16,69.1,69.12,52
2026-07-07T05:25:00Z,69.13,69.23,69.11,69.19,200
2026-07-07T05:30:00Z,69.2,69.29,69.19,69.22,280
2026-07-07T05:35:00Z,69.22,69.24,69.18,69.24,189
2026-07-07T05:40:00Z,69.24,69.29,69.2,69.2,189
2026-07-07T05:45:00Z,69.2,69.27,69.13,69.26,282
2026-07-07T05:50:00Z,69.27,69.38,69.26,69.35,445
2026-07-07T05:55:00Z,69.33,69.44,69.32,69.35,267
2026-07-07T06:00:00Z,69.37,69.43,69.28,69.41,535
2026-07-07T06:05:00Z,69.4,69.43,69.3,69.31,221
2026-07-07T06:10:00Z,69.3,69.31,69.22,69.28,205
2026-07-07T06:15:00Z,69.28,69.34,69.2,69.33,226
2026-07-07T06:20:00Z,69.32,69.37,69.3,69.37,121
2026-07-07T06:25:00Z,69.36,69.37,69.21,69.24,215
2026-07-07T06:30:00Z,69.24,69.28,69.2,69.2,190
2026-07-07T06:35:00Z,69.21,69.29,69.21,69.28,160
2026-07-07T06:40:00Z,69.29,69.32,69.26,69.29,184
2026-07-07T06:45:00Z,69.28,69.48,69.28,69.44,783
2026-07-07T06:50:00Z,69.44,69.45,69.39,69.4,444
2026-07-07T06:55:00Z,69.39,69.46,69.36,69.44,241
2026-07-07T07:00:00Z,69.45,69.54,69.4,69.52,821
2026-07-07T07:05:00Z,69.52,69.54,69.38,69.38,494
2026-07-07T07:10:00Z,69.38,69.41,69.31,69.38,488
2026-07-07T07:15:00Z,69.38,69.38,69.31,69.32,293
2026-07-07T07:20:00Z,69.32,69.46,69.32,69.43,221
2026-07-07T07:25:00Z,69.43,69.5,69.37,69.48,453
2026-07-07T07:30:00Z,69.47,69.61,69.43,69.49,675
2026-07-07T07:35:00Z,69.48,69.52,69.38,69.39,449
2026-07-07T07:40:00Z,69.39,69.43,69.3,69.41,363
2026-07-07T07:45:00Z,69.4,69.58,69.4,69.57,612
2026-07-07T07:50:00Z,69.58,69.63,69.55,69.6,232
2026-07-07T07:55:00Z,69.59,69.59,69.34,69.34,526
2026-07-07T08:00:00Z,69.34,69.42,69.31,69.36,625
2026-07-07T08:05:00Z,69.36,69.37,69.26,69.28,579
2026-07-07T08:10:00Z,69.29,69.44,69.28,69.41,496
2026-07-07T08:15:00Z,69.4,69.41,69.26,69.3,386
2026-07-07T08:20:00Z,69.27,69.37,69.18,69.32,1092
2026-07-07T08:25:00Z,69.32,69.32,69.05,69.06,1088
2026-07-07T08:30:00Z,69.05,69.14,68.97,69.13,1222
2026-07-07T08:35:00Z,69.14,69.38,69.11,69.34,1279
2026-07-07T08:40:00Z,69.34,69.38,69.22,69.31,681
2026-07-07T08:45:00Z,69.3,69.48,69.3,69.41,1348
2026-07-07T08:50:00Z,69.41,69.54,69.4,69.47,458
2026-07-07T08:55:00Z,69.46,69.47,69.32,69.36,643
2026-07-07T09:00:00Z,69.36,69.54,69.36,69.51,365
2026-07-07T09:05:00Z,69.52,69.68,69.46,69.66,637
2026-07-07T09:10:00Z,69.67,69.74,69.51,69.53,778
2026-07-07T09:15:00Z,69.53,69.57,69.44,69.53,475
2026-07-07T09:20:00Z,69.54,69.6,69.47,69.48,389
2026-07-07T09:25:00Z,69.48,69.5,69.18,69.29,1702
2026-07-07T09:30:00Z,69.3,69.37,69.23,69.37,553
2026-07-07T09:35:00Z,69.38,69.41,69.23,69.23,308
2026-07-07T09:40:00Z,69.23,69.23,69.06,69.13,721
2026-07-07T09:45:00Z,69.14,69.27,69.14,69.26,216
2026-07-07T09:50:00Z,69.26,69.3,69.21,69.24,345
2026-07-07T09:55:00Z,69.25,69.32,69.23,69.27,283
2026-07-07T10:00:00Z,69.27,69.27,69.13,69.15,413
2026-07-07T10:05:00Z,69.15,69.22,69.08,69.1,260
2026-07-07T10:10:00Z,69.1,69.22,69.09,69.19,176
2026-07-07T10:15:00Z,69.18,69.26,69.11,69.19,450
2026-07-07T10:20:00Z,69.2,69.23,69.16,69.18,228
2026-07-07T10:25:00Z,69.19,69.25,69.15,69.16,264
2026-07-07T10:30:00Z,69.18,69.2,69.06,69.12,346
2026-07-07T10:35:00Z,69.12,69.16,69.07,69.13,330
2026-07-07T10:40:00Z,69.11,69.26,69.11,69.23,351
2026-07-07T10:45:00Z,69.22,69.33,69.22,69.31,358
2026-07-07T10:50:00Z,69.31,69.34,69.29,69.31,477
2026-07-07T10:55:00Z,69.31,69.41,69.29,69.39,1784
2026-07-07T11:00:00Z,69.39,69.46,69.37,69.43,645
2026-07-07T11:05:00Z,69.43,69.44,69.31,69.32,506
2026-07-07T11:10:00Z,69.33,69.33,69.23,69.27,351
2026-07-07T11:15:00Z,69.26,69.32,69.09,69.15,602
2026-07-07T11:20:00Z,69.14,69.21,69.13,69.18,355
2026-07-07T11:25:00Z,69.21,69.23,69.08,69.09,735
2026-07-07T11:30:00Z,69.08,69.08,68.93,69.0,719
2026-07-07T11:35:00Z,69.0,69.06,68.98,69.04,350
2026-07-07T11:40:00Z,69.05,69.2,69.05,69.17,319
2026-07-07T11:45:00Z,69.17,69.23,69.1,69.14,511
2026-07-07T11:50:00Z,69.13,69.14,69.07,69.1,390
2026-07-07T11:55:00Z,69.09,69.09,68.99,69.03,299
2026-07-07T12:00:00Z,69.02,69.11,69.0,69.09,444
2026-07-07T12:05:00Z,69.09,69.09,68.88,68.9,819
2026-07-07T12:10:00Z,68.92,69.05,68.91,69.02,530
2026-07-07T12:15:00Z,69.02,69.05,68.96,69.04,776
2026-07-07T12:20:00Z,69.04,69.1,68.99,69.01,446
2026-07-07T12:25:00Z,69.02,69.07,68.96,69.03,794
2026-07-07T12:30:00Z,69.03,69.09,68.96,69.05,629
2026-07-07T12:35:00Z,69.06,69.06,68.93,69.01,862
2026-07-07T12:40:00Z,69.02,69.26,69.02,69.21,4118
2026-07-07T12:45:00Z,69.2,69.33,69.19,69.31,730
2026-07-07T12:50:00Z,69.3,69.33,69.22,69.28,514
2026-07-07T12:55:00Z,69.27,69.29,69.04,69.14,1198
2026-07-07T13:00:00Z,69.13,69.39,69.11,69.33,2741
2026-07-07T13:05:00Z,69.34,69.4,69.2,69.22,1396
2026-07-07T13:10:00Z,69.21,69.43,69.21,69.37,1488
2026-07-07T13:15:00Z,69.37,69.39,69.23,69.26,1263
2026-07-07T13:20:00Z,69.26,69.82,69.23,69.62,4649
2026-07-07T13:25:00Z,69.61,69.74,69.56,69.6,2366
2026-07-07T13:30:00Z,69.6,69.75,69.55,69.57,2062
2026-07-07T13:35:00Z,69.56,69.58,69.49,69.52,1547
2026-07-07T13:40:00Z,69.52,69.88,69.52,69.84,3451
2026-07-07T13:45:00Z,69.83,69.91,69.7,69.75,2696
2026-07-07T13:50:00Z,69.77,69.9,69.74,69.87,1456
2026-07-07T13:55:00Z,69.86,70.08,69.86,70.03,3380
2026-07-07T14:00:00Z,70.04,70.33,69.97,70.27,5754
2026-07-07T14:05:00Z,70.28,70.52,70.22,70.49,2846
2026-07-07T14:10:00Z,70.49,70.52,70.18,70.19,3741
2026-07-07T14:15:00Z,70.18,70.19,69.77,69.82,4321
2026-07-07T14:20:00Z,69.83,70.22,69.83,70.2,2841
2026-07-07T14:25:00Z,70.2,70.3,70.11,70.24,1778
2026-07-07T14:30:00Z,70.23,70.41,70.22,70.3,2770
2026-07-07T14:35:00Z,70.31,70.34,70.19,70.26,1371
2026-07-07T14:40:00Z,70.26,70.26,70.02,70.05,1141
2026-07-07T14:45:00Z,70.05,70.07,69.98,70.0,1051
2026-07-07T14:50:00Z,70.0,70.16,69.98,70.13,1896
2026-07-07T14:55:00Z,70.13,70.26,70.13,70.23,1390
2026-07-07T15:00:00Z,70.24,70.3,70.15,70.19,1044
2026-07-07T15:05:00Z,70.2,70.31,70.18,70.27,788
2026-07-07T15:10:00Z,70.27,70.36,70.2,70.31,1540
2026-07-07T15:15:00Z,70.3,70.39,70.26,70.37,1481
2026-07-07T15:20:00Z,70.36,70.48,70.33,70.33,2326
2026-07-07T15:25:00Z,70.32,70.37,70.21,70.21,1271
2026-07-07T15:30:00Z,70.2,70.32,70.08,70.3,1873
2026-07-07T15:35:00Z,70.31,70.32,70.16,70.16,985
2026-07-07T15:40:00Z,70.16,70.32,70.11,70.31,940
2026-07-07T15:45:00Z,70.31,70.55,70.31,70.54,3135
2026-07-07T15:50:00Z,70.55,70.56,70.46,70.53,1219
2026-07-07T15:55:00Z,70.53,70.54,70.34,70.34,1445
2026-07-07T16:00:00Z,70.34,70.46,70.3,70.41,868
2026-07-07T16:05:00Z,70.41,70.55,70.39,70.52,1182
2026-07-07T16:10:00Z,70.51,70.52,70.36,70.42,1993
2026-07-07T16:15:00Z,70.43,70.48,70.38,70.43,427
2026-07-07T16:20:00Z,70.43,70.48,70.38,70.47,400
2026-07-07T16:25:00Z,70.47,70.58,70.43,70.51,1237
2026-07-07T16:30:00Z,70.5,70.52,70.37,70.38,1453
2026-07-07T16:35:00Z,70.38,70.43,70.32,70.41,1252
2026-07-07T16:40:00Z,70.41,70.47,70.4,70.44,478
2026-07-07T16:45:00Z,70.44,70.49,70.4,70.47,508
2026-07-07T16:50:00Z,70.47,70.53,70.4,70.45,537
2026-07-07T16:55:00Z,70.44,70.49,70.42,70.44,718
2026-07-07T17:00:00Z,70.44,70.45,70.35,70.4,1172
2026-07-07T17:05:00Z,70.41,70.6,70.41,70.53,2037
2026-07-07T17:10:00Z,70.51,70.54,70.41,70.41,808
2026-07-07T17:15:00Z,70.41,70.57,70.4,70.56,1118
2026-07-07T17:20:00Z,70.56,70.67,70.55,70.62,1521
2026-07-07T17:25:00Z,70.62,70.63,70.57,70.58,590
2026-07-07T17:30:00Z,70.6,70.62,70.56,70.58,447
2026-07-07T17:35:00Z,70.58,70.72,70.56,70.62,859
2026-07-07T17:40:00Z,70.62,70.63,70.5,70.51,855
2026-07-07T17:45:00Z,70.5,70.52,70.42,70.43,882
2026-07-07T17:50:00Z,70.44,70.46,70.35,70.35,1435
2026-07-07T17:55:00Z,70.36,70.44,70.34,70.42,1086
2026-07-07T18:00:00Z,70.43,70.52,70.39,70.45,1159
2026-07-07T18:05:00Z,70.45,70.52,70.44,70.46,1896
2026-07-07T18:10:00Z,70.46,70.49,70.42,70.46,1432
2026-07-07T18:15:00Z,70.45,70.59,70.44,70.55,2061
2026-07-07T18:20:00Z,70.54,70.59,70.43,70.43,1566
2026-07-07T18:25:00Z,70.43,70.49,70.36,70.48,7449
2026-07-07T18:30:00Z,70.48,70.65,70.43,70.46,3290
2026-07-07T18:35:00Z,70.45,70.45,70.39,70.39,565
2026-07-07T18:40:00Z,70.4,70.44,70.33,70.41,462
2026-07-07T18:45:00Z,70.42,71.09,70.38,70.85,4357
2026-07-07T18:50:00Z,70.87,71.28,70.77,71.23,2957
2026-07-07T18:55:00Z,71.23,71.46,71.21,71.45,2572
2026-07-07T19:00:00Z,71.45,71.7,71.42,71.69,2658
2026-07-07T19:05:00Z,71.69,71.95,71.63,71.91,3921
2026-07-07T19:10:00Z,71.92,72.14,71.92,72.08,3216
2026-07-07T19:15:00Z,72.08,72.51,72.08,72.13,4459
2026-07-07T19:20:00Z,72.15,72.35,71.96,72.24,4046
2026-07-07T19:25:00Z,72.25,72.34,72.13,72.22,1482
2026-07-07T19:30:00Z,72.22,72.32,72.16,72.2,1425
2026-07-07T19:35:00Z,72.22,72.22,72.01,72.1,2059
2026-07-07T19:40:00Z,72.09,72.17,71.84,71.89,3218
2026-07-07T19:45:00Z,71.88,72.11,71.84,71.93,1844
2026-07-07T19:50:00Z,71.92,71.94,71.76,71.87,1843
2026-07-07T19:55:00Z,71.87,71.95,71.83,71.88,717
2026-07-07T20:00:00Z,71.89,72.06,71.88,72.02,936
2026-07-07T20:05:00Z,71.99,72.07,71.92,72.06,411
2026-07-07T20:10:00Z,72.05,72.1,71.97,72.02,346
2026-07-07T20:15:00Z,72.02,72.12,71.97,71.97,738
2026-07-07T20:20:00Z,71.98,72.05,71.98,72.05,206
2026-07-07T20:25:00Z,72.06,72.08,72.01,72.07,113
2026-07-07T20:30:00Z,72.07,72.29,72.06,72.26,519
2026-07-07T20:35:00Z,72.26,72.3,72.16,72.18,598
2026-07-07T20:40:00Z,72.17,72.21,72.13,72.14,120
2026-07-07T20:45:00Z,72.15,72.31,72.15,72.3,389
2026-07-07T20:50:00Z,72.3,72.31,72.19,72.21,405
2026-07-07T20:55:00Z,72.22,72.22,72.14,72.2,334
2026-07-07T22:00:00Z,72.38,72.65,72.07,72.28,0
2026-07-07T22:05:00Z,72.27,72.43,72.27,72.43,703
2026-07-07T22:10:00Z,72.42,72.43,72.33,72.33,297
2026-07-07T22:15:00Z,72.32,72.34,72.27,72.31,172
2026-07-07T22:20:00Z,72.33,72.34,72.27,72.34,138
2026-07-07T22:25:00Z,72.35,72.43,72.35,72.4,247
2026-07-07T22:30:00Z,72.4,72.4,72.34,72.37,104
2026-07-07T22:35:00Z,72.37,72.43,72.36,72.37,73
2026-07-07T22:40:00Z,72.38,72.45,72.36,72.43,88
2026-07-07T22:45:00Z,72.41,72.43,72.38,72.43,39
2026-07-07T22:50:00Z,72.44,72.49,72.44,72.48,152
2026-07-07T22:55:00Z,72.48,72.48,72.43,72.45,80
2026-07-07T23:00:00Z,72.45,72.48,72.44,72.44,81
2026-07-07T23:05:00Z,72.43,72.49,72.43,72.47,170
2026-07-07T23:10:00Z,72.45,72.45,72.38,72.39,94
2026-07-07T23:15:00Z,72.4,72.41,72.3,72.31,233
2026-07-07T23:20:00Z,72.31,72.4,72.28,72.39,129
2026-07-07T23:25:00Z,72.39,72.47,72.37,72.44,140
2026-07-07T23:30:00Z,72.45,72.47,72.31,72.43,256
2026-07-07T23:35:00Z,72.41,72.5,72.41,72.48,146
2026-07-07T23:40:00Z,72.48,72.5,72.36,72.41,118
2026-07-07T23:45:00Z,72.43,72.45,72.29,72.32,162
2026-07-07T23:50:00Z,72.34,72.38,72.27,72.31,140
2026-07-07T23:55:00Z,72.31,72.43,72.26,72.42,199
2026-07-08T00:00:00Z,72.41,72.52,72.35,72.47,973
2026-07-08T00:05:00Z,72.48,72.52,72.47,72.49,330
2026-07-08T00:10:00Z,72.5,72.51,72.45,72.49,216
2026-07-08T00:15:00Z,72.49,72.72,72.48,72.64,745
2026-07-08T00:20:00Z,72.64,72.68,72.48,72.53,449
2026-07-08T00:25:00Z,72.54,72.58,72.41,72.56,599
2026-07-08T00:30:00Z,72.56,72.56,72.34,72.34,276
2026-07-08T00:35:00Z,72.34,72.36,72.22,72.25,356
2026-07-08T00:40:00Z,72.24,72.31,72.04,72.11,540
2026-07-08T00:45:00Z,72.11,72.19,72.07,72.13,243
2026-07-08T00:50:00Z,72.12,72.18,72.03,72.13,321
2026-07-08T00:55:00Z,72.13,72.13,71.96,71.99,385
2026-07-08T01:00:00Z,71.99,71.99,71.76,71.89,1143
2026-07-08T01:05:00Z,71.9,72.13,71.89,72.04,587
2026-07-08T01:10:00Z,72.04,72.06,71.89,71.93,338
2026-07-08T01:15:00Z,71.94,72.0,71.88,71.91,263
2026-07-08T01:20:00Z,71.92,71.92,71.79,71.8,501
2026-07-08T01:25:00Z,71.79,71.85,71.75,71.81,516
2026-07-08T01:30:00Z,71.81,71.96,71.79,71.95,312
2026-07-08T01:35:00Z,71.94,72.07,71.9,72.03,570
2026-07-08T01:40:00Z,72.03,72.13,72.01,72.1,327
2026-07-08T01:45:00Z,72.09,72.16,72.0,72.1,313
2026-07-08T01:50:00Z,72.12,72.16,72.02,72.11,181
2026-07-08T01:55:00Z,72.1,72.16,72.08,72.13,179
2026-07-08T02:00:00Z,72.13,72.16,72.0,72.15,204
2026-07-08T02:05:00Z,72.15,72.26,72.14,72.22,296
2026-07-08T02:10:00Z,72.23,72.31,72.22,72.27,221
2026-07-08T02:15:00Z,72.27,72.34,72.24,72.34,149
2026-07-08T02:20:00Z,72.33,72.41,72.33,72.41,253
2026-07-08T02:25:00Z,72.41,72.62,72.38,72.43,720
2026-07-08T02:30:00Z,72.43,72.48,72.3,72.31,325
2026-07-08T02:35:00Z,72.33,72.34,72.09,72.11,390
2026-07-08T02:40:00Z,72.11,72.2,72.09,72.11,184
2026-07-08T02:45:00Z,72.12,72.22,72.1,72.22,151
2026-07-08T02:50:00Z,72.23,72.31,72.22,72.26,182
2026-07-08T02:55:00Z,72.28,72.29,72.23,72.26,425
2026-07-08T03:00:00Z,72.26,72.32,72.21,72.29,176
2026-07-08T03:05:00Z,72.32,72.39,72.29,72.38,197
2026-07-08T03:10:00Z,72.39,72.4,72.29,72.32,167
2026-07-08T03:15:00Z,72.32,72.36,72.26,72.27,101
2026-07-08T03:20:00Z,72.28,72.31,72.23,72.28,129
2026-07-08T03:25:00Z,72.29,72.29,72.21,72.22,217
2026-07-08T03:30:00Z,72.23,72.28,72.16,72.28,386
2026-07-08T03:35:00Z,72.28,72.32,72.26,72.29,149
2026-07-08T03:40:00Z,72.3,72.3,72.23,72.29,104
2026-07-08T03:45:00Z,72.29,72.31,72.26,72.26,103
2026-07-08T03:50:00Z,72.26,72.28,72.21,72.22,78
2026-07-08T03:55:00Z,72.22,72.26,72.19,72.26,111
2026-07-08T04:00:00Z,72.26,72.29,72.24,72.26,89
2026-07-08T04:05:00Z,72.27,72.34,72.26,72.27,119
2026-07-08T04:10:00Z,72.26,72.39,72.26,72.36,182
2026-07-08T04:15:00Z,72.34,72.39,72.29,72.34,222
2026-07-08T04:20:00Z,72.34,72.35,72.28,72.28,88
2026-07-08T04:25:00Z,72.3,72.3,72.25,72.25,82
2026-07-08T04:30:00Z,72.25,72.27,72.2,72.26,155
2026-07-08T04:35:00Z,72.25,72.27,72.23,72.25,103
2026-07-08T04:40:00Z,72.25,72.3,72.2,72.27,253
2026-07-08T04:45:00Z,72.27,72.31,72.26,72.31,83
2026-07-08T04:50:00Z,72.3,72.32,72.29,72.31,33
2026-07-08T04:55:00Z,72.3,72.38,72.26,72.36,125
2026-07-08T05:00:00Z,72.37,72.47,72.35,72.43,340
2026-07-08T05:05:00Z,72.44,72.58,72.44,72.57,230
2026-07-08T05:10:00Z,72.56,72.6,72.43,72.47,219
2026-07-08T05:15:00Z,72.48,72.62,72.48,72.61,204
2026-07-08T05:20:00Z,72.61,72.92,72.6,72.84,1223
2026-07-08T05:25:00Z,72.85,72.89,72.69,72.73,296
2026-07-08T05:30:00Z,72.73,72.77,72.65,72.73,324
2026-07-08T05:35:00Z,72.72,72.75,72.61,72.61,266
2026-07-08T05:40:00Z,72.6,72.6,72.33,72.6,481
2026-07-08T05:45:00Z,72.59,72.66,72.54,72.65,289
2026-07-08T05:50:00Z,72.66,72.8,72.66,72.74,357
2026-07-08T05:55:00Z,72.74,72.82,72.7,72.77,400
2026-07-08T06:00:00Z,72.76,72.85,72.63,72.7,430
2026-07-08T06:05:00Z,72.68,72.85,72.67,72.79,420
2026-07-08T06:10:00Z,72.79,72.93,72.76,72.81,325
2026-07-08T06:15:00Z,72.81,72.82,72.61,72.62,460
2026-07-08T06:20:00Z,72.62,72.83,72.6,72.8,302
2026-07-08T06:25:00Z,70.44,72.67,70.44,72.67,455
2026-07-08T06:30:00Z,72.67,72.83,72.6,72.75,469
2026-07-08T06:35:00Z,72.76,72.84,72.7,72.72,344
2026-07-08T06:40:00Z,72.71,72.77,72.65,72.68,617
2026-07-08T06:45:00Z,72.68,72.74,72.56,72.61,626
2026-07-08T06:50:00Z,72.59,72.72,72.55,72.66,366
2026-07-08T06:55:00Z,72.68,72.68,72.57,72.57,304
2026-07-08T07:00:00Z,72.55,72.74,72.53,72.71,619
2026-07-08T07:05:00Z,72.69,72.85,72.58,72.59,717
2026-07-08T07:10:00Z,72.58,72.61,72.44,72.51,625
2026-07-08T07:15:00Z,72.5,72.51,72.35,72.37,943
2026-07-08T07:20:00Z,72.38,72.39,72.15,72.26,1299
2026-07-08T07:25:00Z,72.26,72.27,72.01,72.02,915
2026-07-08T07:30:00Z,72.03,72.04,71.94,71.98,1065
2026-07-08T07:35:00Z,71.97,72.02,71.94,71.98,601
2026-07-08T07:40:00Z,71.97,72.01,71.81,71.87,481
2026-07-08T07:45:00Z,71.87,72.02,71.83,71.91,604
2026-07-08T07:50:00Z,71.9,72.05,71.9,71.99,532
2026-07-08T07:55:00Z,72.0,72.1,72.0,72.06,414
2026-07-08T08:00:00Z,72.07,72.23,72.01,72.23,776
2026-07-08T08:05:00Z,72.23,72.26,72.02,72.05,1047
2026-07-08T08:10:00Z,72.05,72.06,71.93,72.03,400
2026-07-08T08:15:00Z,72.03,73.67,71.97,73.51,11347
2026-07-08T08:20:00Z,73.52,74.18,73.35,73.97,6459
2026-07-08T08:25:00Z,73.98,74.26,73.96,74.02,4777
2026-07-08T08:30:00Z,74.03,74.39,73.97,74.38,3876
2026-07-08T08:35:00Z,74.37,74.78,74.31,74.73,3241
2026-07-08T08:40:00Z,74.72,74.91,74.67,74.68,3020
2026-07-08T08:45:00Z,74.69,74.71,74.26,74.62,3518
2026-07-08T08:50:00Z,74.61,74.7,74.45,74.69,1269
2026-07-08T08:55:00Z,74.68,74.91,74.59,74.85,1514
2026-07-08T09:00:00Z,74.85,75.07,74.8,74.85,2629
2026-07-08T09:05:00Z,74.86,75.03,74.83,74.99,2089
2026-07-08T09:10:00Z,74.99,75.11,74.86,75.11,1705
2026-07-08T09:15:00Z,75.12,75.13,74.92,74.97,1878
2026-07-08T09:20:00Z,74.96,75.3,74.84,75.05,2233
2026-07-08T09:25:00Z,75.06,75.18,74.77,74.86,1887
2026-07-08T09:30:00Z,74.86,74.89,74.51,74.52,1813
2026-07-08T09:35:00Z,74.52,74.78,74.44,74.5,1294
2026-07-08T09:40:00Z,74.5,74.65,74.44,74.59,1900
2026-07-08T09:45:00Z,74.57,74.72,74.46,74.69,1741
2026-07-08T09:50:00Z,74.69,74.8,74.54,74.8,2037
2026-07-08T09:55:00Z,74.82,75.07,74.8,74.9,2057
2026-07-08T10:00:00Z,74.9,74.97,74.69,74.7,2221
2026-07-08T10:05:00Z,74.72,74.97,74.65,74.67,961
2026-07-08T10:10:00Z,74.66,74.78,74.59,74.65,1070
2026-07-08T10:15:00Z,74.64,74.7,74.32,74.35,1004
2026-07-08T10:20:00Z,74.36,74.46,74.27,74.44,1385
2026-07-08T10:25:00Z,74.44,74.48,74.19,74.21,1371
2026-07-08T10:30:00Z,74.21,74.23,73.82,73.87,2493
2026-07-08T10:35:00Z,73.88,74.12,73.86,73.9,1872
2026-07-08T10:40:00Z,73.92,74.04,73.87,73.95,1062
2026-07-08T10:45:00Z,73.96,74.12,73.86,74.08,1357
2026-07-08T10:50:00Z,74.08,74.1,73.9,73.96,1100
2026-07-08T10:55:00Z,73.97,74.15,73.94,74.15,917
2026-07-08T11:00:00Z,74.15,74.21,73.96,74.03,1431
2026-07-08T11:05:00Z,74.02,74.24,73.96,74.22,730
2026-07-08T11:10:00Z,74.22,74.32,74.14,74.18,957
2026-07-08T11:15:00Z,74.18,74.32,74.18,74.21,1151
2026-07-08T11:20:00Z,74.24,74.41,74.23,74.26,1271
2026-07-08T11:25:00Z,74.28,74.42,74.27,74.3,1148
2026-07-08T11:30:00Z,74.31,74.44,74.29,74.35,814
2026-07-08T11:35:00Z,74.34,74.58,74.32,74.52,937
2026-07-08T11:40:00Z,74.52,74.55,73.48,74.05,5087
2026-07-08T11:45:00Z,74.05,74.12,73.84,73.94,1823
2026-07-08T11:50:00Z,73.95,74.12,73.87,74.01,1401
2026-07-08T11:55:00Z,74.0,74.12,73.84,74.08,1229
2026-07-08T12:00:00Z,74.08,74.34,74.05,74.25,1722
2026-07-08T12:05:00Z,74.24,74.32,74.09,74.12,2394
2026-07-08T12:10:00Z,74.13,74.15,73.87,74.0,2441
2026-07-08T12:15:00Z,74.0,74.01,73.53,73.58,3139
2026-07-08T12:20:00Z,73.58,73.69,73.54,73.62,1599
2026-07-08T12:25:00Z,73.62,73.68,73.42,73.45,2421
2026-07-08T12:30:00Z,73.47,73.56,73.33,73.43,2136
2026-07-08T12:35:00Z,73.42,73.55,73.25,73.28,2445
2026-07-08T12:40:00Z,73.28,73.4,73.2,73.34,1690
2026-07-08T12:45:00Z,73.33,73.58,73.29,73.4,2492
2026-07-08T12:50:00Z,73.41,73.41,73.16,73.26,2493
2026-07-08T12:55:00Z,73.28,73.88,73.13,73.84,6268
2026-07-08T13:00:00Z,73.83,74.07,73.71,73.94,5999
2026-07-08T13:05:00Z,73.94,74.15,73.87,73.93,4199
2026-07-08T13:10:00Z,73.92,74.09,73.62,73.77,3347
2026-07-08T13:15:00Z,73.76,73.97,73.71,73.95,1581
2026-07-08T13:20:00Z,73.95,74.05,73.84,73.93,2217
2026-07-08T13:25:00Z,73.93,74.29,73.79,74.24,5078
2026-07-08T13:30:00Z,74.23,74.31,73.8,73.93,4539
2026-07-08T13:35:00Z,73.93,74.05,73.77,73.78,2888
2026-07-08T13:40:00Z,73.79,73.79,73.53,73.56,3216
2026-07-08T13:45:00Z,73.55,73.61,73.45,73.53,2469
2026-07-08T13:50:00Z,73.56,73.69,73.31,73.68,2042
2026-07-08T13:55:00Z,73.68,73.82,73.58,73.75,2348
2026-07-08T14:00:00Z,73.76,73.96,73.74,73.88,2541
2026-07-08T14:05:00Z,73.89,74.39,73.86,74.22,3464
2026-07-08T14:10:00Z,74.22,74.34,73.93,74.33,2445
2026-07-08T14:15:00Z,74.33,74.87,74.33,74.87,4219
2026-07-08T14:20:00Z,74.87,74.98,74.77,74.95,2787
2026-07-08T14:25:00Z,74.95,75.51,74.83,75.48,5645
2026-07-08T14:30:00Z,75.5,75.68,75.35,75.6,6421
2026-07-08T14:35:00Z,75.6,75.79,75.47,75.58,3443
2026-07-08T14:40:00Z,75.57,75.57,75.27,75.33,3696
2026-07-08T14:45:00Z,75.32,75.49,75.1,75.24,3298
2026-07-08T14:50:00Z,75.24,75.47,75.21,75.44,2555
2026-07-08T14:55:00Z,75.45,75.53,75.3,75.3,2701
2026-07-08T15:00:00Z,75.3,75.64,75.24,75.61,5027
2026-07-08T15:05:00Z,75.62,75.78,75.41,75.7,4141
2026-07-08T15:10:00Z,75.7,75.76,75.57,75.67,1952
2026-07-08T15:15:00Z,75.68,75.84,75.45,75.5,2113
2026-07-08T15:20:00Z,75.48,75.56,75.25,75.38,2792
2026-07-08T15:25:00Z,75.38,75.53,75.25,75.28,2062
2026-07-08T15:30:00Z,75.28,75.74,75.26,75.72,2817
2026-07-08T15:35:00Z,75.72,75.82,75.66,75.75,2051
2026-07-08T15:40:00Z,75.74,75.76,75.61,75.66,1493
2026-07-08T15:45:00Z,75.67,75.97,75.64,75.93,2579
2026-07-08T15:50:00Z,75.94,76.08,75.94,75.96,3058
2026-07-08T15:55:00Z,75.97,76.01,75.83,75.84,1676
2026-07-08T16:00:00Z,75.84,75.98,75.72,75.74,2008
2026-07-08T16:05:00Z,75.74,75.74,75.3,75.35,4858
2026-07-08T16:10:00Z,75.34,75.36,75.03,75.29,3413
2026-07-08T16:15:00Z,75.31,75.43,75.23,75.31,2265
2026-07-08T16:20:00Z,75.3,75.32,75.13,75.22,1842
2026-07-08T16:25:00Z,75.21,75.23,74.87,75.06,3432
2026-07-08T16:30:00Z,75.05,75.15,74.84,75.12,4178
2026-07-08T16:35:00Z,75.11,75.34,74.76,74.81,4656
2026-07-08T16:40:00Z,74.84,75.07,74.58,74.64,4966
2026-07-08T16:45:00Z,74.64,74.83,74.53,74.6,2869
2026-07-08T16:50:00Z,74.6,74.67,74.41,74.6,3774
2026-07-08T16:55:00Z,74.59,74.62,74.37,74.57,2449
2026-07-08T17:00:00Z,74.58,74.63,74.33,74.41,2614
2026-07-08T17:05:00Z,74.4,74.42,74.17,74.38,2895
2026-07-08T17:10:00Z,74.38,74.43,74.18,74.3,1903
2026-07-08T17:15:00Z,74.29,74.32,74.13,74.2,1654
2026-07-08T17:20:00Z,74.19,74.23,74.05,74.14,1618
2026-07-08T17:25:00Z,74.13,74.13,73.81,73.85,2960
2026-07-08T17:30:00Z,73.84,73.86,73.65,73.83,2949
2026-07-08T17:35:00Z,73.84,73.97,73.77,73.95,1828
2026-07-08T17:40:00Z,73.95,73.98,73.71,73.74,1594
2026-07-08T17:45:00Z,73.74,73.89,73.73,73.87,1331
2026-07-08T17:50:00Z,73.85,73.85,73.54,73.59,2364
2026-07-08T17:55:00Z,73.59,73.79,73.58,73.78,2058
2026-07-08T18:00:00Z,73.77,73.81,73.59,73.7,2092
2026-07-08T18:05:00Z,73.69,73.76,73.66,73.73,1326
2026-07-08T18:10:00Z,73.74,73.75,73.51,73.61,3205
2026-07-08T18:15:00Z,73.61,73.77,73.55,73.55,3451
2026-07-08T18:20:00Z,73.56,73.69,73.48,73.67,1832
2026-07-08T18:25:00Z,73.66,73.78,73.43,73.53,10524
2026-07-08T18:30:00Z,73.53,73.6,73.35,73.59,4011
2026-07-08T18:35:00Z,73.58,73.8,73.57,73.71,2206
2026-07-08T18:40:00Z,73.7,73.85,73.69,73.76,915
2026-07-08T18:45:00Z,73.76,73.79,73.66,73.67,691
2026-07-08T18:50:00Z,73.67,73.73,73.6,73.66,668
2026-07-08T18:55:00Z,73.66,73.7,73.56,73.59,545
2026-07-08T19:00:00Z,73.61,73.7,73.6,73.69,469
2026-07-08T19:05:00Z,73.68,73.72,73.65,73.68,327
2026-07-08T19:10:00Z,73.68,73.68,73.59,73.6,339
2026-07-08T19:15:00Z,73.6,73.62,73.5,73.62,1067
2026-07-08T19:20:00Z,73.63,73.64,73.54,73.57,452
2026-07-08T19:25:00Z,73.57,73.63,73.54,73.62,301
2026-07-08T19:30:00Z,73.61,73.8,73.59,73.8,406
2026-07-08T19:35:00Z,73.8,73.86,73.74,73.83,822
2026-07-08T19:40:00Z,73.83,74.11,73.81,74.07,943
2026-07-08T19:45:00Z,74.07,74.31,74.03,74.29,1437
2026-07-08T19:50:00Z,74.29,74.31,73.96,74.04,1537
2026-07-08T19:55:00Z,74.04,74.07,73.93,74.07,736
2026-07-08T20:00:00Z,74.06,74.3,74.05,74.23,489
2026-07-08T20:05:00Z,74.25,74.32,74.23,74.27,389
2026-07-08T20:10:00Z,74.28,74.62,74.24,74.38,1978
2026-07-08T20:15:00Z,74.38,74.65,74.37,74.56,784
2026-07-08T20:20:00Z,74.56,74.81,74.54,74.63,831
2026-07-08T20:25:00Z,74.65,74.68,74.49,74.62,605
2026-07-08T20:30:00Z,74.6,74.89,74.59,74.81,1510
2026-07-08T20:35:00Z,74.8,75.06,74.79,75.01,974
2026-07-08T20:40:00Z,75.02,75.05,74.85,74.85,687
2026-07-08T20:45:00Z,74.83,74.86,74.72,74.79,866
2026-07-08T20:50:00Z,74.78,74.78,74.49,74.72,1046
2026-07-08T20:55:00Z,74.72,74.82,74.58,74.76,706
2026-07-08T22:00:00Z,74.95,75.13,74.49,74.61,0
2026-07-08T22:05:00Z,74.61,74.71,74.58,74.71,240
2026-07-08T22:10:00Z,74.71,74.73,74.61,74.65,359
2026-07-08T22:15:00Z,74.66,74.69,74.57,74.63,378
2026-07-08T22:20:00Z,74.66,74.69,74.6,74.6,69
2026-07-08T22:25:00Z,74.59,74.62,74.45,74.49,357
2026-07-08T22:30:00Z,74.5,74.54,74.22,74.35,631
2026-07-08T22:35:00Z,74.32,74.59,74.25,74.55,1460
2026-07-08T22:40:00Z,74.53,74.59,74.44,74.5,1062
2026-07-08T22:45:00Z,74.53,74.59,74.5,74.58,570
2026-07-08T22:50:00Z,74.59,74.61,74.54,74.59,426
2026-07-08T22:55:00Z,74.61,74.61,74.43,74.53,206
2026-07-08T23:00:00Z,74.52,74.53,74.49,74.53,148
2026-07-08T23:05:00Z,74.52,74.56,74.51,74.54,139
2026-07-08T23:10:00Z,74.54,74.55,74.51,74.52,28
2026-07-08T23:15:00Z,74.54,74.57,74.51,74.55,77
2026-07-08T23:20:00Z,74.56,74.56,74.46,74.49,53
2026-07-08T23:25:00Z,74.47,74.48,74.42,74.46,53
2026-07-08T23:30:00Z,74.45,74.49,74.42,74.46,60
2026-07-08T23:35:00Z,74.46,74.46,74.41,74.42,42
2026-07-08T23:40:00Z,74.42,74.45,74.42,74.43,28
2026-07-08T23:45:00Z,74.44,74.5,74.44,74.47,29
2026-07-08T23:50:00Z,74.46,74.47,74.42,74.45,40
2026-07-08T23:55:00Z,74.45,74.48,74.4,74.46,62
2026-07-09T00:00:00Z,74.45,74.52,74.33,74.33,397
2026-07-09T00:05:00Z,74.33,74.37,74.22,74.28,409
2026-07-09T00:10:00Z,74.3,74.31,74.13,74.21,201
2026-07-09T00:15:00Z,74.22,74.27,74.12,74.17,199
2026-07-09T00:20:00Z,74.18,74.3,74.16,74.28,144
2026-07-09T00:25:00Z,74.26,74.36,74.18,74.23,134
2026-07-09T00:30:00Z,74.22,74.33,74.09,74.32,317
2026-07-09T00:35:00Z,74.33,74.38,74.16,74.25,171
2026-07-09T00:40:00Z,74.25,74.25,74.17,74.24,227
2026-07-09T00:45:00Z,74.26,74.29,74.22,74.23,96
2026-07-09T00:50:00Z,74.24,74.31,74.21,74.26,151
2026-07-09T00:55:00Z,74.28,74.28,74.0,74.02,385
2026-07-09T01:00:00Z,74.02,74.34,73.88,74.26,1025
2026-07-09T01:05:00Z,74.26,74.26,74.08,74.12,301
2026-07-09T01:10:00Z,74.12,74.5,74.11,74.47,407
2026-07-09T01:15:00Z,74.48,74.62,74.44,74.47,574
2026-07-09T01:20:00Z,74.49,74.55,74.38,74.48,304
2026-07-09T01:25:00Z,74.47,74.5,74.38,74.4,80
2026-07-09T01:30:00Z,74.38,74.39,74.22,74.24,273
2026-07-09T01:35:00Z,74.24,74.25,74.11,74.2,208
2026-07-09T01:40:00Z,74.19,74.21,74.11,74.2,283
2026-07-09T01:45:00Z,74.18,74.24,74.1,74.16,119
2026-07-09T01:50:00Z,74.16,74.21,74.13,74.19,96
2026-07-09T01:55:00Z,74.2,74.21,74.08,74.12,126
2026-07-09T02:00:00Z,74.12,74.18,73.97,74.06,369
2026-07-09T02:05:00Z,74.07,74.26,74.07,74.22,207
2026-07-09T02:10:00Z,74.22,74.28,74.15,74.19,292
2026-07-09T02:15:00Z,74.2,74.25,74.17,74.21,96
2026-07-09T02:20:00Z,74.2,74.31,74.16,74.3,504
2026-07-09T02:25:00Z,74.31,74.33,74.23,74.24,150
2026-07-09T02:30:00Z,74.27,74.41,74.27,74.38,150
2026-07-09T02:35:00Z,74.39,74.47,74.36,74.47,176
2026-07-09T02:40:00Z,74.46,74.5,74.43,74.43,253
2026-07-09T02:45:00Z,74.42,74.59,74.4,74.59,168
2026-07-09T02:50:00Z,74.59,74.67,74.56,74.6,240
2026-07-09T02:55:00Z,74.59,74.59,74.47,74.51,178
2026-07-09T03:00:00Z,74.53,74.6,74.5,74.53,112
2026-07-09T03:05:00Z,74.52,74.55,74.35,74.4,331
2026-07-09T03:10:00Z,74.38,74.43,74.29,74.31,183
2026-07-09T03:15:00Z,74.32,74.35,74.26,74.33,157
2026-07-09T03:20:00Z,74.33,74.45,74.33,74.42,322
2026-07-09T03:25:00Z,74.42,74.45,74.36,74.41,93
2026-07-09T03:30:00Z,74.4,74.42,74.16,74.26,290
2026-07-09T03:35:00Z,74.25,74.3,74.22,74.27,143
2026-07-09T03:40:00Z,74.27,74.36,74.24,74.36,148
2026-07-09T03:45:00Z,74.36,74.38,74.29,74.33,117
2026-07-09T03:50:00Z,74.33,74.38,74.26,74.26,87
2026-07-09T03:55:00Z,74.26,74.32,74.26,74.28,57
2026-07-09T04:00:00Z,74.27,74.34,74.26,74.3,75
2026-07-09T04:05:00Z,74.31,74.34,74.29,74.29,21
2026-07-09T04:10:00Z,74.29,74.36,74.29,74.36,55
2026-07-09T04:15:00Z,74.36,74.37,74.32,74.32,62
2026-07-09T04:20:00Z,74.32,74.38,74.31,74.37,29
2026-07-09T04:25:00Z,74.39,74.41,74.38,74.39,84
2026-07-09T04:30:00Z,74.39,74.41,74.33,74.36,66
2026-07-09T04:35:00Z,74.36,74.37,74.32,74.34,29
2026-07-09T04:40:00Z,74.32,74.34,74.25,74.28,482
2026-07-09T04:45:00Z,74.28,74.35,74.28,74.29,46
2026-07-09T04:50:00Z,74.31,74.36,74.29,74.32,76
2026-07-09T04:55:00Z,74.32,74.38,74.32,74.35,52
2026-07-09T05:00:00Z,74.34,74.39,74.29,74.33,70
2026-07-09T05:05:00Z,74.33,74.34,74.25,74.31,84
2026-07-09T05:10:00Z,74.3,74.33,74.0,74.25,1705
2026-07-09T05:15:00Z,74.27,74.54,74.27,74.48,969
2026-07-09T05:20:00Z,74.48,74.54,74.38,74.44,211
2026-07-09T05:25:00Z,74.45,74.45,74.3,74.31,241
2026-07-09T05:30:00Z,74.3,74.3,73.78,73.86,1030
2026-07-09T05:35:00Z,73.87,73.91,73.72,73.72,709
2026-07-09T05:40:00Z,73.72,73.78,73.6,73.69,706
2026-07-09T05:45:00Z,73.68,73.69,73.42,73.46,559
2026-07-09T05:50:00Z,73.45,73.47,73.13,73.22,1430
2026-07-09T05:55:00Z,73.23,73.27,73.0,73.06,999
2026-07-09T06:00:00Z,73.08,73.3,73.01,73.25,803
2026-07-09T06:05:00Z,73.24,73.43,73.23,73.4,611
2026-07-09T06:10:00Z,73.41,73.53,73.4,73.42,557
2026-07-09T06:15:00Z,73.44,73.49,73.26,73.31,523
2026-07-09T06:20:00Z,73.29,73.32,73.14,73.18,409
2026-07-09T06:25:00Z,73.19,73.43,73.16,73.34,410
2026-07-09T06:30:00Z,73.35,73.39,73.26,73.27,273
2026-07-09T06:35:00Z,73.28,73.37,73.21,73.32,306
2026-07-09T06:40:00Z,73.3,73.33,73.17,73.2,339
2026-07-09T06:45:00Z,73.2,73.33,73.19,73.33,413
2026-07-09T06:50:00Z,73.32,73.39,73.27,73.35,192
2026-07-09T06:55:00Z,73.37,73.39,73.25,73.31,296
2026-07-09T07:00:00Z,73.32,73.4,73.14,73.28,448
2026-07-09T07:05:00Z,73.28,73.57,73.25,73.52,581
2026-07-09T07:10:00Z,73.52,73.74,73.52,73.67,1173
2026-07-09T07:15:00Z,73.68,73.69,73.4,73.42,674
2026-07-09T07:20:00Z,73.43,73.54,73.39,73.41,366
2026-07-09T07:25:00Z,73.41,73.43,73.17,73.21,432
2026-07-09T07:30:00Z,73.21,73.25,72.87,72.89,1298
2026-07-09T07:35:00Z,72.88,72.99,72.81,72.96,736
2026-07-09T07:40:00Z,72.97,72.99,72.71,72.74,1029
2026-07-09T07:45:00Z,72.74,72.81,72.54,72.72,1309
2026-07-09T07:50:00Z,72.71,72.73,72.56,72.72,509
2026-07-09T07:55:00Z,72.72,72.96,72.68,72.76,1200
2026-07-09T08:00:00Z,72.76,72.92,72.72,72.78,945
2026-07-09T08:05:00Z,72.79,72.81,72.54,72.58,1031
2026-07-09T08:10:00Z,72.58,72.76,72.54,72.63,656
2026-07-09T08:15:00Z,72.63,72.63,72.42,72.47,832
2026-07-09T08:20:00Z,72.45,72.54,72.41,72.49,354
2026-07-09T08:25:00Z,72.48,72.61,72.44,72.49,1039
2026-07-09T08:30:00Z,72.49,72.83,72.37,72.77,1559
2026-07-09T08:35:00Z,72.76,72.99,72.73,72.98,659
2026-07-09T08:40:00Z,72.98,73.02,72.85,72.85,473
2026-07-09T08:45:00Z,72.87,72.98,72.84,72.89,567
2026-07-09T08:50:00Z,72.89,72.91,72.73,72.8,366
2026-07-09T08:55:00Z,72.81,73.05,72.8,73.02,551
2026-07-09T09:00:00Z,73.04,73.18,72.98,73.14,734
2026-07-09T09:05:00Z,73.13,73.23,73.09,73.15,513
2026-07-09T09:10:00Z,73.14,73.18,72.97,73.0,447
2026-07-09T09:15:00Z,72.98,73.14,72.97,73.07,343
2026-07-09T09:20:00Z,73.06,73.16,72.99,73.12,361
2026-07-09T09:25:00Z,73.13,73.23,73.12,73.2,595
2026-07-09T09:30:00Z,73.21,73.26,73.09,73.25,605
2026-07-09T09:35:00Z,73.24,73.42,73.24,73.34,664
2026-07-09T09:40:00Z,73.34,73.57,73.34,73.53,895
2026-07-09T09:45:00Z,73.53,73.67,73.51,73.62,622
2026-07-09T09:50:00Z,73.62,73.64,73.38,73.49,1269
2026-07-09T09:55:00Z,73.48,73.54,73.44,73.51,493
2026-07-09T10:00:00Z,73.51,73.64,73.51,73.57,387
2026-07-09T10:05:00Z,73.56,73.66,73.52,73.57,406
2026-07-09T10:10:00Z,73.57,73.7,73.42,73.6,757
2026-07-09T10:15:00Z,73.6,73.67,73.49,73.63,405
2026-07-09T10:20:00Z,73.62,73.76,73.58,73.75,309
2026-07-09T10:25:00Z,73.76,73.83,73.72,73.8,509
2026-07-09T10:30:00Z,73.81,73.89,73.78,73.78,747
2026-07-09T10:35:00Z,73.76,73.77,73.6,73.66,378
2026-07-09T10:40:00Z,73.68,73.83,73.6,73.73,463
2026-07-09T10:45:00Z,73.74,74.04,73.74,73.98,798
2026-07-09T10:50:00Z,73.98,74.54,73.98,74.43,2120
2026-07-09T10:55:00Z,74.43,74.62,74.23,74.25,1911
2026-07-09T11:00:00Z,74.25,74.29,73.97,74.09,1532
2026-07-09T11:05:00Z,74.08,74.23,73.96,74.11,891
2026-07-09T11:10:00Z,74.11,74.11,73.89,73.99,480
2026-07-09T11:15:00Z,74.0,74.24,74.0,74.05,413
2026-07-09T11:20:00Z,74.08,74.16,73.98,74.15,451
2026-07-09T11:25:00Z,74.13,74.16,74.04,74.07,206
2026-07-09T11:30:00Z,74.08,74.23,73.95,74.02,1293
2026-07-09T11:35:00Z,74.02,74.06,73.85,73.86,366
2026-07-09T11:40:00Z,73.85,74.01,73.85,74.0,332
2026-07-09T11:45:00Z,73.99,74.11,73.83,73.97,1234
2026-07-09T11:50:00Z,73.97,74.03,73.9,74.01,417
2026-07-09T11:55:00Z,74.01,74.03,73.88,73.96,312
2026-07-09T12:00:00Z,73.95,74.13,73.86,74.0,944
2026-07-09T12:05:00Z,74.0,74.09,73.82,73.88,425
2026-07-09T12:10:00Z,73.87,73.9,73.63,73.7,917
2026-07-09T12:15:00Z,73.7,73.81,73.63,73.76,825
2026-07-09T12:20:00Z,73.75,73.76,73.66,73.7,717
2026-07-09T12:25:00Z,73.7,73.88,73.69,73.84,782
2026-07-09T12:30:00Z,73.84,73.94,73.76,73.76,763
2026-07-09T12:35:00Z,73.75,73.89,73.66,73.88,1278
2026-07-09T12:40:00Z,73.88,74.11,73.88,73.98,2029
2026-07-09T12:45:00Z,73.99,74.05,73.88,74.02,2691
2026-07-09T12:50:00Z,74.02,74.02,73.85,73.94,1323
2026-07-09T12:55:00Z,73.93,73.98,73.86,73.93,1008
2026-07-09T13:00:00Z,73.92,74.01,73.69,73.7,3188
2026-07-09T13:05:00Z,73.71,73.91,73.44,73.47,2308
2026-07-09T13:10:00Z,73.47,73.55,73.3,73.33,2292
2026-07-09T13:15:00Z,73.31,73.31,72.94,72.97,3354
2026-07-09T13:20:00Z,72.97,73.18,72.96,73.08,1658
2026-07-09T13:25:00Z,73.08,73.23,73.03,73.18,1364
2026-07-09T13:30:00Z,73.18,73.24,72.82,72.98,2091
2026-07-09T13:35:00Z,72.99,73.06,72.93,72.96,1074
2026-07-09T13:40:00Z,72.96,73.01,72.71,72.8,2270
2026-07-09T13:45:00Z,72.82,72.87,72.71,72.75,1334
2026-07-09T13:50:00Z,72.75,72.98,72.73,72.85,1925
2026-07-09T13:55:00Z,72.84,72.85,72.62,72.66,2466
2026-07-09T14:00:00Z,72.66,72.84,72.51,72.75,2504
2026-07-09T14:05:00Z,72.75,72.92,72.56,72.71,3613
2026-07-09T14:10:00Z,72.71,72.74,72.52,72.57,1745
2026-07-09T14:15:00Z,72.56,72.65,72.51,72.53,1535
2026-07-09T14:20:00Z,72.54,72.66,72.45,72.58,1646
2026-07-09T14:25:00Z,72.59,72.73,72.56,72.69,1124
2026-07-09T14:30:00Z,72.69,72.71,72.43,72.43,1348
2026-07-09T14:35:00Z,72.42,72.77,72.39,72.63,2916
2026-07-09T14:40:00Z,72.63,72.85,72.62,72.79,1554
2026-07-09T14:45:00Z,72.79,73.08,72.71,73.02,2009
2026-07-09T14:50:00Z,73.01,73.03,72.16,72.3,3671
2026-07-09T14:55:00Z,72.3,72.4,72.21,72.31,2561
2026-07-09T15:00:00Z,72.31,72.43,72.27,72.37,1367
2026-07-09T15:05:00Z,72.36,72.5,72.31,72.41,1327
2026-07-09T15:10:00Z,72.42,72.53,72.37,72.45,1460
2026-07-09T15:15:00Z,72.45,72.45,72.19,72.32,2185
2026-07-09T15:20:00Z,72.32,72.34,72.2,72.21,1310
2026-07-09T15:25:00Z,72.2,72.24,72.07,72.18,2177
2026-07-09T15:30:00Z,72.18,72.43,72.15,72.31,1939
2026-07-09T15:35:00Z,72.31,72.38,72.12,72.14,986
2026-07-09T15:40:00Z,72.14,72.21,71.91,71.95,2255
2026-07-09T15:45:00Z,71.96,72.12,71.81,72.08,3149
2026-07-09T15:50:00Z,72.07,72.16,71.95,72.12,1534
2026-07-09T15:55:00Z,72.12,72.14,72.06,72.12,1093
2026-07-09T16:00:00Z,72.14,72.15,72.01,72.06,1336
2026-07-09T16:05:00Z,72.06,72.17,71.98,72.17,1139
2026-07-09T16:10:00Z,72.17,72.27,72.09,72.12,2046
2026-07-09T16:15:00Z,72.1,72.12,71.9,72.01,1350
2026-07-09T16:20:00Z,72.01,72.06,71.97,72.03,964
2026-07-09T16:25:00Z,72.03,72.13,71.94,71.99,832
2026-07-09T16:30:00Z,72.0,72.09,71.96,72.09,1257
2026-07-09T16:35:00Z,72.08,72.12,71.99,72.07,1275
2026-07-09T16:40:00Z,72.04,72.1,72.0,72.04,1324
2026-07-09T16:45:00Z,72.05,72.08,71.97,72.04,1755
2026-07-09T16:50:00Z,72.02,72.05,71.64,71.71,2444
2026-07-09T16:55:00Z,71.7,71.95,71.65,71.94,1814
2026-07-09T17:00:00Z,71.94,72.02,71.87,71.93,1006
2026-07-09T17:05:00Z,71.94,72.02,71.9,72.0,732
2026-07-09T17:10:00Z,72.0,72.12,71.99,72.04,1007
2026-07-09T17:15:00Z,72.03,72.08,71.92,71.92,1197
2026-07-09T17:20:00Z,71.93,71.96,71.88,71.91,998
2026-07-09T17:25:00Z,71.9,71.94,71.77,71.81,1302
2026-07-09T17:30:00Z,71.81,71.89,71.72,71.73,1226
2026-07-09T17:35:00Z,71.73,71.73,71.43,71.54,4124
2026-07-09T17:40:00Z,71.54,71.64,71.53,71.54,1191
2026-07-09T17:45:00Z,71.55,71.64,71.51,71.52,1033
2026-07-09T17:50:00Z,71.52,71.59,71.46,71.59,1654
2026-07-09T17:55:00Z,71.59,71.69,71.46,71.53,2425
2026-07-09T18:00:00Z,71.52,71.61,71.42,71.59,2231
2026-07-09T18:05:00Z,71.59,71.68,71.53,71.53,2379
2026-07-09T18:10:00Z,71.52,71.72,71.5,71.67,2430
2026-07-09T18:15:00Z,71.67,71.98,71.66,71.98,2701
2026-07-09T18:20:00Z,71.97,72.13,71.94,72.13,3934
2026-07-09T18:25:00Z,72.14,72.2,71.94,72.1,9139
2026-07-09T18:30:00Z,72.1,72.14,71.94,71.98,3253
2026-07-09T18:35:00Z,71.98,72.02,71.88,71.89,683
2026-07-09T18:40:00Z,71.89,71.92,71.63,71.68,2019
2026-07-09T18:45:00Z,71.67,71.81,71.67,71.77,861
2026-07-09T18:50:00Z,71.77,71.8,71.7,71.73,720
2026-07-09T18:55:00Z,71.72,71.72,71.56,71.61,1057
2026-07-09T19:00:00Z,71.6,71.62,71.43,71.5,922
2026-07-09T19:05:00Z,71.5,71.63,71.5,71.6,302
2026-07-09T19:10:00Z,71.61,71.66,71.59,71.61,445
2026-07-09T19:15:00Z,71.6,71.61,71.57,71.6,314
2026-07-09T19:20:00Z,71.6,71.65,71.58,71.64,465
2026-07-09T19:25:00Z,71.63,71.69,71.6,71.69,637
2026-07-09T19:30:00Z,71.71,71.82,71.67,71.73,434
2026-07-09T19:35:00Z,71.73,71.8,71.73,71.75,312
2026-07-09T19:40:00Z,71.75,71.84,71.73,71.83,154
2026-07-09T19:45:00Z,71.83,71.87,71.8,71.87,339
2026-07-09T19:50:00Z,71.87,71.88,71.81,71.85,231
2026-07-09T19:55:00Z,71.84,71.89,71.82,71.88,297
2026-07-09T20:00:00Z,71.88,71.93,71.84,71.85,342
2026-07-09T20:05:00Z,71.84,71.84,71.63,71.68,777
2026-07-09T20:10:00Z,71.68,71.78,71.63,71.73,343
2026-07-09T20:15:00Z,71.73,71.81,71.73,71.79,154
2026-07-09T20:20:00Z,71.77,71.8,71.75,71.79,167
2026-07-09T20:25:00Z,71.8,71.84,71.79,71.83,120
2026-07-09T20:30:00Z,71.81,71.91,71.81,71.83,187
2026-07-09T20:35:00Z,71.84,71.84,71.76,71.78,130
2026-07-09T20:40:00Z,71.77,71.86,71.76,71.84,58
2026-07-09T20:45:00Z,71.84,71.88,71.8,71.81,132
2026-07-09T20:50:00Z,71.81,71.81,71.73,71.79,192
2026-07-09T20:55:00Z,71.8,71.84,71.76,71.81,247
2026-07-09T22:00:00Z,71.86,71.86,71.7,71.79,0
2026-07-09T22:05:00Z,71.8,71.82,71.22,71.68,659
2026-07-09T22:10:00Z,71.69,71.81,71.67,71.77,116
2026-07-09T22:15:00Z,71.77,71.81,71.71,71.8,68
2026-07-09T22:20:00Z,71.83,71.86,71.76,71.76,78
2026-07-09T22:25:00Z,71.75,71.76,71.71,71.73,68
2026-07-09T22:30:00Z,71.76,71.84,71.75,71.81,52
2026-07-09T22:35:00Z,71.81,71.85,71.74,71.82,127
2026-07-09T22:40:00Z,71.79,71.86,71.76,71.83,120
2026-07-09T22:45:00Z,71.85,71.87,71.83,71.84,32
2026-07-09T22:50:00Z,71.83,71.83,71.8,71.8,12
2026-07-09T22:55:00Z,71.8,71.83,71.8,71.83,20
2026-07-09T23:00:00Z,71.82,71.88,71.82,71.86,27
2026-07-09T23:05:00Z,71.85,71.89,71.84,71.86,74
2026-07-09T23:10:00Z,71.85,71.85,71.74,71.77,82
2026-07-09T23:15:00Z,71.77,71.82,71.76,71.82,38
2026-07-09T23:20:00Z,71.81,71.83,71.78,71.82,23
2026-07-09T23:25:00Z,71.83,71.88,71.82,71.87,66
2026-07-09T23:30:00Z,71.87,71.87,71.85,71.87,17
2026-07-09T23:35:00Z,71.87,71.88,71.81,71.82,88
2026-07-09T23:40:00Z,71.83,71.85,71.8,71.85,121
2026-07-09T23:45:00Z,71.84,71.87,71.84,71.85,16
2026-07-09T23:50:00Z,71.86,71.88,71.85,71.88,12
2026-07-09T23:55:00Z,71.87,71.95,71.83,71.92,123
2026-07-10T00:00:00Z,71.92,71.99,71.78,71.84,411
2026-07-10T00:05:00Z,71.86,71.96,71.86,71.92,102
2026-07-10T00:10:00Z,71.91,71.92,71.81,71.84,122
2026-07-10T00:15:00Z,71.84,71.88,71.78,71.83,98
2026-07-10T00:20:00Z,71.83,71.9,71.82,71.87,60
2026-07-10T00:25:00Z,71.86,71.89,71.79,71.84,73
2026-07-10T00:30:00Z,71.84,71.93,71.84,71.92,47
2026-07-10T00:35:00Z,71.91,71.91,71.87,71.91,53
2026-07-10T00:40:00Z,71.92,71.95,71.9,71.93,139
2026-07-10T00:45:00Z,71.92,71.99,71.89,71.97,120
2026-07-10T00:50:00Z,71.96,71.99,71.95,71.97,41
2026-07-10T00:55:00Z,71.97,72.01,71.93,71.97,97
2026-07-10T01:00:00Z,71.97,72.1,71.77,71.85,608
2026-07-10T01:05:00Z,71.86,72.0,71.82,72.0,156
2026-07-10T01:10:00Z,72.01,72.07,71.94,71.95,164
2026-07-10T01:15:00Z,71.95,72.11,71.95,72.09,154
2026-07-10T01:20:00Z,72.09,72.18,72.02,72.05,210
2026-07-10T01:25:00Z,72.05,72.11,72.03,72.1,158
2026-07-10T01:30:00Z,72.12,72.13,72.02,72.06,115
2026-07-10T01:35:00Z,72.08,72.13,72.07,72.09,87
2026-07-10T01:40:00Z,72.09,72.14,72.04,72.13,157
2026-07-10T01:45:00Z,72.12,72.16,72.09,72.15,127
2026-07-10T01:50:00Z,72.14,72.18,72.07,72.11,101
2026-07-10T01:55:00Z,72.1,72.18,72.07,72.14,100
2026-07-10T02:00:00Z,72.15,72.16,72.12,72.14,65
2026-07-10T02:05:00Z,72.15,72.24,72.08,72.19,323
2026-07-10T02:10:00Z,72.2,72.22,72.16,72.2,351
2026-07-10T02:15:00Z,72.18,72.18,72.12,72.13,99
2026-07-10T02:20:00Z,72.16,72.26,72.16,72.25,180
2026-07-10T02:25:00Z,72.24,72.29,72.24,72.27,221
2026-07-10T02:30:00Z,72.29,72.33,72.27,72.32,58
2026-07-10T02:35:00Z,72.3,72.31,72.2,72.23,244
2026-07-10T02:40:00Z,72.24,72.32,72.22,72.29,146
2026-07-10T02:45:00Z,72.3,72.35,72.26,72.35,108
2026-07-10T02:50:00Z,72.36,72.42,72.32,72.39,115
2026-07-10T02:55:00Z,72.38,72.39,72.34,72.36,94
2026-07-10T03:00:00Z,72.36,72.38,72.23,72.24,171
2026-07-10T03:05:00Z,72.28,72.28,72.17,72.22,152
2026-07-10T03:10:00Z,72.23,72.3,72.22,72.27,79
2026-07-10T03:15:00Z,72.28,72.31,72.27,72.27,115
2026-07-10T03:20:00Z,72.26,72.35,72.26,72.28,88
2026-07-10T03:25:00Z,72.29,72.31,72.25,72.28,56
2026-07-10T03:30:00Z,72.29,72.29,72.21,72.26,179
2026-07-10T03:35:00Z,72.26,72.38,72.26,72.34,123
2026-07-10T03:40:00Z,72.34,72.34,72.27,72.27,120
2026-07-10T03:45:00Z,72.28,72.31,72.27,72.29,51
2026-07-10T03:50:00Z,72.29,72.36,72.28,72.35,78
2026-07-10T03:55:00Z,72.35,72.41,72.34,72.39,55
2026-07-10T04:00:00Z,72.42,72.44,72.36,72.36,91
2026-07-10T04:05:00Z,72.36,72.43,72.35,72.41,156
2026-07-10T04:10:00Z,72.42,72.48,72.42,72.42,114
2026-07-10T04:15:00Z,72.42,72.56,72.41,72.5,442
2026-07-10T04:20:00Z,72.49,72.54,72.49,72.53,75
2026-07-10T04:25:00Z,72.54,72.55,72.45,72.46,191
2026-07-10T04:30:00Z,72.44,72.47,72.42,72.47,90
2026-07-10T04:35:00Z,72.44,72.44,72.38,72.4,80
2026-07-10T04:40:00Z,72.39,72.41,72.28,72.29,174
2026-07-10T04:45:00Z,72.3,72.32,72.28,72.32,77
2026-07-10T04:50:00Z,72.32,72.32,72.18,72.22,176
2026-07-10T04:55:00Z,72.23,72.3,72.22,72.29,221
2026-07-10T05:00:00Z,72.31,72.42,72.29,72.4,188
2026-07-10T05:05:00Z,72.41,72.41,72.34,72.35,128
2026-07-10T05:10:00Z,72.39,72.43,72.38,72.39,54
2026-07-10T05:15:00Z,72.4,72.41,72.34,72.35,57
2026-07-10T05:20:00Z,72.36,72.36,72.29,72.33,121
2026-07-10T05:25:00Z,72.34,72.35,72.28,72.3,55
2026-07-10T05:30:00Z,72.3,72.35,72.21,72.34,198
2026-07-10T05:35:00Z,72.34,72.38,72.3,72.35,37
2026-07-10T05:40:00Z,72.37,72.39,72.35,72.39,123
2026-07-10T05:45:00Z,72.37,72.38,72.23,72.24,156
2026-07-10T05:50:00Z,72.25,72.25,72.06,72.08,405
2026-07-10T05:55:00Z,72.08,72.16,71.97,72.16,494
2026-07-10T06:00:00Z,72.18,72.18,71.93,71.98,384
2026-07-10T06:05:00Z,71.97,72.01,71.92,71.97,134
2026-07-10T06:10:00Z,71.96,71.99,71.88,71.88,175
2026-07-10T06:15:00Z,71.89,71.96,71.75,71.9,530
2026-07-10T06:20:00Z,71.87,71.98,71.8,71.83,299
2026-07-10T06:25:00Z,71.87,71.95,71.85,71.89,157
2026-07-10T06:30:00Z,71.88,72.1,71.88,72.1,134
2026-07-10T06:35:00Z,72.1,72.12,72.05,72.11,146
2026-07-10T06:40:00Z,72.1,72.26,72.07,72.23,354
2026-07-10T06:45:00Z,72.23,72.26,72.14,72.14,266
2026-07-10T06:50:00Z,72.14,72.18,72.03,72.07,334
2026-07-10T06:55:00Z,72.07,72.09,72.0,72.04,269
2026-07-10T07:00:00Z,72.04,72.09,71.89,71.97,472
2026-07-10T07:05:00Z,71.98,72.08,71.92,72.01,808
2026-07-10T07:10:00Z,72.0,72.07,71.76,71.78,721
2026-07-10T07:15:00Z,71.79,71.84,71.53,71.54,922
2026-07-10T07:20:00Z,71.52,71.56,71.45,71.54,1073
2026-07-10T07:25:00Z,71.52,71.66,71.47,71.59,510
2026-07-10T07:30:00Z,71.58,71.66,71.4,71.43,492
2026-07-10T07:35:00Z,71.44,71.53,71.31,71.34,493
2026-07-10T07:40:00Z,71.32,71.47,71.32,71.4,521
2026-07-10T07:45:00Z,71.4,71.51,71.37,71.39,455
2026-07-10T07:50:00Z,71.39,71.58,71.39,71.55,491
2026-07-10T07:55:00Z,71.54,71.63,71.5,71.57,295
2026-07-10T08:00:00Z,71.55,71.61,71.16,71.29,1298
2026-07-10T08:05:00Z,71.3,71.48,71.19,71.25,566
2026-07-10T08:10:00Z,71.27,71.4,71.18,71.38,613
2026-07-10T08:15:00Z,71.4,71.48,71.35,71.44,400
2026-07-10T08:20:00Z,71.45,71.58,71.45,71.53,494
2026-07-10T08:25:00Z,71.51,71.65,71.48,71.64,1002
2026-07-10T08:30:00Z,71.63,72.0,71.63,71.91,1075
2026-07-10T08:35:00Z,71.91,72.16,71.85,72.12,868
2026-07-10T08:40:00Z,72.12,72.19,71.89,71.91,598
2026-07-10T08:45:00Z,71.91,72.05,71.84,71.84,493
2026-07-10T08:50:00Z,71.86,72.1,71.86,72.03,370
2026-07-10T08:55:00Z,72.03,72.04,71.8,71.89,697
2026-07-10T09:00:00Z,71.89,72.0,71.81,71.99,279
2026-07-10T09:05:00Z,72.0,72.05,71.86,71.86,362
2026-07-10T09:10:00Z,71.87,71.87,71.63,71.7,1044
2026-07-10T09:15:00Z,71.7,71.72,71.51,71.56,514
2026-07-10T09:20:00Z,71.56,71.78,71.55,71.68,386
2026-07-10T09:25:00Z,71.65,71.76,71.61,71.65,351
2026-07-10T09:30:00Z,71.64,71.71,71.55,71.71,476
2026-07-10T09:35:00Z,71.71,71.93,71.71,71.78,484
2026-07-10T09:40:00Z,71.78,71.89,71.77,71.85,173
2026-07-10T09:45:00Z,71.87,71.95,71.83,71.9,315
2026-07-10T09:50:00Z,71.91,71.95,71.87,71.92,170
2026-07-10T09:55:00Z,71.88,71.91,71.77,71.85,202
2026-07-10T10:00:00Z,71.86,71.96,71.81,71.9,218
2026-07-10T10:05:00Z,71.9,72.03,71.82,71.94,337
2026-07-10T10:10:00Z,71.97,72.04,71.91,72.01,267
2026-07-10T10:15:00Z,72.0,72.07,71.9,71.99,1155
2026-07-10T10:20:00Z,71.99,72.05,71.9,71.92,162
2026-07-10T10:25:00Z,71.92,71.99,71.91,71.97,203
2026-07-10T10:30:00Z,71.98,72.02,71.92,71.98,211
2026-07-10T10:35:00Z,71.99,72.03,71.94,71.98,157
2026-07-10T10:40:00Z,71.97,71.99,71.89,71.94,225
2026-07-10T10:45:00Z,71.94,72.22,71.94,72.16,736
2026-07-10T10:50:00Z,72.16,72.3,72.12,72.25,609
2026-07-10T10:55:00Z,72.24,72.29,72.19,72.24,253
2026-07-10T11:00:00Z,72.25,72.3,72.14,72.24,512
2026-07-10T11:05:00Z,72.24,72.26,72.15,72.22,394
2026-07-10T11:10:00Z,72.22,72.33,72.16,72.25,676
2026-07-10T11:15:00Z,72.24,72.36,72.22,72.33,470
2026-07-10T11:20:00Z,72.32,72.39,72.24,72.31,463
2026-07-10T11:25:00Z,72.31,72.53,72.3,72.49,1002
2026-07-10T11:30:00Z,72.49,72.67,72.47,72.61,777
2026-07-10T11:35:00Z,72.62,72.63,72.51,72.58,700
2026-07-10T11:40:00Z,72.58,72.59,72.45,72.54,394
2026-07-10T11:45:00Z,72.53,72.57,72.45,72.49,645
2026-07-10T11:50:00Z,72.5,72.79,72.5,72.78,1631
2026-07-10T11:55:00Z,72.79,72.84,72.71,72.73,835
2026-07-10T12:00:00Z,72.73,72.83,72.63,72.73,921
2026-07-10T12:05:00Z,72.74,72.85,72.59,72.6,1512
2026-07-10T12:10:00Z,72.59,72.59,71.47,71.9,6802
2026-07-10T12:15:00Z,71.91,72.18,71.81,72.14,2055
2026-07-10T12:20:00Z,72.14,72.22,72.07,72.08,684
2026-07-10T12:25:00Z,72.1,72.18,72.04,72.05,344
2026-07-10T12:30:00Z,72.06,72.29,72.05,72.26,591
2026-07-10T12:35:00Z,72.26,72.34,72.23,72.24,534
2026-07-10T12:40:00Z,72.24,72.3,72.2,72.27,317
2026-07-10T12:45:00Z,72.27,72.34,72.15,72.31,698
2026-07-10T12:50:00Z,72.3,72.31,72.08,72.09,1113
2026-07-10T12:55:00Z,72.12,72.18,71.92,71.95,683
2026-07-10T13:00:00Z,71.96,72.17,71.93,72.06,1277
2026-07-10T13:05:00Z,72.06,72.09,71.87,72.0,720
2026-07-10T13:10:00Z,72.0,72.09,71.98,72.03,742
2026-07-10T13:15:00Z,72.05,72.39,72.04,72.32,1358
2026-07-10T13:20:00Z,72.31,72.31,72.05,72.12,823
2026-07-10T13:25:00Z,72.11,72.15,72.07,72.11,337
2026-07-10T13:30:00Z,72.1,72.19,71.93,72.07,1319
2026-07-10T13:35:00Z,72.07,72.17,71.73,71.8,2069
2026-07-10T13:40:00Z,71.81,71.82,71.6,71.68,2607
2026-07-10T13:45:00Z,71.67,71.79,71.6,71.7,1089
2026-07-10T13:50:00Z,71.69,71.8,71.56,71.66,1610
2026-07-10T13:55:00Z,71.67,71.79,71.5,71.59,1701
2026-07-10T14:00:00Z,71.6,71.69,71.53,71.61,1292
2026-07-10T14:05:00Z,71.61,71.77,71.59,71.7,1203
2026-07-10T14:10:00Z,71.69,71.82,71.64,71.8,1144
2026-07-10T14:15:00Z,71.8,71.86,71.7,71.72,1466
2026-07-10T14:20:00Z,71.69,71.86,71.68,71.75,912
2026-07-10T14:25:00Z,71.76,71.82,71.72,71.73,556
2026-07-10T14:30:00Z,71.73,73.16,71.25,72.14,10653
2026-07-10T14:35:00Z,72.1,72.1,71.8,71.99,3222
2026-07-10T14:40:00Z,71.99,72.06,71.74,72.0,1948
2026-07-10T14:45:00Z,72.01,72.05,71.75,71.89,1353
2026-07-10T14:50:00Z,71.88,72.0,71.8,71.85,1816
2026-07-10T14:55:00Z,71.84,71.94,71.8,71.93,975
2026-07-10T15:00:00Z,71.93,71.93,71.52,71.66,2004
2026-07-10T15:05:00Z,71.66,71.66,71.46,71.55,1657
2026-07-10T15:10:00Z,71.55,71.58,71.26,71.37,1864
2026-07-10T15:15:00Z,71.36,71.44,71.24,71.37,1300
2026-07-10T15:20:00Z,71.36,71.56,71.17,71.28,2659
2026-07-10T15:25:00Z,71.28,71.34,71.14,71.33,1931
2026-07-10T15:30:00Z,71.33,71.42,71.18,71.23,2301
2026-07-10T15:35:00Z,71.22,71.25,71.08,71.2,2052
2026-07-10T15:40:00Z,71.2,71.26,71.09,71.23,1137
2026-07-10T15:45:00Z,71.22,71.26,71.1,71.15,1035
2026-07-10T15:50:00Z,71.14,71.14,70.77,70.88,4363
2026-07-10T15:55:00Z,70.88,71.04,70.84,71.01,1944
2026-07-10T16:00:00Z,71.01,71.27,71.01,71.27,1513
2026-07-10T16:05:00Z,71.26,71.37,71.18,71.24,1718
2026-07-10T16:10:00Z,71.23,71.49,71.19,71.26,2210
2026-07-10T16:15:00Z,71.25,71.3,71.2,71.29,636
2026-07-10T16:20:00Z,71.29,71.34,71.16,71.21,653
2026-07-10T16:25:00Z,71.22,71.26,71.14,71.24,1778
2026-07-10T16:30:00Z,71.25,71.3,71.15,71.26,904
2026-07-10T16:35:00Z,71.25,71.3,71.16,71.27,1129
2026-07-10T16:40:00Z,71.27,71.31,71.14,71.2,1129
2026-07-10T16:45:00Z,71.18,71.2,71.07,71.11,1156
2026-07-10T16:50:00Z,71.1,71.22,71.04,71.12,1000
2026-07-10T16:55:00Z,71.12,71.12,71.01,71.09,691
2026-07-10T17:00:00Z,71.1,71.15,71.03,71.1,989
2026-07-10T17:05:00Z,71.1,71.25,71.07,71.22,1125
2026-07-10T17:10:00Z,71.21,71.34,71.09,71.32,2822
2026-07-10T17:15:00Z,71.32,71.4,71.25,71.27,1078
2026-07-10T17:20:00Z,71.28,71.28,71.21,71.25,762
2026-07-10T17:25:00Z,71.25,71.32,71.24,71.25,387
2026-07-10T17:30:00Z,71.25,71.3,71.19,71.27,1185
2026-07-10T17:35:00Z,71.28,71.4,71.24,71.36,1691
2026-07-10T17:40:00Z,71.35,71.37,71.28,71.32,793
2026-07-10T17:45:00Z,71.33,71.34,71.23,71.27,670
2026-07-10T17:50:00Z,71.26,71.31,71.15,71.2,1948
2026-07-10T17:55:00Z,71.2,71.3,71.13,71.29,1493
2026-07-10T18:00:00Z,71.28,71.32,71.21,71.25,1244
2026-07-10T18:05:00Z,71.26,71.32,71.21,71.29,1864
2026-07-10T18:10:00Z,71.29,71.3,71.08,71.26,3460
2026-07-10T18:15:00Z,71.26,71.47,71.22,71.3,2475
2026-07-10T18:20:00Z,71.31,71.35,71.24,71.32,2373
2026-07-10T18:25:00Z,71.33,71.51,71.17,71.41,11375
2026-07-10T18:30:00Z,71.42,71.55,71.36,71.39,1789
2026-07-10T18:35:00Z,71.4,71.56,71.4,71.54,1264
2026-07-10T18:40:00Z,71.55,71.6,71.53,71.58,440
2026-07-10T18:45:00Z,71.58,71.59,71.55,71.56,263
2026-07-10T18:50:00Z,71.56,71.58,71.55,71.56,481
2026-07-10T18:55:00Z,71.55,71.61,71.55,71.59,330
2026-07-10T19:00:00Z,71.6,71.62,71.57,71.58,298
2026-07-10T19:05:00Z,71.57,71.59,71.57,71.57,552
2026-07-10T19:10:00Z,71.58,71.61,71.56,71.57,278
2026-07-10T19:15:00Z,71.57,71.65,71.5,71.64,804
2026-07-10T19:20:00Z,71.63,71.7,71.61,71.62,2228
2026-07-10T19:25:00Z,71.62,71.68,71.61,71.62,467
2026-07-10T19:30:00Z,71.61,71.65,71.45,71.58,1242
2026-07-10T19:35:00Z,71.57,71.57,71.51,71.57,196
2026-07-10T19:40:00Z,71.57,71.69,71.56,71.61,565
2026-07-10T19:45:00Z,71.61,71.63,71.59,71.59,107
2026-07-10T19:50:00Z,71.59,71.63,71.58,71.61,195
2026-07-10T19:55:00Z,71.61,71.63,71.55,71.57,486
2026-07-10T20:00:00Z,71.56,71.56,71.5,71.52,297
2026-07-10T20:05:00Z,71.52,71.57,71.5,71.57,100
2026-07-10T20:10:00Z,71.55,71.56,71.55,71.56,36
2026-07-10T20:15:00Z,71.56,71.6,71.56,71.59,344
2026-07-10T20:20:00Z,71.58,71.59,71.56,71.58,47
2026-07-10T20:25:00Z,71.57,71.58,71.53,71.57,133
2026-07-10T20:30:00Z,71.56,71.65,71.56,71.62,245
2026-07-10T20:35:00Z,71.61,71.61,71.51,71.53,134
2026-07-10T20:40:00Z,71.53,71.54,71.5,71.51,122
2026-07-10T20:45:00Z,71.52,71.56,71.48,71.54,406
2026-07-10T20:50:00Z,71.54,71.54,71.47,71.49,533
2026-07-10T20:55:00Z,71.49,71.53,71.41,71.41,435
2026-07-12T22:10:00Z,74.1,74.2,73.95,74.03,694
2026-07-12T22:15:00Z,74.07,74.09,73.85,73.88,633
2026-07-12T22:20:00Z,73.88,73.92,73.74,73.78,388
2026-07-12T22:25:00Z,73.75,73.85,73.63,73.68,469
2026-07-12T22:30:00Z,73.68,73.7,73.56,73.64,401
2026-07-12T22:35:00Z,73.63,73.68,73.59,73.61,183
2026-07-12T22:40:00Z,73.62,73.65,73.6,73.6,167
2026-07-12T22:45:00Z,73.64,73.68,73.62,73.66,104
2026-07-12T22:50:00Z,73.66,73.77,73.65,73.74,176
2026-07-12T22:55:00Z,73.73,73.75,73.65,73.69,123
2026-07-12T23:00:00Z,73.7,73.72,73.66,73.68,110
2026-07-12T23:05:00Z,73.69,73.71,73.65,73.67,161
2026-07-12T23:10:00Z,73.66,73.68,73.62,73.66,167
2026-07-12T23:15:00Z,73.68,73.71,73.64,73.68,174
2026-07-12T23:20:00Z,73.68,73.69,73.65,73.66,141
2026-07-12T23:25:00Z,73.66,73.75,73.66,73.73,202
2026-07-12T23:30:00Z,73.73,73.82,73.72,73.73,110
2026-07-12T23:35:00Z,73.74,73.88,73.66,73.86,248
2026-07-12T23:40:00Z,73.85,73.88,73.81,73.84,218
2026-07-12T23:45:00Z,73.83,73.84,73.67,73.69,233
2026-07-12T23:50:00Z,73.68,73.79,73.68,73.77,152
2026-07-12T23:55:00Z,73.77,73.82,73.76,73.77,176
2026-07-13T00:00:00Z,73.76,73.85,73.73,73.82,232
2026-07-13T00:05:00Z,73.82,73.89,73.82,73.86,208
2026-07-13T00:10:00Z,73.86,73.93,73.81,73.93,172
2026-07-13T00:15:00Z,73.93,74.17,73.92,74.06,529
2026-07-13T00:20:00Z,74.06,74.06,73.93,73.94,221
2026-07-13T00:25:00Z,73.93,73.96,73.9,73.91,195
2026-07-13T00:30:00Z,73.92,74.14,73.9,74.12,297
2026-07-13T00:35:00Z,74.11,74.23,74.04,74.22,350
2026-07-13T00:40:00Z,74.21,74.5,74.21,74.4,1349
2026-07-13T00:45:00Z,74.41,74.42,74.23,74.25,571
2026-07-13T00:50:00Z,74.24,74.49,74.2,74.3,460
2026-07-13T00:55:00Z,74.29,74.35,74.2,74.27,301
2026-07-13T01:00:00Z,74.25,74.47,74.21,74.36,1022
2026-07-13T01:05:00Z,74.37,74.46,74.24,74.46,490
2026-07-13T01:10:00Z,74.46,74.49,74.28,74.37,346
2026-07-13T01:15:00Z,74.37,74.4,74.17,74.21,537
2026-07-13T01:20:00Z,74.21,74.59,74.2,74.51,759
2026-07-13T01:25:00Z,74.51,74.51,74.26,74.31,374
2026-07-13T01:30:00Z,74.32,74.61,74.32,74.58,598
2026-07-13T01:35:00Z,74.59,74.66,74.37,74.4,431
2026-07-13T01:40:00Z,74.42,74.51,74.41,74.48,268
2026-07-13T01:45:00Z,74.47,74.56,74.43,74.53,234
2026-07-13T01:50:00Z,74.53,74.56,74.45,74.47,244
2026-07-13T01:55:00Z,74.46,74.51,74.38,74.39,188
2026-07-13T02:00:00Z,74.39,74.5,74.33,74.46,437
2026-07-13T02:05:00Z,74.45,74.46,74.26,74.34,567
2026-07-13T02:10:00Z,74.33,74.42,74.3,74.41,314
2026-07-13T02:15:00Z,74.41,74.52,74.4,74.5,267
2026-07-13T02:20:00Z,74.5,74.59,74.49,74.5,279
2026-07-13T02:25:00Z,74.5,74.54,74.49,74.5,393
2026-07-13T02:30:00Z,74.47,74.53,74.23,74.24,642
2026-07-13T02:35:00Z,74.25,74.27,74.11,74.22,400
2026-07-13T02:40:00Z,74.22,74.33,74.21,74.27,219
2026-07-13T02:45:00Z,74.28,74.28,74.13,74.15,218
2026-07-13T02:50:00Z,74.16,74.32,74.16,74.28,111
2026-07-13T02:55:00Z,74.27,74.28,74.15,74.25,159
2026-07-13T03:00:00Z,74.24,74.4,74.24,74.38,309
2026-07-13T03:05:00Z,74.38,74.44,74.33,74.42,341
2026-07-13T03:10:00Z,74.4,74.45,74.35,74.41,204
2026-07-13T03:15:00Z,74.4,74.45,74.37,74.4,159
2026-07-13T03:20:00Z,74.4,74.44,74.32,74.38,149
2026-07-13T03:25:00Z,74.37,74.38,74.3,74.31,125
2026-07-13T03:30:00Z,74.3,74.3,74.12,74.2,923
2026-07-13T03:35:00Z,74.2,74.38,74.17,74.25,287
2026-07-13T03:40:00Z,74.24,74.35,74.24,74.33,144
2026-07-13T03:45:00Z,74.33,74.33,74.17,74.25,227
2026-07-13T03:50:00Z,74.25,74.32,74.17,74.3,187
2026-07-13T03:55:00Z,74.29,74.31,74.28,74.29,71
2026-07-13T04:00:00Z,74.3,74.37,74.28,74.34,151
2026-07-13T04:05:00Z,74.33,74.35,74.28,74.31,107
2026-07-13T04:10:00Z,74.32,74.34,74.3,74.32,92
2026-07-13T04:15:00Z,74.32,74.4,74.31,74.34,121
2026-07-13T04:20:00Z,74.35,74.37,74.32,74.32,69
2026-07-13T04:25:00Z,74.32,74.39,74.29,74.34,171
2026-07-13T04:30:00Z,74.34,74.41,74.31,74.4,171
2026-07-13T04:35:00Z,74.41,74.44,74.4,74.41,103
2026-07-13T04:40:00Z,74.41,74.52,74.4,74.46,261
2026-07-13T04:45:00Z,74.46,74.52,74.46,74.5,91
2026-07-13T04:50:00Z,74.52,74.53,74.49,74.5,142
2026-07-13T04:55:00Z,74.5,74.55,74.5,74.53,144
2026-07-13T05:00:00Z,74.52,74.56,74.47,74.55,209
2026-07-13T05:05:00Z,74.55,74.66,74.55,74.57,324
2026-07-13T05:10:00Z,74.56,74.58,74.49,74.5,141
2026-07-13T05:15:00Z,74.53,74.54,74.5,74.51,97
2026-07-13T05:20:00Z,74.5,74.6,74.48,74.58,162
2026-07-13T05:25:00Z,74.59,74.7,74.59,74.69,324
2026-07-13T05:30:00Z,74.68,74.8,74.62,74.63,607
2026-07-13T05:35:00Z,74.67,74.73,74.65,74.68,216
2026-07-13T05:40:00Z,74.68,74.96,74.63,74.95,511
2026-07-13T05:45:00Z,74.95,75.08,74.86,74.86,1370
2026-07-13T05:50:00Z,74.86,74.86,74.71,74.78,330
2026-07-13T05:55:00Z,74.79,74.8,74.7,74.7,214
2026-07-13T06:00:00Z,74.69,74.71,74.61,74.62,218
2026-07-13T06:05:00Z,74.6,74.71,74.52,74.59,703
2026-07-13T06:10:00Z,74.58,74.61,74.48,74.51,214
2026-07-13T06:15:00Z,74.52,74.52,74.32,74.33,450
2026-07-13T06:20:00Z,74.34,74.38,74.25,74.36,448
2026-07-13T06:25:00Z,74.35,74.41,74.29,74.33,365
2026-07-13T06:30:00Z,74.33,74.37,74.18,74.37,379
2026-07-13T06:35:00Z,74.36,74.36,74.22,74.27,414
2026-07-13T06:40:00Z,74.25,74.25,74.08,74.2,420
2026-07-13T06:45:00Z,74.2,74.22,73.99,74.09,544
2026-07-13T06:50:00Z,74.08,74.12,74.05,74.08,315
2026-07-13T06:55:00Z,74.1,74.16,74.06,74.06,391
2026-07-13T07:00:00Z,74.05,74.22,74.0,74.05,595
2026-07-13T07:05:00Z,74.06,74.15,74.01,74.14,245
2026-07-13T07:10:00Z,74.14,74.17,73.93,73.97,658
2026-07-13T07:15:00Z,73.97,74.08,73.96,74.08,318
2026-07-13T07:20:00Z,74.07,74.1,74.02,74.05,242
2026-07-13T07:25:00Z,74.06,74.14,74.04,74.1,189
2026-07-13T07:30:00Z,74.09,74.23,74.01,74.07,455
2026-07-13T07:35:00Z,74.08,74.08,73.83,73.86,385
2026-07-13T07:40:00Z,73.86,73.92,73.67,73.9,592
2026-07-13T07:45:00Z,73.9,74.01,73.88,73.93,381
2026-07-13T07:50:00Z,73.93,74.01,73.92,73.96,255
2026-07-13T07:55:00Z,73.97,74.1,73.94,74.0,478
2026-07-13T08:00:00Z,74.0,74.05,73.65,73.74,1026
2026-07-13T08:05:00Z,73.75,73.76,73.51,73.55,763
2026-07-13T08:10:00Z,73.55,73.63,73.4,73.43,912
2026-07-13T08:15:00Z,73.43,73.44,73.18,73.22,1342
2026-07-13T08:20:00Z,73.24,73.44,73.2,73.41,1038
2026-07-13T08:25:00Z,73.42,73.49,73.09,73.24,2404
2026-07-13T08:30:00Z,73.23,73.32,73.14,73.3,718
2026-07-13T08:35:00Z,73.32,73.53,73.28,73.45,470
2026-07-13T08:40:00Z,73.44,73.5,73.37,73.37,447
2026-07-13T08:45:00Z,73.38,73.38,73.1,73.1,533
2026-07-13T08:50:00Z,73.12,73.13,72.9,72.93,867
2026-07-13T08:55:00Z,72.93,73.08,72.75,73.06,897
2026-07-13T09:00:00Z,73.06,73.16,72.85,72.85,554
2026-07-13T09:05:00Z,72.85,72.9,72.76,72.82,619
2026-07-13T09:10:00Z,72.82,73.05,72.82,72.99,426
2026-07-13T09:15:00Z,72.96,73.01,72.67,72.73,873
2026-07-13T09:20:00Z,72.73,72.8,72.65,72.7,542
2026-07-13T09:25:00Z,72.72,72.87,72.67,72.86,598
2026-07-13T09:30:00Z,72.86,72.94,72.64,72.78,770
2026-07-13T09:35:00Z,72.79,72.79,72.61,72.72,482
2026-07-13T09:40:00Z,72.72,72.82,72.64,72.64,399
2026-07-13T09:45:00Z,72.65,72.82,72.62,72.81,209
2026-07-13T09:50:00Z,72.81,72.99,72.8,72.97,778
2026-07-13T09:55:00Z,72.97,73.19,72.95,73.12,1261
2026-07-13T10:00:00Z,73.12,73.38,73.11,73.31,1053
2026-07-13T10:05:00Z,73.29,73.45,73.25,73.35,645
2026-07-13T10:10:00Z,73.36,73.55,73.31,73.54,758
2026-07-13T10:15:00Z,73.51,73.54,73.42,73.46,817
2026-07-13T10:20:00Z,73.45,73.62,73.37,73.62,629
2026-07-13T10:25:00Z,73.61,73.72,73.57,73.7,755
2026-07-13T10:30:00Z,73.7,73.84,73.64,73.8,1104
2026-07-13T10:35:00Z,73.82,73.85,73.69,73.73,591
2026-07-13T10:40:00Z,73.72,73.8,73.65,73.74,477
2026-07-13T10:45:00Z,73.75,73.9,73.65,73.72,615
2026-07-13T10:50:00Z,73.73,73.94,73.73,73.92,663
2026-07-13T10:55:00Z,73.92,73.94,73.8,73.81,560
2026-07-13T11:00:00Z,73.82,73.98,73.79,73.98,633
2026-07-13T11:05:00Z,73.98,74.0,73.6,73.89,1869
2026-07-13T11:10:00Z,73.89,74.02,73.74,73.87,1384
2026-07-13T11:15:00Z,73.88,74.05,73.82,74.0,511
2026-07-13T11:20:00Z,74.01,74.02,73.81,73.83,426
2026-07-13T11:25:00Z,73.82,73.84,73.69,73.78,515
2026-07-13T11:30:00Z,73.8,73.94,73.74,73.82,781
2026-07-13T11:35:00Z,73.8,73.95,73.76,73.87,431
2026-07-13T11:40:00Z,73.88,73.9,73.7,73.72,268
2026-07-13T11:45:00Z,73.74,73.84,73.67,73.8,673
2026-07-13T11:50:00Z,73.8,73.89,73.78,73.78,439
2026-07-13T11:55:00Z,73.8,73.93,73.8,73.8,455
2026-07-13T12:00:00Z,73.82,73.84,73.72,73.8,297
2026-07-13T12:05:00Z,73.8,73.98,73.78,73.93,594
2026-07-13T12:10:00Z,73.93,74.11,73.63,74.08,2803
2026-07-13T12:15:00Z,74.06,74.09,73.95,74.04,806
2026-07-13T12:20:00Z,74.05,74.15,74.02,74.06,610
2026-07-13T12:25:00Z,74.06,74.13,74.0,74.11,1032
2026-07-13T12:30:00Z,74.11,74.37,74.11,74.35,1133
2026-07-13T12:35:00Z,74.35,74.46,74.33,74.41,1402
2026-07-13T12:40:00Z,74.42,74.46,74.32,74.36,843
2026-07-13T12:45:00Z,74.35,74.37,74.21,74.23,1007
2026-07-13T12:50:00Z,74.24,74.25,73.91,73.99,2416
2026-07-13T12:55:00Z,73.99,74.04,73.78,73.78,1140
2026-07-13T13:00:00Z,73.78,73.98,73.61,73.96,2126
2026-07-13T13:05:00Z,73.97,74.03,73.79,73.86,822
2026-07-13T13:10:00Z,73.87,73.98,73.86,73.87,467
2026-07-13T13:15:00Z,73.88,73.92,73.67,73.76,1152
2026-07-13T13:20:00Z,73.75,73.75,73.43,73.62,1527
2026-07-13T13:25:00Z,73.63,73.76,73.61,73.66,952
2026-07-13T13:30:00Z,73.66,73.81,73.61,73.76,1149
2026-07-13T13:35:00Z,73.76,74.07,73.76,74.0,2485
2026-07-13T13:40:00Z,74.01,74.03,73.9,74.01,759
2026-07-13T13:45:00Z,74.01,74.11,73.98,74.07,1394
2026-07-13T13:50:00Z,74.07,74.07,73.79,73.9,2302
2026-07-13T13:55:00Z,73.89,73.96,73.72,73.73,1372
2026-07-13T14:00:00Z,73.74,73.77,73.5,73.61,2270
2026-07-13T14:05:00Z,73.61,73.89,73.56,73.83,853
2026-07-13T14:10:00Z,73.83,74.01,73.83,73.88,2303
2026-07-13T14:15:00Z,73.89,75.1,73.81,74.83,13014
2026-07-13T14:20:00Z,74.85,75.21,74.44,74.45,6421
2026-07-13T14:25:00Z,74.46,74.86,74.34,74.79,3872
2026-07-13T14:30:00Z,74.79,74.82,74.58,74.64,2512
2026-07-13T14:35:00Z,74.63,74.78,74.56,74.67,1960
2026-07-13T14:40:00Z,74.67,74.73,74.43,74.46,1261
2026-07-13T14:45:00Z,74.47,74.55,74.26,74.28,2548
2026-07-13T14:50:00Z,74.27,74.56,74.16,74.54,3115
2026-07-13T14:55:00Z,74.54,74.65,74.5,74.5,1568
2026-07-13T15:00:00Z,74.5,74.59,74.41,74.54,1230
2026-07-13T15:05:00Z,74.54,74.74,74.53,74.64,1187
2026-07-13T15:10:00Z,74.63,74.92,74.57,74.83,2399
2026-07-13T15:15:00Z,74.84,74.98,74.76,74.8,2189
2026-07-13T15:20:00Z,74.81,74.89,74.68,74.72,1794
2026-07-13T15:25:00Z,74.73,74.73,74.49,74.51,1748
2026-07-13T15:30:00Z,74.52,74.68,74.45,74.65,1926
2026-07-13T15:35:00Z,74.66,74.69,74.51,74.61,864
2026-07-13T15:40:00Z,74.62,74.66,74.51,74.66,647
2026-07-13T15:45:00Z,74.66,74.66,74.52,74.54,892
2026-07-13T15:50:00Z,74.54,74.82,74.53,74.72,1821
2026-07-13T15:55:00Z,74.71,74.87,74.68,74.85,1218
2026-07-13T16:00:00Z,74.85,75.0,74.84,74.85,1771
2026-07-13T16:05:00Z,74.86,74.94,74.78,74.93,1025
2026-07-13T16:10:00Z,74.93,75.1,74.88,75.05,1463
2026-07-13T16:15:00Z,75.05,75.09,74.96,75.05,1536
2026-07-13T16:20:00Z,75.04,75.08,74.94,75.0,969
2026-07-13T16:25:00Z,75.01,75.18,74.98,75.13,1178
2026-07-13T16:30:00Z,75.12,75.2,74.98,75.13,1943
2026-07-13T16:35:00Z,75.12,75.19,74.97,75.18,1611
2026-07-13T16:40:00Z,75.19,75.19,75.05,75.1,868
2026-07-13T16:45:00Z,75.11,75.44,75.08,75.42,1644
2026-07-13T16:50:00Z,75.43,75.84,75.43,75.82,6182
2026-07-13T16:55:00Z,75.82,75.96,75.63,75.74,4562
2026-07-13T17:00:00Z,75.74,75.74,75.61,75.69,1734
2026-07-13T17:05:00Z,75.69,75.69,75.4,75.45,1447
2026-07-13T17:10:00Z,75.45,75.83,75.42,75.82,1740
2026-07-13T17:15:00Z,75.84,75.93,75.74,75.85,1868
2026-07-13T17:20:00Z,75.85,75.98,75.83,75.93,2298
2026-07-13T17:25:00Z,75.95,76.04,75.91,76.0,1466
2026-07-13T17:30:00Z,76.01,76.2,75.94,76.16,2310
2026-07-13T17:35:00Z,76.18,76.6,76.18,76.59,3396
2026-07-13T17:40:00Z,76.6,76.77,76.49,76.74,2809
2026-07-13T17:45:00Z,76.75,76.93,76.6,76.81,2684
2026-07-13T17:50:00Z,76.83,77.32,76.81,77.25,3551
2026-07-13T17:55:00Z,77.26,77.7,77.24,77.6,4287
2026-07-13T18:00:00Z,77.6,77.82,77.44,77.62,3509
2026-07-13T18:05:00Z,77.64,77.95,77.37,77.81,3601
2026-07-13T18:10:00Z,77.83,78.0,77.56,77.64,4546
2026-07-13T18:15:00Z,77.66,78.35,77.62,78.27,3825
2026-07-13T18:20:00Z,78.25,78.45,78.19,78.22,4814
2026-07-13T18:25:00Z,78.22,78.33,77.97,78.14,18916
2026-07-13T18:30:00Z,78.13,78.39,77.95,78.15,5666
2026-07-13T18:35:00Z,78.14,78.14,77.69,77.75,3390
2026-07-13T18:40:00Z,77.75,77.88,77.46,77.53,2393
2026-07-13T18:45:00Z,77.52,77.79,77.5,77.65,1733
2026-07-13T18:50:00Z,77.65,77.7,77.54,77.62,921
2026-07-13T18:55:00Z,77.63,77.67,77.52,77.64,1280
2026-07-13T19:00:00Z,77.65,77.77,77.53,77.56,641
2026-07-13T19:05:00Z,77.54,77.67,77.47,77.67,748
2026-07-13T19:10:00Z,77.66,77.81,77.63,77.75,703
2026-07-13T19:15:00Z,77.75,77.84,77.6,77.68,931
2026-07-13T19:20:00Z,77.66,77.74,77.62,77.69,647
2026-07-13T19:25:00Z,77.68,77.77,77.67,77.75,630
2026-07-13T19:30:00Z,77.74,77.9,77.64,77.81,1012
2026-07-13T19:35:00Z,77.82,77.98,77.82,77.86,1294
2026-07-13T19:40:00Z,77.86,77.97,77.78,77.93,647
2026-07-13T19:45:00Z,77.92,77.94,77.73,77.81,605
2026-07-13T19:50:00Z,77.82,77.82,77.67,77.71,561
2026-07-13T19:55:00Z,77.71,77.72,77.62,77.66,788
2026-07-13T20:00:00Z,77.68,77.82,77.65,77.78,230
2026-07-13T20:05:00Z,77.78,78.04,77.71,78.02,1202
2026-07-13T20:10:00Z,78.02,78.44,77.96,78.43,2121
2026-07-13T20:15:00Z,78.43,78.58,78.25,78.28,1644
2026-07-13T20:20:00Z,78.26,78.27,78.12,78.24,790
2026-07-13T20:25:00Z,78.22,78.25,78.04,78.16,521
2026-07-13T20:30:00Z,78.16,78.32,78.05,78.05,683
2026-07-13T20:35:00Z,78.05,78.27,78.02,78.22,561
2026-07-13T20:40:00Z,78.22,78.36,78.2,78.2,399
2026-07-13T20:45:00Z,78.2,78.22,77.95,78.11,611
2026-07-13T20:50:00Z,78.1,78.16,77.98,77.99,344
2026-07-13T20:55:00Z,77.96,78.04,77.92,78.0,522
2026-07-13T22:00:00Z,78.04,78.25,77.86,77.99,0
2026-07-13T22:05:00Z,77.99,78.13,77.98,78.04,287
2026-07-13T22:10:00Z,78.07,78.15,77.92,77.93,198
2026-07-13T22:15:00Z,77.93,77.97,77.91,77.93,157
2026-07-13T22:20:00Z,77.93,78.07,77.92,78.05,66
2026-07-13T22:25:00Z,78.07,78.22,78.03,78.15,436
2026-07-13T22:30:00Z,78.12,78.18,78.11,78.16,118
2026-07-13T22:35:00Z,78.16,78.25,78.15,78.16,173
2026-07-13T22:40:00Z,78.18,78.28,78.16,78.25,96
2026-07-13T22:45:00Z,78.22,78.42,78.22,78.4,243
2026-07-13T22:50:00Z,78.39,78.6,78.36,78.49,842
2026-07-13T22:55:00Z,78.49,79.09,78.45,79.04,1405
2026-07-13T23:00:00Z,79.04,79.14,78.68,78.73,586
2026-07-13T23:05:00Z,78.73,78.78,78.66,78.69,142
2026-07-13T23:10:00Z,78.67,78.86,78.59,78.84,248
2026-07-13T23:15:00Z,78.84,78.99,78.77,78.92,166
2026-07-13T23:20:00Z,78.9,78.97,78.82,78.89,184
2026-07-13T23:25:00Z,78.88,78.96,78.82,78.95,135
2026-07-13T23:30:00Z,78.99,79.25,78.98,79.07,636
2026-07-13T23:35:00Z,79.09,79.12,79.02,79.09,212
2026-07-13T23:40:00Z,79.11,79.58,78.99,79.56,901
2026-07-13T23:45:00Z,79.57,79.58,79.22,79.26,592
2026-07-13T23:50:00Z,79.25,79.33,79.08,79.2,253
2026-07-13T23:55:00Z,79.21,79.29,78.95,78.95,519
2026-07-14T00:00:00Z,78.95,79.52,78.58,79.46,1662
2026-07-14T00:05:00Z,79.43,79.7,79.32,79.45,1022
2026-07-14T00:10:00Z,79.41,79.51,79.17,79.32,707
2026-07-14T00:15:00Z,79.32,80.05,79.31,80.02,1876
2026-07-14T00:20:00Z,80.05,80.42,80.0,80.23,2478
2026-07-14T00:25:00Z,80.23,80.39,80.11,80.13,1059
2026-07-14T00:30:00Z,80.15,80.22,79.86,79.97,1045
2026-07-14T00:35:00Z,79.95,80.09,79.76,79.97,673
2026-07-14T00:40:00Z,79.97,80.11,79.8,79.93,605
2026-07-14T00:45:00Z,79.95,79.95,79.75,79.89,320
2026-07-14T00:50:00Z,79.88,79.92,79.7,79.76,1285
2026-07-14T00:55:00Z,79.8,79.88,79.73,79.86,350
2026-07-14T01:00:00Z,79.84,79.95,79.43,79.66,2503
2026-07-14T01:05:00Z,79.65,79.68,79.27,79.39,1256
2026-07-14T01:10:00Z,79.39,79.5,79.23,79.5,832
2026-07-14T01:15:00Z,79.5,79.54,79.24,79.31,755
2026-07-14T01:20:00Z,79.3,79.37,79.08,79.32,966
2026-07-14T01:25:00Z,79.33,79.52,79.25,79.47,916
2026-07-14T01:30:00Z,79.48,79.52,79.18,79.33,634
2026-07-14T01:35:00Z,79.35,79.53,79.35,79.47,367
2026-07-14T01:40:00Z,79.43,79.5,79.37,79.43,287
2026-07-14T01:45:00Z,79.42,79.49,79.29,79.31,618
2026-07-14T01:50:00Z,79.31,79.4,79.25,79.26,416
2026-07-14T01:55:00Z,79.25,79.6,79.25,79.52,1055
2026-07-14T02:00:00Z,79.54,79.57,79.3,79.41,389
2026-07-14T02:05:00Z,79.38,79.42,79.12,79.2,616
2026-07-14T02:10:00Z,79.17,79.22,79.12,79.14,279
2026-07-14T02:15:00Z,79.17,79.32,79.17,79.23,402
2026-07-14T02:20:00Z,79.21,79.26,79.16,79.26,79
2026-07-14T02:25:00Z,79.27,79.3,79.19,79.19,205
2026-07-14T02:30:00Z,79.19,79.19,78.91,79.05,1079
2026-07-14T02:35:00Z,79.05,79.19,78.93,79.19,361
2026-07-14T02:40:00Z,79.19,79.44,79.19,79.38,1009
2026-07-14T02:45:00Z,79.37,79.51,79.28,79.37,525
2026-07-14T02:50:00Z,79.41,79.61,79.41,79.61,618
2026-07-14T02:55:00Z,79.59,79.61,79.44,79.53,422
2026-07-14T03:00:00Z,79.54,79.69,79.48,79.65,268
2026-07-14T03:05:00Z,79.64,79.69,79.54,79.64,326
2026-07-14T03:10:00Z,79.62,79.71,79.55,79.7,546
2026-07-14T03:15:00Z,79.71,80.04,79.71,79.95,757
2026-07-14T03:20:00Z,79.96,80.02,79.7,79.75,350
2026-07-14T03:25:00Z,79.76,79.91,79.76,79.8,194
2026-07-14T03:30:00Z,79.81,80.06,79.58,80.04,666
2026-07-14T03:35:00Z,80.03,80.04,79.82,79.89,512
2026-07-14T03:40:00Z,79.89,79.92,79.65,79.7,712
2026-07-14T03:45:00Z,79.7,79.7,79.53,79.66,307
2026-07-14T03:50:00Z,79.64,79.65,79.43,79.63,527
2026-07-14T03:55:00Z,79.63,79.67,79.55,79.63,196
2026-07-14T04:00:00Z,79.62,79.66,79.5,79.63,308
2026-07-14T04:05:00Z,79.65,79.77,79.62,79.7,420
2026-07-14T04:10:00Z,79.72,79.82,79.65,79.72,195
2026-07-14T04:15:00Z,79.7,79.73,79.57,79.57,190
2026-07-14T04:20:00Z,79.55,79.57,79.43,79.48,530
2026-07-14T04:25:00Z,79.5,79.65,79.5,79.62,142
2026-07-14T04:30:00Z,79.62,79.72,79.57,79.69,199
2026-07-14T04:35:00Z,79.71,79.84,79.67,79.75,235
2026-07-14T04:40:00Z,79.73,79.85,79.72,79.8,242
2026-07-14T04:45:00Z,79.81,79.86,79.76,79.84,100
2026-07-14T04:50:00Z,79.86,79.91,79.83,79.85,155
2026-07-14T04:55:00Z,79.82,79.87,79.73,79.78,677
2026-07-14T05:00:00Z,79.78,79.88,79.66,79.85,249
2026-07-14T05:05:00Z,79.85,79.9,79.77,79.78,107
2026-07-14T05:10:00Z,79.8,79.82,79.7,79.71,148
2026-07-14T05:15:00Z,79.72,79.79,79.65,79.74,191
2026-07-14T05:20:00Z,79.74,79.8,79.69,79.8,134
2026-07-14T05:25:00Z,79.8,79.84,79.7,79.7,113
2026-07-14T05:30:00Z,79.68,79.68,79.26,79.39,1180
2026-07-14T05:35:00Z,79.39,79.4,79.0,79.02,823
2026-07-14T05:40:00Z,79.01,79.09,78.86,78.91,619
2026-07-14T05:45:00Z,78.93,79.05,78.83,79.03,430
2026-07-14T05:50:00Z,79.03,79.23,78.94,79.17,602
2026-07-14T05:55:00Z,79.18,79.45,79.17,79.35,423
2026-07-14T06:00:00Z,79.39,79.54,79.31,79.53,469
2026-07-14T06:05:00Z,79.55,79.72,79.49,79.65,500
2026-07-14T06:10:00Z,79.66,79.67,79.5,79.64,478
2026-07-14T06:15:00Z,79.61,79.64,79.54,79.55,329
2026-07-14T06:20:00Z,79.55,79.89,79.47,79.89,637
2026-07-14T06:25:00Z,79.9,80.32,79.85,80.22,1392
2026-07-14T06:30:00Z,80.22,80.28,79.97,80.27,1449
2026-07-14T06:35:00Z,80.26,80.29,80.09,80.1,576
2026-07-14T06:40:00Z,80.08,80.32,79.98,80.28,695
2026-07-14T06:45:00Z,80.29,80.58,80.27,80.56,1331
2026-07-14T06:50:00Z,80.53,80.58,80.33,80.44,447
2026-07-14T06:55:00Z,80.44,80.48,80.27,80.44,558
2026-07-14T07:00:00Z,80.43,80.64,80.14,80.17,1345
2026-07-14T07:05:00Z,80.19,80.27,79.97,80.25,863
2026-07-14T07:10:00Z,80.22,80.39,80.06,80.06,698
2026-07-14T07:15:00Z,80.1,80.39,79.97,80.33,850
2026-07-14T07:20:00Z,80.33,80.48,80.31,80.37,753
2026-07-14T07:25:00Z,80.35,80.43,80.21,80.42,1243
2026-07-14T07:30:00Z,80.44,80.93,80.44,80.8,2222
2026-07-14T07:35:00Z,80.8,80.87,80.59,80.67,792
2026-07-14T07:40:00Z,80.66,80.93,80.65,80.88,1040
2026-07-14T07:45:00Z,80.86,80.92,80.35,80.36,1427
2026-07-14T07:50:00Z,80.37,80.44,80.09,80.28,1482
2026-07-14T07:55:00Z,80.28,80.62,80.28,80.38,780
2026-07-14T08:00:00Z,80.39,81.1,80.34,80.86,2226
2026-07-14T08:05:00Z,80.86,81.13,80.8,81.03,1497
2026-07-14T08:10:00Z,81.04,81.05,80.53,80.59,1777
2026-07-14T08:15:00Z,80.58,80.58,80.19,80.21,1427
2026-07-14T08:20:00Z,80.2,80.26,80.0,80.2,1400
2026-07-14T08:25:00Z,80.17,80.39,79.97,80.36,2108
2026-07-14T08:30:00Z,80.36,80.61,80.3,80.46,1406
2026-07-14T08:35:00Z,80.47,80.57,80.36,80.42,606
2026-07-14T08:40:00Z,80.43,80.71,80.42,80.56,1013
2026-07-14T08:45:00Z,80.58,80.66,80.44,80.63,669
2026-07-14T08:50:00Z,80.62,80.68,80.41,80.41,702
2026-07-14T08:55:00Z,80.43,81.06,80.35,81.03,1678
2026-07-14T09:00:00Z,81.04,81.25,81.03,81.03,1502
2026-07-14T09:05:00Z,81.0,81.18,80.58,80.67,1230
2026-07-14T09:10:00Z,80.64,80.7,80.13,80.15,1528
2026-07-14T09:15:00Z,80.15,80.41,80.03,80.32,1964
2026-07-14T09:20:00Z,80.33,80.65,80.29,80.52,813
2026-07-14T09:25:00Z,80.53,80.75,80.46,80.68,633
2026-07-14T09:30:00Z,80.68,80.68,80.35,80.43,504
2026-07-14T09:35:00Z,80.43,80.45,80.25,80.32,771
2026-07-14T09:40:00Z,80.32,80.39,80.21,80.39,549
2026-07-14T09:45:00Z,80.38,80.43,80.16,80.21,612
2026-07-14T09:50:00Z,80.22,80.6,80.22,80.56,1237
2026-07-14T09:55:00Z,80.56,80.68,80.55,80.58,955
2026-07-14T10:00:00Z,80.59,80.82,80.51,80.62,1028
2026-07-14T10:05:00Z,80.64,80.91,80.63,80.87,751
2026-07-14T10:10:00Z,80.88,81.07,80.84,80.98,979
2026-07-14T10:15:00Z,80.98,81.06,80.77,80.78,1322
2026-07-14T10:20:00Z,80.77,80.82,80.66,80.7,621
2026-07-14T10:25:00Z,80.7,81.04,80.7,80.86,890
2026-07-14T10:30:00Z,80.88,81.27,80.88,81.06,2083
2026-07-14T10:35:00Z,81.07,81.09,80.3,80.58,2110
2026-07-14T10:40:00Z,80.6,80.8,80.59,80.73,765
2026-07-14T10:45:00Z,80.74,80.86,80.73,80.81,579
2026-07-14T10:50:00Z,80.83,81.1,80.83,81.01,799
2026-07-14T10:55:00Z,81.03,81.11,80.85,80.92,1549
2026-07-14T11:00:00Z,80.92,81.05,80.81,80.91,1280
2026-07-14T11:05:00Z,80.9,80.91,80.78,80.81,474
2026-07-14T11:10:00Z,80.8,80.8,80.37,80.47,1404
2026-07-14T11:15:00Z,80.47,80.62,80.21,80.26,1106
2026-07-14T11:20:00Z,80.25,80.38,80.0,80.02,1500
2026-07-14T11:25:00Z,80.02,80.11,79.94,79.98,1121
2026-07-14T11:30:00Z,79.97,79.97,79.5,79.82,2493
2026-07-14T11:35:00Z,79.81,79.84,79.56,79.66,1213
2026-07-14T11:40:00Z,79.64,79.88,79.64,79.84,957
2026-07-14T11:45:00Z,79.84,79.91,79.52,79.82,2157
2026-07-14T11:50:00Z,79.82,79.9,79.62,79.7,1555
2026-07-14T11:55:00Z,79.7,79.74,79.47,79.54,1471
2026-07-14T12:00:00Z,79.54,79.78,79.48,79.76,1209
2026-07-14T12:05:00Z,79.74,80.05,79.71,80.01,1773
2026-07-14T12:10:00Z,80.02,80.1,79.91,80.02,1839
2026-07-14T12:15:00Z,80.0,80.14,79.94,80.07,860
2026-07-14T12:20:00Z,80.08,80.17,79.77,79.78,1239
2026-07-14T12:25:00Z,79.77,80.08,79.75,80.06,1175
2026-07-14T12:30:00Z,80.07,80.44,79.72,80.39,2823
2026-07-14T12:35:00Z,80.38,80.62,80.36,80.59,2933
2026-07-14T12:40:00Z,80.59,80.65,80.46,80.5,1764
2026-07-14T12:45:00Z,80.48,80.77,80.44,80.77,3363
2026-07-14T12:50:00Z,80.77,80.88,80.74,80.77,2341
2026-07-14T12:55:00Z,80.76,80.77,80.59,80.71,3102
2026-07-14T13:00:00Z,80.7,80.96,80.57,80.86,4479
2026-07-14T13:05:00Z,80.87,80.95,80.54,80.83,3599
2026-07-14T13:10:00Z,80.83,80.87,80.45,80.48,3764
2026-07-14T13:15:00Z,80.49,80.63,80.43,80.56,2649
2026-07-14T13:20:00Z,80.57,80.63,79.84,79.95,4867
2026-07-14T13:25:00Z,79.96,80.14,79.9,80.04,2747
2026-07-14T13:30:00Z,80.04,80.53,80.0,80.28,2920
2026-07-14T13:35:00Z,80.28,80.43,79.72,79.79,3918
2026-07-14T13:40:00Z,79.8,80.14,79.68,79.71,2981
2026-07-14T13:45:00Z,79.71,80.11,79.59,80.05,3783
2026-07-14T13:50:00Z,80.02,80.19,79.91,80.06,2369
2026-07-14T13:55:00Z,80.07,80.13,79.82,79.93,2262
2026-07-14T14:00:00Z,79.94,79.96,79.64,79.77,3934
2026-07-14T14:05:00Z,79.78,79.79,79.37,79.57,4162
2026-07-14T14:10:00Z,79.57,79.89,79.5,79.81,2315
2026-07-14T14:15:00Z,79.81,80.0,79.61,79.67,2316
2026-07-14T14:20:00Z,79.69,79.73,79.41,79.49,1860
2026-07-14T14:25:00Z,79.47,79.64,79.32,79.42,2340
2026-07-14T14:30:00Z,79.41,79.51,78.12,79.0,7114
2026-07-14T14:35:00Z,79.0,79.3,78.92,79.09,4407
2026-07-14T14:40:00Z,79.08,79.36,79.07,79.34,2081
2026-07-14T14:45:00Z,79.32,79.35,79.13,79.18,1649
2026-07-14T14:50:00Z,79.17,79.18,78.61,78.72,4126
2026-07-14T14:55:00Z,78.71,78.87,78.64,78.84,3279
2026-07-14T15:00:00Z,78.84,79.03,77.91,78.5,6174
2026-07-14T15:05:00Z,78.49,78.53,77.84,78.02,9269
2026-07-14T15:10:00Z,78.03,78.59,77.96,78.59,4293
2026-07-14T15:15:00Z,78.59,78.82,78.55,78.72,3235
2026-07-14T15:20:00Z,78.76,78.99,78.62,78.84,3291
2026-07-14T15:25:00Z,78.83,78.89,78.49,78.55,4071
2026-07-14T15:30:00Z,78.56,79.42,78.56,79.38,6495
2026-07-14T15:35:00Z,79.39,79.59,79.33,79.55,3516
2026-07-14T15:40:00Z,79.56,79.74,79.51,79.55,3743
2026-07-14T15:45:00Z,79.55,79.65,79.39,79.64,2511
2026-07-14T15:50:00Z,79.66,79.79,79.63,79.77,3218
2026-07-14T15:55:00Z,79.76,79.79,79.46,79.48,2227
2026-07-14T16:00:00Z,79.48,79.62,79.38,79.53,2785
2026-07-14T16:05:00Z,79.52,79.63,79.23,79.32,2967
2026-07-14T16:10:00Z,79.32,79.32,78.93,79.06,3777
2026-07-14T16:15:00Z,79.04,79.04,78.79,78.99,1564
2026-07-14T16:20:00Z,78.98,79.42,78.97,79.18,2298
2026-07-14T16:25:00Z,79.18,79.39,79.14,79.35,883
2026-07-14T16:30:00Z,79.35,79.39,79.19,79.34,1021
2026-07-14T16:35:00Z,79.33,79.34,79.02,79.08,1056
2026-07-14T16:40:00Z,79.07,79.16,78.96,79.13,1169
2026-07-14T16:45:00Z,79.12,79.39,79.07,79.34,1302
2026-07-14T16:50:00Z,79.36,79.36,79.13,79.24,1509
2026-07-14T16:55:00Z,79.23,79.38,79.19,79.2,1543
2026-07-14T17:00:00Z,79.2,79.32,79.08,79.11,1649
2026-07-14T17:05:00Z,79.11,79.23,78.95,78.96,888
2026-07-14T17:10:00Z,78.96,79.11,78.81,79.1,1941
2026-07-14T17:15:00Z,79.1,79.27,79.06,79.17,1319
2026-07-14T17:20:00Z,79.17,79.18,78.97,79.08,982
2026-07-14T17:25:00Z,79.06,79.11,78.97,79.08,1227
2026-07-14T17:30:00Z,79.07,79.16,78.97,79.13,1907
2026-07-14T17:35:00Z,79.12,79.16,78.86,78.86,2176
2026-07-14T17:40:00Z,78.85,79.0,78.78,78.94,2991
2026-07-14T17:45:00Z,78.94,79.07,78.57,78.57,3903
2026-07-14T17:50:00Z,78.56,78.76,78.47,78.64,2293
2026-07-14T17:55:00Z,78.64,78.75,78.63,78.73,954
2026-07-14T18:00:00Z,78.74,79.1,78.72,79.04,2383
2026-07-14T18:05:00Z,79.04,79.17,79.03,79.12,2713
2026-07-14T18:10:00Z,79.12,79.12,78.86,78.89,3202
2026-07-14T18:15:00Z,78.88,79.15,78.83,79.09,1748
2026-07-14T18:20:00Z,79.08,79.21,79.06,79.15,1517
2026-07-14T18:25:00Z,79.14,79.4,79.12,79.4,12057
2026-07-14T18:30:00Z,79.41,79.61,79.38,79.4,2228
2026-07-14T18:35:00Z,79.38,79.63,79.32,79.56,3318
2026-07-14T18:40:00Z,79.56,79.85,79.53,79.57,2514
2026-07-14T18:45:00Z,79.58,79.77,79.52,79.77,878
2026-07-14T18:50:00Z,79.76,79.77,79.6,79.64,926
2026-07-14T18:55:00Z,79.63,79.67,79.53,79.63,732
2026-07-14T19:00:00Z,79.64,79.8,79.61,79.69,506
2026-07-14T19:05:00Z,79.71,79.73,79.58,79.69,729
2026-07-14T19:10:00Z,79.69,79.77,79.61,79.67,418
2026-07-14T19:15:00Z,79.67,79.79,79.53,79.68,1084
2026-07-14T19:20:00Z,79.67,79.67,79.49,79.56,708
2026-07-14T19:25:00Z,79.54,79.61,79.52,79.59,198
2026-07-14T19:30:00Z,79.59,79.94,79.58,79.9,1189
2026-07-14T19:35:00Z,79.89,79.96,79.78,79.78,394
2026-07-14T19:40:00Z,79.79,79.79,79.63,79.67,464
2026-07-14T19:45:00Z,79.67,79.73,79.58,79.61,240
2026-07-14T19:50:00Z,79.64,79.71,79.64,79.69,107
2026-07-14T19:55:00Z,79.7,79.81,79.63,79.7,463
2026-07-14T20:00:00Z,79.68,79.92,79.67,79.84,403
2026-07-14T20:05:00Z,79.81,79.88,79.8,79.81,114
2026-07-14T20:10:00Z,79.81,79.87,79.81,79.86,102
2026-07-14T20:15:00Z,79.86,79.89,79.82,79.88,54
2026-07-14T20:20:00Z,79.87,79.96,79.84,79.95,153
2026-07-14T20:25:00Z,79.94,80.01,79.94,79.95,280
2026-07-14T20:30:00Z,79.95,80.25,79.93,80.2,425
2026-07-14T20:35:00Z,80.2,80.28,80.03,80.03,248
2026-07-14T20:40:00Z,80.05,80.07,79.95,80.0,164
2026-07-14T20:45:00Z,80.01,80.02,79.93,79.95,87
2026-07-14T20:50:00Z,79.86,79.91,79.8,79.85,420
2026-07-14T20:55:00Z,79.86,79.9,79.8,79.83,329
2026-07-14T22:00:00Z,79.74,79.97,79.59,79.91,0
2026-07-14T22:05:00Z,79.9,80.18,79.88,79.95,273
2026-07-14T22:10:00Z,79.97,80.24,79.92,80.0,424
2026-07-14T22:15:00Z,79.99,79.99,79.83,79.99,190
2026-07-14T22:20:00Z,79.97,80.02,79.91,80.01,68
2026-07-14T22:25:00Z,80.02,80.06,79.86,79.86,79
2026-07-14T22:30:00Z,79.86,79.96,79.83,79.95,130
2026-07-14T22:35:00Z,79.97,79.98,79.84,79.93,218
2026-07-14T22:40:00Z,79.95,80.0,79.9,79.97,105
2026-07-14T22:45:00Z,79.94,79.95,79.92,79.95,11
2026-07-14T22:50:00Z,79.95,79.95,79.94,79.94,10
2026-07-14T22:55:00Z,79.94,79.95,79.9,79.9,16
2026-07-14T23:00:00Z,79.94,79.96,79.87,79.88,65
2026-07-14T23:05:00Z,79.9,79.93,79.89,79.93,45
2026-07-14T23:10:00Z,79.91,79.93,79.91,79.93,8
2026-07-14T23:15:00Z,79.94,79.96,79.93,79.94,15
2026-07-14T23:20:00Z,79.95,79.98,79.89,79.91,130
2026-07-14T23:25:00Z,79.9,79.9,79.68,79.76,186
2026-07-14T23:30:00Z,79.77,79.86,79.75,79.84,63
2026-07-14T23:35:00Z,79.85,79.87,79.82,79.87,24
2026-07-14T23:40:00Z,79.87,79.9,79.84,79.89,116
2026-07-14T23:45:00Z,79.88,79.93,79.84,79.84,82
2026-07-14T23:50:00Z,79.84,79.88,79.81,79.82,86
2026-07-14T23:55:00Z,79.82,79.87,79.81,79.87,171
2026-07-15T00:00:00Z,79.84,80.0,79.61,80.0,995
2026-07-15T00:05:00Z,79.99,80.13,79.95,80.1,321
2026-07-15T00:10:00Z,80.09,80.22,80.05,80.22,262
2026-07-15T00:15:00Z,80.21,80.25,80.16,80.23,179
2026-07-15T00:20:00Z,80.24,80.28,80.11,80.27,165
2026-07-15T00:25:00Z,80.29,80.33,80.18,80.26,214
2026-07-15T00:30:00Z,80.29,80.47,80.29,80.46,227
2026-07-15T00:35:00Z,80.45,80.56,80.44,80.54,243
2026-07-15T00:40:00Z,80.52,80.56,80.44,80.51,380
2026-07-15T00:45:00Z,80.54,80.59,80.49,80.51,427
2026-07-15T00:50:00Z,80.51,80.51,80.29,80.4,206
2026-07-15T00:55:00Z,80.4,80.4,80.2,80.2,378
2026-07-15T01:00:00Z,80.2,80.21,79.91,79.91,1457
2026-07-15T01:05:00Z,79.92,80.06,79.87,79.89,366
2026-07-15T01:10:00Z,79.89,80.02,79.86,79.97,182
2026-07-15T01:15:00Z,79.96,79.96,79.83,79.9,253
2026-07-15T01:20:00Z,79.88,79.93,79.77,79.91,306
2026-07-15T01:25:00Z,79.9,80.09,79.85,80.08,177
2026-07-15T01:30:00Z,80.08,80.09,79.9,79.97,132
2026-07-15T01:35:00Z,80.02,80.05,79.91,80.02,157
2026-07-15T01:40:00Z,80.01,80.11,79.95,80.07,249
2026-07-15T01:45:00Z,80.0,80.1,79.96,80.09,54
2026-07-15T01:50:00Z,80.09,80.16,80.05,80.13,166
2026-07-15T01:55:00Z,80.14,80.25,80.13,80.21,368
2026-07-15T02:00:00Z,80.23,80.37,80.18,80.35,314
2026-07-15T02:05:00Z,80.35,80.35,80.14,80.19,203
2026-07-15T02:10:00Z,80.17,80.21,80.04,80.12,429
2026-07-15T02:15:00Z,80.1,80.17,80.1,80.13,406
2026-07-15T02:20:00Z,80.15,80.17,80.13,80.15,71
2026-07-15T02:25:00Z,80.16,80.23,80.16,80.2,123
2026-07-15T02:30:00Z,80.19,80.25,80.15,80.19,109
2026-07-15T02:35:00Z,80.2,80.29,80.19,80.28,108
2026-07-15T02:40:00Z,80.28,80.28,80.18,80.23,35
2026-07-15T02:45:00Z,80.22,80.42,80.22,80.35,395
2026-07-15T02:50:00Z,80.37,80.43,80.34,80.39,302
2026-07-15T02:55:00Z,80.38,80.41,80.22,80.3,255
2026-07-15T03:00:00Z,80.29,80.31,80.16,80.19,84
2026-07-15T03:05:00Z,80.18,80.22,80.12,80.12,74
2026-07-15T03:10:00Z,80.16,80.25,80.16,80.21,114
2026-07-15T03:15:00Z,80.21,80.29,80.18,80.29,93
2026-07-15T03:20:00Z,80.24,80.27,80.19,80.19,75
2026-07-15T03:25:00Z,80.2,80.2,80.07,80.09,317
2026-07-15T03:30:00Z,80.1,80.17,80.0,80.16,531
2026-07-15T03:35:00Z,80.17,80.24,80.15,80.15,222
2026-07-15T03:40:00Z,80.16,80.21,80.13,80.14,269
2026-07-15T03:45:00Z,80.15,80.15,79.98,79.99,282
2026-07-15T03:50:00Z,79.98,79.98,79.82,79.92,376
2026-07-15T03:55:00Z,79.93,80.03,79.93,79.93,163
2026-07-15T04:00:00Z,79.95,80.07,79.95,80.03,164
2026-07-15T04:05:00Z,80.03,80.07,80.01,80.05,121
2026-07-15T04:10:00Z,80.04,80.07,79.95,79.97,200
2026-07-15T04:15:00Z,80.0,80.02,79.84,79.88,333
2026-07-15T04:20:00Z,79.89,79.92,79.81,79.81,133
2026-07-15T04:25:00Z,79.81,79.85,79.75,79.85,213
2026-07-15T04:30:00Z,79.86,79.9,79.82,79.86,44
2026-07-15T04:35:00Z,79.86,79.86,79.71,79.79,277
2026-07-15T04:40:00Z,79.78,79.83,79.78,79.82,44
2026-07-15T04:45:00Z,79.8,79.8,79.72,79.73,46
2026-07-15T04:50:00Z,79.74,79.77,79.71,79.72,128
2026-07-15T04:55:00Z,79.74,79.79,79.66,79.78,165
2026-07-15T05:00:00Z,79.78,79.99,79.77,79.93,327
2026-07-15T05:05:00Z,79.91,79.91,79.8,79.86,103
2026-07-15T05:10:00Z,79.85,79.9,79.75,79.76,69
2026-07-15T05:15:00Z,79.77,79.85,79.73,79.77,196
2026-07-15T05:20:00Z,79.78,79.84,79.77,79.84,69
2026-07-15T05:25:00Z,79.85,79.93,79.85,79.87,117
2026-07-15T05:30:00Z,79.88,79.9,79.74,79.78,343
2026-07-15T05:35:00Z,79.76,79.76,79.48,79.54,592
2026-07-15T05:40:00Z,79.55,79.87,79.52,79.83,231
2026-07-15T05:45:00Z,79.85,79.9,79.75,79.77,208
2026-07-15T05:50:00Z,79.82,79.85,79.61,79.63,188
2026-07-15T05:55:00Z,79.64,79.74,79.62,79.73,124
2026-07-15T06:00:00Z,79.72,79.78,79.66,79.69,161
2026-07-15T06:05:00Z,79.69,79.86,79.69,79.69,229
2026-07-15T06:10:00Z,79.68,79.71,79.64,79.69,155
2026-07-15T06:15:00Z,79.68,79.82,79.63,79.64,182
2026-07-15T06:20:00Z,79.66,79.67,79.49,79.54,320
2026-07-15T06:25:00Z,79.55,79.75,79.55,79.72,291
2026-07-15T06:30:00Z,79.7,79.79,79.66,79.67,96
2026-07-15T06:35:00Z,79.68,79.71,79.62,79.69,181
2026-07-15T06:40:00Z,79.68,79.69,79.57,79.64,180
2026-07-15T06:45:00Z,79.64,79.79,79.59,79.79,183
2026-07-15T06:50:00Z,79.77,79.89,79.74,79.88,209
2026-07-15T06:55:00Z,79.87,80.03,79.86,79.98,730
2026-07-15T07:00:00Z,79.99,80.32,79.99,80.24,695
2026-07-15T07:05:00Z,80.25,80.29,80.1,80.18,582
2026-07-15T07:10:00Z,80.18,80.41,80.16,80.19,607
2026-07-15T07:15:00Z,80.2,80.36,80.2,80.3,199
2026-07-15T07:20:00Z,80.29,80.32,80.13,80.31,232
2026-07-15T07:25:00Z,80.29,80.49,80.28,80.34,362
2026-07-15T07:30:00Z,80.36,80.46,80.33,80.35,359
2026-07-15T07:35:00Z,80.37,80.4,80.15,80.23,319
2026-07-15T07:40:00Z,80.23,80.49,80.14,80.4,1108
2026-07-15T07:45:00Z,80.39,80.43,80.21,80.23,362
2026-07-15T07:50:00Z,80.23,80.56,80.22,80.49,532
2026-07-15T07:55:00Z,80.52,80.63,80.5,80.52,571
2026-07-15T08:00:00Z,80.55,80.88,80.52,80.84,1162
2026-07-15T08:05:00Z,80.83,80.84,80.65,80.72,782
2026-07-15T08:10:00Z,80.75,80.93,80.75,80.81,902
2026-07-15T08:15:00Z,80.81,80.81,80.45,80.49,836
2026-07-15T08:20:00Z,80.5,80.53,80.35,80.44,803
2026-07-15T08:25:00Z,80.43,80.43,79.82,79.84,3035
2026-07-15T08:30:00Z,79.85,79.95,79.66,79.93,1713
2026-07-15T08:35:00Z,79.92,79.94,79.8,79.92,403
2026-07-15T08:40:00Z,79.91,80.02,79.72,79.78,572
2026-07-15T08:45:00Z,79.78,79.85,79.58,79.75,651
2026-07-15T08:50:00Z,79.75,79.75,79.46,79.64,881
2026-07-15T08:55:00Z,79.64,79.65,79.34,79.4,716
2026-07-15T09:00:00Z,79.4,79.55,79.3,79.45,941
2026-07-15T09:05:00Z,79.45,79.54,79.31,79.42,586
2026-07-15T09:10:00Z,79.43,79.64,79.43,79.58,410
2026-07-15T09:15:00Z,79.59,79.88,79.58,79.85,696
2026-07-15T09:20:00Z,79.84,79.96,79.8,79.84,438
2026-07-15T09:25:00Z,79.85,79.98,79.85,79.94,417
2026-07-15T09:30:00Z,79.95,80.02,79.82,79.9,459
2026-07-15T09:35:00Z,79.9,79.96,79.84,79.92,336
2026-07-15T09:40:00Z,79.93,79.93,79.72,79.78,350
2026-07-15T09:45:00Z,79.79,80.11,79.78,80.05,525
2026-07-15T09:50:00Z,80.06,80.17,80.04,80.06,353
2026-07-15T09:55:00Z,80.05,80.17,80.04,80.13,202
2026-07-15T10:00:00Z,80.13,80.13,79.94,80.04,457
2026-07-15T10:05:00Z,80.05,80.27,80.03,80.21,399
2026-07-15T10:10:00Z,80.2,80.29,80.18,80.2,289
2026-07-15T10:15:00Z,80.19,80.19,80.01,80.1,311
2026-07-15T10:20:00Z,80.1,80.26,80.01,80.26,747
2026-07-15T10:25:00Z,80.26,80.34,80.19,80.28,596
2026-07-15T10:30:00Z,80.28,80.3,80.12,80.21,354
2026-07-15T10:35:00Z,80.21,80.21,80.06,80.09,268
2026-07-15T10:40:00Z,80.08,80.08,79.93,80.02,480
2026-07-15T10:45:00Z,80.02,80.13,79.96,80.05,465
2026-07-15T10:50:00Z,80.07,80.12,79.95,79.95,347
2026-07-15T10:55:00Z,79.99,80.04,79.85,79.87,575
2026-07-15T11:00:00Z,79.87,79.94,79.73,79.92,723
2026-07-15T11:05:00Z,79.92,80.02,79.91,79.96,463
2026-07-15T11:10:00Z,79.99,80.09,79.95,80.03,364
2026-07-15T11:15:00Z,80.04,80.07,79.82,79.86,558
2026-07-15T11:20:00Z,79.86,79.88,79.75,79.77,324
2026-07-15T11:25:00Z,79.78,79.87,79.74,79.74,392
2026-07-15T11:30:00Z,79.74,79.89,79.74,79.88,503
2026-07-15T11:35:00Z,79.88,79.91,79.72,79.78,690
2026-07-15T11:40:00Z,79.77,79.84,79.75,79.8,279
2026-07-15T11:45:00Z,79.79,79.79,79.65,79.72,827
2026-07-15T11:50:00Z,79.71,79.71,79.4,79.45,1719
2026-07-15T11:55:00Z,79.45,79.58,79.36,79.56,1269
2026-07-15T12:00:00Z,79.56,79.77,79.56,79.66,778
2026-07-15T12:05:00Z,79.66,79.76,79.63,79.65,451
2026-07-15T12:10:00Z,79.67,79.78,79.59,79.62,782
2026-07-15T12:15:00Z,79.64,79.69,79.54,79.64,585
2026-07-15T12:20:00Z,79.66,79.88,79.63,79.87,1091
2026-07-15T12:25:00Z,79.87,79.94,79.76,79.85,799
2026-07-15T12:30:00Z,79.86,79.88,79.76,79.86,517
2026-07-15T12:35:00Z,79.82,79.9,79.75,79.82,829
2026-07-15T12:40:00Z,79.81,79.84,79.65,79.71,1063
2026-07-15T12:45:00Z,79.73,79.74,79.6,79.69,1266
2026-07-15T12:50:00Z,79.68,79.85,79.67,79.81,380
2026-07-15T12:55:00Z,79.81,79.85,79.73,79.78,991
2026-07-15T13:00:00Z,79.77,79.93,79.6,79.7,2851
2026-07-15T13:05:00Z,79.72,80.0,79.68,79.97,1928
2026-07-15T13:10:00Z,79.97,80.28,79.95,80.24,2506
2026-07-15T13:15:00Z,80.24,80.36,80.16,80.19,1746
2026-07-15T13:20:00Z,80.18,80.27,80.06,80.21,1308
2026-07-15T13:25:00Z,80.21,80.45,80.21,80.38,1904
2026-07-15T13:30:00Z,80.38,80.39,79.99,80.07,2427
2026-07-15T13:35:00Z,80.06,80.1,79.81,79.89,1690
2026-07-15T13:40:00Z,79.88,80.03,79.84,79.95,712
2026-07-15T13:45:00Z,79.95,80.08,79.88,79.97,745
2026-07-15T13:50:00Z,79.97,80.18,79.97,80.15,630
2026-07-15T13:55:00Z,80.17,80.18,79.38,79.78,8058
2026-07-15T14:00:00Z,79.79,79.86,79.7,79.75,2074
2026-07-15T14:05:00Z,79.73,79.79,79.53,79.58,1465
2026-07-15T14:10:00Z,79.58,79.8,79.55,79.8,1071
2026-07-15T14:15:00Z,79.8,79.85,79.66,79.66,750
2026-07-15T14:20:00Z,79.67,79.71,79.49,79.51,705
2026-07-15T14:25:00Z,79.52,79.53,79.22,79.47,1770
2026-07-15T14:30:00Z,79.49,79.49,79.07,79.26,4095
2026-07-15T14:35:00Z,79.26,79.35,79.05,79.21,1919
2026-07-15T14:40:00Z,79.25,79.41,79.22,79.3,1131
2026-07-15T14:45:00Z,79.29,79.3,78.84,78.86,1995
2026-07-15T14:50:00Z,78.86,78.9,78.65,78.65,4587
2026-07-15T14:55:00Z,78.65,78.72,78.56,78.64,2660
2026-07-15T15:00:00Z,78.64,78.91,78.61,78.83,2742
2026-07-15T15:05:00Z,78.83,78.9,78.58,78.71,1997
2026-07-15T15:10:00Z,78.72,78.91,78.69,78.89,1942
2026-07-15T15:15:00Z,78.9,78.98,78.65,78.69,2174
2026-07-15T15:20:00Z,78.67,78.84,78.45,78.46,1899
2026-07-15T15:25:00Z,78.46,78.51,78.32,78.4,3628
2026-07-15T15:30:00Z,78.39,78.6,78.24,78.33,2899
2026-07-15T15:35:00Z,78.32,78.81,78.19,78.81,3177
2026-07-15T15:40:00Z,78.8,78.81,78.45,78.58,1627
2026-07-15T15:45:00Z,78.57,78.71,78.5,78.69,1848
2026-07-15T15:50:00Z,78.69,78.77,78.57,78.59,2112
2026-07-15T15:55:00Z,78.63,78.89,78.61,78.87,1571
2026-07-15T16:00:00Z,78.89,79.03,78.84,78.92,1876
2026-07-15T16:05:00Z,78.92,79.1,78.89,79.1,1436
2026-07-15T16:10:00Z,79.09,79.21,78.98,79.01,1133
2026-07-15T16:15:00Z,79.02,79.06,78.95,79.04,589
2026-07-15T16:20:00Z,79.04,79.4,79.02,79.34,2007
2026-07-15T16:25:00Z,79.33,79.36,79.15,79.21,1630
2026-07-15T16:30:00Z,79.22,79.37,79.14,79.36,928
2026-07-15T16:35:00Z,79.36,79.48,79.31,79.43,1036
2026-07-15T16:40:00Z,79.44,79.5,79.35,79.49,716
2026-07-15T16:45:00Z,79.49,79.53,78.83,79.37,5633
2026-07-15T16:50:00Z,79.37,79.64,79.35,79.6,1903
2026-07-15T16:55:00Z,79.6,79.72,79.48,79.48,2123
2026-07-15T17:00:00Z,79.49,79.49,79.24,79.24,1320
2026-07-15T17:05:00Z,79.26,79.28,79.1,79.27,1135
2026-07-15T17:10:00Z,79.25,79.39,79.24,79.35,952
2026-07-15T17:15:00Z,79.36,79.42,79.27,79.31,418
2026-07-15T17:20:00Z,79.3,79.35,79.26,79.34,422
2026-07-15T17:25:00Z,79.35,79.35,78.97,78.99,2054
2026-07-15T17:30:00Z,78.98,79.1,78.78,79.1,1637
2026-07-15T17:35:00Z,79.09,79.18,78.99,79.12,1678
2026-07-15T17:40:00Z,79.12,79.13,78.95,78.95,560
2026-07-15T17:45:00Z,78.97,79.03,78.89,78.9,567
2026-07-15T17:50:00Z,78.9,79.03,78.86,79.0,749
2026-07-15T17:55:00Z,79.0,79.02,78.93,78.98,505
2026-07-15T18:00:00Z,78.97,79.07,78.83,78.84,1961
2026-07-15T18:05:00Z,78.83,79.21,78.83,79.15,1167
2026-07-15T18:10:00Z,79.17,79.22,79.05,79.12,1109
2026-07-15T18:15:00Z,79.12,79.36,79.12,79.24,1509
2026-07-15T18:20:00Z,79.25,79.4,79.23,79.4,1131
2026-07-15T18:25:00Z,79.4,79.69,79.31,79.66,6474
2026-07-15T18:30:00Z,79.66,79.84,79.61,79.79,2433
2026-07-15T18:35:00Z,79.79,79.88,79.75,79.85,939
2026-07-15T18:40:00Z,79.86,79.9,79.72,79.78,716
2026-07-15T18:45:00Z,79.78,79.85,79.64,79.71,1934
2026-07-15T18:50:00Z,79.72,79.76,79.66,79.73,389
2026-07-15T18:55:00Z,79.73,79.79,79.67,79.74,928
2026-07-15T19:00:00Z,79.75,79.77,79.68,79.69,243
2026-07-15T19:05:00Z,79.69,79.77,79.65,79.75,224
2026-07-15T19:10:00Z,79.75,79.78,79.58,79.68,1912
2026-07-15T19:15:00Z,79.66,79.75,79.56,79.75,740
2026-07-15T19:20:00Z,79.75,79.92,79.75,79.85,860
2026-07-15T19:25:00Z,79.85,79.91,79.81,79.89,638
2026-07-15T19:30:00Z,79.88,80.51,79.84,80.46,2694
2026-07-15T19:35:00Z,80.48,80.68,80.23,80.3,1674
2026-07-15T19:40:00Z,80.29,80.34,80.22,80.27,618
2026-07-15T19:45:00Z,80.26,80.38,80.26,80.36,338
2026-07-15T19:50:00Z,80.34,80.36,80.23,80.33,232
2026-07-15T19:55:00Z,80.31,80.38,80.26,80.32,368
2026-07-15T20:00:00Z,80.32,80.41,80.29,80.38,311
2026-07-15T20:05:00Z,80.38,80.51,80.32,80.45,641
2026-07-15T20:10:00Z,80.46,80.47,80.38,80.4,276
2026-07-15T20:15:00Z,80.4,80.4,80.19,80.2,441
2026-07-15T20:20:00Z,80.2,80.31,80.18,80.29,264
2026-07-15T20:25:00Z,80.28,80.35,80.27,80.3,154
2026-07-15T20:30:00Z,80.3,80.41,80.29,80.41,150
2026-07-15T20:35:00Z,80.39,80.41,80.34,80.36,238
2026-07-15T20:40:00Z,80.38,80.46,80.38,80.41,168
2026-07-15T20:45:00Z,80.43,80.43,80.35,80.35,128
2026-07-15T20:50:00Z,80.34,80.35,80.19,80.21,497
2026-07-15T20:55:00Z,80.22,80.27,80.19,80.24,159
2026-07-15T22:00:00Z,80.0,80.19,79.6,80.18,0
2026-07-15T22:05:00Z,80.17,80.27,80.12,80.16,181
2026-07-15T22:10:00Z,80.15,80.2,80.09,80.17,66
2026-07-15T22:15:00Z,80.25,80.28,80.22,80.23,124
2026-07-15T22:20:00Z,80.26,80.26,80.24,80.24,13
2026-07-15T22:25:00Z,80.21,80.37,80.21,80.34,238
2026-07-15T22:30:00Z,80.38,80.49,80.38,80.46,71
2026-07-15T22:35:00Z,80.47,80.47,80.35,80.42,367
2026-07-15T22:40:00Z,80.36,80.46,80.27,80.32,305
2026-07-15T22:45:00Z,80.33,80.36,80.31,80.31,368
2026-07-15T22:50:00Z,80.33,80.45,80.22,80.38,275
2026-07-15T22:55:00Z,80.4,80.59,80.29,80.29,249
2026-07-15T23:00:00Z,80.29,80.34,80.24,80.31,54
2026-07-15T23:05:00Z,80.3,80.34,80.3,80.34,19
2026-07-15T23:10:00Z,80.3,80.33,80.28,80.31,21
2026-07-15T23:15:00Z,80.29,80.29,80.21,80.21,28
2026-07-15T23:20:00Z,80.22,80.25,80.2,80.2,47
2026-07-15T23:25:00Z,80.21,80.23,80.18,80.18,41
2026-07-15T23:30:00Z,80.19,80.19,80.07,80.15,188
2026-07-15T23:35:00Z,80.16,80.19,80.14,80.19,14
2026-07-15T23:40:00Z,80.23,80.25,80.19,80.19,25
2026-07-15T23:45:00Z,80.14,80.17,80.14,80.17,36
2026-07-15T23:50:00Z,80.18,80.21,80.18,80.21,21
2026-07-15T23:55:00Z,80.2,80.22,80.14,80.22,35
2026-07-16T00:00:00Z,80.17,80.19,79.99,80.03,292
2026-07-16T00:05:00Z,80.04,80.08,79.97,79.98,214
2026-07-16T00:10:00Z,79.98,80.08,79.96,79.97,75
2026-07-16T00:15:00Z,79.98,80.02,79.94,79.97,114
2026-07-16T00:20:00Z,79.96,80.01,79.89,80.0,69
2026-07-16T00:25:00Z,80.02,80.06,79.98,79.99,121
2026-07-16T00:30:00Z,80.0,80.14,79.96,80.09,206
2026-07-16T00:35:00Z,80.08,80.13,80.08,80.12,45
2026-07-16T00:40:00Z,80.13,80.21,80.09,80.14,134
2026-07-16T00:45:00Z,80.16,80.16,80.07,80.11,52
2026-07-16T00:50:00Z,80.11,80.14,80.02,80.08,41
2026-07-16T00:55:00Z,80.07,80.16,80.07,80.14,56
2026-07-16T01:00:00Z,80.11,80.32,80.0,80.24,271
2026-07-16T01:05:00Z,80.23,80.31,80.13,80.3,111
2026-07-16T01:10:00Z,80.3,80.37,80.26,80.28,128
2026-07-16T01:15:00Z,80.27,80.27,80.12,80.15,63
2026-07-16T01:20:00Z,80.14,80.2,80.01,80.08,308
2026-07-16T01:25:00Z,80.08,80.23,80.08,80.15,116
2026-07-16T01:30:00Z,80.12,80.14,80.02,80.06,122
2026-07-16T01:35:00Z,80.02,80.1,80.01,80.04,168
2026-07-16T01:40:00Z,80.05,80.13,80.0,80.13,293
2026-07-16T01:45:00Z,80.13,80.27,80.01,80.18,142
2026-07-16T01:50:00Z,80.21,80.29,80.09,80.1,201
2026-07-16T01:55:00Z,80.09,80.15,79.95,80.05,276
2026-07-16T02:00:00Z,80.06,80.16,80.05,80.08,61
2026-07-16T02:05:00Z,80.12,80.14,80.04,80.11,94
2026-07-16T02:10:00Z,80.13,80.15,80.1,80.13,87
2026-07-16T02:15:00Z,80.12,80.12,80.08,80.09,48
2026-07-16T02:20:00Z,80.08,80.16,80.04,80.16,74
2026-07-16T02:25:00Z,80.18,80.28,80.17,80.23,131
2026-07-16T02:30:00Z,80.23,80.25,80.09,80.13,152
2026-07-16T02:35:00Z,80.1,80.1,80.01,80.08,93
2026-07-16T02:40:00Z,80.11,80.24,80.08,80.17,45
2026-07-16T02:45:00Z,80.18,80.18,80.09,80.13,70
2026-07-16T02:50:00Z,80.13,80.16,79.99,80.06,151
2026-07-16T02:55:00Z,80.09,80.11,80.02,80.04,224
2026-07-16T03:00:00Z,80.02,80.08,79.95,80.06,109
2026-07-16T03:05:00Z,80.01,80.01,79.87,79.97,200
2026-07-16T03:10:00Z,79.99,79.99,79.9,79.91,64
2026-07-16T03:15:00Z,79.89,79.89,79.7,79.77,299
2026-07-16T03:20:00Z,79.74,79.78,79.67,79.72,135
2026-07-16T03:25:00Z,79.69,79.73,79.65,79.72,150
2026-07-16T03:30:00Z,79.72,79.73,79.3,79.39,697
2026-07-16T03:35:00Z,79.37,79.46,79.27,79.43,327
2026-07-16T03:40:00Z,79.43,79.47,79.37,79.4,310
2026-07-16T03:45:00Z,79.38,79.45,79.37,79.4,102
2026-07-16T03:50:00Z,79.41,79.51,79.39,79.49,182
2026-07-16T03:55:00Z,79.5,79.56,79.49,79.56,152
2026-07-16T04:00:00Z,79.54,79.59,79.52,79.58,123
2026-07-16T04:05:00Z,79.56,79.61,79.53,79.56,164
2026-07-16T04:10:00Z,79.56,79.56,79.47,79.49,115
2026-07-16T04:15:00Z,79.52,79.53,79.48,79.49,32
2026-07-16T04:20:00Z,79.48,79.53,79.44,79.53,62
2026-07-16T04:25:00Z,79.57,79.57,79.49,79.49,41
2026-07-16T04:30:00Z,79.51,79.52,79.45,79.45,32
2026-07-16T04:35:00Z,79.46,79.46,79.4,79.43,63
2026-07-16T04:40:00Z,79.44,79.44,79.32,79.34,95
2026-07-16T04:45:00Z,79.33,79.34,79.26,79.29,108
2026-07-16T04:50:00Z,79.3,79.32,79.26,79.26,71
2026-07-16T04:55:00Z,79.27,79.39,79.27,79.37,49
2026-07-16T05:00:00Z,79.39,79.39,79.34,79.38,22
2026-07-16T05:05:00Z,79.34,79.35,79.27,79.33,67
2026-07-16T05:10:00Z,79.32,79.34,79.23,79.34,165
2026-07-16T05:15:00Z,79.34,79.42,79.26,79.4,195
2026-07-16T05:20:00Z,79.39,79.4,79.37,79.37,45
2026-07-16T05:25:00Z,79.38,79.4,79.29,79.29,114
2026-07-16T05:30:00Z,79.3,79.33,79.14,79.23,280
2026-07-16T05:35:00Z,79.21,79.4,79.21,79.36,69
2026-07-16T05:40:00Z,79.38,79.44,79.37,79.38,50
2026-07-16T05:50:00Z,79.6,79.6,79.45,79.45,376
2026-07-16T05:55:00Z,79.46,79.46,79.39,79.39,137
2026-07-16T06:00:00Z,79.4,79.44,79.3,79.36,161
2026-07-16T06:05:00Z,79.36,79.61,79.36,79.6,475
2026-07-16T06:10:00Z,79.6,79.68,79.38,79.43,287
2026-07-16T06:15:00Z,79.43,79.49,79.32,79.47,367
2026-07-16T06:20:00Z,79.49,79.64,79.49,79.63,252
2026-07-16T06:25:00Z,79.62,79.67,79.53,79.56,453
2026-07-16T06:30:00Z,79.59,79.69,79.47,79.52,155
2026-07-16T06:35:00Z,79.53,79.53,79.3,79.42,354
2026-07-16T06:40:00Z,79.43,79.55,79.43,79.53,142
2026-07-16T06:45:00Z,79.56,79.61,79.31,79.33,230
2026-07-16T06:50:00Z,79.34,79.43,79.26,79.39,203
2026-07-16T06:55:00Z,79.38,79.44,79.34,79.41,149
2026-07-16T07:00:00Z,79.42,79.62,79.38,79.49,524
2026-07-16T07:05:00Z,79.48,79.53,79.37,79.47,433
2026-07-16T07:10:00Z,79.5,79.5,79.22,79.26,548
2026-07-16T07:15:00Z,79.27,79.43,79.25,79.38,368
2026-07-16T07:20:00Z,79.36,79.49,79.35,79.49,162
2026-07-16T07:25:00Z,79.49,79.74,79.49,79.7,481
2026-07-16T07:30:00Z,79.69,79.74,79.53,79.53,271
2026-07-16T07:35:00Z,79.53,79.71,79.52,79.71,292
2026-07-16T07:40:00Z,79.71,79.78,79.57,79.57,363
2026-07-16T07:45:00Z,79.57,79.6,79.46,79.6,373
2026-07-16T07:50:00Z,79.59,79.62,79.48,79.51,171
2026-07-16T07:55:00Z,79.52,79.58,79.49,79.54,418
2026-07-16T08:00:00Z,79.56,79.6,79.27,79.38,659
2026-07-16T08:05:00Z,79.38,79.57,79.33,79.52,410
2026-07-16T08:10:00Z,79.53,79.63,79.42,79.54,511
2026-07-16T08:15:00Z,79.53,79.56,79.44,79.5,167
2026-07-16T08:20:00Z,79.48,79.53,79.42,79.49,136
2026-07-16T08:25:00Z,79.48,79.55,79.4,79.42,581
2026-07-16T08:30:00Z,79.42,79.62,79.33,79.58,976
2026-07-16T08:35:00Z,79.58,79.67,79.41,79.64,557
2026-07-16T08:40:00Z,79.64,79.64,79.52,79.58,171
2026-07-16T08:45:00Z,79.59,79.59,79.38,79.41,406
2026-07-16T08:50:00Z,79.4,79.61,79.4,79.59,462
2026-07-16T08:55:00Z,79.58,79.58,79.28,79.31,436
2026-07-16T09:00:00Z,79.31,79.33,79.09,79.16,706
2026-07-16T09:05:00Z,79.15,79.18,78.98,79.14,941
2026-07-16T09:10:00Z,79.17,79.22,78.91,78.95,493
2026-07-16T09:15:00Z,78.96,79.25,78.95,79.25,290
2026-07-16T09:20:00Z,79.26,79.4,79.24,79.32,543
2026-07-16T09:25:00Z,79.32,79.32,79.07,79.08,817
2026-07-16T09:30:00Z,79.09,79.32,79.02,79.29,406
2026-07-16T09:35:00Z,79.28,79.49,79.25,79.46,721
2026-07-16T09:40:00Z,79.46,79.59,79.41,79.54,639
2026-07-16T09:45:00Z,79.52,79.66,79.52,79.61,594
2026-07-16T09:50:00Z,79.6,79.6,79.42,79.47,388
2026-07-16T09:55:00Z,79.44,79.55,79.44,79.55,681
2026-07-16T10:00:00Z,79.56,79.6,79.4,79.44,351
2026-07-16T10:05:00Z,79.45,79.6,79.45,79.53,559
2026-07-16T10:10:00Z,79.54,79.58,79.47,79.56,295
2026-07-16T10:15:00Z,79.56,79.61,79.42,79.47,218
2026-07-16T10:20:00Z,79.47,79.6,79.47,79.57,280
2026-07-16T10:25:00Z,79.56,79.6,79.52,79.58,233
2026-07-16T10:30:00Z,79.59,79.69,79.58,79.61,264
2026-07-16T10:35:00Z,79.61,79.65,79.54,79.6,175
2026-07-16T10:40:00Z,79.6,79.65,79.55,79.6,124
2026-07-16T10:45:00Z,79.59,79.61,79.44,79.56,628
2026-07-16T10:50:00Z,79.58,79.65,79.46,79.53,479
2026-07-16T10:55:00Z,79.56,79.69,79.56,79.62,389
2026-07-16T11:00:00Z,79.63,79.63,79.49,79.54,424
2026-07-16T11:05:00Z,79.53,79.54,79.34,79.35,460
2026-07-16T11:10:00Z,79.37,79.5,79.37,79.49,205
2026-07-16T11:15:00Z,79.5,79.58,79.39,79.4,634
2026-07-16T11:20:00Z,79.41,79.48,79.34,79.37,428
2026-07-16T11:25:00Z,79.37,79.45,79.33,79.39,267
2026-07-16T11:30:00Z,79.37,79.49,79.36,79.4,328
2026-07-16T11:35:00Z,79.4,79.55,79.39,79.44,521
2026-07-16T11:40:00Z,79.47,79.52,79.42,79.46,344
2026-07-16T11:45:00Z,79.46,80.34,79.35,79.96,2239
2026-07-16T11:50:00Z,79.97,80.03,79.67,79.84,3474
2026-07-16T11:55:00Z,79.82,79.95,79.65,79.68,1254
2026-07-16T12:00:00Z,79.66,79.96,79.63,79.94,970
2026-07-16T12:05:00Z,79.96,80.07,79.94,80.01,1254
2026-07-16T12:10:00Z,80.01,80.19,80.0,80.1,1261
2026-07-16T12:15:00Z,80.11,80.27,80.11,80.18,1706
2026-07-16T12:20:00Z,80.19,80.43,80.16,80.37,2052
2026-07-16T12:25:00Z,80.38,80.73,80.37,80.44,3947
2026-07-16T12:30:00Z,80.45,80.6,80.31,80.5,1627
2026-07-16T12:35:00Z,80.52,80.65,80.5,80.64,1144
2026-07-16T12:40:00Z,80.64,80.7,80.53,80.67,1113
2026-07-16T12:45:00Z,80.68,80.68,80.28,80.41,1187
2026-07-16T12:50:00Z,80.42,80.56,80.4,80.51,925
2026-07-16T12:55:00Z,80.51,80.63,80.48,80.5,728
2026-07-16T13:00:00Z,80.5,80.87,80.42,80.71,2024
2026-07-16T13:05:00Z,80.68,80.7,80.36,80.46,2075
2026-07-16T13:10:00Z,80.47,80.53,80.32,80.37,1086
2026-07-16T13:15:00Z,80.34,80.55,80.33,80.46,1233
2026-07-16T13:20:00Z,80.48,80.52,80.35,80.37,771
2026-07-16T13:25:00Z,80.37,80.39,80.12,80.15,1464
2026-07-16T13:30:00Z,80.15,80.31,79.94,80.3,1687
2026-07-16T13:35:00Z,80.29,80.36,80.07,80.12,1404
2026-07-16T13:40:00Z,80.1,80.13,79.87,80.0,1491
2026-07-16T13:45:00Z,80.0,80.1,79.87,79.93,691
2026-07-16T13:50:00Z,79.92,80.06,79.89,79.97,804
2026-07-16T13:55:00Z,79.96,80.12,79.89,80.07,1295
2026-07-16T14:00:00Z,80.09,80.09,79.71,79.71,1330
2026-07-16T14:05:00Z,79.71,79.92,79.68,79.88,1594
2026-07-16T14:10:00Z,79.88,79.99,79.87,79.94,1066
2026-07-16T14:15:00Z,79.97,80.05,79.88,79.92,955
2026-07-16T14:20:00Z,79.91,80.31,79.9,80.19,1179
2026-07-16T14:25:00Z,80.19,80.23,79.99,80.04,1427
2026-07-16T14:30:00Z,80.05,80.07,79.95,80.04,811
2026-07-16T14:35:00Z,80.04,80.04,79.84,79.88,1315
2026-07-16T14:40:00Z,79.89,79.98,79.78,79.79,1386
2026-07-16T14:45:00Z,79.8,79.87,79.62,79.72,1501
2026-07-16T14:50:00Z,79.71,79.8,79.62,79.63,1135
2026-07-16T14:55:00Z,79.63,79.72,79.44,79.58,1889
2026-07-16T15:00:00Z,79.58,79.74,79.47,79.73,1299
2026-07-16T15:05:00Z,79.73,79.77,79.54,79.58,1514
2026-07-16T15:10:00Z,79.58,79.71,79.58,79.69,1182
2026-07-16T15:15:00Z,79.68,79.72,79.61,79.62,923
2026-07-16T15:20:00Z,79.63,79.63,79.31,79.46,1589
2026-07-16T15:25:00Z,79.46,79.54,79.3,79.52,1517
2026-07-16T15:30:00Z,79.52,79.67,78.86,78.88,15272
2026-07-16T15:35:00Z,78.88,78.88,78.75,78.75,1100
2026-07-16T15:40:00Z,78.75,78.79,78.62,78.79,1431
2026-07-16T15:45:00Z,78.79,78.89,78.77,78.8,924
2026-07-16T15:50:00Z,78.8,78.88,78.78,78.81,947
2026-07-16T15:55:00Z,78.83,78.84,78.77,78.8,794
2026-07-16T16:00:00Z,78.8,79.04,78.78,79.01,1115
2026-07-16T16:05:00Z,79.0,79.15,78.97,78.98,913
2026-07-16T16:10:00Z,78.98,79.05,78.79,78.89,753
2026-07-16T16:15:00Z,78.9,79.12,78.84,79.03,1278
2026-07-16T16:20:00Z,79.02,79.54,79.02,79.1,3516
2026-07-16T16:25:00Z,79.11,79.19,78.9,78.9,1402
2026-07-16T16:30:00Z,78.91,78.91,78.74,78.77,984
2026-07-16T16:35:00Z,78.77,78.89,78.7,78.86,1057
2026-07-16T16:40:00Z,78.85,78.89,78.75,78.8,1025
2026-07-16T16:45:00Z,78.8,78.86,78.73,78.73,640
2026-07-16T16:50:00Z,78.73,78.76,78.42,78.46,2347
2026-07-16T16:55:00Z,78.45,78.5,78.27,78.42,2500
2026-07-16T17:00:00Z,78.44,78.46,78.25,78.42,1334
2026-07-16T17:05:00Z,78.42,78.47,78.34,78.46,834
2026-07-16T17:10:00Z,78.48,78.67,78.48,78.66,1282
2026-07-16T17:15:00Z,78.66,78.67,78.47,78.48,894
2026-07-16T17:20:00Z,78.48,78.52,78.37,78.44,1002
2026-07-16T17:25:00Z,78.46,78.47,78.36,78.36,748
2026-07-16T17:30:00Z,78.38,78.53,78.35,78.51,1285
2026-07-16T17:35:00Z,78.51,78.53,78.44,78.45,785
2026-07-16T17:40:00Z,78.45,78.47,78.14,78.46,1720
2026-07-16T17:45:00Z,78.45,78.51,78.32,78.33,711
2026-07-16T17:50:00Z,78.3,78.31,78.12,78.2,1073
2026-07-16T17:55:00Z,78.21,78.24,78.15,78.19,743
2026-07-16T18:00:00Z,78.19,78.21,78.05,78.2,1272
2026-07-16T18:05:00Z,78.21,78.29,78.18,78.24,832
2026-07-16T18:10:00Z,78.24,78.24,78.04,78.11,1052
2026-07-16T18:15:00Z,78.11,78.16,78.0,78.16,1922
2026-07-16T18:20:00Z,78.15,78.36,78.05,78.35,3610
2026-07-16T18:25:00Z,78.35,78.41,78.22,78.31,7179
2026-07-16T18:30:00Z,78.3,78.33,78.18,78.22,2352
2026-07-16T18:35:00Z,78.22,78.27,78.12,78.24,677
2026-07-16T18:40:00Z,78.24,78.33,78.22,78.32,299
2026-07-16T18:45:00Z,78.32,78.45,78.31,78.38,498
2026-07-16T18:50:00Z,78.37,78.38,78.27,78.29,505
2026-07-16T18:55:00Z,78.29,78.4,78.27,78.39,425
2026-07-16T19:00:00Z,78.39,78.47,78.36,78.4,463
2026-07-16T19:05:00Z,78.39,78.46,78.36,78.38,698
2026-07-16T19:10:00Z,78.39,78.41,78.31,78.35,283
2026-07-16T19:15:00Z,78.35,78.38,78.33,78.37,140
2026-07-16T19:20:00Z,78.38,78.38,78.31,78.32,77
2026-07-16T19:25:00Z,78.33,78.36,78.32,78.34,182
2026-07-16T19:30:00Z,78.35,78.48,78.34,78.48,392
2026-07-16T19:35:00Z,78.48,78.52,78.36,78.42,482
2026-07-16T19:40:00Z,78.41,78.43,78.36,78.43,125
2026-07-16T19:45:00Z,78.42,78.43,78.38,78.42,84
2026-07-16T19:50:00Z,78.43,78.48,78.41,78.44,278
2026-07-16T19:55:00Z,78.45,78.46,78.38,78.41,235
2026-07-16T20:00:00Z,78.41,78.43,78.37,78.38,421
2026-07-16T20:05:00Z,78.38,78.45,78.21,78.25,367
2026-07-16T20:10:00Z,78.28,78.44,78.26,78.43,354
2026-07-16T20:15:00Z,78.43,78.48,78.41,78.48,193
2026-07-16T20:20:00Z,78.47,78.51,78.44,78.46,484
2026-07-16T20:25:00Z,78.45,78.49,78.43,78.46,119
2026-07-16T20:30:00Z,78.47,78.76,78.45,78.73,522
2026-07-16T20:35:00Z,78.72,78.92,78.64,78.79,433
2026-07-16T20:40:00Z,78.8,78.81,78.74,78.81,227
2026-07-16T20:45:00Z,78.79,79.02,78.74,78.98,329
2026-07-16T20:50:00Z,78.99,79.0,78.88,78.88,445
2026-07-16T20:55:00Z,78.88,78.95,78.86,78.89,398
2026-07-16T22:00:00Z,78.86,79.01,78.81,78.9,0
2026-07-16T22:05:00Z,78.9,78.96,78.9,78.91,145
2026-07-16T22:10:00Z,78.91,79.03,78.91,79.03,215
2026-07-16T22:15:00Z,79.05,79.07,79.04,79.06,158
2026-07-16T22:20:00Z,79.05,79.05,78.87,78.89,298
2026-07-16T22:25:00Z,78.9,78.96,78.88,78.96,215
2026-07-16T22:30:00Z,78.95,79.0,78.91,78.96,443
2026-07-16T22:35:00Z,78.97,79.01,78.96,78.96,54
2026-07-16T22:40:00Z,78.96,79.02,78.95,78.97,191
2026-07-16T22:45:00Z,78.97,79.0,78.93,79.0,96
2026-07-16T22:50:00Z,79.01,79.02,78.99,78.99,56
2026-07-16T22:55:00Z,78.97,79.02,78.94,78.94,124
2026-07-16T23:00:00Z,78.93,78.94,78.91,78.93,119
2026-07-16T23:05:00Z,78.96,79.0,78.95,78.96,213
2026-07-16T23:10:00Z,78.97,78.99,78.96,78.99,135
2026-07-16T23:15:00Z,78.99,79.03,78.96,78.99,106
2026-07-16T23:20:00Z,79.0,79.0,78.95,78.96,93
2026-07-16T23:25:00Z,78.95,79.0,78.94,79.0,109
2026-07-16T23:30:00Z,79.01,79.02,78.99,79.0,162
2026-07-16T23:35:00Z,78.99,79.01,78.96,78.96,409
2026-07-16T23:40:00Z,78.96,78.98,78.95,78.96,37
2026-07-16T23:45:00Z,78.96,79.01,78.95,79.0,54
2026-07-16T23:50:00Z,78.99,78.99,78.97,78.97,28
2026-07-16T23:55:00Z,78.98,79.02,78.97,79.02,38
2026-07-17T00:00:00Z,79.01,79.01,78.79,78.9,697
2026-07-17T00:05:00Z,78.88,78.91,78.86,78.88,61
2026-07-17T00:10:00Z,78.88,78.91,78.81,78.82,83
2026-07-17T00:15:00Z,78.83,78.88,78.79,78.87,79
2026-07-17T00:20:00Z,78.87,78.95,78.85,78.9,101
2026-07-17T00:25:00Z,78.92,79.03,78.8,78.99,333
2026-07-17T00:30:00Z,78.98,78.99,78.91,78.94,109
2026-07-17T00:35:00Z,78.93,78.95,78.83,78.94,128
2026-07-17T00:40:00Z,78.94,79.12,78.91,79.09,182
2026-07-17T00:45:00Z,79.11,79.11,78.98,79.05,342
2026-07-17T00:50:00Z,79.06,79.1,79.04,79.08,72
2026-07-17T00:55:00Z,79.1,79.14,79.08,79.11,152
2026-07-17T01:00:00Z,79.11,79.22,79.01,79.13,575
2026-07-17T01:05:00Z,79.13,79.3,79.0,79.25,386
2026-07-17T01:10:00Z,79.26,79.4,79.26,79.34,320
2026-07-17T01:15:00Z,79.34,79.4,79.31,79.39,164
2026-07-17T01:20:00Z,79.4,79.51,79.38,79.44,380
2026-07-17T01:25:00Z,79.42,79.53,79.4,79.52,604
2026-07-17T01:30:00Z,79.52,79.58,79.3,79.3,552
2026-07-17T01:35:00Z,79.32,79.32,79.19,79.23,263
2026-07-17T01:40:00Z,79.22,79.29,79.16,79.26,337
2026-07-17T01:45:00Z,79.26,79.26,79.11,79.21,206
2026-07-17T01:50:00Z,79.21,79.26,79.16,79.18,177
2026-07-17T01:55:00Z,79.17,79.27,79.12,79.17,511
2026-07-17T02:00:00Z,79.17,79.24,79.1,79.24,193
2026-07-17T02:05:00Z,79.23,79.23,79.13,79.2,156
2026-07-17T02:10:00Z,79.2,79.21,79.14,79.17,91
2026-07-17T02:15:00Z,79.16,79.18,79.12,79.18,130
2026-07-17T02:20:00Z,79.18,79.18,79.13,79.13,29
2026-07-17T02:25:00Z,79.13,79.14,79.06,79.07,159
2026-07-17T02:30:00Z,79.07,79.08,78.93,78.98,423
2026-07-17T02:35:00Z,78.98,78.99,78.85,78.96,292
2026-07-17T02:40:00Z,78.96,78.99,78.9,78.97,105
2026-07-17T02:45:00Z,78.98,78.98,78.87,78.88,155
2026-07-17T02:50:00Z,78.86,79.0,78.77,78.99,627
2026-07-17T02:55:00Z,78.99,79.05,78.91,79.03,250
2026-07-17T03:00:00Z,79.01,79.08,78.97,79.07,105
2026-07-17T03:05:00Z,79.05,79.09,78.98,79.04,100
2026-07-17T03:10:00Z,79.04,79.11,79.02,79.03,99
2026-07-17T03:15:00Z,79.02,79.02,78.87,78.89,135
2026-07-17T03:20:00Z,78.93,78.99,78.89,78.99,63
2026-07-17T03:25:00Z,78.99,79.07,78.96,79.05,93
2026-07-17T03:30:00Z,79.06,79.06,78.94,78.98,151
2026-07-17T03:35:00Z,78.97,78.98,78.95,78.98,38
2026-07-17T03:40:00Z,78.98,79.14,78.96,79.1,187
2026-07-17T03:45:00Z,79.08,79.11,79.05,79.08,63
2026-07-17T03:50:00Z,79.08,79.09,79.06,79.09,41
2026-07-17T03:55:00Z,79.09,79.16,79.09,79.16,67
2026-07-17T04:00:00Z,79.15,79.18,79.12,79.14,109
2026-07-17T04:05:00Z,79.14,79.14,79.07,79.12,124
2026-07-17T04:10:00Z,79.13,79.18,79.13,79.18,122
2026-07-17T04:15:00Z,79.18,79.22,79.15,79.19,112
2026-07-17T04:20:00Z,79.17,79.24,79.17,79.23,225
2026-07-17T04:25:00Z,79.22,79.28,79.22,79.25,103
2026-07-17T04:30:00Z,79.25,79.28,79.25,79.27,59
2026-07-17T04:35:00Z,79.26,79.27,79.2,79.2,105
2026-07-17T04:40:00Z,79.21,79.23,79.16,79.17,63
2026-07-17T04:45:00Z,79.16,79.17,79.12,79.13,48
2026-07-17T04:50:00Z,79.13,79.13,79.13,79.13,4
2026-07-17T04:55:00Z,79.11,79.19,79.11,79.19,79
2026-07-17T05:00:00Z,79.19,79.21,79.16,79.16,40
2026-07-17T05:05:00Z,79.18,79.18,79.06,79.06,190
2026-07-17T05:10:00Z,79.06,79.08,79.05,79.06,134
2026-07-17T05:15:00Z,79.07,79.09,79.06,79.07,32
2026-07-17T05:20:00Z,79.07,79.07,79.01,79.03,79
2026-07-17T05:25:00Z,79.01,79.03,78.93,78.98,114
2026-07-17T05:30:00Z,78.98,79.11,78.94,79.01,138
2026-07-17T05:35:00Z,78.99,78.99,78.77,78.78,309
2026-07-17T05:40:00Z,78.78,78.78,78.13,78.34,1378
2026-07-17T05:45:00Z,78.35,78.39,78.15,78.24,521
2026-07-17T05:50:00Z,78.25,78.5,78.24,78.41,278
2026-07-17T05:55:00Z,78.41,78.46,78.33,78.38,235
2026-07-17T06:00:00Z,78.43,78.45,78.06,78.09,597
2026-07-17T06:05:00Z,78.07,78.1,77.93,78.01,787
2026-07-17T06:10:00Z,78.02,78.13,77.97,78.13,433
2026-07-17T06:15:00Z,78.14,78.31,78.06,78.31,330
2026-07-17T06:20:00Z,78.3,78.34,78.08,78.19,527
2026-07-17T06:25:00Z,78.19,78.48,78.19,78.44,454
2026-07-17T06:30:00Z,78.45,78.5,78.38,78.42,222
2026-07-17T06:35:00Z,78.44,78.83,78.44,78.79,1242
2026-07-17T06:40:00Z,78.8,78.89,78.71,78.72,506
2026-07-17T06:45:00Z,78.73,78.85,78.69,78.71,239
2026-07-17T06:50:00Z,78.7,78.7,78.51,78.65,370
2026-07-17T06:55:00Z,78.64,78.68,78.58,78.65,163
2026-07-17T07:00:00Z,78.63,78.79,78.61,78.69,542
2026-07-17T07:05:00Z,78.69,78.96,78.69,78.92,383
2026-07-17T07:10:00Z,78.9,78.95,78.85,78.87,445
2026-07-17T07:15:00Z,78.87,78.99,78.77,78.96,397
2026-07-17T07:20:00Z,78.97,79.12,78.94,79.03,473
2026-07-17T07:25:00Z,79.04,79.14,78.96,79.01,532
2026-07-17T07:30:00Z,79.0,79.05,78.97,79.0,220
2026-07-17T07:35:00Z,79.01,79.06,78.88,78.91,397
2026-07-17T07:40:00Z,78.92,78.98,78.89,78.93,723
2026-07-17T07:45:00Z,78.94,78.97,78.75,78.8,220
2026-07-17T07:50:00Z,78.8,78.83,78.72,78.8,205
2026-07-17T07:55:00Z,78.8,78.89,78.72,78.77,301
2026-07-17T08:00:00Z,78.76,78.79,78.53,78.57,474
2026-07-17T08:05:00Z,78.58,78.79,78.56,78.66,425
2026-07-17T08:10:00Z,78.65,78.89,78.65,78.81,501
2026-07-17T08:15:00Z,78.81,78.82,78.57,78.62,270
2026-07-17T08:20:00Z,78.6,78.9,78.56,78.9,438
2026-07-17T08:25:00Z,78.91,79.11,78.89,79.07,910
2026-07-17T08:30:00Z,79.05,79.09,78.93,79.09,569
2026-07-17T08:35:00Z,79.09,79.09,78.8,78.86,320
2026-07-17T08:40:00Z,78.86,79.02,78.8,78.96,450
2026-07-17T08:45:00Z,78.97,79.07,78.95,79.03,396
2026-07-17T08:50:00Z,79.06,79.26,79.03,79.2,665
2026-07-17T08:55:00Z,79.21,79.32,79.08,79.29,777
2026-07-17T09:00:00Z,79.32,79.62,79.29,79.45,1729
2026-07-17T09:05:00Z,79.52,79.6,79.4,79.57,23115
2026-07-17T09:10:00Z,79.58,79.58,79.4,79.44,600
2026-07-17T09:15:00Z,79.44,79.53,79.4,79.52,658
2026-07-17T09:20:00Z,79.55,79.77,79.53,79.7,946
2026-07-17T09:25:00Z,79.67,79.83,79.67,79.77,998
2026-07-17T09:30:00Z,79.78,79.86,79.66,79.76,814
2026-07-17T09:35:00Z,79.77,79.93,79.74,79.86,795
2026-07-17T09:40:00Z,79.85,79.88,79.65,79.73,925
2026-07-17T09:45:00Z,79.72,79.83,79.66,79.8,518
2026-07-17T09:50:00Z,79.81,79.91,79.8,79.87,804
2026-07-17T09:55:00Z,79.87,79.9,79.77,79.77,748
2026-07-17T10:00:00Z,79.77,79.77,79.56,79.67,723
2026-07-17T10:05:00Z,79.67,79.98,79.64,79.95,697
2026-07-17T10:10:00Z,79.97,80.03,79.88,79.98,1645
2026-07-17T10:15:00Z,79.98,80.08,79.91,80.05,983
2026-07-17T10:20:00Z,80.05,80.06,79.92,80.01,522
2026-07-17T10:25:00Z,80.03,80.09,79.84,79.84,544
2026-07-17T10:30:00Z,79.84,79.87,79.77,79.87,581
2026-07-17T10:35:00Z,79.87,79.9,79.75,79.77,723
2026-07-17T10:40:00Z,79.77,79.85,79.74,79.79,534
2026-07-17T10:45:00Z,79.8,79.87,79.8,79.84,312
2026-07-17T10:50:00Z,79.83,79.99,79.8,79.98,457
2026-07-17T10:55:00Z,79.99,80.04,79.95,79.98,560
2026-07-17T11:00:00Z,79.98,80.07,79.92,80.02,613
2026-07-17T11:05:00Z,80.02,80.19,80.01,80.15,759
2026-07-17T11:10:00Z,80.17,80.23,80.13,80.16,547
2026-07-17T11:15:00Z,80.15,80.28,80.15,80.2,419
2026-07-17T11:20:00Z,80.2,80.32,80.15,80.21,827
2026-07-17T11:25:00Z,80.2,80.25,80.06,80.07,650
2026-07-17T11:30:00Z,80.07,80.19,80.04,80.19,442
2026-07-17T11:35:00Z,80.18,80.18,79.94,79.94,737
2026-07-17T11:40:00Z,79.93,80.02,79.92,79.97,550
2026-07-17T11:45:00Z,79.98,80.08,79.9,80.08,561
2026-07-17T11:50:00Z,80.08,80.2,80.04,80.17,909
2026-07-17T11:55:00Z,80.18,80.21,80.11,80.19,599
2026-07-17T12:00:00Z,80.2,80.21,80.12,80.2,421
2026-07-17T12:05:00Z,80.19,80.22,80.06,80.07,1076
2026-07-17T12:10:00Z,80.06,80.15,80.05,80.1,561
2026-07-17T12:15:00Z,80.11,80.31,80.11,80.23,1107
2026-07-17T12:20:00Z,80.23,80.26,80.19,80.24,571
2026-07-17T12:25:00Z,80.22,80.25,80.09,80.25,545
2026-07-17T12:30:00Z,80.27,80.43,80.26,80.39,1137
2026-07-17T12:35:00Z,80.39,80.44,80.29,80.37,1162
2026-07-17T12:40:00Z,80.38,80.38,80.25,80.33,1285
2026-07-17T12:45:00Z,80.31,80.33,80.17,80.18,1158
2026-07-17T12:50:00Z,80.18,80.21,80.1,80.21,1149
2026-07-17T12:55:00Z,80.22,80.46,80.17,80.36,1770
2026-07-17T13:00:00Z,80.38,80.98,80.29,80.91,4887
2026-07-17T13:05:00Z,80.91,81.01,80.65,80.66,2355
2026-07-17T13:10:00Z,80.66,80.87,80.65,80.85,2109
2026-07-17T13:15:00Z,80.86,80.87,80.66,80.8,1095
2026-07-17T13:20:00Z,80.79,81.02,80.77,80.94,1772
2026-07-17T13:25:00Z,80.94,80.98,80.86,80.95,2190
2026-07-17T13:30:00Z,80.97,81.06,80.87,80.87,1648
2026-07-17T13:35:00Z,80.88,80.93,80.58,80.6,2081
2026-07-17T13:40:00Z,80.61,80.92,80.58,80.91,1228
2026-07-17T13:45:00Z,80.92,81.0,80.86,80.97,1078
2026-07-17T13:50:00Z,80.98,81.17,80.98,81.07,1763
2026-07-17T13:55:00Z,81.09,81.2,81.04,81.14,1179
2026-07-17T14:00:00Z,81.14,81.25,81.05,81.22,2287
2026-07-17T14:05:00Z,81.23,81.25,80.9,80.95,1667
2026-07-17T14:10:00Z,80.96,81.13,80.95,81.12,1314
2026-07-17T14:15:00Z,81.11,81.11,80.87,81.01,1785
2026-07-17T14:20:00Z,81.0,81.02,80.84,80.88,975
2026-07-17T14:25:00Z,80.89,80.97,80.83,80.9,1240
2026-07-17T14:30:00Z,80.88,80.9,80.64,80.65,1601
2026-07-17T14:35:00Z,80.64,80.76,80.53,80.71,1907
2026-07-17T14:40:00Z,80.7,80.8,80.66,80.79,933
2026-07-17T14:45:00Z,80.79,80.8,80.63,80.69,1184
2026-07-17T14:50:00Z,80.69,80.7,80.43,80.43,1893
2026-07-17T14:55:00Z,80.45,80.46,80.17,80.22,4569
2026-07-17T15:00:00Z,80.22,80.35,79.98,80.03,3169
2026-07-17T15:05:00Z,80.02,80.13,79.87,79.97,2330
2026-07-17T15:10:00Z,79.94,80.03,79.82,79.97,2053
2026-07-17T15:15:00Z,79.99,80.32,79.97,80.16,1634
2026-07-17T15:20:00Z,80.18,80.46,80.02,80.45,2670
2026-07-17T15:25:00Z,80.44,80.57,80.37,80.42,2799
2026-07-17T15:30:00Z,80.41,80.82,80.3,80.69,5088
2026-07-17T15:35:00Z,80.71,80.85,80.59,80.76,1698
2026-07-17T15:40:00Z,80.77,80.83,80.68,80.71,1156
2026-07-17T15:45:00Z,80.72,80.75,80.6,80.65,820
2026-07-17T15:50:00Z,80.65,80.81,80.64,80.78,1751
2026-07-17T15:55:00Z,80.77,80.79,80.66,80.68,1267
2026-07-17T16:00:00Z,80.67,81.4,80.62,81.2,5493
2026-07-17T16:05:00Z,81.23,81.42,81.08,81.39,2268
2026-07-17T16:10:00Z,81.38,81.45,81.3,81.32,1647
2026-07-17T16:15:00Z,81.32,81.52,81.28,81.31,1565
2026-07-17T16:20:00Z,81.32,81.48,81.21,81.46,1286
2026-07-17T16:25:00Z,81.46,81.51,81.36,81.41,1164
2026-07-17T16:30:00Z,81.41,81.42,81.3,81.39,808
2026-07-17T16:35:00Z,81.41,81.47,81.29,81.29,925
2026-07-17T16:40:00Z,81.29,81.36,81.21,81.34,1208
2026-07-17T16:45:00Z,81.34,81.36,81.22,81.22,693
2026-07-17T16:50:00Z,81.23,81.5,81.2,81.49,1552
2026-07-17T16:55:00Z,81.49,81.54,81.44,81.46,2187
2026-07-17T17:00:00Z,81.47,81.48,81.33,81.38,1413
2026-07-17T17:05:00Z,81.37,81.5,81.28,81.45,1643
2026-07-17T17:10:00Z,81.47,81.54,81.45,81.49,1597
2026-07-17T17:15:00Z,81.49,81.58,81.44,81.57,1091
2026-07-17T17:20:00Z,81.58,81.64,81.49,81.59,1213
2026-07-17T17:25:00Z,81.6,81.73,81.6,81.64,1497
2026-07-17T17:30:00Z,81.64,81.85,81.63,81.64,2250
2026-07-17T17:35:00Z,81.64,81.68,81.51,81.56,1942
2026-07-17T17:40:00Z,81.56,81.81,81.52,81.81,2377
2026-07-17T17:45:00Z,81.81,81.88,81.68,81.78,1878
2026-07-17T17:50:00Z,81.79,81.83,81.67,81.68,1823
2026-07-17T17:55:00Z,81.68,81.85,81.67,81.78,2358
2026-07-17T18:00:00Z,81.77,81.85,81.61,81.82,2389
2026-07-17T18:05:00Z,81.82,82.07,81.82,81.89,3335
2026-07-17T18:10:00Z,81.9,82.02,81.83,82.01,2528
2026-07-17T18:15:00Z,82.02,82.06,81.87,81.88,1999
2026-07-17T18:20:00Z,81.87,82.03,81.85,82.0,2052
2026-07-17T18:25:00Z,82.0,82.05,81.65,81.67,11713
2026-07-17T18:30:00Z,81.66,81.69,81.5,81.51,3303
2026-07-17T18:35:00Z,81.5,81.63,81.43,81.56,1668
2026-07-17T18:40:00Z,81.56,81.57,81.34,81.42,1573
2026-07-17T18:45:00Z,81.41,81.48,81.36,81.47,958
2026-07-17T18:50:00Z,81.47,81.52,81.4,81.49,907
2026-07-17T18:55:00Z,81.47,81.49,81.4,81.41,417
2026-07-17T19:00:00Z,81.41,81.44,81.31,81.36,451
2026-07-17T19:05:00Z,81.37,81.43,81.33,81.36,396
2026-07-17T19:10:00Z,81.35,81.41,81.31,81.39,577
2026-07-17T19:15:00Z,81.38,81.43,81.35,81.39,927
2026-07-17T19:20:00Z,81.4,81.47,81.37,81.41,512
2026-07-17T19:25:00Z,81.42,81.44,81.33,81.38,667
2026-07-17T19:30:00Z,81.36,81.36,81.15,81.16,1067
2026-07-17T19:35:00Z,81.17,81.34,81.15,81.23,668
2026-07-17T19:40:00Z,81.22,81.24,81.08,81.14,760
2026-07-17T19:45:00Z,81.13,81.23,81.12,81.16,852
2026-07-17T19:50:00Z,81.17,81.46,81.13,81.41,722
2026-07-17T19:55:00Z,81.4,81.46,81.39,81.44,818
2026-07-17T20:00:00Z,81.44,81.54,81.32,81.52,665
2026-07-17T20:05:00Z,81.5,81.64,81.5,81.54,511
2026-07-17T20:10:00Z,81.54,81.54,81.49,81.51,182
2026-07-17T20:15:00Z,81.51,81.58,81.51,81.57,374
2026-07-17T20:20:00Z,81.57,81.73,81.56,81.69,644
2026-07-17T20:25:00Z,81.68,81.75,81.63,81.72,764
2026-07-17T20:30:00Z,81.72,81.83,81.61,81.7,695
2026-07-17T20:35:00Z,81.69,81.81,81.66,81.75,811
2026-07-17T20:40:00Z,81.76,81.86,81.72,81.86,428
2026-07-17T20:45:00Z,81.84,81.86,81.71,81.72,276
2026-07-17T20:50:00Z,81.72,81.79,81.69,81.71,327
2026-07-17T20:55:00Z,81.75,81.85,81.71,81.77,879
2026-07-19T22:10:00Z,83.84,84.02,83.79,83.87,895
2026-07-19T22:15:00Z,83.86,84.14,83.8,84.11,1032
2026-07-19T22:20:00Z,84.13,84.26,84.07,84.22,1025
2026-07-19T22:25:00Z,84.23,84.58,84.06,84.58,2311
2026-07-19T22:30:00Z,84.59,84.6,84.01,84.15,1504
2026-07-19T22:35:00Z,84.15,84.33,84.15,84.29,328
2026-07-19T22:40:00Z,84.29,84.29,84.1,84.13,331
2026-07-19T22:45:00Z,84.11,84.14,84.01,84.05,602
2026-07-19T22:50:00Z,84.07,84.17,84.03,84.1,395
2026-07-19T22:55:00Z,84.1,84.11,84.03,84.03,287
2026-07-19T23:00:00Z,84.04,84.17,83.96,84.08,745
2026-07-19T23:05:00Z,84.09,84.09,83.98,84.02,208
2026-07-19T23:10:00Z,84.03,84.09,83.97,84.08,296
2026-07-19T23:15:00Z,84.09,84.09,84.02,84.02,172
2026-07-19T23:20:00Z,84.04,84.04,83.84,83.87,611
2026-07-19T23:25:00Z,83.87,83.96,83.79,83.95,551
2026-07-19T23:30:00Z,83.95,83.98,83.71,83.8,582
2026-07-19T23:35:00Z,83.77,83.91,83.76,83.9,617
2026-07-19T23:40:00Z,83.9,83.97,83.87,83.94,353
2026-07-19T23:45:00Z,83.94,84.0,83.92,83.96,127
2026-07-19T23:50:00Z,83.94,83.94,83.8,83.9,150
2026-07-19T23:55:00Z,83.88,83.88,83.81,83.84,376
2026-07-20T00:00:00Z,83.85,83.9,83.68,83.69,734
2026-07-20T00:05:00Z,83.7,83.74,83.59,83.66,593
2026-07-20T00:10:00Z,83.64,83.69,83.52,83.66,508
2026-07-20T00:15:00Z,83.63,83.73,83.56,83.73,535
2026-07-20T00:20:00Z,83.73,83.73,83.57,83.67,232
2026-07-20T00:25:00Z,83.68,83.73,83.62,83.7,349
2026-07-20T00:30:00Z,83.72,83.73,83.53,83.58,274
2026-07-20T00:35:00Z,83.6,83.78,83.56,83.76,246
2026-07-20T00:40:00Z,83.76,83.77,83.65,83.68,103
2026-07-20T00:45:00Z,83.69,83.75,83.63,83.71,122
2026-07-20T00:50:00Z,83.71,83.73,83.59,83.65,149
2026-07-20T00:55:00Z,83.65,83.65,83.55,83.57,290
2026-07-20T01:00:00Z,83.55,83.67,83.36,83.43,1086
2026-07-20T01:05:00Z,83.45,83.53,83.37,83.42,398
2026-07-20T01:10:00Z,83.43,83.65,83.43,83.63,307
2026-07-20T01:15:00Z,83.6,83.65,83.39,83.54,501
2026-07-20T01:20:00Z,83.53,83.56,83.43,83.5,231
2026-07-20T01:25:00Z,83.48,83.69,83.45,83.59,196
2026-07-20T01:30:00Z,83.6,83.68,83.5,83.64,442
2026-07-20T01:35:00Z,83.63,83.72,83.57,83.69,202
2026-07-20T01:40:00Z,83.68,83.81,83.66,83.77,354
2026-07-20T01:45:00Z,83.79,83.86,83.7,83.77,395
2026-07-20T01:50:00Z,83.79,83.86,83.67,83.69,319
2026-07-20T01:55:00Z,83.69,83.73,83.6,83.7,531
2026-07-20T02:00:00Z,83.68,83.7,83.42,83.59,347
2026-07-20T02:05:00Z,83.59,83.85,83.58,83.77,202
2026-07-20T02:10:00Z,83.78,83.82,83.74,83.8,135
2026-07-20T02:15:00Z,83.81,83.81,83.76,83.78,83
2026-07-20T02:20:00Z,83.79,83.79,83.61,83.71,266
2026-07-20T02:25:00Z,83.7,83.7,83.59,83.6,127
2026-07-20T02:30:00Z,83.63,83.63,83.33,83.57,632
2026-07-20T02:35:00Z,83.57,83.7,83.54,83.63,264
2026-07-20T02:40:00Z,83.62,83.64,83.39,83.52,260
2026-07-20T02:45:00Z,83.52,83.55,83.41,83.55,254
2026-07-20T02:50:00Z,83.55,83.55,83.31,83.35,400
2026-07-20T02:55:00Z,83.35,83.46,83.33,83.36,179
2026-07-20T03:00:00Z,83.35,83.42,83.32,83.41,227
2026-07-20T03:05:00Z,83.43,83.47,83.38,83.46,108
2026-07-20T03:10:00Z,83.48,83.52,83.46,83.52,69
2026-07-20T03:15:00Z,83.52,83.52,83.43,83.52,81
2026-07-20T03:20:00Z,83.52,83.61,83.52,83.61,184
2026-07-20T03:25:00Z,83.59,83.63,83.48,83.52,211
2026-07-20T03:30:00Z,83.53,83.61,83.51,83.6,131
2026-07-20T03:35:00Z,83.58,83.65,83.58,83.6,65
2026-07-20T03:40:00Z,83.59,83.6,83.53,83.57,128
2026-07-20T03:45:00Z,83.59,83.63,83.56,83.62,43
2026-07-20T03:50:00Z,83.62,83.65,83.6,83.62,49
2026-07-20T03:55:00Z,83.63,83.64,83.62,83.64,13
2026-07-20T04:00:00Z,83.64,83.77,83.61,83.72,288
2026-07-20T04:05:00Z,83.72,83.74,83.69,83.71,131
2026-07-20T04:10:00Z,83.71,83.77,83.68,83.75,108
2026-07-20T04:15:00Z,83.74,83.77,83.71,83.73,105
2026-07-20T04:20:00Z,83.73,83.73,83.7,83.73,27
2026-07-20T04:25:00Z,83.73,83.74,83.67,83.69,97
2026-07-20T04:30:00Z,83.69,83.69,83.63,83.63,75
2026-07-20T04:35:00Z,83.64,83.66,83.51,83.57,206
2026-07-20T04:40:00Z,83.55,83.55,83.47,83.5,189
2026-07-20T04:45:00Z,83.5,83.6,83.47,83.56,116
2026-07-20T04:50:00Z,83.55,83.65,83.54,83.63,106
2026-07-20T04:55:00Z,83.62,83.62,83.51,83.55,261
2026-07-20T05:00:00Z,83.5,83.56,83.48,83.54,160
2026-07-20T05:05:00Z,83.54,83.55,83.51,83.54,43
2026-07-20T05:10:00Z,83.54,83.54,83.43,83.48,196
2026-07-20T05:15:00Z,83.48,83.57,83.47,83.53,123
2026-07-20T05:20:00Z,83.52,83.57,83.51,83.55,50
2026-07-20T05:25:00Z,83.55,83.7,83.55,83.69,289
2026-07-20T05:30:00Z,83.69,83.77,83.59,83.64,395
2026-07-20T05:35:00Z,83.62,83.64,83.48,83.55,228
2026-07-20T05:40:00Z,83.57,83.74,83.55,83.73,156
2026-07-20T05:45:00Z,83.74,83.8,83.66,83.79,273
2026-07-20T05:50:00Z,83.77,83.78,83.66,83.71,137
2026-07-20T05:55:00Z,83.72,83.86,83.71,83.81,447
2026-07-20T06:00:00Z,83.81,83.94,83.8,83.89,559
2026-07-20T06:05:00Z,83.89,84.01,83.86,83.97,685
2026-07-20T06:10:00Z,83.98,84.09,83.94,83.97,485
2026-07-20T06:15:00Z,83.99,84.14,83.95,84.13,497
2026-07-20T06:20:00Z,84.13,84.2,83.85,83.91,514
2026-07-20T06:25:00Z,83.89,83.99,83.73,83.8,1199
2026-07-20T06:30:00Z,83.79,83.95,83.78,83.91,323
2026-07-20T06:35:00Z,83.9,84.08,83.9,84.05,365
2026-07-20T06:40:00Z,84.09,84.1,83.74,83.87,1847
2026-07-20T06:45:00Z,83.86,83.91,83.77,83.8,417
2026-07-20T06:50:00Z,83.8,83.82,83.67,83.77,369
2026-07-20T06:55:00Z,83.78,83.94,83.77,83.89,216
2026-07-20T07:00:00Z,83.88,83.88,83.64,83.82,1081
2026-07-20T07:05:00Z,83.82,84.11,83.81,84.11,636
2026-07-20T07:10:00Z,84.1,84.17,83.87,83.98,748
2026-07-20T07:15:00Z,83.99,84.02,83.78,83.8,514
2026-07-20T07:20:00Z,83.77,83.82,83.31,83.33,2367
2026-07-20T07:25:00Z,83.32,83.44,83.13,83.2,1838
2026-07-20T07:30:00Z,83.19,83.25,82.84,82.95,1974
2026-07-20T07:35:00Z,82.96,83.04,82.6,82.61,1659
2026-07-20T07:40:00Z,82.6,82.69,82.23,82.23,2249
2026-07-20T07:45:00Z,82.24,82.62,82.13,82.42,1943
2026-07-20T07:50:00Z,82.42,82.48,82.31,82.4,1249
2026-07-20T07:55:00Z,82.42,82.42,82.11,82.22,1631
2026-07-20T08:00:00Z,82.2,82.23,81.76,81.98,2379
2026-07-20T08:05:00Z,81.99,82.06,81.88,81.94,752
2026-07-20T08:10:00Z,81.94,82.05,81.65,81.75,1173
2026-07-20T08:15:00Z,81.75,81.82,81.54,81.57,1829
2026-07-20T08:20:00Z,81.6,81.8,81.39,81.47,1077
2026-07-20T08:25:00Z,81.49,81.64,81.42,81.64,1333
2026-07-20T08:30:00Z,81.62,81.68,81.31,81.4,1714
2026-07-20T08:35:00Z,81.39,81.51,81.38,81.49,643
2026-07-20T08:40:00Z,81.47,81.68,81.35,81.67,896
2026-07-20T08:45:00Z,81.65,81.68,81.29,81.36,760
2026-07-20T08:50:00Z,81.36,81.53,81.27,81.49,792
2026-07-20T08:55:00Z,81.49,81.62,81.34,81.57,965
2026-07-20T09:00:00Z,81.57,81.61,81.45,81.61,629
2026-07-20T09:05:00Z,81.61,81.74,81.52,81.55,829
2026-07-20T09:10:00Z,81.54,81.61,81.45,81.5,496
2026-07-20T09:15:00Z,81.49,81.49,81.2,81.45,836
2026-07-20T09:20:00Z,81.45,81.46,81.11,81.24,1150
2026-07-20T09:25:00Z,81.25,81.34,81.23,81.34,414
2026-07-20T09:30:00Z,81.33,81.34,81.11,81.13,513
2026-07-20T09:35:00Z,81.11,81.15,81.02,81.03,891
2026-07-20T09:40:00Z,81.04,81.23,80.95,81.19,942
2026-07-20T09:45:00Z,81.19,81.33,81.18,81.29,466
2026-07-20T09:50:00Z,81.29,81.29,81.12,81.19,684
2026-07-20T09:55:00Z,81.2,81.33,81.14,81.17,878
2026-07-20T10:00:00Z,81.18,81.4,81.18,81.4,527
2026-07-20T10:05:00Z,81.4,81.5,81.39,81.48,497
2026-07-20T10:10:00Z,81.48,81.48,81.15,81.41,571
2026-07-20T10:15:00Z,81.41,81.42,81.26,81.27,521
2026-07-20T10:20:00Z,81.28,81.43,81.24,81.43,386
2026-07-20T10:25:00Z,81.42,81.46,81.4,81.44,267
2026-07-20T10:30:00Z,81.45,81.59,81.43,81.52,627
2026-07-20T10:35:00Z,81.5,81.71,81.5,81.7,462
2026-07-20T10:40:00Z,81.72,81.74,81.57,81.67,673
2026-07-20T10:45:00Z,81.68,81.79,81.67,81.79,414
2026-07-20T10:50:00Z,81.8,81.83,81.65,81.7,856
2026-07-20T10:55:00Z,81.72,81.77,81.63,81.66,856
2026-07-20T11:00:00Z,81.63,81.64,81.41,81.44,1007
2026-07-20T11:05:00Z,81.44,81.64,81.44,81.62,413
2026-07-20T11:10:00Z,81.62,81.71,81.56,81.71,241
2026-07-20T11:15:00Z,81.7,81.72,81.56,81.59,302
2026-07-20T11:20:00Z,81.57,81.61,81.52,81.58,410
2026-07-20T11:25:00Z,81.63,81.66,81.56,81.61,244
2026-07-20T11:30:00Z,81.59,81.6,80.01,80.06,11385
2026-07-20T11:35:00Z,80.06,80.18,79.72,79.81,3910
2026-07-20T11:40:00Z,79.82,79.93,79.58,79.76,3251
2026-07-20T11:45:00Z,79.78,80.32,79.78,80.31,2283
2026-07-20T11:50:00Z,80.32,80.49,80.25,80.32,2496
2026-07-20T11:55:00Z,80.32,80.47,80.19,80.27,1621
2026-07-20T12:00:00Z,80.26,81.57,80.24,81.32,8589
2026-07-20T12:05:00Z,81.34,81.61,81.21,81.57,3925
2026-07-20T12:10:00Z,81.57,81.7,81.26,81.43,2373
2026-07-20T12:15:00Z,81.44,81.6,81.39,81.56,1205
2026-07-20T12:20:00Z,81.54,81.75,81.5,81.74,1488
2026-07-20T12:25:00Z,81.74,81.98,81.7,81.84,2034
2026-07-20T12:30:00Z,81.83,82.1,81.77,81.96,3139
2026-07-20T12:35:00Z,81.95,81.98,81.68,81.91,1658
2026-07-20T12:40:00Z,81.91,82.13,81.85,82.02,2051
2026-07-20T12:45:00Z,82.03,82.06,81.57,81.69,2025
2026-07-20T12:50:00Z,81.72,82.1,81.71,82.08,2756
2026-07-20T12:55:00Z,82.07,82.13,81.84,81.87,2416
2026-07-20T13:00:00Z,81.86,81.99,81.51,81.61,3081
2026-07-20T13:05:00Z,81.63,81.78,81.52,81.71,1931
2026-07-20T13:10:00Z,81.7,81.76,81.43,81.76,2224
2026-07-20T13:15:00Z,81.75,81.76,81.47,81.66,2728
2026-07-20T13:20:00Z,81.63,81.7,81.28,81.31,2277
2026-07-20T13:25:00Z,81.33,81.39,81.14,81.34,2255
2026-07-20T13:30:00Z,81.33,81.51,81.17,81.19,2102
2026-07-20T13:35:00Z,81.2,81.27,81.1,81.23,1846
2026-07-20T13:40:00Z,81.22,81.5,81.17,81.44,1298
2026-07-20T13:45:00Z,81.42,81.56,81.34,81.49,1893
2026-07-20T13:50:00Z,81.48,81.76,81.4,81.74,2223
2026-07-20T13:55:00Z,81.74,81.75,81.6,81.72,1136
2026-07-20T14:00:00Z,81.71,81.82,81.51,81.76,1499
2026-07-20T14:05:00Z,81.76,81.82,81.64,81.73,1586
2026-07-20T14:10:00Z,81.73,81.99,81.73,81.97,4265
2026-07-20T14:15:00Z,81.96,82.02,81.6,81.65,2061
2026-07-20T14:20:00Z,81.67,81.81,81.63,81.66,974
2026-07-20T14:25:00Z,81.66,81.69,81.46,81.52,1979
2026-07-20T14:30:00Z,81.52,81.71,81.47,81.49,2758
2026-07-20T14:35:00Z,81.5,81.59,81.3,81.34,1450
2026-07-20T14:40:00Z,81.34,81.46,81.29,81.46,1338
2026-07-20T14:45:00Z,81.47,81.67,81.44,81.65,1144
2026-07-20T14:50:00Z,81.66,81.94,81.65,81.78,1576
2026-07-20T14:55:00Z,81.78,82.07,81.77,81.99,3558
2026-07-20T15:00:00Z,81.99,82.08,81.62,81.66,1469
2026-07-20T15:05:00Z,81.67,81.82,81.11,81.3,3877
2026-07-20T15:10:00Z,81.31,81.59,81.29,81.44,2242
2026-07-20T15:15:00Z,81.45,81.63,81.36,81.63,1486
2026-07-20T15:20:00Z,81.63,81.77,81.58,81.6,1608
2026-07-20T15:25:00Z,81.61,81.61,81.39,81.4,1845
2026-07-20T15:30:00Z,81.4,81.54,81.27,81.53,3368
2026-07-20T15:35:00Z,81.54,81.55,81.42,81.48,1211
2026-07-20T15:40:00Z,81.47,81.64,81.4,81.49,1848
2026-07-20T15:45:00Z,81.49,81.63,81.44,81.53,1296
2026-07-20T15:50:00Z,81.53,81.54,81.41,81.52,943
2026-07-20T15:55:00Z,81.51,81.57,81.46,81.56,864
2026-07-20T16:00:00Z,81.57,81.58,81.29,81.31,1851
2026-07-20T16:05:00Z,81.31,81.36,81.18,81.34,1738
2026-07-20T16:10:00Z,81.37,81.44,81.33,81.39,1023
2026-07-20T16:15:00Z,81.39,81.54,81.38,81.38,1050
2026-07-20T16:20:00Z,81.37,81.48,81.24,81.47,1422
2026-07-20T16:25:00Z,81.46,81.62,81.46,81.61,1017
2026-07-20T16:30:00Z,81.6,82.02,81.6,81.8,3404
2026-07-20T16:35:00Z,81.8,81.84,81.66,81.68,2001
2026-07-20T16:40:00Z,81.68,82.45,81.67,81.83,6738
2026-07-20T16:45:00Z,81.86,81.86,81.56,81.6,1812
2026-07-20T16:50:00Z,81.61,81.94,81.6,81.92,1057
2026-07-20T16:55:00Z,81.93,81.98,81.88,81.89,1305
2026-07-20T17:00:00Z,81.9,81.95,81.77,81.85,1167
2026-07-20T17:05:00Z,81.86,81.92,81.72,81.73,1149
2026-07-20T17:10:00Z,81.73,81.85,81.67,81.78,1533
2026-07-20T17:15:00Z,81.78,81.83,81.72,81.76,1041
2026-07-20T17:20:00Z,81.77,81.96,81.75,81.91,1840
2026-07-20T17:25:00Z,81.92,81.98,81.73,81.75,1540
2026-07-20T17:30:00Z,81.76,82.06,81.76,82.05,1877
2026-07-20T17:35:00Z,82.05,82.23,82.04,82.15,1955
2026-07-20T17:40:00Z,82.15,82.16,81.99,82.04,1668
2026-07-20T17:45:00Z,82.04,82.22,81.95,82.19,1838
2026-07-20T17:50:00Z,82.2,82.27,81.97,82.06,2467
2026-07-20T17:55:00Z,82.05,82.29,81.98,82.16,3470
2026-07-20T18:00:00Z,82.17,82.2,81.93,82.06,2715
2026-07-20T18:05:00Z,82.07,82.08,81.84,81.89,2412
2026-07-20T18:10:00Z,81.88,82.0,81.82,81.93,2492
2026-07-20T18:15:00Z,81.93,82.13,81.93,82.11,2167
2026-07-20T18:20:00Z,82.12,82.39,82.09,82.36,5350
2026-07-20T18:25:00Z,82.36,82.61,82.25,82.58,12601
2026-07-20T18:30:00Z,82.57,82.8,82.56,82.76,3079
2026-07-20T18:35:00Z,82.76,82.79,82.65,82.7,927
2026-07-20T18:40:00Z,82.7,82.93,82.68,82.91,852
2026-07-20T18:45:00Z,82.91,83.11,82.87,83.11,1419
2026-07-20T18:50:00Z,83.11,83.17,82.77,82.82,1421
2026-07-20T18:55:00Z,82.82,82.96,82.81,82.86,1809
2026-07-20T19:00:00Z,82.87,82.99,82.86,82.96,1432
2026-07-20T19:05:00Z,82.96,82.99,82.77,82.87,537
2026-07-20T19:10:00Z,82.87,82.88,82.74,82.79,391
2026-07-20T19:15:00Z,82.79,82.83,82.71,82.76,410
2026-07-20T19:20:00Z,82.79,82.79,82.7,82.74,351
2026-07-20T19:25:00Z,82.72,82.79,82.4,82.54,2303
2026-07-20T19:30:00Z,82.51,82.6,82.16,82.19,1854
2026-07-20T19:35:00Z,82.21,82.49,82.19,82.45,703
2026-07-20T19:40:00Z,82.47,82.53,82.4,82.43,533
2026-07-20T19:45:00Z,82.42,82.51,82.35,82.43,620
2026-07-20T19:50:00Z,82.45,82.52,82.4,82.41,1070
2026-07-20T19:55:00Z,82.41,82.53,82.41,82.45,736
2026-07-20T20:00:00Z,82.44,82.46,82.36,82.41,363
2026-07-20T20:05:00Z,82.4,82.48,82.39,82.47,213
2026-07-20T20:10:00Z,82.44,82.45,82.36,82.41,200
2026-07-20T20:15:00Z,82.41,82.49,82.4,82.45,78
2026-07-20T20:20:00Z,82.46,82.48,82.4,82.43,149
2026-07-20T20:25:00Z,82.44,82.53,82.44,82.48,162
2026-07-20T20:30:00Z,82.49,82.56,82.48,82.5,146
2026-07-20T20:35:00Z,82.47,82.52,82.47,82.51,114
2026-07-20T20:40:00Z,82.5,82.53,82.46,82.49,265
2026-07-20T20:45:00Z,82.48,82.5,82.43,82.5,177
2026-07-20T20:50:00Z,82.49,82.5,82.42,82.44,515
2026-07-20T20:55:00Z,82.44,82.44,82.4,82.42,413
2026-07-20T22:00:00Z,82.42,82.61,82.4,82.61,0
2026-07-20T22:05:00Z,82.58,82.69,82.48,82.48,227
2026-07-20T22:10:00Z,82.47,82.6,82.47,82.52,121
2026-07-20T22:15:00Z,82.53,82.66,82.53,82.58,152
2026-07-20T22:20:00Z,82.58,82.59,82.57,82.58,14
2026-07-20T22:25:00Z,82.58,82.65,82.56,82.58,42
2026-07-20T22:30:00Z,82.59,82.67,82.5,82.67,106
2026-07-20T22:35:00Z,82.67,82.68,82.58,82.63,59
2026-07-20T22:40:00Z,82.62,82.64,82.56,82.61,64
2026-07-20T22:45:00Z,82.62,82.67,82.6,82.66,92
2026-07-20T22:50:00Z,82.67,82.67,82.65,82.67,17
2026-07-20T22:55:00Z,82.63,82.66,82.61,82.63,57
2026-07-20T23:00:00Z,82.63,82.72,82.63,82.69,81
2026-07-20T23:05:00Z,82.69,82.74,82.58,82.58,92
2026-07-20T23:10:00Z,82.59,82.61,82.55,82.6,54
2026-07-20T23:15:00Z,82.59,82.62,82.53,82.55,61
2026-07-20T23:20:00Z,82.54,82.57,82.54,82.54,55
2026-07-20T23:25:00Z,82.55,82.55,82.51,82.52,34
2026-07-20T23:30:00Z,82.53,82.55,82.51,82.55,42
2026-07-20T23:35:00Z,82.56,82.61,82.56,82.6,40
2026-07-20T23:40:00Z,82.61,82.61,82.57,82.59,28
2026-07-20T23:45:00Z,82.59,82.59,82.56,82.56,14
2026-07-20T23:50:00Z,82.58,82.58,82.53,82.54,66
2026-07-20T23:55:00Z,82.51,82.53,82.45,82.49,84
2026-07-21T00:00:00Z,82.48,82.54,82.38,82.43,415
2026-07-21T00:05:00Z,82.43,82.47,82.32,82.35,251
2026-07-21T00:10:00Z,82.34,82.46,82.32,82.42,112
2026-07-21T00:15:00Z,82.43,82.52,82.39,82.41,197
2026-07-21T00:20:00Z,82.42,82.48,82.42,82.45,150
2026-07-21T00:25:00Z,82.45,82.55,82.45,82.52,129
2026-07-21T00:30:00Z,82.53,82.55,82.48,82.49,100
2026-07-21T00:35:00Z,82.49,82.51,82.39,82.42,90
2026-07-21T00:40:00Z,82.43,82.47,82.4,82.45,65
2026-07-21T00:45:00Z,82.45,82.46,82.44,82.45,42
2026-07-21T00:50:00Z,82.44,82.47,82.41,82.43,64
2026-07-21T00:55:00Z,82.43,82.53,82.41,82.5,72
2026-07-21T01:00:00Z,82.51,82.56,82.16,82.2,643
2026-07-21T01:05:00Z,82.18,82.19,82.05,82.16,427
2026-07-21T01:10:00Z,82.14,82.14,82.01,82.13,357
2026-07-21T01:15:00Z,82.12,82.12,81.92,82.03,484
2026-07-21T01:20:00Z,82.05,82.2,82.04,82.1,266
2026-07-21T01:25:00Z,82.11,82.2,82.11,82.16,263
2026-07-21T01:30:00Z,82.13,82.17,82.1,82.16,160
2026-07-21T01:35:00Z,82.17,82.34,82.17,82.22,330
2026-07-21T01:40:00Z,82.23,82.3,82.2,82.21,79
2026-07-21T01:45:00Z,82.21,82.31,82.21,82.28,88
2026-07-21T01:50:00Z,82.29,82.43,82.28,82.34,291
2026-07-21T01:55:00Z,82.33,82.47,82.3,82.41,136
2026-07-21T02:00:00Z,82.43,82.44,82.32,82.37,110
2026-07-21T02:05:00Z,82.35,82.36,82.26,82.27,100
2026-07-21T02:10:00Z,82.28,82.32,82.22,82.31,102
2026-07-21T02:15:00Z,82.34,82.4,82.3,82.31,104
2026-07-21T02:20:00Z,82.27,82.31,82.23,82.26,76
2026-07-21T02:25:00Z,82.24,82.39,82.24,82.36,119
2026-07-21T02:30:00Z,82.36,82.39,82.32,82.33,73
2026-07-21T02:35:00Z,82.34,82.45,82.34,82.44,110
2026-07-21T02:40:00Z,82.45,82.53,82.42,82.47,207
2026-07-21T02:45:00Z,82.47,82.53,82.38,82.41,103
2026-07-21T02:50:00Z,82.41,82.41,82.23,82.23,118
2026-07-21T02:55:00Z,82.21,82.23,82.13,82.15,191
2026-07-21T03:00:00Z,82.15,82.26,82.1,82.25,140
2026-07-21T03:05:00Z,82.24,82.33,82.23,82.32,80
2026-07-21T03:10:00Z,82.33,82.4,82.31,82.38,64
2026-07-21T03:15:00Z,82.38,82.38,82.32,82.32,62
2026-07-21T03:20:00Z,82.32,82.32,82.23,82.3,66
2026-07-21T03:25:00Z,82.29,82.31,82.25,82.27,65
2026-07-21T03:30:00Z,82.28,82.28,82.13,82.18,208
2026-07-21T03:35:00Z,82.18,82.24,82.18,82.23,50
2026-07-21T03:40:00Z,82.24,82.26,82.21,82.21,54
2026-07-21T03:45:00Z,82.22,82.26,82.18,82.25,142
2026-07-21T03:50:00Z,82.25,82.32,82.2,82.22,141
2026-07-21T03:55:00Z,82.2,82.22,82.15,82.19,73
2026-07-21T04:00:00Z,82.16,82.17,82.06,82.06,173
2026-07-21T04:05:00Z,82.08,82.08,81.91,82.08,467
2026-07-21T04:10:00Z,82.11,82.11,82.04,82.05,157
2026-07-21T04:15:00Z,82.06,82.11,82.04,82.11,53
2026-07-21T04:20:00Z,82.1,82.16,82.08,82.12,127
2026-07-21T04:25:00Z,82.11,82.2,82.11,82.14,135
2026-07-21T04:30:00Z,82.15,82.24,82.15,82.23,58
2026-07-21T04:35:00Z,82.24,82.24,82.1,82.11,108
2026-07-21T04:40:00Z,82.13,82.16,82.13,82.14,36
2026-07-21T04:45:00Z,82.15,82.15,82.12,82.14,54
2026-07-21T04:50:00Z,82.12,82.13,82.08,82.09,66
2026-07-21T04:55:00Z,82.1,82.14,82.07,82.14,73
2026-07-21T05:00:00Z,82.14,82.25,82.1,82.23,138
2026-07-21T05:05:00Z,82.22,82.37,82.22,82.37,285
2026-07-21T05:10:00Z,82.36,82.42,82.27,82.27,133
2026-07-21T05:15:00Z,82.28,82.29,82.25,82.27,38
2026-07-21T05:20:00Z,82.27,82.33,82.25,82.31,64
2026-07-21T05:25:00Z,82.32,82.34,82.27,82.33,105
2026-07-21T05:30:00Z,82.33,82.33,82.21,82.28,189
2026-07-21T05:35:00Z,82.29,82.33,82.23,82.25,178
2026-07-21T05:40:00Z,82.25,82.25,81.99,82.07,327
2026-07-21T05:45:00Z,82.1,82.16,81.9,81.91,366
2026-07-21T05:50:00Z,81.92,81.94,81.82,81.92,293
2026-07-21T05:55:00Z,81.9,82.06,81.83,82.05,228
2026-07-21T06:00:00Z,82.09,82.13,82.03,82.05,157
2026-07-21T06:05:00Z,82.05,82.13,82.05,82.09,346
2026-07-21T06:10:00Z,82.09,82.24,82.09,82.17,223
2026-07-21T06:15:00Z,82.16,82.16,81.97,82.1,160
2026-07-21T06:20:00Z,82.13,82.15,82.04,82.09,206
2026-07-21T06:25:00Z,82.08,82.08,81.93,81.94,569
2026-07-21T06:30:00Z,81.93,82.1,81.91,82.07,644
2026-07-21T06:35:00Z,82.07,82.1,81.95,82.04,359
2026-07-21T06:40:00Z,82.07,82.11,82.05,82.05,73
2026-07-21T06:45:00Z,82.06,82.2,82.05,82.11,197
2026-07-21T06:50:00Z,82.09,82.17,82.01,82.1,393
2026-07-21T06:55:00Z,82.13,82.32,82.12,82.31,417
2026-07-21T07:00:00Z,82.33,82.43,82.25,82.37,725
2026-07-21T07:05:00Z,82.4,82.45,82.37,82.44,282
2026-07-21T07:10:00Z,82.44,82.66,82.42,82.62,886
2026-07-21T07:15:00Z,82.62,82.8,82.62,82.71,664
2026-07-21T07:20:00Z,82.73,82.81,82.7,82.81,466
2026-07-21T07:25:00Z,82.81,82.88,82.73,82.88,752
2026-07-21T07:30:00Z,82.89,83.05,82.51,82.53,1301
2026-07-21T07:35:00Z,82.54,82.54,82.26,82.34,782
2026-07-21T07:40:00Z,82.34,82.36,82.1,82.24,624
2026-07-21T07:45:00Z,82.23,82.23,81.99,82.06,680
2026-07-21T07:50:00Z,82.06,82.29,81.99,82.02,719
2026-07-21T07:55:00Z,82.02,82.03,81.89,81.92,646
2026-07-21T08:00:00Z,81.92,82.0,81.64,81.7,877
2026-07-21T08:05:00Z,81.69,81.72,81.47,81.58,1118
2026-07-21T08:10:00Z,81.59,81.67,81.44,81.53,1107
2026-07-21T08:15:00Z,81.53,81.73,81.39,81.65,1032
2026-07-21T08:20:00Z,81.66,81.85,81.66,81.75,811
2026-07-21T08:25:00Z,81.76,82.06,81.61,81.95,1530
2026-07-21T08:30:00Z,81.97,82.19,81.95,82.05,1115
2026-07-21T08:35:00Z,82.05,82.06,81.89,82.03,416
2026-07-21T08:40:00Z,82.05,82.1,81.94,81.96,486
2026-07-21T08:45:00Z,81.97,82.33,81.95,82.21,471
2026-07-21T08:50:00Z,82.21,82.45,82.14,82.28,799
2026-07-21T08:55:00Z,82.26,82.29,82.09,82.24,403
2026-07-21T09:00:00Z,82.25,82.31,82.02,82.04,654
2026-07-21T09:05:00Z,82.05,82.08,81.95,82.08,499
2026-07-21T09:10:00Z,82.07,82.18,82.01,82.12,191
2026-07-21T09:15:00Z,82.13,82.29,82.12,82.22,485
2026-07-21T09:20:00Z,82.24,82.43,82.07,82.39,721
2026-07-21T09:25:00Z,82.39,82.94,82.39,82.92,1558
2026-07-21T09:30:00Z,82.93,83.05,82.62,82.68,1601
2026-07-21T09:35:00Z,82.69,83.02,82.69,82.93,857
2026-07-21T09:40:00Z,82.92,83.03,82.85,82.99,674
2026-07-21T09:45:00Z,82.99,83.04,82.82,82.82,538
2026-07-21T09:50:00Z,82.83,83.21,82.83,83.18,1314
2026-07-21T09:55:00Z,83.18,83.38,83.13,83.26,1489
2026-07-21T10:00:00Z,83.26,83.26,82.85,83.05,1565
2026-07-21T10:05:00Z,83.04,83.17,83.03,83.16,659
2026-07-21T10:10:00Z,83.18,83.19,82.29,82.69,3218
2026-07-21T10:15:00Z,82.7,83.04,82.69,83.03,835
2026-07-21T10:20:00Z,83.03,83.06,82.89,83.02,558
2026-07-21T10:25:00Z,83.02,83.03,82.79,82.87,649
2026-07-21T10:30:00Z,82.89,82.9,82.8,82.83,523
2026-07-21T10:35:00Z,82.85,82.97,82.66,82.89,762
2026-07-21T10:40:00Z,82.92,82.96,82.78,82.87,502
2026-07-21T10:45:00Z,82.88,83.21,82.88,83.16,1363
2026-07-21T10:50:00Z,83.17,83.37,83.1,83.2,1342
2026-07-21T10:55:00Z,83.2,83.29,83.15,83.27,1967
2026-07-21T11:00:00Z,83.27,83.43,83.2,83.36,1069
2026-07-21T11:05:00Z,83.33,83.53,83.21,83.47,689
2026-07-21T11:10:00Z,83.48,83.58,83.37,83.48,1161
2026-07-21T11:15:00Z,83.48,83.67,83.44,83.67,1313
2026-07-21T11:20:00Z,83.66,83.73,83.56,83.64,1329
2026-07-21T11:25:00Z,83.65,83.72,83.51,83.64,934
2026-07-21T11:30:00Z,83.64,83.67,83.49,83.59,1067
2026-07-21T11:35:00Z,83.6,83.74,83.46,83.73,1464
2026-07-21T11:40:00Z,83.73,83.93,83.69,83.72,1833
2026-07-21T11:45:00Z,83.74,83.89,83.7,83.85,737
2026-07-21T11:50:00Z,83.87,84.0,83.8,83.92,1300
2026-07-21T11:55:00Z,83.94,83.97,83.84,83.84,1239
2026-07-21T12:00:00Z,83.85,83.87,83.49,83.49,2086
2026-07-21T12:05:00Z,83.49,83.55,83.33,83.46,1368
2026-07-21T12:10:00Z,83.47,83.6,83.41,83.59,1330
2026-07-21T12:15:00Z,83.56,83.97,83.55,83.88,3084
2026-07-21T12:20:00Z,83.88,84.02,83.8,83.83,1799
2026-07-21T12:25:00Z,83.83,84.15,83.83,84.12,1381
2026-07-21T12:30:00Z,84.12,84.16,83.94,83.99,1631
2026-07-21T12:35:00Z,84.0,84.08,83.95,83.99,1475
2026-07-21T12:40:00Z,83.98,84.43,83.98,84.1,3433
2026-07-21T12:45:00Z,84.12,84.16,83.93,83.99,1744
2026-07-21T12:50:00Z,84.0,84.21,83.99,84.06,1603
2026-07-21T12:55:00Z,84.07,84.19,84.04,84.12,1484
2026-07-21T13:00:00Z,84.14,84.48,84.07,84.41,3194
2026-07-21T13:05:00Z,84.41,84.56,84.26,84.54,2600
2026-07-21T13:10:00Z,84.54,84.55,84.3,84.38,2078
2026-07-21T13:15:00Z,84.38,84.42,84.21,84.23,1765
2026-07-21T13:20:00Z,84.22,84.5,84.2,84.46,2139
2026-07-21T13:25:00Z,84.45,84.66,84.4,84.6,3029
2026-07-21T13:30:00Z,84.62,84.83,84.34,84.45,3322
2026-07-21T13:35:00Z,84.47,84.65,84.28,84.62,2342
2026-07-21T13:40:00Z,84.61,84.95,84.57,84.83,3593
2026-07-21T13:45:00Z,84.84,84.91,84.66,84.74,2088
2026-07-21T13:50:00Z,84.75,84.76,84.42,84.46,1807
2026-07-21T13:55:00Z,84.44,84.5,84.31,84.38,2700
2026-07-21T14:00:00Z,84.38,84.41,84.19,84.24,2845
2026-07-21T14:05:00Z,84.24,84.54,84.21,84.5,1553
2026-07-21T14:10:00Z,84.49,84.59,84.39,84.48,2399
2026-07-21T14:15:00Z,84.47,84.59,84.32,84.39,2195
2026-07-21T14:20:00Z,84.39,84.41,84.19,84.37,2567
2026-07-21T14:25:00Z,84.37,84.68,84.34,84.62,2321
2026-07-21T14:30:00Z,84.64,84.94,84.59,84.93,3361
2026-07-21T14:35:00Z,84.94,85.03,84.78,84.88,3481
2026-07-21T14:40:00Z,84.88,84.89,84.54,84.57,2423
2026-07-21T14:45:00Z,84.56,84.57,84.07,84.44,6344
2026-07-21T14:50:00Z,84.45,84.61,84.35,84.37,2523
2026-07-21T14:55:00Z,84.37,84.74,84.29,84.7,2528
2026-07-21T15:00:00Z,84.73,84.84,84.6,84.8,1539
2026-07-21T15:05:00Z,84.81,84.85,84.55,84.59,1608
2026-07-21T15:10:00Z,84.59,84.6,84.18,84.2,2309
2026-07-21T15:15:00Z,84.21,84.32,84.05,84.08,3761
2026-07-21T15:20:00Z,84.08,84.42,83.69,84.39,7571
2026-07-21T15:25:00Z,84.4,84.6,84.31,84.56,3522
2026-07-21T15:30:00Z,84.58,84.68,84.36,84.39,4068
2026-07-21T15:35:00Z,84.39,84.59,84.33,84.56,1248
2026-07-21T15:40:00Z,84.57,84.76,84.49,84.73,2191
2026-07-21T15:45:00Z,84.72,84.79,84.61,84.66,2213
2026-07-21T15:50:00Z,84.67,84.67,84.48,84.6,1537
2026-07-21T15:55:00Z,84.6,84.7,84.5,84.51,1595
2026-07-21T16:00:00Z,84.5,84.55,84.31,84.32,1481
2026-07-21T16:05:00Z,84.31,84.33,84.16,84.22,2312
2026-07-21T16:10:00Z,84.22,84.29,84.1,84.27,2016
2026-07-21T16:15:00Z,84.28,84.39,84.26,84.3,1356
2026-07-21T16:20:00Z,84.3,84.32,84.2,84.23,1117
2026-07-21T16:25:00Z,84.22,84.45,84.16,84.33,1884
2026-07-21T16:30:00Z,84.34,84.34,84.24,84.26,1000
2026-07-21T16:35:00Z,84.26,84.38,84.18,84.32,1318
2026-07-21T16:40:00Z,84.31,84.49,84.22,84.47,1459
2026-07-21T16:45:00Z,84.47,84.57,84.45,84.49,1080
2026-07-21T16:50:00Z,84.48,84.53,84.38,84.4,800
2026-07-21T16:55:00Z,84.4,84.45,84.34,84.39,738
2026-07-21T17:00:00Z,84.4,84.5,84.34,84.43,671
2026-07-21T17:05:00Z,84.42,84.45,84.32,84.37,589
2026-07-21T17:10:00Z,84.36,84.43,84.03,84.11,2111
2026-07-21T17:15:00Z,84.1,84.27,84.09,84.25,1157
2026-07-21T17:20:00Z,84.26,84.29,84.18,84.21,952
2026-07-21T17:25:00Z,84.2,84.28,84.18,84.2,1126
2026-07-21T17:30:00Z,84.19,84.44,84.19,84.4,1988
2026-07-21T17:35:00Z,84.4,84.46,84.34,84.39,1277
2026-07-21T17:40:00Z,84.39,84.49,84.38,84.42,1089
2026-07-21T17:45:00Z,84.42,84.5,84.28,84.34,2021
2026-07-21T17:50:00Z,84.33,84.43,84.26,84.41,843
2026-07-21T17:55:00Z,84.4,84.44,84.33,84.36,1238
2026-07-21T18:00:00Z,84.36,84.36,84.18,84.21,3030
2026-07-21T18:05:00Z,84.22,84.25,83.97,84.04,3732
2026-07-21T18:10:00Z,84.04,84.21,83.98,84.19,2406
2026-07-21T18:15:00Z,84.19,84.3,84.15,84.29,2204
2026-07-21T18:20:00Z,84.29,84.3,84.1,84.25,2604
2026-07-21T18:25:00Z,84.26,84.4,84.22,84.38,11108
2026-07-21T18:30:00Z,84.38,84.57,84.37,84.39,2747
2026-07-21T18:35:00Z,84.39,84.4,84.24,84.27,1408
2026-07-21T18:40:00Z,84.28,84.28,84.11,84.14,1220
2026-07-21T18:45:00Z,84.15,84.39,84.14,84.36,1762
2026-07-21T18:50:00Z,84.35,84.51,84.35,84.46,1149
2026-07-21T18:55:00Z,84.47,84.53,84.42,84.51,904
2026-07-21T19:00:00Z,84.52,84.59,84.45,84.48,1133
2026-07-21T19:05:00Z,84.49,84.58,84.45,84.56,720
2026-07-21T19:10:00Z,84.57,84.69,84.56,84.66,673
2026-07-21T19:15:00Z,84.65,84.68,84.61,84.62,990
2026-07-21T19:20:00Z,84.62,84.64,84.54,84.56,842
2026-07-21T19:25:00Z,84.56,84.65,84.52,84.64,1345
2026-07-21T19:30:00Z,84.62,84.63,84.53,84.55,688
2026-07-21T19:35:00Z,84.56,84.72,84.56,84.71,495
2026-07-21T19:40:00Z,84.71,84.72,84.6,84.65,525
2026-07-21T19:45:00Z,84.65,84.76,84.64,84.69,633
2026-07-21T19:50:00Z,84.7,84.7,84.63,84.68,515
2026-07-21T19:55:00Z,84.69,84.71,84.64,84.67,552
2026-07-21T20:00:00Z,84.66,84.74,84.58,84.58,451
2026-07-21T20:05:00Z,84.6,84.64,84.57,84.57,432
2026-07-21T20:10:00Z,84.57,84.59,84.49,84.51,368
2026-07-21T20:15:00Z,84.51,84.53,84.47,84.49,243
2026-07-21T20:20:00Z,84.5,84.57,84.49,84.54,261
2026-07-21T20:25:00Z,84.54,84.58,84.5,84.51,142
2026-07-21T20:30:00Z,84.5,84.57,84.4,84.42,269
2026-07-21T20:35:00Z,84.41,84.46,84.37,84.41,235
2026-07-21T20:40:00Z,84.4,84.46,84.31,84.38,153
2026-07-21T20:45:00Z,84.38,84.45,84.35,84.44,505
2026-07-21T20:50:00Z,84.46,84.54,84.45,84.51,475
2026-07-21T20:55:00Z,84.51,84.58,84.48,84.54,495
2026-07-21T22:00:00Z,84.69,84.75,84.58,84.61,0
2026-07-21T22:05:00Z,84.61,84.67,84.6,84.65,55
2026-07-21T22:10:00Z,84.67,84.68,84.63,84.65,88
2026-07-21T22:15:00Z,84.65,84.65,84.61,84.61,39
2026-07-21T22:20:00Z,84.61,84.69,84.61,84.64,58
2026-07-21T22:25:00Z,84.64,84.67,84.64,84.66,17
2026-07-21T22:30:00Z,84.66,84.68,84.66,84.67,29
2026-07-21T22:35:00Z,84.66,84.73,84.64,84.73,203
2026-07-21T22:40:00Z,84.75,84.8,84.71,84.74,250
2026-07-21T22:45:00Z,84.76,84.76,84.7,84.72,46
2026-07-21T22:50:00Z,84.7,84.72,84.69,84.69,35
2026-07-21T22:55:00Z,84.69,84.72,84.69,84.71,43
2026-07-21T23:00:00Z,84.7,84.7,84.68,84.68,21
2026-07-21T23:05:00Z,84.68,84.69,84.66,84.67,102
2026-07-21T23:10:00Z,84.68,84.72,84.67,84.72,34
2026-07-21T23:15:00Z,84.71,84.73,84.7,84.7,35
2026-07-21T23:20:00Z,84.68,84.68,84.61,84.65,167
2026-07-21T23:25:00Z,84.66,84.72,84.66,84.68,43
2026-07-21T23:30:00Z,84.68,84.7,84.65,84.7,99
2026-07-21T23:35:00Z,84.71,84.79,84.7,84.78,96
2026-07-21T23:40:00Z,84.77,84.91,84.76,84.85,354
2026-07-21T23:45:00Z,84.85,84.89,84.81,84.88,314
2026-07-21T23:50:00Z,84.87,84.87,84.79,84.8,59
2026-07-21T23:55:00Z,84.79,84.83,84.79,84.79,154
2026-07-22T00:00:00Z,84.78,84.78,84.54,84.65,779
2026-07-22T00:05:00Z,84.64,84.71,84.59,84.7,188
2026-07-22T00:10:00Z,84.71,84.77,84.66,84.68,134
2026-07-22T00:15:00Z,84.68,84.75,84.63,84.65,137
2026-07-22T00:20:00Z,84.65,84.74,84.62,84.74,215
2026-07-22T00:25:00Z,84.73,84.73,84.64,84.72,242
2026-07-22T00:30:00Z,84.71,84.72,84.67,84.71,321
2026-07-22T00:35:00Z,84.71,84.72,84.44,84.61,619
2026-07-22T00:40:00Z,84.6,84.72,84.6,84.68,211
2026-07-22T00:45:00Z,84.69,84.69,84.62,84.65,100
2026-07-22T00:50:00Z,84.64,84.69,84.62,84.69,72
2026-07-22T00:55:00Z,84.7,84.81,84.64,84.65,174
2026-07-22T01:00:00Z,84.62,85.16,84.57,85.15,1531
2026-07-22T01:05:00Z,85.11,85.2,84.98,85.02,449
2026-07-22T01:10:00Z,85.01,85.3,84.93,85.26,554
2026-07-22T01:15:00Z,85.26,85.3,85.18,85.2,347
2026-07-22T01:20:00Z,85.22,85.75,85.2,85.73,1185
2026-07-22T01:25:00Z,85.72,85.74,85.45,85.47,525
2026-07-22T01:30:00Z,85.49,85.68,85.44,85.56,657
2026-07-22T01:35:00Z,85.55,85.67,85.54,85.57,372
2026-07-22T01:40:00Z,85.58,85.73,85.56,85.65,361
2026-07-22T01:45:00Z,85.66,85.7,85.49,85.52,385
2026-07-22T01:50:00Z,85.53,85.74,85.52,85.66,247
2026-07-22T01:55:00Z,85.66,85.68,85.52,85.61,535
2026-07-22T02:00:00Z,85.59,85.66,85.46,85.56,531
2026-07-22T02:05:00Z,85.57,85.66,85.46,85.49,428
2026-07-22T02:10:00Z,85.5,85.5,85.25,85.27,537
2026-07-22T02:15:00Z,85.28,85.29,85.16,85.2,447
2026-07-22T02:20:00Z,85.19,85.26,85.18,85.22,163
2026-07-22T02:25:00Z,85.23,85.31,85.18,85.29,586
2026-07-22T02:30:00Z,85.29,85.29,85.1,85.16,348
2026-07-22T02:35:00Z,85.14,85.18,85.08,85.13,160
2026-07-22T02:40:00Z,85.13,85.13,84.92,85.0,587
2026-07-22T02:45:00Z,85.0,85.17,84.99,85.17,121
2026-07-22T02:50:00Z,85.17,85.21,85.12,85.21,119
2026-07-22T02:55:00Z,85.21,85.24,85.03,85.05,329
2026-07-22T03:00:00Z,85.09,85.15,85.03,85.15,133
2026-07-22T03:05:00Z,85.13,85.31,85.1,85.23,480
2026-07-22T03:10:00Z,85.24,85.25,85.16,85.22,96
2026-07-22T03:15:00Z,85.2,85.26,85.15,85.24,135
2026-07-22T03:20:00Z,85.26,85.27,85.16,85.2,122
2026-07-22T03:25:00Z,85.19,85.2,85.09,85.18,188
2026-07-22T03:30:00Z,85.16,85.27,85.15,85.2,105
2026-07-22T03:35:00Z,85.22,85.25,85.2,85.21,38
2026-07-22T03:40:00Z,85.19,85.22,85.18,85.19,126
2026-07-22T03:45:00Z,85.19,85.3,85.18,85.28,107
2026-07-22T03:50:00Z,85.27,85.29,85.25,85.28,38
2026-07-22T03:55:00Z,85.28,85.32,85.28,85.31,31
2026-07-22T04:00:00Z,85.35,85.38,85.24,85.27,163
2026-07-22T04:05:00Z,85.28,85.28,85.22,85.26,56
2026-07-22T04:10:00Z,85.26,85.37,85.26,85.36,51
2026-07-22T04:15:00Z,85.35,85.41,85.31,85.4,384
2026-07-22T04:20:00Z,85.41,85.42,85.35,85.37,82
2026-07-22T04:25:00Z,85.36,85.36,85.26,85.26,263
2026-07-22T04:30:00Z,85.26,85.37,85.24,85.36,113
2026-07-22T04:35:00Z,85.35,85.41,85.33,85.37,107
2026-07-22T04:40:00Z,85.39,85.47,85.37,85.39,140
2026-07-22T04:45:00Z,85.42,85.44,85.36,85.38,57
2026-07-22T04:50:00Z,85.38,85.42,85.37,85.41,64
2026-07-22T04:55:00Z,85.4,85.46,85.37,85.43,131
2026-07-22T05:00:00Z,85.42,85.48,85.4,85.43,88
2026-07-22T05:05:00Z,85.44,85.48,85.4,85.46,80
2026-07-22T05:10:00Z,85.46,85.54,85.41,85.53,214
2026-07-22T05:15:00Z,85.53,85.56,85.47,85.52,266
2026-07-22T05:20:00Z,85.52,85.52,85.4,85.42,76
2026-07-22T05:25:00Z,85.42,85.48,85.34,85.38,266
2026-07-22T05:30:00Z,85.38,85.46,85.31,85.35,257
2026-07-22T05:35:00Z,85.35,85.43,85.12,85.2,314
2026-07-22T05:40:00Z,85.18,85.24,85.12,85.13,169
2026-07-22T05:45:00Z,85.14,85.15,85.02,85.13,278
2026-07-22T05:50:00Z,85.14,85.19,85.06,85.07,270
2026-07-22T05:55:00Z,85.06,85.19,85.02,85.14,177
2026-07-22T06:00:00Z,85.15,85.29,85.05,85.29,452
2026-07-22T06:05:00Z,85.3,85.36,85.19,85.32,525
2026-07-22T06:10:00Z,85.29,85.29,85.22,85.24,208
2026-07-22T06:15:00Z,85.25,85.88,85.25,85.79,3382
2026-07-22T06:20:00Z,85.8,86.1,85.76,86.07,1459
2026-07-22T06:25:00Z,86.05,86.14,85.97,86.04,972
2026-07-22T06:30:00Z,86.02,86.08,85.95,86.0,563
2026-07-22T06:35:00Z,86.0,86.08,85.88,86.07,680
2026-07-22T06:40:00Z,86.07,86.14,85.97,86.01,659
2026-07-22T06:45:00Z,86.01,86.36,86.01,86.32,973
2026-07-22T06:50:00Z,86.33,86.39,86.1,86.23,614
2026-07-22T06:55:00Z,86.23,86.28,86.12,86.13,620
2026-07-22T07:00:00Z,86.13,86.62,86.11,86.5,1895
2026-07-22T07:05:00Z,86.52,86.71,86.47,86.66,702
2026-07-22T07:10:00Z,86.66,86.69,86.4,86.47,1040
2026-07-22T07:15:00Z,86.46,86.57,86.37,86.54,1077
2026-07-22T07:20:00Z,86.55,86.69,86.47,86.6,868
2026-07-22T07:25:00Z,86.6,86.8,86.55,86.75,867
2026-07-22T07:30:00Z,86.77,87.01,86.68,86.98,1522
2026-07-22T07:35:00Z,86.97,87.71,86.96,87.7,3541
2026-07-22T07:40:00Z,87.72,87.83,87.54,87.54,2686
2026-07-22T07:45:00Z,87.55,87.86,87.47,87.83,1784
2026-07-22T07:50:00Z,87.81,87.83,87.5,87.58,1517
2026-07-22T07:55:00Z,87.58,87.79,87.43,87.7,2325
2026-07-22T08:00:00Z,87.68,87.72,87.27,87.28,2087
2026-07-22T08:05:00Z,87.27,87.47,87.19,87.21,2111
2026-07-22T08:10:00Z,87.22,87.56,87.21,87.43,1111
2026-07-22T08:15:00Z,87.41,87.45,87.28,87.29,1186
2026-07-22T08:20:00Z,87.26,87.36,87.14,87.24,1077
2026-07-22T08:25:00Z,87.25,87.49,87.19,87.37,2606
2026-07-22T08:30:00Z,87.39,87.44,87.24,87.32,1853
2026-07-22T08:35:00Z,87.25,87.44,87.15,87.44,1252
2026-07-22T08:40:00Z,87.41,87.66,87.36,87.6,1204
2026-07-22T08:45:00Z,87.6,87.73,87.49,87.63,894
2026-07-22T08:50:00Z,87.65,87.72,87.47,87.63,1259
2026-07-22T08:55:00Z,87.63,87.79,87.56,87.62,1029
2026-07-22T09:00:00Z,87.64,87.72,87.43,87.49,1667
2026-07-22T09:05:00Z,87.5,87.76,87.34,87.72,2035
2026-07-22T09:10:00Z,87.72,87.94,87.67,87.89,2246
2026-07-22T09:15:00Z,87.9,88.03,87.85,87.98,1774
2026-07-22T09:20:00Z,87.99,88.1,87.87,87.88,1893
2026-07-22T09:25:00Z,87.87,88.02,87.85,88.02,1908
2026-07-22T09:30:00Z,88.02,88.25,88.01,88.19,3025
2026-07-22T09:35:00Z,88.2,88.25,87.88,88.01,1587
2026-07-22T09:40:00Z,88.02,88.09,87.8,88.01,1351
2026-07-22T09:45:00Z,88.0,88.28,87.93,88.22,1282
2026-07-22T09:50:00Z,88.23,88.61,88.23,88.53,2907
2026-07-22T09:55:00Z,88.55,88.58,88.41,88.44,3646
2026-07-22T10:00:00Z,88.45,88.46,88.12,88.17,2444
2026-07-22T10:05:00Z,88.18,88.19,88.02,88.08,1360
2026-07-22T10:10:00Z,88.07,88.07,87.8,87.83,2361
2026-07-22T10:15:00Z,87.84,87.85,87.49,87.52,2330
2026-07-22T10:20:00Z,87.16,87.25,87.07,87.17,4842
2026-07-22T10:25:00Z,87.15,87.26,86.91,87.0,3062
2026-07-22T10:30:00Z,86.99,87.24,86.92,87.12,2385
2026-07-22T10:35:00Z,87.11,87.24,86.96,87.22,2331
2026-07-22T10:40:00Z,87.22,87.42,87.15,87.32,1990
2026-07-22T10:45:00Z,87.35,87.43,87.16,87.16,1447
2026-07-22T10:50:00Z,87.15,87.28,87.1,87.12,744
2026-07-22T10:55:00Z,87.12,87.21,87.02,87.18,1189
2026-07-22T11:00:00Z,87.2,87.45,87.18,87.38,1156
2026-07-22T11:05:00Z,87.38,87.43,87.2,87.2,717
2026-07-22T11:10:00Z,87.2,87.34,87.19,87.24,702
2026-07-22T11:15:00Z,87.25,87.51,87.25,87.45,815
2026-07-22T11:20:00Z,87.46,87.46,87.32,87.37,649
2026-07-22T11:25:00Z,87.35,87.45,87.3,87.42,737
2026-07-22T11:30:00Z,87.39,87.46,87.15,87.16,2209
2026-07-22T11:35:00Z,87.15,87.31,87.02,87.31,1943
2026-07-22T11:40:00Z,87.32,87.86,87.31,87.64,4818
2026-07-22T11:45:00Z,87.65,87.69,87.23,87.28,1662
2026-07-22T11:50:00Z,87.3,87.49,87.26,87.28,947
2026-07-22T11:55:00Z,87.25,87.37,87.13,87.35,931
2026-07-22T12:00:00Z,87.34,87.56,87.27,87.48,1053
2026-07-22T12:05:00Z,87.5,87.5,87.15,87.19,1592
2026-07-22T12:10:00Z,87.19,87.23,87.02,87.03,1339
2026-07-22T12:15:00Z,87.01,87.15,86.93,87.02,1962
2026-07-22T12:20:00Z,87.02,87.13,86.97,87.05,1086
2026-07-22T12:25:00Z,87.04,87.12,86.73,86.78,1862
2026-07-22T12:30:00Z,86.78,86.83,86.66,86.73,1634
2026-07-22T12:35:00Z,86.73,86.78,86.54,86.62,2291
2026-07-22T12:40:00Z,86.62,86.72,86.56,86.71,1092
2026-07-22T12:45:00Z,86.71,87.08,86.7,87.05,2283
2026-07-22T12:50:00Z,87.05,87.06,86.69,86.75,1802
2026-07-22T12:55:00Z,86.75,87.77,86.75,87.22,5809
2026-07-22T13:00:00Z,87.23,87.26,86.97,87.15,2770
2026-07-22T13:05:00Z,87.15,87.38,87.12,87.27,1977
2026-07-22T13:10:00Z,87.27,87.33,87.03,87.06,2537
2026-07-22T13:15:00Z,87.07,87.12,86.26,86.29,7622
2026-07-22T13:20:00Z,86.29,86.49,86.17,86.23,4545
2026-07-22T13:25:00Z,86.22,86.4,86.15,86.35,3029
2026-07-22T13:30:00Z,86.34,86.43,86.17,86.18,3317
2026-07-22T13:35:00Z,86.19,86.37,86.17,86.33,2492
2026-07-22T13:40:00Z,86.33,86.84,86.33,86.82,3104
2026-07-22T13:45:00Z,86.8,86.85,86.49,86.57,1733
2026-07-22T13:50:00Z,86.57,86.66,86.48,86.6,1361
2026-07-22T13:55:00Z,86.61,87.01,86.56,86.96,2365
2026-07-22T14:00:00Z,86.96,87.07,86.76,86.78,1894
2026-07-22T14:05:00Z,86.78,86.93,86.73,86.75,1098
2026-07-22T14:10:00Z,86.75,87.14,86.75,87.11,2418
2026-07-22T14:15:00Z,87.11,87.17,86.89,86.93,2407
2026-07-22T14:20:00Z,86.96,87.02,86.92,87.02,1201
2026-07-22T14:25:00Z,87.02,87.18,86.92,87.06,1261
2026-07-22T14:30:00Z,87.11,87.14,86.92,87.07,1700
2026-07-22T14:35:00Z,87.07,87.07,86.63,86.63,2147
2026-07-22T14:40:00Z,86.65,86.75,86.5,86.57,1780
2026-07-22T14:45:00Z,86.57,86.82,86.41,86.78,2531
2026-07-22T14:50:00Z,86.8,86.94,86.71,86.83,2879
2026-07-22T14:55:00Z,86.85,86.87,86.62,86.7,1919
2026-07-22T15:00:00Z,86.71,86.84,86.64,86.72,1674
2026-07-22T15:05:00Z,86.72,87.12,86.69,87.11,2160
2026-07-22T15:10:00Z,87.12,87.32,87.03,87.03,2476
2026-07-22T15:15:00Z,87.04,87.09,86.78,86.79,2399
2026-07-22T15:20:00Z,86.77,86.84,86.57,86.62,1602
2026-07-22T15:25:00Z,86.62,86.89,86.59,86.79,2447
2026-07-22T15:30:00Z,86.82,86.87,86.61,86.68,2362
2026-07-22T15:35:00Z,86.68,86.74,86.38,86.41,2081
2026-07-22T15:40:00Z,86.39,86.46,86.16,86.22,2981
2026-07-22T15:45:00Z,86.22,86.27,85.85,85.88,4730
2026-07-22T15:50:00Z,85.88,86.0,85.78,85.97,2920
2026-07-22T15:55:00Z,85.98,86.16,85.97,86.02,1864
2026-07-22T16:00:00Z,86.01,86.12,85.92,86.0,1523
2026-07-22T16:05:00Z,86.01,86.09,85.97,86.06,1898
2026-07-22T16:10:00Z,86.06,86.34,86.03,86.27,1658
2026-07-22T16:15:00Z,86.26,86.34,86.1,86.14,895
2026-07-22T16:20:00Z,86.15,86.36,86.15,86.32,1065
2026-07-22T16:25:00Z,86.32,86.42,86.25,86.4,893
2026-07-22T16:30:00Z,86.4,86.49,86.4,86.48,832
2026-07-22T16:35:00Z,86.47,86.55,86.4,86.43,993
2026-07-22T16:40:00Z,86.42,86.49,86.36,86.4,2506
2026-07-22T16:45:00Z,86.4,86.4,86.15,86.15,944
2026-07-22T16:50:00Z,86.15,86.33,86.12,86.17,1387
2026-07-22T16:55:00Z,86.18,86.32,86.12,86.31,824
2026-07-22T17:00:00Z,86.33,86.6,86.32,86.54,1766
2026-07-22T17:05:00Z,86.56,86.7,86.51,86.55,1898
2026-07-22T17:10:00Z,86.55,86.68,86.49,86.67,1073
2026-07-22T17:15:00Z,86.67,86.8,86.62,86.8,1493
2026-07-22T17:20:00Z,86.8,86.92,86.76,86.89,1570
2026-07-22T17:25:00Z,86.88,86.91,86.66,86.72,1492
2026-07-22T17:30:00Z,86.72,86.79,86.67,86.77,890
2026-07-22T17:35:00Z,86.78,86.91,86.77,86.86,1467
2026-07-22T17:40:00Z,86.84,86.95,86.76,86.8,1122
2026-07-22T17:45:00Z,86.79,86.84,86.72,86.79,925
2026-07-22T17:50:00Z,86.8,86.92,86.79,86.86,1321
2026-07-22T17:55:00Z,86.87,86.92,86.8,86.81,1868
2026-07-22T18:00:00Z,86.82,86.97,86.74,86.95,2042
2026-07-22T18:05:00Z,86.96,87.01,86.73,86.84,1977
2026-07-22T18:10:00Z,86.85,86.86,86.63,86.77,2138
2026-07-22T18:15:00Z,86.77,87.02,86.76,87.0,2889
2026-07-22T18:20:00Z,87.01,87.08,86.9,86.96,2455
2026-07-22T18:25:00Z,86.97,86.98,86.76,86.85,8533
2026-07-22T18:30:00Z,86.86,87.05,86.84,86.95,3568
2026-07-22T18:35:00Z,86.94,87.0,86.89,86.93,974
2026-07-22T18:40:00Z,86.93,87.1,86.93,87.06,689
2026-07-22T18:45:00Z,87.05,87.06,86.92,86.96,637
2026-07-22T18:50:00Z,86.96,87.08,86.89,87.06,692
2026-07-22T18:55:00Z,87.07,87.08,87.02,87.06,463
2026-07-22T19:00:00Z,87.07,87.15,87.04,87.11,742
2026-07-22T19:05:00Z,87.1,87.14,87.05,87.14,671
2026-07-22T19:10:00Z,87.12,87.17,87.09,87.15,504
2026-07-22T19:15:00Z,87.15,87.17,87.05,87.12,861
2026-07-22T19:20:00Z,87.12,87.12,87.0,87.06,1097
2026-07-22T19:25:00Z,87.07,87.07,86.86,86.88,1217
2026-07-22T19:30:00Z,86.88,86.91,86.81,86.82,693
2026-07-22T19:35:00Z,86.82,86.87,86.74,86.8,782
2026-07-22T19:40:00Z,86.79,86.8,86.66,86.7,562
2026-07-22T19:45:00Z,86.69,86.7,86.51,86.62,1236
2026-07-22T19:50:00Z,86.61,86.68,86.5,86.61,992
2026-07-22T19:55:00Z,86.61,86.62,86.46,86.51,934
2026-07-22T20:00:00Z,86.53,86.53,86.3,86.31,566
2026-07-22T20:05:00Z,86.33,86.44,86.21,86.38,452
2026-07-22T20:10:00Z,86.37,86.44,86.34,86.42,360
2026-07-22T20:15:00Z,86.43,86.47,86.39,86.39,313
2026-07-22T20:20:00Z,86.39,86.48,86.38,86.45,174
2026-07-22T20:25:00Z,86.44,86.46,86.4,86.4,120
2026-07-22T20:30:00Z,86.4,86.53,86.36,86.53,425
2026-07-22T20:35:00Z,86.53,86.67,86.42,86.42,458
2026-07-22T20:40:00Z,86.42,86.56,86.41,86.53,281
2026-07-22T20:45:00Z,86.53,86.55,86.44,86.47,150
2026-07-22T20:50:00Z,86.44,86.48,86.38,86.42,385
2026-07-22T20:55:00Z,86.44,86.48,86.36,86.48,0
2026-07-22T22:00:00Z,87.7,87.93,87.32,87.83,2110
2026-07-22T22:05:00Z,87.78,88.22,87.75,88.12,1269
2026-07-22T22:10:00Z,88.14,88.36,87.92,88.2,1228
2026-07-22T22:15:00Z,88.19,88.27,87.98,88.2,617
2026-07-22T22:20:00Z,88.2,88.25,88.04,88.11,269
2026-07-22T22:25:00Z,88.11,88.2,88.02,88.19,402
2026-07-22T22:30:00Z,88.17,88.36,88.14,88.31,551
2026-07-22T22:35:00Z,88.33,88.4,88.09,88.2,536
2026-07-22T22:40:00Z,88.17,88.18,88.03,88.09,201
2026-07-22T22:45:00Z,88.08,88.1,87.93,87.98,337
2026-07-22T22:50:00Z,87.93,87.98,87.85,87.87,235
2026-07-22T22:55:00Z,87.88,87.95,87.81,87.95,185
2026-07-22T23:00:00Z,87.94,88.0,87.86,87.89,229
2026-07-22T23:05:00Z,87.88,88.01,87.88,87.98,293
2026-07-22T23:10:00Z,87.97,87.98,87.84,87.87,105
2026-07-22T23:15:00Z,87.91,87.98,87.9,87.92,89
2026-07-22T23:20:00Z,87.9,87.97,87.88,87.89,130
2026-07-22T23:25:00Z,87.88,87.88,87.77,87.79,165
2026-07-22T23:30:00Z,87.78,87.88,87.73,87.87,161
2026-07-22T23:35:00Z,87.89,87.97,87.88,87.92,109
2026-07-22T23:40:00Z,87.9,87.92,87.84,87.88,44
2026-07-22T23:45:00Z,87.85,87.87,87.8,87.84,74
2026-07-22T23:50:00Z,87.84,87.88,87.74,87.76,83
2026-07-22T23:55:00Z,87.75,87.84,87.74,87.81,144
2026-07-23T00:00:00Z,87.79,87.92,87.36,87.87,1884
2026-07-23T00:05:00Z,87.84,88.25,87.83,88.24,685
2026-07-23T00:10:00Z,88.25,88.4,88.15,88.16,1091
2026-07-23T00:15:00Z,88.16,88.2,88.06,88.11,235
2026-07-23T00:20:00Z,88.1,88.15,87.82,87.94,425
2026-07-23T00:25:00Z,87.94,88.07,87.88,88.04,267
2026-07-23T00:30:00Z,88.04,88.18,88.02,88.04,210
2026-07-23T00:35:00Z,88.05,88.09,87.98,88.05,234
2026-07-23T00:40:00Z,88.06,88.29,87.98,88.09,1165
2026-07-23T00:45:00Z,88.09,88.09,87.94,88.08,186
2026-07-23T00:50:00Z,88.1,88.1,87.83,87.85,257
2026-07-23T00:55:00Z,87.82,88.01,87.82,87.98,265
2026-07-23T01:00:00Z,87.93,88.13,87.82,87.95,702
2026-07-23T01:05:00Z,87.98,88.1,87.88,87.97,203
2026-07-23T01:10:00Z,87.97,87.97,87.85,87.95,248
2026-07-23T01:15:00Z,87.97,88.17,87.94,88.14,290
2026-07-23T01:20:00Z,88.15,88.33,88.13,88.29,451
2026-07-23T01:25:00Z,88.28,88.54,88.27,88.48,788
2026-07-23T01:30:00Z,88.46,88.64,88.22,88.27,912
2026-07-23T01:35:00Z,88.26,88.26,87.93,88.02,810
2026-07-23T01:40:00Z,88.01,88.07,87.95,88.0,601
2026-07-23T01:45:00Z,88.01,88.16,87.99,88.04,182
2026-07-23T01:50:00Z,88.06,88.24,88.06,88.19,169
2026-07-23T01:55:00Z,88.21,88.24,88.1,88.11,150
2026-07-23T02:00:00Z,88.14,88.2,88.09,88.13,128
2026-07-23T02:05:00Z,88.15,88.19,88.06,88.12,145
2026-07-23T02:10:00Z,88.15,88.24,88.05,88.09,255
2026-07-23T02:15:00Z,88.1,88.2,88.07,88.16,103
2026-07-23T02:20:00Z,88.16,88.22,88.14,88.18,71
2026-07-23T02:25:00Z,88.19,88.25,88.18,88.2,148
2026-07-23T02:30:00Z,88.17,88.23,88.04,88.19,200
2026-07-23T02:35:00Z,88.19,88.27,88.17,88.24,130
2026-07-23T02:40:00Z,88.21,88.28,88.19,88.25,173
2026-07-23T02:45:00Z,88.24,88.47,88.22,88.45,508
2026-07-23T02:50:00Z,88.47,88.47,88.35,88.42,337
2026-07-23T02:55:00Z,88.41,88.41,88.21,88.24,301
2026-07-23T03:00:00Z,88.24,88.36,88.2,88.32,148
2026-07-23T03:05:00Z,88.29,88.43,88.25,88.39,167
2026-07-23T03:10:00Z,88.4,88.56,88.4,88.55,245
2026-07-23T03:15:00Z,88.55,88.67,88.48,88.61,893
2026-07-23T03:20:00Z,88.59,88.67,88.54,88.57,518
2026-07-23T03:25:00Z,88.54,88.57,88.42,88.49,463
2026-07-23T03:30:00Z,88.49,88.53,88.43,88.45,278
2026-07-23T03:35:00Z,88.44,88.49,88.4,88.41,136
2026-07-23T03:40:00Z,88.41,88.46,88.36,88.36,162
2026-07-23T03:45:00Z,88.35,88.52,88.32,88.48,398
2026-07-23T03:50:00Z,88.46,88.54,88.45,88.46,227
2026-07-23T03:55:00Z,88.47,88.51,88.47,88.49,104
2026-07-23T04:00:00Z,88.46,88.47,88.29,88.4,381
2026-07-23T04:05:00Z,88.4,88.45,88.33,88.36,130
2026-07-23T04:10:00Z,88.35,88.39,88.34,88.38,43
2026-07-23T04:15:00Z,88.36,88.39,88.29,88.37,236
2026-07-23T04:20:00Z,88.36,88.37,88.26,88.28,94
2026-07-23T04:25:00Z,88.27,88.27,88.1,88.14,415
2026-07-23T04:30:00Z,88.13,88.28,88.11,88.13,158
2026-07-23T04:35:00Z,88.14,88.14,87.93,88.09,446
2026-07-23T04:40:00Z,88.09,88.18,88.06,88.12,195
2026-07-23T04:45:00Z,88.14,88.23,88.08,88.21,251
2026-07-23T04:50:00Z,88.21,88.25,88.16,88.24,109
2026-07-23T04:55:00Z,88.21,88.23,88.09,88.13,96
2026-07-23T05:00:00Z,88.12,88.26,88.12,88.2,299
2026-07-23T05:05:00Z,88.2,88.26,88.16,88.25,113
2026-07-23T05:10:00Z,88.24,88.41,88.22,88.26,254
2026-07-23T05:15:00Z,88.27,88.27,88.22,88.22,146
2026-07-23T05:20:00Z,88.21,88.27,88.16,88.16,102
2026-07-23T05:25:00Z,88.18,88.21,88.0,88.0,264
2026-07-23T05:30:00Z,88.0,88.01,87.66,87.76,963
2026-07-23T05:35:00Z,87.73,88.04,87.68,87.96,560
2026-07-23T05:40:00Z,87.94,88.07,87.87,87.99,301
2026-07-23T05:45:00Z,87.98,88.18,87.97,88.18,182
2026-07-23T05:50:00Z,88.2,88.32,88.13,88.29,315
2026-07-23T05:55:00Z,88.3,88.38,88.27,88.3,185
2026-07-23T06:00:00Z,88.28,88.31,88.0,88.15,532
2026-07-23T06:05:00Z,88.17,88.19,88.06,88.17,295
2026-07-23T06:10:00Z,88.15,88.16,88.0,88.02,184
2026-07-23T06:15:00Z,88.04,88.15,87.93,88.1,288
2026-07-23T06:20:00Z,88.1,88.18,88.06,88.17,202
2026-07-23T06:25:00Z,88.13,88.3,88.12,88.26,382
2026-07-23T06:30:00Z,88.26,88.4,88.22,88.36,615
2026-07-23T06:35:00Z,88.35,88.44,88.23,88.43,610
2026-07-23T06:40:00Z,88.44,88.6,88.39,88.55,797
2026-07-23T06:45:00Z,88.58,88.58,88.36,88.53,423
2026-07-23T06:50:00Z,88.53,88.76,88.51,88.73,1576
2026-07-23T06:55:00Z,88.71,88.8,88.63,88.64,937
2026-07-23T07:00:00Z,88.61,89.04,88.6,88.96,1717
2026-07-23T07:05:00Z,88.95,89.26,88.88,89.19,1371
2026-07-23T07:10:00Z,89.2,89.38,89.11,89.21,1810
2026-07-23T07:15:00Z,89.23,89.63,89.22,89.5,2351
2026-07-23T07:20:00Z,89.5,89.58,89.37,89.46,1146
2026-07-23T07:25:00Z,89.48,89.48,89.12,89.22,1167
2026-07-23T07:30:00Z,89.23,89.53,89.22,89.53,1357
2026-07-23T07:35:00Z,89.51,89.65,89.48,89.6,1289
2026-07-23T07:40:00Z,89.62,89.73,89.57,89.64,1257
2026-07-23T07:45:00Z,89.65,89.85,89.51,89.59,2076
2026-07-23T07:50:00Z,89.59,89.7,89.23,89.3,1465
2026-07-23T07:55:00Z,89.29,89.38,89.11,89.3,1354
2026-07-23T08:00:00Z,89.27,89.53,89.26,89.37,1545
2026-07-23T08:05:00Z,89.36,89.37,88.97,88.97,1142
2026-07-23T08:10:00Z,88.99,89.32,88.91,89.26,1069
2026-07-23T08:15:00Z,89.25,89.37,89.11,89.22,1185
2026-07-23T08:20:00Z,89.22,89.49,89.14,89.46,1158
2026-07-23T08:25:00Z,89.48,89.51,89.21,89.23,1688
2026-07-23T08:30:00Z,89.25,89.67,89.24,89.62,2065
2026-07-23T08:35:00Z,89.61,89.72,89.56,89.58,970
2026-07-23T08:40:00Z,89.58,89.76,89.57,89.67,948
2026-07-23T08:45:00Z,89.67,89.72,89.25,89.27,1331
2026-07-23T08:50:00Z,89.25,89.46,89.23,89.42,781
2026-07-23T08:55:00Z,89.42,89.54,89.36,89.5,982
2026-07-23T09:00:00Z,89.52,89.67,89.24,89.37,2016
2026-07-23T09:05:00Z,89.37,89.8,89.37,89.77,1399
2026-07-23T09:10:00Z,89.77,90.06,89.64,90.04,2241
2026-07-23T09:15:00Z,90.05,90.07,89.95,90.01,1240
2026-07-23T09:20:00Z,90.03,90.35,90.01,90.25,1816
2026-07-23T09:25:00Z,90.25,90.28,90.15,90.15,710
2026-07-23T09:30:00Z,90.16,90.27,90.02,90.22,1124
2026-07-23T09:35:00Z,90.23,90.31,90.1,90.11,1241
2026-07-23T09:40:00Z,90.11,90.13,89.82,89.9,1144
2026-07-23T09:45:00Z,89.9,90.08,89.85,89.95,1047
2026-07-23T09:50:00Z,89.95,90.19,89.92,89.96,1908
2026-07-23T09:55:00Z,89.95,90.36,89.94,90.22,1655
2026-07-23T10:00:00Z,90.22,90.37,89.95,90.0,1975
2026-07-23T10:05:00Z,89.97,90.01,89.86,89.87,718
2026-07-23T10:10:00Z,89.9,90.13,89.86,90.09,652
2026-07-23T10:15:00Z,90.09,90.46,90.03,90.45,1349
2026-07-23T10:20:00Z,90.44,90.59,90.35,90.52,1440
2026-07-23T10:25:00Z,90.55,90.59,90.37,90.56,1003
2026-07-23T10:30:00Z,90.56,90.67,90.42,90.46,1244
2026-07-23T10:35:00Z,90.45,90.72,90.44,90.65,1195
2026-07-23T10:40:00Z,90.66,90.71,90.17,90.23,1784
2026-07-23T10:45:00Z,90.24,90.41,90.19,90.31,933
2026-07-23T10:50:00Z,90.33,90.38,90.12,90.15,1461
2026-07-23T10:55:00Z,90.16,90.25,90.11,90.13,878
2026-07-23T11:00:00Z,90.12,90.32,90.1,90.27,923
2026-07-23T11:05:00Z,90.29,90.62,90.29,90.49,1764
2026-07-23T11:10:00Z,90.53,90.57,90.39,90.39,720
2026-07-23T11:15:00Z,90.39,90.88,90.34,90.84,1823
2026-07-23T11:20:00Z,90.83,90.89,90.65,90.77,1386
2026-07-23T11:25:00Z,90.78,90.83,90.58,90.71,851
2026-07-23T11:30:00Z,90.72,90.93,90.54,90.9,766
2026-07-23T11:35:00Z,90.91,91.13,90.88,91.07,1937
2026-07-23T11:40:00Z,91.09,91.19,90.89,90.93,1634
2026-07-23T11:45:00Z,90.92,90.92,90.56,90.6,1311
2026-07-23T11:50:00Z,90.6,90.71,90.28,90.64,1609
2026-07-23T11:55:00Z,90.65,90.75,90.59,90.69,813
2026-07-23T12:00:00Z,90.7,90.83,90.54,90.57,1912
2026-07-23T12:05:00Z,90.59,90.74,90.54,90.71,2144
2026-07-23T12:10:00Z,90.71,90.98,90.63,90.97,1283
2026-07-23T12:15:00Z,90.98,91.4,90.7,90.86,5367
2026-07-23T12:20:00Z,90.87,91.05,90.66,90.92,1978
2026-07-23T12:25:00Z,90.91,91.02,90.78,90.84,928
2026-07-23T12:30:00Z,90.88,91.02,90.63,90.63,2427
2026-07-23T12:35:00Z,90.63,90.69,90.52,90.57,1502
2026-07-23T12:40:00Z,90.59,90.93,90.54,90.93,2270
2026-07-23T12:45:00Z,90.94,90.94,90.64,90.84,2001
2026-07-23T12:50:00Z,90.87,91.23,90.83,91.06,3641
2026-07-23T12:55:00Z,91.06,91.08,90.74,90.84,2287
2026-07-23T13:00:00Z,90.86,91.43,90.77,91.15,5021
2026-07-23T13:05:00Z,91.14,91.32,91.06,91.2,2231
2026-07-23T13:10:00Z,91.2,91.51,91.15,91.36,3166
2026-07-23T13:15:00Z,91.38,91.61,90.71,90.74,4483
2026-07-23T13:20:00Z,90.76,91.14,90.68,91.14,2739
2026-07-23T13:25:00Z,91.12,91.14,90.83,90.98,2720
2026-07-23T13:30:00Z,90.97,91.05,90.74,90.86,2593
2026-07-23T13:35:00Z,90.89,91.29,90.79,91.27,2928
2026-07-23T13:40:00Z,91.28,91.57,91.25,91.56,3006
2026-07-23T13:45:00Z,91.55,91.71,91.45,91.54,2853
2026-07-23T13:50:00Z,91.56,91.89,91.52,91.84,3019
2026-07-23T13:55:00Z,91.85,91.88,91.66,91.75,1778
2026-07-23T14:00:00Z,91.72,91.73,91.48,91.69,3037
2026-07-23T14:05:00Z,91.69,91.97,91.54,91.74,3101
2026-07-23T14:10:00Z,91.73,91.78,91.39,91.47,3178
2026-07-23T14:15:00Z,91.44,91.46,90.98,91.27,2816
2026-07-23T14:20:00Z,91.26,91.58,91.23,91.51,2014
2026-07-23T14:25:00Z,91.52,91.85,91.45,91.73,2492
2026-07-23T14:30:00Z,91.76,91.94,91.7,91.83,2666
2026-07-23T14:35:00Z,91.85,92.01,91.43,91.48,3634
2026-07-23T14:40:00Z,91.47,91.69,91.32,91.65,2423
2026-07-23T14:45:00Z,91.64,92.13,91.61,92.08,3268
2026-07-23T14:50:00Z,92.07,92.13,91.93,92.11,2404
2026-07-23T14:55:00Z,92.11,92.16,91.88,91.9,2678
2026-07-23T15:00:00Z,91.87,92.03,91.73,91.93,2358
2026-07-23T15:05:00Z,91.95,92.27,91.91,92.22,4402
2026-07-23T15:10:00Z,92.24,92.43,92.01,92.09,5801
2026-07-23T15:15:00Z,92.1,92.36,91.98,92.33,2753
2026-07-23T15:20:00Z,92.32,92.82,92.26,92.64,7127
2026-07-23T15:25:00Z,92.63,92.77,92.47,92.5,5278
2026-07-23T15:30:00Z,92.48,92.78,92.34,92.5,6176
2026-07-23T15:35:00Z,92.49,92.49,92.2,92.3,2772
2026-07-23T15:40:00Z,92.29,92.31,91.81,92.07,4216
2026-07-23T15:45:00Z,92.07,92.1,91.78,91.89,2642
2026-07-23T15:50:00Z,91.88,92.08,91.82,91.96,3166
2026-07-23T15:55:00Z,91.93,92.14,91.8,91.85,2555
2026-07-23T16:00:00Z,91.85,92.08,91.59,92.06,2964
2026-07-23T16:05:00Z,92.06,92.37,91.99,92.21,2707
2026-07-23T16:10:00Z,92.2,92.28,91.8,91.81,2483
2026-07-23T16:15:00Z,91.82,92.11,91.82,92.09,1638
2026-07-23T16:20:00Z,92.08,92.1,91.91,92.01,1487
2026-07-23T16:25:00Z,92.02,92.04,91.85,91.89,1399
2026-07-23T16:30:00Z,91.88,92.35,91.87,92.34,2208
2026-07-23T16:35:00Z,92.33,92.57,92.31,92.5,3431
2026-07-23T16:40:00Z,92.49,92.5,92.28,92.38,1402
2026-07-23T16:45:00Z,92.39,92.5,92.32,92.44,664
2026-07-23T16:50:00Z,92.43,92.53,92.22,92.39,1040
2026-07-23T16:55:00Z,92.39,92.41,92.23,92.33,788
2026-07-23T17:00:00Z,92.32,92.56,92.31,92.41,1414
2026-07-23T17:05:00Z,92.41,92.74,92.35,92.5,1989
2026-07-23T17:10:00Z,92.52,92.57,92.34,92.54,1220
2026-07-23T17:15:00Z,92.55,92.78,92.54,92.71,2679
2026-07-23T17:20:00Z,92.69,92.79,92.62,92.67,1621
2026-07-23T17:25:00Z,92.67,92.69,92.53,92.58,1623
2026-07-23T17:30:00Z,92.58,92.76,92.57,92.63,1677
2026-07-23T17:35:00Z,92.64,92.72,92.55,92.67,2091
2026-07-23T17:40:00Z,92.66,93.13,92.63,93.12,3060
2026-07-23T17:45:00Z,93.12,93.22,92.95,93.0,2307
2026-07-23T17:50:00Z,93.01,93.23,92.89,93.21,2302
2026-07-23T17:55:00Z,93.19,93.29,93.1,93.23,2696
2026-07-23T18:00:00Z,93.25,93.39,93.13,93.29,3970
2026-07-23T18:05:00Z,93.3,93.5,93.08,93.4,4770
2026-07-23T18:10:00Z,93.42,93.42,93.1,93.17,3118
2026-07-23T18:15:00Z,93.17,93.25,92.63,92.68,5758
2026-07-23T18:20:00Z,92.68,92.81,92.51,92.51,3877
2026-07-23T18:25:00Z,92.51,92.55,92.01,92.1,12334
2026-07-23T18:30:00Z,92.11,92.21,91.94,92.12,4205
2026-07-23T18:35:00Z,92.1,92.16,91.98,92.12,1223
2026-07-23T18:40:00Z,92.1,92.15,91.98,92.0,627
2026-07-23T18:45:00Z,91.99,92.18,91.97,92.15,862
2026-07-23T18:50:00Z,92.15,92.35,92.14,92.28,784
2026-07-23T18:55:00Z,92.28,92.31,92.0,92.03,938
2026-07-23T19:00:00Z,92.03,92.03,91.82,91.87,1070
2026-07-23T19:05:00Z,91.88,91.91,91.61,91.74,1794
2026-07-23T19:10:00Z,91.75,91.81,91.68,91.68,568
2026-07-23T19:15:00Z,91.67,91.79,91.58,91.75,600
2026-07-23T19:20:00Z,91.74,91.92,91.74,91.87,679
2026-07-23T19:25:00Z,91.86,91.89,91.55,91.64,779
2026-07-23T19:30:00Z,91.62,91.63,91.13,91.57,1743
2026-07-23T19:35:00Z,91.57,91.79,91.54,91.72,777
2026-07-23T19:40:00Z,91.73,91.78,91.65,91.71,680
2026-07-23T19:45:00Z,91.72,91.86,91.68,91.86,748
2026-07-23T19:50:00Z,91.83,91.85,91.42,91.49,1884
2026-07-23T19:55:00Z,91.48,91.62,91.44,91.62,910
2026-07-23T20:00:00Z,91.6,91.63,91.42,91.6,321
2026-07-23T20:05:00Z,91.6,91.64,91.53,91.53,266
2026-07-23T20:10:00Z,91.52,91.66,91.46,91.57,273
2026-07-23T20:15:00Z,91.58,91.85,91.54,91.84,1224
2026-07-23T20:20:00Z,91.85,92.05,91.81,92.0,962
2026-07-23T20:25:00Z,92.0,92.09,91.92,91.92,504
2026-07-23T20:30:00Z,91.93,92.02,91.79,91.93,1261
2026-07-23T20:35:00Z,91.91,92.0,91.88,91.96,1315
2026-07-23T20:40:00Z,91.95,92.33,91.95,92.21,459
2026-07-23T20:45:00Z,92.2,92.31,92.2,92.22,248
2026-07-23T20:50:00Z,92.21,92.39,92.21,92.32,669
2026-07-23T20:55:00Z,92.34,92.43,92.33,92.36,755
2026-07-23T22:00:00Z,92.58,92.66,92.37,92.56,0
2026-07-23T22:05:00Z,92.53,92.56,92.17,92.21,350
2026-07-23T22:10:00Z,92.2,92.31,92.19,92.27,171
2026-07-23T22:15:00Z,92.27,92.3,92.19,92.2,90
2026-07-23T22:20:00Z,92.19,92.29,92.12,92.12,165
2026-07-23T22:25:00Z,92.14,92.23,92.12,92.17,135
2026-07-23T22:30:00Z,92.18,92.23,92.09,92.11,112
2026-07-23T22:35:00Z,92.13,92.15,92.06,92.13,70
2026-07-23T22:40:00Z,92.1,92.11,92.05,92.07,44
2026-07-23T22:45:00Z,92.06,92.11,92.05,92.11,65
2026-07-23T22:50:00Z,92.12,92.15,92.09,92.13,76
2026-07-23T22:55:00Z,92.11,92.15,92.09,92.09,44
2026-07-23T23:00:00Z,92.08,92.2,92.08,92.2,95
2026-07-23T23:05:00Z,92.2,92.2,92.16,92.18,39
2026-07-23T23:10:00Z,92.19,92.21,92.18,92.2,40
2026-07-23T23:15:00Z,92.19,92.19,92.17,92.18,27
2026-07-23T23:20:00Z,92.18,92.2,92.16,92.18,34
2026-07-23T23:25:00Z,92.19,92.21,92.14,92.14,112
2026-07-23T23:30:00Z,92.15,92.15,92.06,92.08,85
2026-07-23T23:35:00Z,92.08,92.2,92.08,92.17,57
2026-07-23T23:40:00Z,92.2,92.53,92.13,92.17,670
2026-07-23T23:45:00Z,92.18,92.19,92.06,92.15,153
2026-07-23T23:50:00Z,92.15,92.28,92.13,92.27,106
2026-07-23T23:55:00Z,92.23,92.32,92.2,92.29,217
2026-07-24T00:00:00Z,92.3,92.5,92.19,92.42,709
2026-07-24T00:05:00Z,92.41,92.59,92.4,92.54,330
2026-07-24T00:10:00Z,92.54,92.78,92.43,92.7,474
2026-07-24T00:15:00Z,92.68,92.83,92.61,92.68,565
2026-07-24T00:20:00Z,92.66,92.66,92.18,92.31,1042
2026-07-24T00:25:00Z,92.31,92.37,92.24,92.24,178
2026-07-24T00:30:00Z,92.25,92.36,92.22,92.26,90
2026-07-24T00:35:00Z,92.26,92.28,92.14,92.21,170
2026-07-24T00:40:00Z,92.2,92.22,92.12,92.12,91
2026-07-24T00:45:00Z,92.14,92.19,91.96,92.19,496
2026-07-24T00:50:00Z,92.17,92.18,92.1,92.14,319
2026-07-24T00:55:00Z,92.17,92.2,91.89,91.9,171
2026-07-24T01:00:00Z,91.89,91.9,91.46,91.59,2080
2026-07-24T01:05:00Z,91.58,91.69,91.48,91.65,418
2026-07-24T01:10:00Z,91.65,91.67,91.51,91.52,339
2026-07-24T01:15:00Z,91.53,91.63,91.35,91.49,587
2026-07-24T01:20:00Z,91.5,91.55,91.38,91.48,431
2026-07-24T01:25:00Z,91.49,91.58,91.44,91.54,207
2026-07-24T01:30:00Z,91.54,91.7,91.5,91.57,364
2026-07-24T01:35:00Z,91.56,91.57,91.38,91.41,359
2026-07-24T01:40:00Z,91.41,91.42,91.16,91.31,1082
2026-07-24T01:45:00Z,91.33,91.51,91.23,91.5,392
2026-07-24T01:50:00Z,91.52,91.64,91.52,91.55,253
2026-07-24T01:55:00Z,91.52,91.67,91.5,91.65,178
2026-07-24T02:00:00Z,91.64,91.76,91.63,91.69,241
2026-07-24T02:05:00Z,91.73,91.84,91.66,91.67,301
2026-07-24T02:10:00Z,91.68,91.75,91.61,91.66,149
2026-07-24T02:15:00Z,91.66,91.71,91.62,91.7,49
2026-07-24T02:20:00Z,91.73,91.91,91.7,91.87,375
2026-07-24T02:25:00Z,91.88,91.91,91.8,91.86,241
2026-07-24T02:30:00Z,91.84,91.86,91.71,91.78,174
2026-07-24T02:35:00Z,91.77,91.78,91.67,91.67,122
2026-07-24T02:40:00Z,91.69,91.85,91.69,91.82,212
2026-07-24T02:45:00Z,91.84,92.05,91.82,91.94,383
2026-07-24T02:50:00Z,91.94,91.94,91.81,91.89,171
2026-07-24T02:55:00Z,91.89,91.94,91.76,91.92,209
2026-07-24T03:00:00Z,91.91,92.09,91.87,92.04,319
2026-07-24T03:05:00Z,92.05,92.17,92.02,92.14,416
2026-07-24T03:10:00Z,92.13,92.2,92.07,92.14,509
2026-07-24T03:15:00Z,92.11,92.15,91.96,92.03,315
2026-07-24T03:20:00Z,92.03,92.09,91.94,92.06,364
2026-07-24T03:25:00Z,92.06,92.35,92.02,92.22,1165
2026-07-24T03:30:00Z,92.22,92.4,92.14,92.24,478
2026-07-24T03:35:00Z,92.26,92.31,92.07,92.12,228
2026-07-24T03:40:00Z,92.11,92.11,92.02,92.07,101
2026-07-24T03:45:00Z,92.07,92.09,92.0,92.0,102
2026-07-24T03:50:00Z,92.0,92.02,91.95,91.97,188
2026-07-24T03:55:00Z,91.97,91.97,91.91,91.95,194
2026-07-24T04:00:00Z,91.91,91.99,91.87,91.88,304
2026-07-24T04:05:00Z,91.87,91.87,91.64,91.69,455
2026-07-24T04:10:00Z,91.69,91.78,91.66,91.78,179
2026-07-24T04:15:00Z,91.78,91.8,91.73,91.75,85
2026-07-24T04:20:00Z,91.77,91.77,91.67,91.72,89
2026-07-24T04:25:00Z,91.72,91.74,91.66,91.67,105
2026-07-24T04:30:00Z,91.68,91.72,91.54,91.7,259
2026-07-24T04:35:00Z,91.69,91.74,91.67,91.73,60
2026-07-24T04:40:00Z,91.72,91.74,91.68,91.7,41
2026-07-24T04:45:00Z,91.7,91.75,91.62,91.74,187
2026-07-24T04:50:00Z,91.73,91.74,91.62,91.63,96
2026-07-24T04:55:00Z,91.67,91.74,91.64,91.65,101
2026-07-24T05:00:00Z,91.65,91.71,91.59,91.61,133
2026-07-24T05:05:00Z,91.6,91.72,91.6,91.71,97
2026-07-24T05:10:00Z,91.71,91.79,91.71,91.76,73
2026-07-24T05:15:00Z,91.76,91.83,91.74,91.8,81
2026-07-24T05:20:00Z,91.82,91.86,91.74,91.76,145
2026-07-24T05:25:00Z,91.78,91.82,91.66,91.72,134
2026-07-24T05:30:00Z,91.73,91.8,91.6,91.75,265
2026-07-24T05:35:00Z,91.76,91.81,91.56,91.62,167
2026-07-24T05:40:00Z,91.63,91.64,91.36,91.45,498
2026-07-24T05:45:00Z,91.45,91.5,91.18,91.29,455
2026-07-24T05:50:00Z,91.29,91.59,91.24,91.58,323
2026-07-24T05:55:00Z,91.56,91.62,91.39,91.5,254
2026-07-24T06:00:00Z,91.5,91.65,91.44,91.45,281
2026-07-24T06:05:00Z,91.44,91.48,91.31,91.37,267
2026-07-24T06:10:00Z,91.32,91.41,91.19,91.26,494
2026-07-24T06:15:00Z,91.27,91.52,91.21,91.23,378
2026-07-24T06:20:00Z,91.23,91.28,91.16,91.23,443
2026-07-24T06:25:00Z,91.21,91.35,91.09,91.31,671
2026-07-24T06:30:00Z,91.31,91.35,90.95,90.95,1149
2026-07-24T06:35:00Z,90.95,91.25,90.93,91.19,639
2026-07-24T06:40:00Z,91.2,91.27,91.14,91.15,273
2026-07-24T06:45:00Z,91.12,91.2,90.92,90.94,1104
2026-07-24T06:50:00Z,90.94,90.97,90.76,90.81,1385
2026-07-24T06:55:00Z,90.84,90.89,90.51,90.56,1869
2026-07-24T07:00:00Z,90.58,90.68,90.3,90.56,2221
2026-07-24T07:05:00Z,90.57,90.75,90.57,90.71,917
2026-07-24T07:10:00Z,90.7,90.72,90.42,90.54,1082
2026-07-24T07:15:00Z,90.54,90.64,90.37,90.42,1208
2026-07-24T07:20:00Z,90.4,90.68,90.39,90.5,863
2026-07-24T07:25:00Z,90.52,90.55,90.29,90.31,925
2026-07-24T07:30:00Z,90.32,90.48,90.15,90.39,2073
2026-07-24T07:35:00Z,90.41,90.67,90.36,90.59,1003
2026-07-24T07:40:00Z,90.61,90.7,90.51,90.52,817
2026-07-24T07:45:00Z,90.52,90.63,90.34,90.37,738
2026-07-24T07:50:00Z,90.38,90.41,90.22,90.33,833
2026-07-24T07:55:00Z,90.33,90.46,90.17,90.45,779
2026-07-24T08:00:00Z,90.41,90.64,90.39,90.59,1002
2026-07-24T08:05:00Z,90.62,90.81,90.5,90.6,1405
2026-07-24T08:10:00Z,90.59,90.75,90.46,90.51,833
2026-07-24T08:15:00Z,90.51,90.75,90.49,90.62,747
2026-07-24T08:20:00Z,90.63,90.7,90.55,90.59,650
2026-07-24T08:25:00Z,90.6,90.65,90.03,90.07,3760
2026-07-24T08:30:00Z,90.11,90.25,89.9,90.06,2356
2026-07-24T08:35:00Z,90.03,90.19,89.81,89.9,1439
2026-07-24T08:40:00Z,89.89,89.96,89.64,89.7,1141
2026-07-24T08:45:00Z,89.71,89.98,89.56,89.62,1581
2026-07-24T08:50:00Z,89.64,89.68,89.44,89.61,2157
2026-07-24T08:55:00Z,89.61,89.78,89.42,89.6,1203
2026-07-24T09:00:00Z,89.59,89.63,89.14,89.37,1836
2026-07-24T09:05:00Z,89.37,89.41,88.94,89.01,2164
2026-07-24T09:10:00Z,89.0,89.28,88.94,89.15,1911
2026-07-24T09:15:00Z,89.14,89.2,88.82,88.98,2324
2026-07-24T09:20:00Z,88.98,89.09,88.75,88.95,1546
2026-07-24T09:25:00Z,88.96,89.07,88.87,89.07,1109
2026-07-24T09:30:00Z,89.05,89.27,88.74,88.85,1829
2026-07-24T09:35:00Z,88.85,89.01,88.82,88.91,765
2026-07-24T09:40:00Z,88.89,89.06,88.75,89.02,910
2026-07-24T09:45:00Z,89.01,89.15,88.83,88.94,1219
2026-07-24T09:50:00Z,88.94,89.2,88.88,89.18,1301
2026-07-24T09:55:00Z,89.16,89.16,88.89,89.01,1489
2026-07-24T10:00:00Z,89.01,89.27,88.83,89.2,2149
2026-07-24T10:05:00Z,89.2,89.46,89.16,89.37,856
2026-07-24T10:10:00Z,89.37,89.55,89.36,89.52,947
2026-07-24T10:15:00Z,89.52,89.87,89.51,89.69,1781
2026-07-24T10:20:00Z,89.71,89.78,89.46,89.57,1209
2026-07-24T10:25:00Z,89.56,89.72,89.52,89.64,525
2026-07-24T10:30:00Z,89.64,89.98,89.62,89.94,1291
2026-07-24T10:35:00Z,89.95,90.04,89.85,89.98,1204
2026-07-24T10:40:00Z,89.96,90.0,89.84,89.9,511
2026-07-24T10:45:00Z,89.89,89.9,89.69,89.77,889
2026-07-24T10:50:00Z,89.78,90.17,89.73,90.15,1766
2026-07-24T10:55:00Z,90.14,90.15,89.9,89.9,1005
2026-07-24T11:00:00Z,89.91,89.95,89.7,89.77,1087
2026-07-24T11:05:00Z,89.78,89.99,89.72,89.98,413
2026-07-24T11:10:00Z,89.97,90.03,89.91,89.93,377
2026-07-24T11:15:00Z,89.93,89.96,89.81,89.88,365
2026-07-24T11:20:00Z,89.89,89.9,89.76,89.83,307
2026-07-24T11:25:00Z,89.85,89.88,89.7,89.84,681
2026-07-24T11:30:00Z,89.84,89.96,89.73,89.96,532
2026-07-24T11:35:00Z,89.96,89.99,89.42,89.65,1435
2026-07-24T11:40:00Z,89.68,89.96,89.65,89.96,537
2026-07-24T11:45:00Z,89.93,90.13,89.86,89.93,1026
2026-07-24T11:50:00Z,89.92,90.04,89.87,90.0,457
2026-07-24T11:55:00Z,90.01,90.06,88.94,89.4,3567
2026-07-24T12:00:00Z,89.38,89.71,89.22,89.62,2116
2026-07-24T12:05:00Z,89.63,89.99,89.63,89.9,1733
2026-07-24T12:10:00Z,89.92,90.03,89.72,89.72,829
2026-07-24T12:15:00Z,89.74,89.75,89.39,89.56,1302
2026-07-24T12:20:00Z,89.56,89.66,89.53,89.57,1255
2026-07-24T12:25:00Z,89.56,89.93,89.44,89.48,2244
2026-07-24T12:30:00Z,89.5,89.59,89.42,89.43,1088
2026-07-24T12:35:00Z,89.41,89.43,89.06,89.08,2074
2026-07-24T12:40:00Z,89.08,89.2,88.96,89.16,1650
2026-07-24T12:45:00Z,89.15,89.34,89.03,89.32,1518
2026-07-24T12:50:00Z,89.31,89.51,89.26,89.4,1479
2026-07-24T12:55:00Z,89.39,89.53,89.3,89.39,865
2026-07-24T13:00:00Z,89.39,89.67,89.13,89.64,3444
2026-07-24T13:05:00Z,89.66,89.96,89.63,89.88,2516
2026-07-24T13:10:00Z,89.88,90.02,89.81,90.01,2409
2026-07-24T13:15:00Z,90.01,90.15,89.99,90.12,2994
2026-07-24T13:20:00Z,90.1,90.56,90.06,90.5,3932
2026-07-24T13:25:00Z,90.5,90.55,90.3,90.47,2125
2026-07-24T13:30:00Z,90.46,90.52,90.16,90.27,2674
2026-07-24T13:35:00Z,90.29,90.36,90.17,90.3,2104
2026-07-24T13:40:00Z,90.31,90.48,90.26,90.4,1992
2026-07-24T13:45:00Z,90.4,90.42,89.7,89.82,2813
2026-07-24T13:50:00Z,89.85,90.19,89.83,90.1,2223
2026-07-24T13:55:00Z,90.11,90.17,89.82,89.93,1414
2026-07-24T14:00:00Z,89.94,90.05,89.72,89.92,1541
2026-07-24T14:05:00Z,89.92,89.92,89.66,89.73,1656
2026-07-24T14:10:00Z,89.73,89.9,89.7,89.86,1976
2026-07-24T14:15:00Z,89.85,89.98,89.57,89.59,3425
2026-07-24T14:20:00Z,89.58,89.82,89.51,89.77,3539
2026-07-24T14:25:00Z,89.79,89.84,89.27,89.48,4402
2026-07-24T14:30:00Z,89.47,89.53,89.36,89.51,2204
2026-07-24T14:35:00Z,89.47,89.94,89.34,89.89,2063
2026-07-24T14:40:00Z,89.88,89.88,89.41,89.49,3899
2026-07-24T14:45:00Z,89.5,89.68,89.29,89.57,4138
2026-07-24T14:50:00Z,89.55,89.64,89.45,89.6,1428
2026-07-24T14:55:00Z,89.6,89.7,89.51,89.68,2164
2026-07-24T15:00:00Z,89.68,89.86,89.65,89.84,2108
2026-07-24T15:05:00Z,89.83,90.0,89.76,89.89,1989
2026-07-24T15:10:00Z,89.88,89.93,88.75,88.96,10392
2026-07-24T15:15:00Z,88.97,89.07,88.23,88.56,10535
2026-07-24T15:20:00Z,88.55,88.59,88.19,88.4,4726
2026-07-24T15:25:00Z,88.38,88.55,87.85,88.06,6807
2026-07-24T15:30:00Z,88.05,88.28,87.86,88.28,3289
2026-07-24T15:35:00Z,88.28,88.41,87.68,87.94,3515
2026-07-24T15:40:00Z,87.94,88.36,87.84,88.29,4864
2026-07-24T15:45:00Z,88.29,88.69,88.25,88.66,3741
2026-07-24T15:50:00Z,88.61,88.69,88.34,88.44,2659
2026-07-24T15:55:00Z,88.45,88.51,88.3,88.4,1643
2026-07-24T16:00:00Z,88.39,88.65,88.36,88.4,1947
2026-07-24T16:05:00Z,88.4,88.55,88.33,88.5,1117
2026-07-24T16:10:00Z,88.48,88.66,88.35,88.59,1714
2026-07-24T16:15:00Z,88.58,88.61,88.43,88.44,1075
2026-07-24T16:20:00Z,88.44,88.58,88.43,88.58,1371
2026-07-24T16:25:00Z,88.57,88.61,88.15,88.32,2788
2026-07-24T16:30:00Z,88.32,88.58,88.26,88.33,2633
2026-07-24T16:35:00Z,88.36,88.49,88.16,88.43,1175
2026-07-24T16:40:00Z,88.44,88.49,88.19,88.19,1527
2026-07-24T16:45:00Z,88.22,88.32,88.07,88.18,1452
2026-07-24T16:50:00Z,88.21,88.42,88.19,88.32,1596
2026-07-24T16:55:00Z,88.33,88.49,88.33,88.39,1185
2026-07-24T17:00:00Z,88.38,88.38,88.2,88.26,1115
2026-07-24T17:05:00Z,88.24,88.45,88.2,88.4,1735
2026-07-24T17:10:00Z,88.42,88.57,88.39,88.54,1738
2026-07-24T17:15:00Z,88.52,88.78,88.51,88.72,1688
2026-07-24T17:20:00Z,88.71,88.91,88.64,88.86,1603
2026-07-24T17:25:00Z,88.84,88.89,88.64,88.85,1362
2026-07-24T17:30:00Z,88.86,88.97,88.81,88.89,1208
2026-07-24T17:35:00Z,88.88,89.08,88.85,89.06,1285
2026-07-24T17:40:00Z,89.07,89.07,88.88,88.91,1265
2026-07-24T17:45:00Z,88.94,89.01,88.78,88.98,1420
2026-07-24T17:50:00Z,88.99,89.2,88.98,89.19,2669
2026-07-24T17:55:00Z,89.18,89.18,88.95,89.07,1933
2026-07-24T18:00:00Z,89.08,89.16,88.85,88.91,1484
2026-07-24T18:05:00Z,88.91,88.91,88.69,88.81,1764
2026-07-24T18:10:00Z,88.82,88.84,88.58,88.77,2009
2026-07-24T18:15:00Z,88.77,89.12,88.71,89.11,2664
2026-07-24T18:20:00Z,89.12,89.25,89.06,89.16,2331
2026-07-24T18:25:00Z,89.17,89.38,89.04,89.34,9247
2026-07-24T18:30:00Z,89.33,89.42,89.14,89.3,3431
2026-07-24T18:35:00Z,89.28,89.33,89.0,89.15,2675
2026-07-24T18:40:00Z,89.16,89.3,89.12,89.29,507
2026-07-24T18:45:00Z,89.29,89.31,89.11,89.22,552
2026-07-24T18:50:00Z,89.22,89.33,89.17,89.28,831
2026-07-24T18:55:00Z,89.28,89.41,89.26,89.37,778
2026-07-24T19:00:00Z,89.38,89.47,89.32,89.47,1077
2026-07-24T19:05:00Z,89.46,89.53,89.39,89.5,744
2026-07-24T19:10:00Z,89.51,89.56,89.48,89.52,295
2026-07-24T19:15:00Z,89.52,89.61,89.52,89.58,1185
2026-07-24T19:20:00Z,89.57,89.59,89.5,89.55,265
2026-07-24T19:25:00Z,89.53,89.71,89.51,89.71,617
2026-07-24T19:30:00Z,89.7,89.81,89.3,89.48,1855
2026-07-24T19:35:00Z,89.48,89.49,88.93,89.26,2013
2026-07-24T19:40:00Z,89.24,89.38,89.22,89.32,578
2026-07-24T19:45:00Z,89.29,89.45,89.27,89.33,416
2026-07-24T19:50:00Z,89.31,89.38,89.1,89.25,906
2026-07-24T19:55:00Z,89.26,89.81,89.26,89.78,2922
2026-07-24T20:00:00Z,89.76,90.0,89.75,89.93,992
2026-07-24T20:05:00Z,89.96,90.09,89.92,90.04,890
2026-07-24T20:10:00Z,90.05,90.22,90.05,90.21,975
2026-07-24T20:15:00Z,90.2,90.24,90.05,90.09,637
2026-07-24T20:20:00Z,90.07,90.34,90.03,90.32,1393
2026-07-24T20:25:00Z,90.31,90.44,90.25,90.39,517
2026-07-24T20:30:00Z,90.39,90.5,90.36,90.49,459
2026-07-24T20:35:00Z,90.49,90.49,90.32,90.43,356
2026-07-24T20:40:00Z,90.41,90.52,90.39,90.43,340
2026-07-24T20:45:00Z,90.4,90.59,90.4,90.51,490
2026-07-24T20:50:00Z,90.52,90.65,90.51,90.52,595
2026-07-24T20:55:00Z,90.51,90.54,89.31,89.31,907
2026-07-26T22:10:00Z,84.63,85.03,84.55,84.73,1365
2026-07-26T22:15:00Z,84.7,84.78,83.88,83.98,1827
2026-07-26T22:20:00Z,84.0,84.38,83.88,84.24,1035
2026-07-26T22:25:00Z,84.28,84.35,84.08,84.31,1181
2026-07-26T22:30:00Z,84.33,84.5,84.27,84.45,464
2026-07-26T22:35:00Z,84.46,84.56,84.41,84.52,523
2026-07-26T22:40:00Z,84.5,84.74,84.48,84.69,828
2026-07-26T22:45:00Z,84.69,84.74,84.55,84.6,317
2026-07-26T22:50:00Z,84.6,84.85,84.59,84.8,521
2026-07-26T22:55:00Z,84.8,84.87,84.77,84.82,254
2026-07-26T23:00:00Z,84.81,85.03,84.8,84.97,618
2026-07-26T23:05:00Z,84.97,85.16,84.9,85.0,1250
2026-07-26T23:10:00Z,84.99,85.14,84.95,85.07,547
2026-07-26T23:15:00Z,85.06,85.08,84.86,84.97,348
2026-07-26T23:20:00Z,84.96,85.05,84.9,84.98,319
2026-07-26T23:25:00Z,84.99,85.03,84.94,84.97,307
2026-07-26T23:30:00Z,84.96,85.0,84.87,84.89,228
2026-07-26T23:35:00Z,84.9,84.94,84.8,84.86,341
2026-07-26T23:40:00Z,84.87,84.87,84.67,84.73,497
2026-07-26T23:45:00Z,84.72,84.76,84.64,84.7,233
2026-07-26T23:50:00Z,84.71,84.79,84.63,84.69,286
2026-07-26T23:55:00Z,84.7,84.73,84.49,84.63,445
2026-07-27T00:00:00Z,84.64,84.79,84.5,84.72,621
2026-07-27T00:05:00Z,84.74,84.95,84.55,84.66,592
2026-07-27T00:10:00Z,84.65,84.65,84.36,84.39,544
2026-07-27T00:15:00Z,84.4,84.42,84.04,84.21,1173
2026-07-27T00:20:00Z,84.21,84.27,84.12,84.13,468
2026-07-27T00:25:00Z,84.15,84.57,84.1,84.49,973
2026-07-27T00:30:00Z,84.49,84.61,84.41,84.6,507
2026-07-27T00:35:00Z,84.59,84.64,84.53,84.53,213
2026-07-27T00:40:00Z,84.53,84.56,84.45,84.56,139
2026-07-27T00:45:00Z,84.56,84.78,84.56,84.77,435
2026-07-27T00:50:00Z,84.77,84.77,84.64,84.72,351
2026-07-27T00:55:00Z,84.69,84.89,84.68,84.79,457
2026-07-27T01:00:00Z,84.85,85.2,84.62,85.2,1847
2026-07-27T01:05:00Z,85.16,85.27,85.02,85.25,702
2026-07-27T01:10:00Z,85.2,85.45,85.2,85.28,462
2026-07-27T01:15:00Z,85.27,85.29,85.13,85.23,291
2026-07-27T01:20:00Z,85.22,85.31,85.19,85.22,226
2026-07-27T01:25:00Z,85.23,85.3,85.09,85.11,253
2026-07-27T01:30:00Z,85.12,85.14,84.95,84.97,357
2026-07-27T01:35:00Z,85.04,85.11,84.93,85.01,162
2026-07-27T01:40:00Z,84.99,85.2,84.95,85.16,149
2026-07-27T01:45:00Z,85.16,85.28,85.14,85.25,227
2026-07-27T01:50:00Z,85.25,85.36,85.18,85.21,274
2026-07-27T01:55:00Z,85.23,85.3,85.21,85.28,99
2026-07-27T02:00:00Z,85.26,85.4,85.17,85.4,193
2026-07-27T02:05:00Z,85.37,85.42,85.31,85.39,351
2026-07-27T02:10:00Z,85.4,85.69,85.39,85.45,785
2026-07-27T02:15:00Z,85.44,85.47,85.33,85.4,273
2026-07-27T02:20:00Z,85.39,85.58,85.38,85.56,109
2026-07-27T02:25:00Z,85.56,85.67,85.49,85.64,206
2026-07-27T02:30:00Z,85.64,85.66,85.53,85.6,344
2026-07-27T02:35:00Z,85.61,85.61,85.34,85.41,264
2026-07-27T02:40:00Z,85.43,85.59,85.42,85.55,158
2026-07-27T02:45:00Z,85.54,85.63,85.48,85.5,328
2026-07-27T02:50:00Z,85.52,85.55,85.44,85.55,182
2026-07-27T02:55:00Z,85.54,85.7,85.52,85.58,432
2026-07-27T03:00:00Z,85.58,85.59,85.36,85.4,273
2026-07-27T03:05:00Z,85.4,85.43,85.25,85.3,238
2026-07-27T03:10:00Z,85.29,85.43,85.25,85.43,154
2026-07-27T03:15:00Z,85.44,85.44,85.28,85.3,204
2026-07-27T03:20:00Z,85.3,85.33,85.23,85.31,192
2026-07-27T03:25:00Z,85.35,85.38,85.28,85.31,173
2026-07-27T03:30:00Z,85.34,85.34,85.13,85.15,815
2026-07-27T03:35:00Z,85.15,85.15,85.06,85.1,199
2026-07-27T03:40:00Z,85.12,85.22,85.1,85.13,129
2026-07-27T03:45:00Z,85.12,85.25,85.08,85.24,105
2026-07-27T03:50:00Z,85.26,85.38,85.26,85.36,108
2026-07-27T03:55:00Z,85.36,85.38,85.21,85.21,103
2026-07-27T04:00:00Z,85.21,85.21,84.9,84.95,762
2026-07-27T04:05:00Z,84.96,85.11,84.92,85.08,195
2026-07-27T04:10:00Z,85.08,85.13,85.05,85.07,113
2026-07-27T04:15:00Z,85.1,85.14,84.97,84.99,141
2026-07-27T04:20:00Z,84.98,85.08,84.94,84.94,192
2026-07-27T04:25:00Z,84.92,84.94,84.8,84.85,556
2026-07-27T04:30:00Z,84.85,84.87,84.8,84.81,105
2026-07-27T04:35:00Z,84.81,84.82,84.68,84.68,241
2026-07-27T04:40:00Z,84.7,84.72,84.47,84.57,639
2026-07-27T04:45:00Z,84.56,84.69,84.54,84.66,149
2026-07-27T04:50:00Z,84.68,84.84,84.68,84.75,182
2026-07-27T04:55:00Z,84.76,84.85,84.76,84.84,89
2026-07-27T05:00:00Z,84.87,84.94,84.7,84.93,251
2026-07-27T05:05:00Z,84.92,84.95,84.77,84.78,155
2026-07-27T05:10:00Z,84.78,84.81,84.68,84.81,136
2026-07-27T05:15:00Z,84.79,84.96,84.77,84.93,142
2026-07-27T05:20:00Z,84.91,84.92,84.58,84.63,290
2026-07-27T05:25:00Z,84.58,84.74,84.58,84.66,131
2026-07-27T05:30:00Z,84.62,84.87,84.55,84.8,298
2026-07-27T05:35:00Z,84.8,84.85,84.7,84.72,182
2026-07-27T05:40:00Z,84.71,84.79,84.59,84.63,230
2026-07-27T05:45:00Z,84.63,84.72,84.49,84.49,339
2026-07-27T05:50:00Z,84.5,84.57,84.38,84.41,295
2026-07-27T05:55:00Z,84.43,84.62,84.37,84.58,415
2026-07-27T06:00:00Z,84.6,84.63,84.14,84.17,906
2026-07-27T06:05:00Z,84.18,84.3,84.04,84.04,692
2026-07-27T06:10:00Z,84.03,84.03,83.74,83.79,1614
2026-07-27T06:15:00Z,83.78,83.91,83.49,83.56,1327
2026-07-27T06:20:00Z,83.54,83.95,83.47,83.93,1335
2026-07-27T06:25:00Z,83.91,83.92,83.73,83.85,602
2026-07-27T06:30:00Z,83.86,83.97,83.82,83.85,392
2026-07-27T06:35:00Z,83.84,83.88,83.68,83.84,645
2026-07-27T06:40:00Z,83.83,83.96,83.69,83.73,1103
2026-07-27T06:45:00Z,83.74,83.89,83.6,83.65,835
2026-07-27T06:50:00Z,83.67,83.83,83.48,83.59,932
2026-07-27T06:55:00Z,83.59,83.67,83.38,83.47,1230
2026-07-27T07:00:00Z,83.49,83.94,83.34,83.87,1427
2026-07-27T07:05:00Z,83.89,83.96,83.81,83.91,787
2026-07-27T07:10:00Z,83.88,83.95,83.68,83.69,660
2026-07-27T07:15:00Z,83.68,83.81,83.6,83.65,1044
2026-07-27T07:20:00Z,83.67,83.93,83.62,83.88,508
2026-07-27T07:25:00Z,83.89,84.19,83.86,84.19,950
2026-07-27T07:30:00Z,84.19,84.36,84.18,84.25,1029
2026-07-27T07:35:00Z,84.25,84.27,84.03,84.22,857
2026-07-27T07:40:00Z,84.21,84.38,84.1,84.32,1021
2026-07-27T07:45:00Z,84.32,84.48,84.16,84.19,1850
2026-07-27T07:50:00Z,84.19,84.34,84.01,84.18,1056
2026-07-27T07:55:00Z,84.2,84.6,83.91,84.59,1354
2026-07-27T08:00:00Z,84.58,84.85,84.44,84.79,1661
2026-07-27T08:05:00Z,84.8,84.83,84.1,84.32,2007
2026-07-27T08:10:00Z,84.3,84.47,84.2,84.27,584
2026-07-27T08:15:00Z,84.29,84.41,83.87,84.01,924
2026-07-27T08:20:00Z,84.02,84.05,83.85,84.01,1278
2026-07-27T08:25:00Z,84.02,84.06,83.57,83.7,2111
2026-07-27T08:30:00Z,83.69,83.83,83.5,83.8,1779
2026-07-27T08:35:00Z,83.8,83.96,83.71,83.82,922
2026-07-27T08:40:00Z,83.82,83.83,83.33,83.45,1494
2026-07-27T08:45:00Z,83.45,83.62,83.37,83.47,1325
2026-07-27T08:50:00Z,83.45,83.45,82.89,82.94,2368
2026-07-27T08:55:00Z,82.94,83.08,82.87,82.95,1776
2026-07-27T09:00:00Z,82.96,83.24,82.96,83.2,973
2026-07-27T09:05:00Z,83.21,83.28,83.03,83.19,848
2026-07-27T09:10:00Z,83.18,83.21,83.04,83.21,568
2026-07-27T09:15:00Z,83.17,83.21,82.96,83.21,1067
2026-07-27T09:20:00Z,83.22,83.28,83.03,83.04,684
2026-07-27T09:25:00Z,83.06,83.06,82.58,82.74,3183
2026-07-27T09:30:00Z,82.74,82.84,82.46,82.67,2735
2026-07-27T09:35:00Z,82.7,82.91,82.67,82.86,852
2026-07-27T09:40:00Z,82.87,82.91,82.59,82.62,1048
2026-07-27T09:45:00Z,82.61,82.66,82.45,82.55,2492
2026-07-27T09:50:00Z,82.48,82.57,82.24,82.31,2846
2026-07-27T09:55:00Z,82.31,82.36,82.12,82.34,2343
2026-07-27T10:00:00Z,82.39,82.5,82.32,82.44,1541
2026-07-27T10:05:00Z,82.46,82.97,82.46,82.92,1632
2026-07-27T10:10:00Z,82.93,83.56,82.89,83.31,5318
2026-07-27T10:15:00Z,83.27,83.4,82.92,82.99,2618
2026-07-27T10:20:00Z,82.97,83.23,82.85,83.16,1596
2026-07-27T10:25:00Z,83.15,83.23,83.0,83.02,509
2026-07-27T10:30:00Z,83.02,83.17,82.97,83.09,520
2026-07-27T10:35:00Z,83.11,83.15,82.98,82.98,602
2026-07-27T10:40:00Z,82.98,83.11,82.97,83.06,302
2026-07-27T10:45:00Z,83.06,83.21,83.03,83.1,410
2026-07-27T10:50:00Z,83.11,83.32,83.01,83.07,482
2026-07-27T10:55:00Z,83.09,83.31,82.94,83.27,1092
2026-07-27T11:00:00Z,83.26,83.37,83.15,83.33,1358
2026-07-27T11:05:00Z,83.34,83.37,83.18,83.21,900
2026-07-27T11:10:00Z,83.22,83.48,83.21,83.43,1180
2026-07-27T11:15:00Z,83.41,83.45,83.26,83.45,653
2026-07-27T11:20:00Z,83.48,83.49,83.28,83.35,538
2026-07-27T11:25:00Z,83.35,83.82,83.32,83.79,1627
2026-07-27T11:30:00Z,83.78,83.95,83.11,83.15,2124
2026-07-27T11:35:00Z,83.15,83.25,83.03,83.23,738
2026-07-27T11:40:00Z,83.21,83.51,83.04,83.23,2001
2026-07-27T11:45:00Z,83.22,83.32,83.14,83.22,1457
2026-07-27T11:50:00Z,83.26,83.35,83.17,83.25,405
2026-07-27T11:55:00Z,83.26,83.38,83.17,83.34,1129
2026-07-27T12:00:00Z,83.37,83.58,83.36,83.55,996
2026-07-27T12:05:00Z,83.56,83.83,83.55,83.76,1803
2026-07-27T12:10:00Z,83.75,84.14,83.69,84.09,2900
2026-07-27T12:15:00Z,84.1,84.19,83.93,84.15,1792
2026-07-27T12:20:00Z,84.16,84.23,84.0,84.05,1456
2026-07-27T12:25:00Z,84.03,84.12,83.96,84.09,680
2026-07-27T12:30:00Z,84.09,84.29,83.88,83.92,1950
2026-07-27T12:35:00Z,83.92,84.04,83.81,83.95,1322
2026-07-27T12:40:00Z,83.96,84.11,83.9,84.03,818
2026-07-27T12:45:00Z,84.03,84.03,83.83,83.9,1222
2026-07-27T12:50:00Z,83.94,84.34,83.86,84.26,3297
2026-07-27T12:55:00Z,84.28,84.28,84.0,84.02,1903
2026-07-27T13:00:00Z,84.01,84.4,83.91,84.01,3431
2026-07-27T13:05:00Z,84.03,84.38,83.88,84.29,1831
2026-07-27T13:10:00Z,84.3,84.35,84.07,84.24,1486
2026-07-27T13:15:00Z,84.24,84.55,84.16,84.48,2508
2026-07-27T13:20:00Z,84.45,84.47,84.24,84.3,1141
2026-07-27T13:25:00Z,84.31,84.5,84.22,84.49,914
2026-07-27T13:30:00Z,84.48,84.5,83.95,84.07,2602
2026-07-27T13:35:00Z,84.05,84.1,83.68,83.69,2889
2026-07-27T13:40:00Z,83.69,83.96,83.69,83.88,1908
2026-07-27T13:45:00Z,83.88,83.99,83.7,83.8,1730
2026-07-27T13:50:00Z,83.8,84.23,83.78,84.17,1712
2026-07-27T13:55:00Z,84.16,84.36,84.16,84.22,2701
2026-07-27T14:00:00Z,84.23,84.27,83.82,83.84,2053
2026-07-27T14:05:00Z,83.83,83.91,83.64,83.74,1673
2026-07-27T14:10:00Z,83.74,83.83,83.47,83.5,2648
2026-07-27T14:15:00Z,83.5,83.71,83.46,83.67,2020
2026-07-27T14:20:00Z,83.66,83.74,83.45,83.53,1400
2026-07-27T14:25:00Z,83.51,83.79,83.5,83.66,1344
2026-07-27T14:30:00Z,83.66,83.82,83.55,83.7,1517
2026-07-27T14:35:00Z,83.69,83.81,83.58,83.64,1395
2026-07-27T14:40:00Z,83.63,83.78,83.53,83.62,1070
2026-07-27T14:45:00Z,83.59,83.68,83.5,83.68,1064
2026-07-27T14:50:00Z,83.67,83.82,83.64,83.74,1515
2026-07-27T14:55:00Z,83.74,83.81,83.52,83.57,1780
2026-07-27T15:00:00Z,83.58,83.84,83.31,83.41,3750
2026-07-27T15:05:00Z,83.42,83.63,83.34,83.37,2109
2026-07-27T15:10:00Z,83.39,83.39,83.16,83.25,2206
2026-07-27T15:15:00Z,83.24,83.41,83.15,83.18,1841
2026-07-27T15:20:00Z,83.16,83.38,83.01,83.32,2000
2026-07-27T15:25:00Z,83.33,83.4,83.1,83.16,2265
2026-07-27T15:30:00Z,83.15,83.37,82.98,83.3,2235
2026-07-27T15:35:00Z,83.28,83.31,83.08,83.26,1661
2026-07-27T15:40:00Z,83.28,83.38,83.09,83.11,1845
2026-07-27T15:45:00Z,83.1,83.28,83.09,83.26,887
2026-07-27T15:50:00Z,83.25,83.26,83.09,83.19,1059
2026-07-27T15:55:00Z,83.2,83.42,83.19,83.39,1260
2026-07-27T16:00:00Z,83.4,83.42,83.07,83.3,1491
2026-07-27T16:05:00Z,83.31,83.37,83.2,83.33,1158
2026-07-27T16:10:00Z,83.35,83.4,83.19,83.23,1406
2026-07-27T16:15:00Z,83.21,83.71,83.19,83.71,2161
2026-07-27T16:20:00Z,83.7,83.77,83.62,83.73,1181
2026-07-27T16:25:00Z,83.72,83.73,82.83,83.08,6963
2026-07-27T16:30:00Z,83.02,83.07,82.32,82.37,5356
2026-07-27T16:35:00Z,82.39,82.69,82.36,82.64,2609
2026-07-27T16:40:00Z,82.64,82.78,82.62,82.75,2164
2026-07-27T16:45:00Z,82.75,83.03,82.7,82.96,1696
2026-07-27T16:50:00Z,82.95,83.28,82.87,83.08,2311
2026-07-27T16:55:00Z,83.08,83.09,82.81,82.84,1252
2026-07-27T17:00:00Z,82.86,82.89,82.72,82.72,1402
2026-07-27T17:05:00Z,82.71,82.82,82.6,82.68,1528
2026-07-27T17:10:00Z,82.68,82.78,82.51,82.64,1714
2026-07-27T17:15:00Z,82.64,82.7,82.52,82.67,1658
2026-07-27T17:20:00Z,82.67,82.7,82.52,82.65,1420
2026-07-27T17:25:00Z,82.65,82.67,82.53,82.67,1070
2026-07-27T17:30:00Z,82.66,82.72,82.58,82.59,2000
2026-07-27T17:35:00Z,82.58,82.91,82.58,82.91,1457
2026-07-27T17:40:00Z,82.9,82.99,82.81,82.96,1005
2026-07-27T17:45:00Z,82.96,83.0,82.81,82.86,1349
2026-07-27T17:50:00Z,82.87,82.88,82.67,82.77,1644
2026-07-27T17:55:00Z,82.77,82.77,82.58,82.62,2607
2026-07-27T18:00:00Z,82.62,82.63,82.34,82.49,3888
2026-07-27T18:05:00Z,82.47,82.48,82.25,82.25,2506
2026-07-27T18:10:00Z,82.25,82.5,82.23,82.36,2095
2026-07-27T18:15:00Z,82.36,82.37,81.99,82.06,4762
2026-07-27T18:20:00Z,82.07,82.37,82.01,82.36,2936
2026-07-27T18:25:00Z,82.35,82.68,82.29,82.64,8781
2026-07-27T18:30:00Z,82.65,82.91,82.52,82.9,3436
2026-07-27T18:35:00Z,82.91,82.96,82.75,82.75,1241
2026-07-27T18:40:00Z,82.75,82.76,82.21,82.36,3803
2026-07-27T18:45:00Z,82.36,82.44,82.26,82.32,1030
2026-07-27T18:50:00Z,82.31,82.38,82.22,82.26,532
2026-07-27T18:55:00Z,82.26,82.32,82.11,82.13,690
2026-07-27T19:00:00Z,82.13,82.31,82.04,82.28,759
2026-07-27T19:05:00Z,82.27,82.32,82.22,82.27,919
2026-07-27T19:10:00Z,82.27,82.44,82.27,82.41,504
2026-07-27T19:15:00Z,82.4,82.45,82.31,82.39,402
2026-07-27T19:20:00Z,82.4,82.41,82.25,82.31,248
2026-07-27T19:25:00Z,82.29,82.39,82.27,82.32,413
2026-07-27T19:30:00Z,82.32,82.39,82.23,82.31,394
2026-07-27T19:35:00Z,82.29,82.39,82.27,82.28,620
2026-07-27T19:40:00Z,82.29,82.35,82.17,82.22,572
2026-07-27T19:45:00Z,82.21,82.26,82.02,82.05,686
2026-07-27T19:50:00Z,82.05,82.07,81.94,81.94,1297
2026-07-27T19:55:00Z,81.94,82.05,81.91,81.93,1173
2026-07-27T20:00:00Z,81.93,82.0,81.88,82.0,1011
2026-07-27T20:05:00Z,82.0,82.0,81.72,81.76,841
2026-07-27T20:10:00Z,81.75,81.78,81.69,81.73,738
2026-07-27T20:15:00Z,81.71,81.9,81.65,81.89,1228
2026-07-27T20:20:00Z,81.89,81.96,81.77,81.8,575
2026-07-27T20:25:00Z,81.79,81.89,81.79,81.86,274
2026-07-27T20:30:00Z,81.85,81.96,81.85,81.94,163
2026-07-27T20:35:00Z,81.93,82.03,81.88,82.02,284
2026-07-27T20:40:00Z,81.99,82.08,81.99,82.05,246
2026-07-27T20:45:00Z,82.04,82.05,81.95,81.95,177
2026-07-27T20:50:00Z,81.96,81.99,81.72,81.74,551
2026-07-27T20:55:00Z,81.75,81.93,81.63,81.91,1778
2026-07-27T22:00:00Z,81.77,82.05,81.68,81.89,0
2026-07-27T22:05:00Z,81.9,82.11,81.89,82.0,181
2026-07-27T22:10:00Z,82.0,82.0,81.91,81.91,52
2026-07-27T22:15:00Z,81.9,81.94,81.89,81.94,66
2026-07-27T22:20:00Z,81.95,81.98,81.91,81.96,67
2026-07-27T22:25:00Z,81.94,81.98,81.93,81.97,63
2026-07-27T22:30:00Z,81.97,81.98,81.87,81.9,94
2026-07-27T22:35:00Z,81.89,81.9,81.57,81.88,258
2026-07-27T22:40:00Z,81.89,81.95,81.85,81.92,171
2026-07-27T22:45:00Z,81.92,82.0,81.92,81.95,119
2026-07-27T22:50:00Z,81.96,82.15,81.96,82.12,246
2026-07-27T22:55:00Z,82.11,82.19,82.1,82.11,149
2026-07-27T23:00:00Z,82.12,82.16,82.1,82.11,89
2026-07-27T23:05:00Z,82.11,82.15,82.1,82.1,42
2026-07-27T23:10:00Z,82.11,82.11,82.0,82.02,92
2026-07-27T23:15:00Z,82.04,82.08,82.02,82.08,74
2026-07-27T23:20:00Z,82.07,82.09,82.04,82.08,37
2026-07-27T23:25:00Z,82.07,82.11,82.04,82.05,45
2026-07-27T23:30:00Z,82.03,82.11,82.03,82.11,32
2026-07-27T23:35:00Z,82.1,82.13,82.09,82.11,54
2026-07-27T23:40:00Z,82.12,82.15,82.09,82.13,38
2026-07-27T23:45:00Z,82.14,82.22,82.08,82.14,124
2026-07-27T23:50:00Z,82.15,82.15,82.08,82.09,28
2026-07-27T23:55:00Z,82.11,82.11,82.05,82.05,40
2026-07-28T00:00:00Z,82.03,82.05,81.66,81.89,797
2026-07-28T00:05:00Z,81.89,81.97,81.76,81.92,240
2026-07-28T00:10:00Z,81.9,82.0,81.8,81.88,207
2026-07-28T00:15:00Z,81.84,81.85,81.54,81.57,347
2026-07-28T00:20:00Z,81.53,81.63,81.43,81.56,466
2026-07-28T00:25:00Z,81.56,81.69,81.5,81.66,290
2026-07-28T00:30:00Z,81.65,81.78,81.64,81.71,315
2026-07-28T00:35:00Z,81.7,81.81,81.67,81.79,255
2026-07-28T00:40:00Z,81.79,81.98,81.79,81.96,322
2026-07-28T00:45:00Z,81.96,82.03,81.93,81.97,304
2026-07-28T00:50:00Z,81.97,82.19,81.97,82.15,378
2026-07-28T00:55:00Z,82.14,82.15,82.0,82.11,291
2026-07-28T01:00:00Z,82.05,82.24,81.75,81.92,758
2026-07-28T01:05:00Z,81.91,81.92,81.65,81.74,541
2026-07-28T01:10:00Z,81.76,81.83,81.59,81.69,327
2026-07-28T01:15:00Z,81.71,81.9,81.7,81.79,248
2026-07-28T01:20:00Z,81.8,81.81,81.63,81.63,314
2026-07-28T01:25:00Z,81.64,81.68,81.46,81.54,426
2026-07-28T01:30:00Z,81.56,81.77,81.56,81.75,299
2026-07-28T01:35:00Z,81.75,81.79,81.69,81.73,65
2026-07-28T01:40:00Z,81.72,81.89,81.72,81.81,198
2026-07-28T01:45:00Z,81.81,81.96,81.75,81.92,428
2026-07-28T01:50:00Z,81.89,82.04,81.89,82.0,316
2026-07-28T01:55:00Z,81.99,81.99,81.62,81.63,708
2026-07-28T02:00:00Z,81.62,81.78,81.56,81.59,347
2026-07-28T02:05:00Z,81.55,81.57,81.27,81.52,875
2026-07-28T02:10:00Z,81.54,81.64,81.47,81.52,193
2026-07-28T02:15:00Z,81.53,81.53,81.2,81.22,476
2026-07-28T02:20:00Z,81.22,81.46,81.18,81.39,475
2026-07-28T02:25:00Z,81.4,81.49,81.26,81.29,344
2026-07-28T02:30:00Z,81.28,81.33,81.13,81.21,464
2026-07-28T02:35:00Z,81.25,81.3,81.16,81.27,144
2026-07-28T02:40:00Z,81.25,81.29,80.97,81.02,1098
2026-07-28T02:45:00Z,81.03,81.09,80.96,80.97,381
2026-07-28T02:50:00Z,80.98,80.99,80.71,80.77,1078
2026-07-28T02:55:00Z,80.76,80.82,80.69,80.82,439
2026-07-28T03:00:00Z,80.86,80.94,80.6,80.73,769
2026-07-28T03:05:00Z,80.72,80.92,80.7,80.9,411
2026-07-28T03:10:00Z,80.9,80.99,80.87,80.94,672
2026-07-28T03:15:00Z,80.95,81.24,80.91,81.2,606
2026-07-28T03:20:00Z,81.19,81.26,81.11,81.2,213
2026-07-28T03:25:00Z,81.19,81.38,81.16,81.36,693
2026-07-28T03:30:00Z,81.35,81.5,81.31,81.44,419
2026-07-28T03:35:00Z,81.46,81.58,81.44,81.55,539
2026-07-28T03:40:00Z,81.54,81.58,81.45,81.46,259
2026-07-28T03:45:00Z,81.45,81.5,81.44,81.46,91
2026-07-28T03:50:00Z,81.45,81.54,81.44,81.52,97
2026-07-28T03:55:00Z,81.51,81.58,81.44,81.56,148
2026-07-28T04:00:00Z,81.58,81.58,81.54,81.57,220
2026-07-28T04:05:00Z,81.58,81.74,81.57,81.65,543
2026-07-28T04:10:00Z,81.65,81.87,81.64,81.85,359
2026-07-28T04:15:00Z,81.86,81.93,81.65,81.65,397
2026-07-28T04:20:00Z,81.65,81.7,81.56,81.65,456
2026-07-28T04:25:00Z,81.65,81.7,81.63,81.63,63
2026-07-28T04:30:00Z,81.66,81.73,81.62,81.7,125
2026-07-28T04:35:00Z,81.7,81.76,81.66,81.67,152
2026-07-28T04:40:00Z,81.65,81.74,81.58,81.68,89
2026-07-28T04:45:00Z,81.67,81.7,81.59,81.62,82
2026-07-28T04:50:00Z,81.64,81.69,81.61,81.66,241
2026-07-28T04:55:00Z,81.66,81.67,81.58,81.63,102
2026-07-28T05:00:00Z,81.63,81.69,81.55,81.6,136
2026-07-28T05:05:00Z,81.6,81.64,81.58,81.61,111
2026-07-28T05:10:00Z,81.61,81.65,81.54,81.62,137
2026-07-28T05:15:00Z,81.61,81.65,81.52,81.65,109
2026-07-28T05:20:00Z,81.63,81.63,81.5,81.51,136
2026-07-28T05:25:00Z,81.48,81.66,81.47,81.66,283
2026-07-28T05:30:00Z,81.69,82.07,81.67,82.05,1000
2026-07-28T05:35:00Z,82.06,82.41,81.96,82.28,631
2026-07-28T05:40:00Z,82.27,82.43,82.09,82.11,519
2026-07-28T05:45:00Z,82.11,82.12,81.96,82.03,254
2026-07-28T05:50:00Z,82.0,82.13,81.95,82.08,124
2026-07-28T05:55:00Z,82.07,82.3,82.06,82.15,213
2026-07-28T06:00:00Z,82.19,82.25,81.96,82.21,352
2026-07-28T06:05:00Z,82.22,82.34,82.18,82.23,323
2026-07-28T06:10:00Z,82.2,82.26,82.14,82.15,163
2026-07-28T06:15:00Z,82.15,82.16,82.01,82.02,323
2026-07-28T06:20:00Z,82.05,82.18,82.03,82.05,343
2026-07-28T06:30:00Z,82.61,82.61,82.61,82.61,1185
2026-07-28T06:35:00Z,81.45,81.47,81.17,81.33,1041
2026-07-28T06:40:00Z,81.33,81.35,80.89,81.0,1006
2026-07-28T06:45:00Z,81.0,81.13,80.86,81.0,767
2026-07-28T06:50:00Z,81.0,81.04,80.69,80.72,727
2026-07-28T06:55:00Z,80.73,80.84,80.61,80.81,1257
2026-07-28T07:00:00Z,80.82,81.13,80.67,81.07,1677
2026-07-28T07:05:00Z,81.06,81.17,80.87,80.94,726
2026-07-28T07:10:00Z,80.94,81.38,80.94,81.38,610
2026-07-28T07:15:00Z,81.38,81.41,81.17,81.17,657
2026-07-28T07:20:00Z,81.17,81.17,80.92,81.05,808
2026-07-28T07:25:00Z,81.05,81.33,80.97,81.25,536
2026-07-28T07:30:00Z,81.25,81.42,81.18,81.32,743
2026-07-28T07:35:00Z,81.32,81.54,81.19,81.35,626
2026-07-28T07:40:00Z,81.36,81.44,81.26,81.41,570
2026-07-28T07:45:00Z,81.4,81.43,81.31,81.33,474
2026-07-28T07:50:00Z,81.33,81.33,80.55,80.62,1949
2026-07-28T07:55:00Z,80.6,80.79,80.54,80.78,1309
2026-07-28T08:00:00Z,80.81,80.85,80.65,80.77,749
2026-07-28T08:05:00Z,80.76,80.81,80.38,80.58,1814
2026-07-28T08:10:00Z,80.6,80.75,80.36,80.62,1660
2026-07-28T08:15:00Z,80.62,80.81,80.42,80.7,2135
2026-07-28T08:20:00Z,80.7,80.7,80.33,80.39,1295
2026-07-28T08:25:00Z,80.4,80.57,80.27,80.28,2871
2026-07-28T08:30:00Z,80.27,80.55,80.19,80.24,1843
2026-07-28T08:35:00Z,80.24,80.38,80.17,80.35,1435
2026-07-28T08:40:00Z,80.36,80.43,80.16,80.25,1409
2026-07-28T08:45:00Z,80.24,80.25,79.98,80.09,1759
2026-07-28T08:50:00Z,80.08,80.2,79.8,80.16,2357
2026-07-28T08:55:00Z,80.17,80.3,80.14,80.2,1778
2026-07-28T09:00:00Z,80.2,80.67,80.2,80.61,1413
2026-07-28T09:05:00Z,80.6,80.79,80.49,80.75,1145
2026-07-28T09:10:00Z,80.75,81.14,80.75,81.12,2323
2026-07-28T09:15:00Z,81.12,81.22,80.85,80.92,1360
2026-07-28T09:20:00Z,80.91,80.92,80.61,80.64,871
2026-07-28T09:25:00Z,80.64,80.66,80.43,80.47,630
2026-07-28T09:30:00Z,80.47,80.75,80.41,80.64,770
2026-07-28T09:35:00Z,80.59,80.86,80.59,80.86,493
2026-07-28T09:40:00Z,80.87,80.87,80.62,80.73,458
2026-07-28T09:45:00Z,80.7,80.86,80.65,80.82,445
2026-07-28T09:50:00Z,80.8,80.81,80.52,80.55,620
2026-07-28T09:55:00Z,80.56,80.62,80.48,80.62,823
2026-07-28T10:00:00Z,80.66,80.76,80.58,80.75,580
2026-07-28T10:05:00Z,80.76,80.87,80.73,80.82,350
2026-07-28T10:10:00Z,80.83,80.86,80.69,80.77,358
2026-07-28T10:15:00Z,80.78,81.08,80.76,81.05,784
2026-07-28T10:20:00Z,81.03,81.13,80.99,81.09,528
2026-07-28T10:25:00Z,81.07,81.24,81.06,81.18,753
2026-07-28T10:30:00Z,81.18,81.24,81.08,81.1,582
2026-07-28T10:35:00Z,81.11,81.49,80.88,81.0,2356
2026-07-28T10:40:00Z,80.99,81.16,80.96,81.1,223
2026-07-28T10:45:00Z,81.1,81.16,80.94,81.05,377
2026-07-28T10:50:00Z,81.06,81.08,80.91,80.97,454
2026-07-28T10:55:00Z,80.97,81.17,80.96,81.16,579
2026-07-28T11:00:00Z,81.17,81.17,80.98,81.03,469
2026-07-28T11:05:00Z,81.04,81.37,81.02,81.36,1273
2026-07-28T11:10:00Z,81.37,81.38,81.25,81.26,461
2026-07-28T11:15:00Z,81.2,81.24,80.69,81.03,2070
2026-07-28T11:20:00Z,81.02,81.16,80.98,81.15,405
2026-07-28T11:25:00Z,81.18,81.4,81.15,81.39,965
2026-07-28T11:30:00Z,81.39,81.5,81.28,81.48,894
2026-07-28T11:35:00Z,81.5,81.78,81.47,81.74,1464
2026-07-28T11:40:00Z,81.75,81.87,81.72,81.79,1287
2026-07-28T11:45:00Z,81.8,81.87,81.74,81.86,517
2026-07-28T11:50:00Z,81.86,81.92,81.71,81.85,890
2026-07-28T11:55:00Z,81.85,81.86,81.65,81.72,679
2026-07-28T12:00:00Z,81.72,81.73,81.47,81.51,828
2026-07-28T12:05:00Z,81.5,81.55,81.37,81.46,839
2026-07-28T12:10:00Z,81.47,81.64,81.46,81.59,577
2026-07-28T12:15:00Z,81.57,81.72,81.54,81.64,823
2026-07-28T12:20:00Z,81.64,81.66,81.31,81.32,1344
2026-07-28T12:25:00Z,81.33,81.64,81.28,81.57,1016
2026-07-28T12:30:00Z,81.54,81.69,81.38,81.45,1985
2026-07-28T12:35:00Z,81.45,81.46,81.03,81.25,1974
2026-07-28T12:40:00Z,81.22,81.33,81.05,81.18,886
2026-07-28T12:45:00Z,81.2,81.2,80.94,81.03,1515
2026-07-28T12:50:00Z,81.0,81.03,80.8,80.81,1220
2026-07-28T12:55:00Z,80.82,80.84,80.63,80.79,1610
2026-07-28T13:00:00Z,80.83,81.34,80.81,81.29,2569
2026-07-28T13:05:00Z,81.28,81.35,81.09,81.21,1915
2026-07-28T13:10:00Z,81.23,81.39,81.23,81.35,1291
2026-07-28T13:15:00Z,81.34,81.39,81.24,81.3,828
2026-07-28T13:20:00Z,81.29,81.29,80.99,81.13,1288
2026-07-28T13:25:00Z,81.13,81.38,81.09,81.21,1140
2026-07-28T13:30:00Z,81.21,81.26,80.75,80.82,2018
2026-07-28T13:35:00Z,80.83,81.09,80.74,81.01,1441
2026-07-28T13:40:00Z,81.01,81.07,80.85,81.06,1461
2026-07-28T13:45:00Z,81.06,81.5,81.01,81.45,2308
2026-07-28T13:50:00Z,81.44,81.57,81.37,81.48,2862
2026-07-28T13:55:00Z,81.49,81.65,81.42,81.45,1725
2026-07-28T14:00:00Z,81.43,81.83,81.39,81.74,2897
2026-07-28T14:05:00Z,81.73,81.78,81.5,81.55,2058
2026-07-28T14:10:00Z,81.55,81.65,81.35,81.35,1866
2026-07-28T14:15:00Z,81.36,81.36,81.16,81.28,1900
2026-07-28T14:20:00Z,81.28,81.4,81.16,81.36,1293
2026-07-28T14:25:00Z,81.38,81.43,81.07,81.14,1691
2026-07-28T14:30:00Z,81.14,81.19,80.91,81.13,1946
2026-07-28T14:35:00Z,81.14,81.32,80.87,81.31,2315
2026-07-28T14:40:00Z,81.33,81.45,81.2,81.41,1625
2026-07-28T14:45:00Z,81.41,81.48,81.3,81.41,1523
2026-07-28T14:50:00Z,81.4,81.62,81.34,81.38,1567
2026-07-28T14:55:00Z,81.37,81.53,81.36,81.45,1171
2026-07-28T15:00:00Z,81.44,81.49,81.21,81.46,1681
2026-07-28T15:05:00Z,81.45,81.58,81.24,81.25,1809
2026-07-28T15:10:00Z,81.24,81.36,80.37,80.57,9214
2026-07-28T15:15:00Z,80.55,80.63,79.76,79.81,8654
2026-07-28T15:20:00Z,79.81,79.97,79.4,79.75,8524
2026-07-28T15:25:00Z,79.75,79.81,79.2,79.42,7651
2026-07-28T15:30:00Z,79.41,79.62,79.08,79.27,7107
2026-07-28T15:35:00Z,79.25,79.43,79.04,79.41,4130
2026-07-28T15:40:00Z,79.41,79.51,78.98,79.08,3171
2026-07-28T15:45:00Z,79.07,79.46,79.05,79.44,2070
2026-07-28T15:50:00Z,79.41,79.43,78.62,78.65,4721
2026-07-28T15:55:00Z,78.64,78.71,78.27,78.36,5559
2026-07-28T16:00:00Z,78.37,78.6,78.32,78.43,4056
2026-07-28T16:05:00Z,78.42,78.65,78.34,78.49,3817
2026-07-28T16:10:00Z,78.49,78.59,78.25,78.29,3116
2026-07-28T16:15:00Z,78.28,78.3,78.0,78.05,5051
2026-07-28T16:20:00Z,78.07,78.37,78.06,78.32,2738
2026-07-28T16:25:00Z,78.29,78.33,78.11,78.24,1957
2026-07-28T16:30:00Z,78.25,78.41,77.89,78.08,5415
2026-07-28T16:35:00Z,78.08,78.21,77.86,77.94,4638
2026-07-28T16:40:00Z,77.92,78.21,77.78,78.18,3964
2026-07-28T16:45:00Z,78.2,78.84,78.11,78.7,7993
2026-07-28T16:50:00Z,78.68,78.7,78.38,78.38,2935
2026-07-28T16:55:00Z,78.4,78.69,78.38,78.66,2167
2026-07-28T17:00:00Z,78.68,78.85,78.52,78.56,2274
2026-07-28T17:05:00Z,78.57,78.72,78.37,78.62,2746
2026-07-28T17:10:00Z,78.61,79.11,78.59,78.96,4213
2026-07-28T17:15:00Z,78.95,79.2,78.89,79.06,2327
2026-07-28T17:20:00Z,79.06,79.07,78.33,79.05,5303
2026-07-28T17:25:00Z,79.06,79.16,78.99,79.16,1563
2026-07-28T17:30:00Z,79.16,79.24,78.98,79.04,1646
2026-07-28T17:35:00Z,79.05,79.33,79.02,79.24,2244
2026-07-28T17:40:00Z,79.25,79.35,79.19,79.3,2279
2026-07-28T17:45:00Z,79.29,79.48,79.11,79.14,2317
2026-07-28T17:50:00Z,79.15,79.44,79.1,79.38,1812
2026-07-28T17:55:00Z,79.39,79.66,79.29,79.44,2766
2026-07-28T18:00:00Z,79.43,79.45,79.04,79.14,3695
2026-07-28T18:05:00Z,79.15,79.17,78.85,78.89,2107
2026-07-28T18:10:00Z,78.89,78.99,78.82,78.95,1823
2026-07-28T18:15:00Z,78.94,79.17,78.9,78.96,2608
2026-07-28T18:20:00Z,78.97,79.07,78.93,78.96,1702
2026-07-28T18:25:00Z,78.95,79.37,78.81,79.32,10199
2026-07-28T18:30:00Z,79.32,79.5,79.21,79.34,3063
2026-07-28T18:35:00Z,79.32,79.39,79.2,79.27,1535
2026-07-28T18:40:00Z,79.25,79.32,79.22,79.29,570
2026-07-28T18:45:00Z,79.28,79.32,79.21,79.24,951
2026-07-28T18:50:00Z,79.23,79.27,78.95,79.13,1782
2026-07-28T18:55:00Z,79.14,79.21,79.11,79.21,385
2026-07-28T19:00:00Z,79.22,79.24,78.99,79.03,446
2026-07-28T19:05:00Z,79.01,79.07,78.95,79.07,538
2026-07-28T19:10:00Z,79.05,79.15,79.03,79.09,303
2026-07-28T19:15:00Z,79.09,79.12,78.94,78.95,552
2026-07-28T19:20:00Z,78.95,79.02,78.92,78.93,417
2026-07-28T19:25:00Z,78.93,78.95,78.88,78.92,392
2026-07-28T19:30:00Z,78.91,79.05,78.9,78.93,546
2026-07-28T19:35:00Z,78.93,79.05,78.91,79.0,528
2026-07-28T19:40:00Z,78.98,79.09,78.95,79.05,363
2026-07-28T19:45:00Z,79.05,79.1,78.9,78.91,790
2026-07-28T19:50:00Z,78.9,79.07,78.88,79.02,395
2026-07-28T19:55:00Z,79.05,79.15,79.0,79.12,409
2026-07-28T20:00:00Z,79.19,79.3,79.12,79.2,765
2026-07-28T20:05:00Z,79.2,79.22,79.08,79.11,364
2026-07-28T20:10:00Z,79.1,79.13,79.05,79.12,251
2026-07-28T20:15:00Z,79.09,79.12,79.0,79.02,183
2026-07-28T20:20:00Z,79.02,79.17,78.97,79.15,314
2026-07-28T20:25:00Z,79.16,79.19,79.1,79.17,217
2026-07-28T20:30:00Z,79.18,79.18,78.84,78.9,450
2026-07-28T20:35:00Z,78.89,79.24,78.86,79.23,1425
2026-07-28T20:40:00Z,79.25,79.27,79.06,79.08,111
2026-07-28T20:45:00Z,79.07,79.22,79.06,79.22,252
2026-07-28T20:50:00Z,79.21,79.21,79.01,79.2,373
2026-07-28T20:55:00Z,79.18,79.22,79.05,79.13,365
2026-07-28T22:00:00Z,80.04,80.88,79.92,80.86,0
2026-07-28T22:05:00Z,80.86,81.18,80.77,81.1,1134
2026-07-28T22:10:00Z,81.1,81.27,81.05,81.22,1023
2026-07-28T22:15:00Z,81.21,81.58,81.1,81.57,1811
2026-07-28T22:20:00Z,81.57,82.42,81.55,82.34,2354
2026-07-28T22:25:00Z,82.32,82.87,82.27,82.67,2054
2026-07-28T22:30:00Z,82.68,83.25,82.45,83.09,1845
2026-07-28T22:35:00Z,83.09,83.23,82.7,83.09,1458
2026-07-28T22:40:00Z,83.09,83.1,82.4,82.7,1283
2026-07-28T22:45:00Z,82.69,82.96,82.5,82.5,602
2026-07-28T22:50:00Z,82.5,82.65,82.41,82.55,463
2026-07-28T22:55:00Z,82.55,82.65,82.48,82.63,264
2026-07-28T23:00:00Z,82.63,83.0,82.58,83.0,765
2026-07-28T23:05:00Z,82.98,83.3,82.96,83.26,632
2026-07-28T23:10:00Z,83.26,83.27,82.66,82.75,842
2026-07-28T23:15:00Z,82.75,82.87,82.54,82.54,454
2026-07-28T23:20:00Z,82.52,82.59,82.43,82.49,545
2026-07-28T23:25:00Z,82.52,82.7,82.42,82.51,456
2026-07-28T23:30:00Z,82.5,82.75,82.46,82.68,512
2026-07-28T23:35:00Z,82.68,82.68,82.5,82.53,222
2026-07-28T23:40:00Z,82.52,82.53,82.06,82.06,770
2026-07-28T23:45:00Z,82.09,82.44,82.09,82.17,764
2026-07-28T23:50:00Z,82.16,82.31,82.03,82.22,602
2026-07-28T23:55:00Z,82.23,82.3,81.81,81.89,1090
2026-07-29T00:00:00Z,81.87,82.13,81.73,81.97,2760
2026-07-29T00:05:00Z,81.95,82.27,81.95,82.18,1208
2026-07-29T00:10:00Z,82.2,82.3,81.97,82.02,591
2026-07-29T00:15:00Z,82.01,82.09,81.85,82.07,611
2026-07-29T00:20:00Z,82.05,82.08,81.62,81.72,1513
2026-07-29T00:25:00Z,81.72,81.87,81.7,81.83,645
2026-07-29T00:30:00Z,81.85,82.25,81.85,82.22,481
2026-07-29T00:35:00Z,82.22,82.56,82.21,82.56,989
2026-07-29T00:40:00Z,82.55,82.6,82.37,82.37,568
2026-07-29T00:45:00Z,82.38,82.59,82.31,82.5,529
2026-07-29T00:50:00Z,82.5,82.52,82.37,82.38,323
2026-07-29T00:55:00Z,82.38,82.54,82.29,82.46,415
2026-07-29T01:00:00Z,82.5,82.69,82.41,82.49,774
2026-07-29T01:05:00Z,82.49,82.58,82.31,82.53,540
2026-07-29T01:10:00Z,82.51,82.86,82.41,82.86,497
2026-07-29T01:15:00Z,82.84,82.92,82.61,82.65,704
2026-07-29T01:20:00Z,82.67,82.67,82.52,82.6,586
2026-07-29T01:25:00Z,82.6,82.62,82.39,82.44,594
2026-07-29T01:30:00Z,82.43,83.05,82.43,83.02,726
2026-07-29T01:35:00Z,82.99,83.02,82.83,82.95,552
2026-07-29T01:40:00Z,82.97,83.02,82.86,82.93,420
2026-07-29T01:45:00Z,82.95,82.98,82.85,82.86,355
2026-07-29T01:50:00Z,82.85,82.87,82.69,82.73,362
2026-07-29T01:55:00Z,82.74,82.77,82.62,82.76,277
2026-07-29T02:00:00Z,82.76,82.83,82.64,82.78,281
2026-07-29T02:05:00Z,82.77,82.78,82.61,82.61,128
2026-07-29T02:10:00Z,82.62,82.72,82.59,82.64,160
2026-07-29T02:15:00Z,82.65,82.72,82.58,82.71,193
2026-07-29T02:20:00Z,82.58,82.59,82.46,82.52,238
2026-07-29T02:25:00Z,82.53,82.54,82.43,82.46,207
2026-07-29T02:30:00Z,82.44,82.44,82.19,82.21,720
2026-07-29T02:35:00Z,82.22,82.27,82.05,82.21,566
2026-07-29T02:40:00Z,82.19,82.4,82.18,82.3,312
2026-07-29T02:45:00Z,82.29,82.32,82.13,82.17,440
2026-07-29T02:50:00Z,82.15,82.3,82.15,82.26,213
2026-07-29T02:55:00Z,82.27,82.34,82.19,82.28,123
2026-07-29T03:00:00Z,82.32,82.45,82.31,82.45,171
2026-07-29T03:05:00Z,82.42,82.54,82.42,82.5,312
2026-07-29T03:10:00Z,82.51,82.56,82.48,82.5,136
2026-07-29T03:15:00Z,82.5,82.55,82.42,82.53,214
2026-07-29T03:20:00Z,82.55,82.63,82.42,82.43,114
2026-07-29T03:25:00Z,82.43,82.46,82.32,82.39,213
2026-07-29T03:30:00Z,82.41,82.64,82.4,82.63,293
2026-07-29T03:35:00Z,82.64,82.64,82.47,82.52,168
2026-07-29T03:40:00Z,82.52,82.6,82.49,82.56,204
2026-07-29T03:45:00Z,82.56,82.61,82.5,82.55,203
2026-07-29T03:50:00Z,82.57,82.73,82.55,82.68,322
2026-07-29T03:55:00Z,82.69,82.77,82.69,82.71,174
2026-07-29T04:00:00Z,82.65,82.69,82.6,82.64,156
2026-07-29T04:05:00Z,82.64,82.65,82.55,82.58,119
2026-07-29T04:10:00Z,82.59,82.62,82.56,82.62,144
2026-07-29T04:15:00Z,82.57,82.61,82.46,82.48,144
2026-07-29T04:20:00Z,82.48,82.54,82.47,82.52,88
2026-07-29T04:25:00Z,82.5,82.55,82.45,82.45,72
2026-07-29T04:30:00Z,82.44,82.44,82.31,82.38,166
2026-07-29T04:35:00Z,82.36,82.37,82.23,82.29,151
2026-07-29T04:40:00Z,82.3,82.32,82.09,82.11,308
2026-07-29T04:45:00Z,82.11,82.12,82.0,82.0,409
2026-07-29T04:50:00Z,82.02,82.07,81.88,81.91,513
2026-07-29T04:55:00Z,81.91,82.08,81.88,82.04,205
2026-07-29T05:00:00Z,82.04,82.14,81.85,81.94,365
2026-07-29T05:05:00Z,81.96,81.97,81.85,81.94,184
2026-07-29T05:10:00Z,81.95,81.99,81.85,81.89,302
2026-07-29T05:15:00Z,81.88,81.95,81.79,81.91,346
2026-07-29T05:20:00Z,81.91,82.05,81.83,81.98,256
2026-07-29T05:25:00Z,81.97,82.0,81.83,81.91,174
2026-07-29T05:30:00Z,81.9,82.07,81.83,82.06,333
2026-07-29T05:35:00Z,82.06,82.15,81.98,82.09,228
2026-07-29T05:40:00Z,82.1,82.19,81.9,81.95,275
2026-07-29T05:45:00Z,81.96,82.07,81.92,82.06,157
2026-07-29T05:50:00Z,82.07,82.1,81.93,82.01,165
2026-07-29T05:55:00Z,82.0,82.26,81.91,82.24,362
2026-07-29T06:00:00Z,82.23,82.31,82.0,82.19,371
2026-07-29T06:05:00Z,82.21,82.43,82.14,82.33,277
2026-07-29T06:10:00Z,82.34,82.41,82.23,82.33,401
2026-07-29T06:15:00Z,82.31,82.37,82.14,82.32,237
2026-07-29T06:20:00Z,82.34,82.35,82.19,82.24,188
2026-07-29T06:25:00Z,82.25,82.37,82.18,82.36,291
2026-07-29T06:30:00Z,82.35,82.4,82.22,82.25,311
2026-07-29T06:35:00Z,82.24,82.32,81.99,82.03,344
2026-07-29T06:40:00Z,82.03,82.06,81.8,81.81,435
2026-07-29T06:45:00Z,81.84,82.05,81.82,82.03,432
2026-07-29T06:50:00Z,82.04,82.07,81.86,81.98,301
2026-07-29T06:55:00Z,81.98,82.12,81.98,82.1,321
2026-07-29T07:00:00Z,82.1,82.21,81.96,82.1,1033
2026-07-29T07:05:00Z,82.09,82.1,81.84,81.85,566
2026-07-29T07:10:00Z,81.82,81.96,81.73,81.88,609
2026-07-29T07:15:00Z,81.88,82.28,81.85,82.28,749
2026-07-29T07:20:00Z,82.27,82.37,82.09,82.2,604
2026-07-29T07:25:00Z,82.19,82.33,82.07,82.22,677
2026-07-29T07:30:00Z,82.22,82.32,82.02,82.11,408
2026-07-29T07:35:00Z,82.1,82.11,81.71,81.74,704
2026-07-29T07:40:00Z,81.75,81.94,81.71,81.86,486
2026-07-29T07:45:00Z,81.85,82.15,81.82,82.15,414
2026-07-29T07:50:00Z,82.17,82.29,82.08,82.25,606
2026-07-29T07:55:00Z,82.26,82.29,82.0,82.02,516
2026-07-29T08:00:00Z,82.03,82.18,81.96,82.03,481
2026-07-29T08:05:00Z,82.04,82.29,81.92,82.26,644
2026-07-29T08:10:00Z,82.25,82.26,81.86,81.9,488
2026-07-29T08:15:00Z,81.92,81.97,81.84,81.94,865
2026-07-29T08:20:00Z,81.91,82.21,81.91,82.17,860
2026-07-29T08:25:00Z,82.16,82.39,82.07,82.22,1663
2026-07-29T08:30:00Z,82.22,82.37,82.0,82.1,1164
2026-07-29T08:35:00Z,82.11,82.15,81.77,81.83,896
2026-07-29T08:40:00Z,81.86,81.99,81.75,81.83,603
2026-07-29T08:45:00Z,81.84,81.84,81.57,81.62,1128
2026-07-29T08:50:00Z,81.65,81.83,81.51,81.8,817
2026-07-29T08:55:00Z,81.79,81.91,81.72,81.89,501
2026-07-29T09:00:00Z,81.9,82.14,81.88,82.14,678
2026-07-29T09:05:00Z,82.15,82.15,81.93,81.97,425
2026-07-29T09:10:00Z,81.97,82.02,81.92,81.95,371
2026-07-29T09:15:00Z,81.94,81.96,81.81,81.95,345
2026-07-29T09:20:00Z,81.96,82.01,81.69,81.81,396
2026-07-29T09:25:00Z,81.82,82.0,81.78,81.94,271
2026-07-29T09:30:00Z,81.93,82.18,81.87,82.15,353
2026-07-29T09:35:00Z,82.17,82.31,82.05,82.13,558
2026-07-29T09:40:00Z,82.13,82.13,82.02,82.11,349
2026-07-29T09:45:00Z,82.09,82.11,81.98,82.08,279
2026-07-29T09:50:00Z,82.09,82.19,82.0,82.17,728
2026-07-29T09:55:00Z,82.18,82.31,82.11,82.11,1082
2026-07-29T10:00:00Z,82.13,82.26,81.98,82.03,637
2026-07-29T10:05:00Z,82.02,82.67,81.98,82.41,2474
2026-07-29T10:10:00Z,82.42,82.67,82.37,82.64,775
2026-07-29T10:15:00Z,82.64,82.83,82.54,82.68,1330
2026-07-29T10:20:00Z,82.68,82.83,82.65,82.69,444
2026-07-29T10:25:00Z,82.69,82.73,82.53,82.72,644
2026-07-29T10:30:00Z,82.73,82.74,82.58,82.72,394
2026-07-29T10:35:00Z,82.71,83.04,82.68,83.02,968
2026-07-29T10:40:00Z,83.02,83.05,82.81,82.89,885
2026-07-29T10:45:00Z,82.89,83.12,82.84,83.12,787
2026-07-29T10:50:00Z,83.12,83.24,83.08,83.24,818
2026-07-29T10:55:00Z,83.24,83.28,83.15,83.18,809
2026-07-29T11:00:00Z,83.17,83.34,83.1,83.2,855
2026-07-29T11:05:00Z,83.23,83.23,83.0,83.02,486
2026-07-29T11:10:00Z,83.03,83.16,83.01,83.11,471
2026-07-29T11:15:00Z,83.12,83.14,82.94,83.09,630
2026-07-29T11:20:00Z,83.1,83.18,83.06,83.12,494
2026-07-29T11:25:00Z,83.13,83.16,82.82,82.86,572
2026-07-29T11:30:00Z,82.87,83.02,82.85,82.96,552
2026-07-29T11:35:00Z,82.96,82.96,82.81,82.83,909
2026-07-29T11:40:00Z,82.83,82.96,82.76,82.94,935
2026-07-29T11:45:00Z,82.94,83.03,82.36,82.54,3219
2026-07-29T11:50:00Z,82.56,82.8,82.53,82.68,1293
2026-07-29T11:55:00Z,82.69,82.69,82.53,82.53,700
2026-07-29T12:00:00Z,82.55,82.83,82.5,82.82,923
2026-07-29T12:05:00Z,82.81,83.09,82.79,83.07,1360
2026-07-29T12:10:00Z,83.07,83.18,82.92,83.1,2288
2026-07-29T12:15:00Z,83.09,84.49,83.09,84.41,9125
2026-07-29T12:20:00Z,84.36,84.65,84.13,84.59,3730
2026-07-29T12:25:00Z,84.59,84.62,84.28,84.5,2922
2026-07-29T12:30:00Z,84.5,84.76,84.29,84.29,3548
2026-07-29T12:35:00Z,84.3,84.39,84.04,84.13,2229
2026-07-29T12:40:00Z,84.1,84.25,84.07,84.14,1194
2026-07-29T12:45:00Z,84.11,84.3,84.09,84.25,1135
2026-07-29T12:50:00Z,84.29,84.66,84.28,84.66,2324
2026-07-29T12:55:00Z,84.65,84.74,84.51,84.54,1755
2026-07-29T13:00:00Z,84.57,84.82,84.36,84.62,3066
2026-07-29T13:05:00Z,84.63,84.82,84.53,84.54,2020
2026-07-29T13:10:00Z,84.54,84.62,84.41,84.42,1471
2026-07-29T13:15:00Z,84.44,84.54,84.21,84.52,1746
2026-07-29T13:20:00Z,84.51,84.62,84.14,84.18,1649
2026-07-29T13:25:00Z,84.18,84.36,84.1,84.33,1318
2026-07-29T13:30:00Z,84.32,84.67,84.24,84.47,2334
2026-07-29T13:35:00Z,84.48,84.56,84.25,84.27,1259
2026-07-29T13:40:00Z,84.29,84.44,84.23,84.43,1297
2026-07-29T13:45:00Z,84.45,84.85,84.42,84.66,2427
2026-07-29T13:50:00Z,84.68,84.91,84.67,84.87,1659
2026-07-29T13:55:00Z,84.88,84.95,84.79,84.85,1820
2026-07-29T14:00:00Z,84.84,84.85,84.54,84.58,1728
2026-07-29T14:05:00Z,84.59,84.6,84.35,84.47,1829
2026-07-29T14:10:00Z,84.48,84.56,84.34,84.51,1476
2026-07-29T14:15:00Z,84.52,84.67,84.4,84.54,1894
2026-07-29T14:20:00Z,84.54,84.57,84.36,84.55,1320
2026-07-29T14:25:00Z,84.57,85.02,84.54,85.0,3107
2026-07-29T14:30:00Z,84.98,85.1,84.89,85.0,2838
2026-07-29T14:35:00Z,85.0,85.16,84.9,84.91,2401
2026-07-29T14:40:00Z,84.92,85.18,84.86,85.09,2168
2026-07-29T14:45:00Z,85.11,85.33,85.08,85.19,2030
2026-07-29T14:50:00Z,85.18,85.34,85.04,85.28,2311
2026-07-29T14:55:00Z,85.29,85.48,85.15,85.36,2667
2026-07-29T15:00:00Z,85.36,85.57,85.29,85.32,2710
2026-07-29T15:05:00Z,85.33,85.4,85.11,85.18,2193
2026-07-29T15:10:00Z,85.18,85.22,84.86,85.05,2294
2026-07-29T15:15:00Z,85.03,85.25,85.0,85.23,1818
2026-07-29T15:20:00Z,85.23,85.28,85.02,85.03,1856
2026-07-29T15:25:00Z,85.04,85.18,84.79,84.87,3756
2026-07-29T15:30:00Z,84.86,84.88,84.47,84.62,3461
2026-07-29T15:35:00Z,84.63,84.74,84.42,84.44,2320
2026-07-29T15:40:00Z,84.46,84.6,84.36,84.5,3182
2026-07-29T15:45:00Z,84.49,84.56,84.38,84.55,1540
2026-07-29T15:50:00Z,84.57,84.66,84.5,84.61,1861
2026-07-29T15:55:00Z,84.62,85.0,84.62,84.99,2826
2026-07-29T16:00:00Z,84.99,85.22,84.95,85.13,2487
2026-07-29T16:05:00Z,85.11,85.11,84.86,84.96,2406
2026-07-29T16:10:00Z,84.94,85.04,84.74,84.86,1894
2026-07-29T16:15:00Z,84.86,84.9,84.6,84.72,1767
2026-07-29T16:20:00Z,84.73,84.73,84.22,84.37,3697
2026-07-29T16:25:00Z,84.38,84.4,84.18,84.18,2625
2026-07-29T16:30:00Z,84.21,84.38,84.18,84.34,1945
2026-07-29T16:35:00Z,84.33,84.51,84.24,84.46,1633
2026-07-29T16:40:00Z,84.45,84.54,84.4,84.53,1053
2026-07-29T16:45:00Z,84.52,84.58,84.43,84.51,1148
2026-07-29T16:50:00Z,84.51,84.69,84.5,84.65,1130
2026-07-29T16:55:00Z,84.66,84.67,84.57,84.59,1013
2026-07-29T17:00:00Z,84.58,84.62,84.36,84.38,1777
2026-07-29T17:05:00Z,84.37,84.57,84.36,84.55,1070
2026-07-29T17:10:00Z,84.55,84.72,84.51,84.54,1357
2026-07-29T17:15:00Z,84.55,84.74,84.55,84.66,1385
2026-07-29T17:20:00Z,84.66,84.71,84.62,84.64,2169
2026-07-29T17:25:00Z,84.63,84.82,84.43,84.46,1762
2026-07-29T17:30:00Z,84.45,84.73,84.41,84.67,1363
2026-07-29T17:35:00Z,84.68,84.69,84.36,84.38,1330
2026-07-29T17:40:00Z,84.4,84.43,84.32,84.37,1480
2026-07-29T17:45:00Z,84.38,84.51,84.3,84.5,1963
2026-07-29T17:50:00Z,84.51,84.67,84.48,84.58,1267
2026-07-29T17:55:00Z,84.61,84.65,84.53,84.59,943
2026-07-29T18:00:00Z,84.61,84.9,84.46,84.7,2983
2026-07-29T18:05:00Z,84.69,84.72,84.51,84.52,2107
2026-07-29T18:10:00Z,84.52,84.73,84.52,84.61,1702
2026-07-29T18:15:00Z,84.6,84.88,84.48,84.85,2795
2026-07-29T18:20:00Z,84.85,84.91,84.65,84.85,2977
2026-07-29T18:25:00Z,84.88,84.9,84.36,84.48,10269
2026-07-29T18:30:00Z,84.48,84.94,84.47,84.87,3247
2026-07-29T18:35:00Z,84.85,84.92,84.73,84.83,1235
2026-07-29T18:40:00Z,84.83,84.9,84.55,84.62,1367
2026-07-29T18:45:00Z,84.62,84.65,84.3,84.64,2218
2026-07-29T18:50:00Z,84.65,84.73,84.56,84.57,1094
2026-07-29T18:55:00Z,84.57,84.65,84.43,84.45,665
2026-07-29T19:00:00Z,84.44,84.5,84.3,84.37,1047
2026-07-29T19:05:00Z,84.36,84.5,84.27,84.38,812
2026-07-29T19:10:00Z,84.4,84.44,84.21,84.41,868
2026-07-29T19:15:00Z,84.42,84.44,84.06,84.1,833
2026-07-29T19:20:00Z,84.08,84.72,84.06,84.49,3102
2026-07-29T19:25:00Z,84.47,84.74,84.45,84.66,893
2026-07-29T19:30:00Z,84.66,85.25,84.65,85.04,1568
2026-07-29T19:35:00Z,85.01,85.14,84.81,84.88,1295
2026-07-29T19:40:00Z,84.89,84.99,84.81,84.86,1009
2026-07-29T19:45:00Z,84.85,84.91,84.58,84.84,915
2026-07-29T19:50:00Z,84.89,85.0,84.83,84.97,888
2026-07-29T19:55:00Z,85.0,85.0,84.84,84.91,742
2026-07-29T20:00:00Z,84.89,84.96,84.66,84.71,613
2026-07-29T20:05:00Z,84.69,84.74,84.6,84.7,391
2026-07-29T20:10:00Z,84.7,84.77,84.63,84.73,382
2026-07-29T20:15:00Z,84.75,84.82,84.74,84.78,226
2026-07-29T20:20:00Z,84.76,85.02,84.75,85.0,412
2026-07-29T20:25:00Z,85.01,85.02,84.89,84.92,230
2026-07-29T20:30:00Z,84.9,84.91,84.77,84.78,281
2026-07-29T20:35:00Z,84.79,84.79,84.65,84.7,459
2026-07-29T20:40:00Z,84.7,84.72,84.6,84.62,646
2026-07-29T20:45:00Z,84.63,84.67,84.51,84.67,629
2026-07-29T20:50:00Z,84.66,84.7,84.52,84.54,246
2026-07-29T20:55:00Z,84.53,84.66,84.52,84.6,284
2026-07-29T22:00:00Z,84.7,84.7,84.3,84.39,0
2026-07-29T22:05:00Z,84.36,84.57,84.35,84.44,241
2026-07-29T22:10:00Z,84.43,84.5,84.35,84.41,107
2026-07-29T22:15:00Z,84.4,84.42,84.24,84.25,128
2026-07-29T22:20:00Z,84.27,84.39,84.25,84.39,49
2026-07-29T22:25:00Z,84.36,84.59,84.31,84.44,275
2026-07-29T22:30:00Z,84.44,84.48,84.36,84.47,120
2026-07-29T22:35:00Z,84.47,84.5,84.32,84.35,111
2026-07-29T22:40:00Z,84.36,84.47,84.34,84.47,58
2026-07-29T22:45:00Z,84.47,84.47,84.37,84.41,45
2026-07-29T22:50:00Z,84.4,84.46,84.4,84.46,10
2026-07-29T22:55:00Z,84.44,84.56,84.41,84.43,104
2026-07-29T23:00:00Z,84.42,84.43,84.37,84.39,51
2026-07-29T23:05:00Z,84.42,84.47,84.11,84.23,441
2026-07-29T23:10:00Z,84.27,84.7,84.27,84.62,550
2026-07-29T23:15:00Z,84.59,84.72,84.56,84.65,221
2026-07-29T23:20:00Z,84.62,84.65,84.42,84.45,185
2026-07-29T23:25:00Z,84.45,84.51,84.38,84.43,77
2026-07-29T23:30:00Z,84.43,84.43,84.27,84.36,169
2026-07-29T23:35:00Z,84.34,84.44,84.34,84.42,96
2026-07-29T23:40:00Z,84.43,84.49,84.33,84.35,101
2026-07-29T23:45:00Z,84.33,84.35,84.21,84.33,80
2026-07-29T23:50:00Z,84.28,84.33,84.15,84.19,155
2026-07-29T23:55:00Z,84.18,84.26,84.15,84.2,119
2026-07-30T00:00:00Z,84.25,84.29,84.03,84.28,577
2026-07-30T00:05:00Z,84.25,84.27,84.13,84.14,164
2026-07-30T00:10:00Z,84.15,84.24,83.85,83.91,540
2026-07-30T00:15:00Z,83.94,83.98,83.21,83.35,2282
2026-07-30T00:20:00Z,83.38,83.74,83.37,83.71,666
2026-07-30T00:25:00Z,83.69,84.01,83.58,83.98,606
2026-07-30T00:30:00Z,83.97,84.17,83.89,84.05,319
2026-07-30T00:35:00Z,84.05,84.24,84.02,84.19,416
2026-07-30T00:40:00Z,84.2,84.3,84.15,84.28,391
2026-07-30T00:45:00Z,84.3,84.48,84.26,84.34,480
2026-07-30T00:50:00Z,84.37,84.57,84.34,84.56,516
2026-07-30T00:55:00Z,84.54,84.62,84.48,84.53,402
2026-07-30T01:00:00Z,84.48,84.51,84.0,84.09,965
2026-07-30T01:05:00Z,84.13,84.14,83.74,83.89,614
2026-07-30T01:10:00Z,83.88,84.07,83.77,84.01,343
2026-07-30T01:15:00Z,84.03,84.07,83.87,83.92,291
2026-07-30T01:20:00Z,83.88,84.13,83.84,83.98,308
2026-07-30T01:25:00Z,84.02,84.04,83.91,83.97,137
2026-07-30T01:30:00Z,84.01,84.05,83.75,83.8,208
2026-07-30T01:35:00Z,83.81,83.91,83.63,83.86,454
2026-07-30T01:40:00Z,83.86,83.88,83.72,83.73,245
2026-07-30T01:45:00Z,83.72,83.9,83.68,83.82,256
2026-07-30T01:50:00Z,83.83,83.83,83.69,83.8,230
2026-07-30T01:55:00Z,83.8,83.84,83.73,83.79,157
2026-07-30T02:00:00Z,83.76,83.8,83.64,83.67,240
2026-07-30T02:05:00Z,83.69,83.76,83.61,83.67,210
2026-07-30T02:10:00Z,83.65,83.68,83.56,83.58,187
2026-07-30T02:15:00Z,83.58,83.62,83.51,83.56,338
2026-07-30T02:20:00Z,83.57,83.64,83.5,83.64,163
2026-07-30T02:25:00Z,83.64,83.7,83.43,83.45,365
2026-07-30T02:30:00Z,83.44,83.47,83.24,83.39,654
2026-07-30T02:35:00Z,83.39,83.59,83.39,83.5,291
2026-07-30T02:40:00Z,83.49,83.58,83.46,83.53,106
2026-07-30T02:45:00Z,83.52,83.7,83.52,83.7,363
2026-07-30T02:50:00Z,83.72,83.72,83.35,83.4,232
2026-07-30T02:55:00Z,83.35,83.43,83.24,83.43,250
2026-07-30T03:00:00Z,83.42,83.42,83.22,83.32,281
2026-07-30T03:05:00Z,83.31,83.39,83.29,83.37,85
2026-07-30T03:10:00Z,83.35,83.42,83.31,83.35,115
2026-07-30T03:15:00Z,83.34,83.4,83.31,83.37,93
2026-07-30T03:20:00Z,83.38,83.52,83.36,83.52,191
2026-07-30T03:25:00Z,83.53,83.66,83.44,83.63,210
2026-07-30T03:30:00Z,83.6,83.6,83.5,83.57,154
2026-07-30T03:35:00Z,83.57,83.59,83.48,83.54,207
2026-07-30T03:40:00Z,83.53,83.64,83.51,83.58,139
2026-07-30T03:45:00Z,83.59,83.67,83.59,83.66,140
2026-07-30T03:50:00Z,83.65,83.75,83.64,83.74,103
2026-07-30T03:55:00Z,83.74,83.75,83.62,83.65,46
2026-07-30T04:00:00Z,83.65,83.71,83.62,83.66,72
2026-07-30T04:05:00Z,83.65,83.77,83.65,83.74,55
2026-07-30T04:10:00Z,83.72,83.79,83.72,83.77,188
2026-07-30T04:15:00Z,83.77,83.87,83.76,83.81,121
2026-07-30T04:20:00Z,83.81,83.81,83.67,83.72,126
2026-07-30T04:25:00Z,83.73,83.82,83.7,83.78,61
2026-07-30T04:30:00Z,83.75,83.79,83.73,83.74,32
2026-07-30T04:35:00Z,83.75,83.76,83.72,83.75,14
2026-07-30T04:40:00Z,83.67,83.82,83.66,83.79,89
2026-07-30T04:45:00Z,83.77,83.77,83.7,83.72,31
2026-07-30T04:50:00Z,83.74,83.97,83.74,83.96,591
2026-07-30T04:55:00Z,83.97,84.17,83.93,84.05,419
2026-07-30T05:00:00Z,84.07,84.13,83.98,83.98,169
2026-07-30T05:05:00Z,83.97,84.28,83.97,84.28,291
2026-07-30T05:10:00Z,84.25,84.47,84.21,84.45,646
2026-07-30T05:15:00Z,84.47,84.6,84.38,84.58,646
2026-07-30T05:20:00Z,84.59,84.79,84.56,84.68,585
2026-07-30T05:25:00Z,84.7,84.71,84.52,84.54,177
2026-07-30T05:30:00Z,84.54,85.16,84.54,84.93,1401
2026-07-30T05:35:00Z,84.92,85.18,84.92,85.02,674
2026-07-30T05:40:00Z,85.0,85.03,84.9,84.93,434
2026-07-30T05:45:00Z,84.98,84.98,84.6,84.82,838
2026-07-30T05:50:00Z,84.81,85.29,84.76,85.24,1091
2026-07-30T05:55:00Z,85.24,85.39,85.04,85.22,1248
2026-07-30T06:00:00Z,85.18,85.37,85.09,85.12,1603
2026-07-30T06:05:00Z,85.17,85.65,85.08,85.62,1798
2026-07-30T06:10:00Z,85.63,85.74,85.57,85.69,1303
2026-07-30T06:15:00Z,85.71,85.87,85.6,85.8,2305
2026-07-30T06:20:00Z,85.8,85.89,85.55,85.63,1181
2026-07-30T06:25:00Z,85.64,85.84,85.56,85.83,634
2026-07-30T06:30:00Z,85.82,85.9,85.59,85.64,1018
2026-07-30T06:35:00Z,85.64,85.8,85.62,85.73,1172
2026-07-30T06:40:00Z,85.72,85.76,85.51,85.64,739
2026-07-30T06:45:00Z,85.64,85.69,85.38,85.59,1024
2026-07-30T06:50:00Z,85.58,85.66,85.39,85.43,437
2026-07-30T06:55:00Z,85.44,85.6,85.31,85.31,737
2026-07-30T07:00:00Z,85.32,85.32,84.59,84.66,3396
2026-07-30T07:05:00Z,84.67,85.05,84.63,84.97,1066
2026-07-30T07:10:00Z,84.96,85.09,84.89,84.93,542
2026-07-30T07:15:00Z,84.91,85.26,84.9,85.26,544
2026-07-30T07:20:00Z,85.25,85.4,84.99,85.0,1275
2026-07-30T07:25:00Z,84.99,85.33,84.98,85.31,889
2026-07-30T07:30:00Z,85.3,85.73,85.27,85.72,992
2026-07-30T07:35:00Z,85.69,85.94,85.66,85.74,1854
2026-07-30T07:40:00Z,85.76,85.78,85.42,85.46,637
2026-07-30T07:45:00Z,85.45,85.45,85.2,85.39,637
2026-07-30T07:50:00Z,85.41,85.43,84.95,85.07,785
2026-07-30T07:55:00Z,85.08,85.23,85.04,85.18,521
2026-07-30T08:00:00Z,85.16,85.36,84.8,84.86,1251
2026-07-30T08:05:00Z,84.86,84.9,84.63,84.79,1765
2026-07-30T08:10:00Z,84.79,84.87,84.65,84.82,571
2026-07-30T08:15:00Z,84.82,85.19,84.67,85.17,959
2026-07-30T08:20:00Z,85.18,85.36,85.11,85.19,978
2026-07-30T08:25:00Z,85.18,85.2,84.74,84.98,1360
2026-07-30T08:30:00Z,84.96,85.07,84.3,84.46,1850
2026-07-30T08:35:00Z,84.45,84.61,84.37,84.55,629
2026-07-30T08:40:00Z,84.55,84.76,84.4,84.76,568
2026-07-30T08:45:00Z,84.74,84.92,84.68,84.83,494
2026-07-30T08:50:00Z,84.83,85.08,84.82,85.02,478
2026-07-30T08:55:00Z,85.04,85.04,84.76,84.76,704
2026-07-30T09:00:00Z,84.74,84.83,84.47,84.52,2152
2026-07-30T09:05:00Z,84.52,84.64,84.27,84.44,1675
2026-07-30T09:10:00Z,84.43,84.67,84.05,84.35,1708
2026-07-30T09:15:00Z,84.32,84.52,83.89,84.03,1366
2026-07-30T09:20:00Z,84.01,84.07,83.84,84.06,1208
2026-07-30T09:25:00Z,84.05,84.08,83.95,84.06,561
2026-07-30T09:30:00Z,84.03,84.28,84.01,84.22,1130
2026-07-30T09:35:00Z,84.22,84.24,83.92,84.22,759
2026-07-30T09:40:00Z,84.23,84.37,84.06,84.1,677
2026-07-30T09:45:00Z,84.11,84.18,84.03,84.08,217
2026-07-30T09:50:00Z,84.05,84.24,83.95,84.17,673
2026-07-30T09:55:00Z,84.15,84.5,84.13,84.46,525
2026-07-30T10:00:00Z,84.47,84.64,84.47,84.63,660
2026-07-30T10:05:00Z,84.64,84.64,84.39,84.46,355
2026-07-30T10:10:00Z,84.47,84.65,84.41,84.58,263
2026-07-30T10:15:00Z,84.57,84.59,84.19,84.22,495
2026-07-30T10:20:00Z,84.2,84.29,84.11,84.11,474
2026-07-30T10:25:00Z,84.12,84.32,84.12,84.23,212
2026-07-30T10:30:00Z,84.24,84.27,83.96,84.21,421
2026-07-30T10:35:00Z,84.19,84.24,83.87,83.97,462
2026-07-30T10:40:00Z,83.97,83.97,83.26,83.62,2237
2026-07-30T10:45:00Z,83.66,83.7,83.46,83.47,549
2026-07-30T10:50:00Z,83.44,83.75,83.31,83.68,1056
2026-07-30T10:55:00Z,83.69,83.78,83.58,83.74,247
2026-07-30T11:00:00Z,83.77,83.93,83.66,83.79,637
2026-07-30T11:05:00Z,83.79,83.82,83.61,83.8,644
2026-07-30T11:10:00Z,83.78,83.84,83.7,83.7,327
2026-07-30T11:15:00Z,83.7,83.76,83.6,83.76,482
2026-07-30T11:20:00Z,83.76,83.93,83.6,83.63,552
2026-07-30T11:25:00Z,83.61,83.67,83.46,83.64,708
2026-07-30T11:30:00Z,83.64,83.71,83.36,83.51,882
2026-07-30T11:35:00Z,83.5,83.64,83.46,83.53,499
2026-07-30T11:40:00Z,83.54,83.6,83.34,83.46,616
2026-07-30T11:45:00Z,83.48,83.56,83.39,83.41,357
2026-07-30T11:50:00Z,83.39,83.57,83.31,83.37,1931
2026-07-30T11:55:00Z,83.37,83.54,83.29,83.54,621
2026-07-30T12:00:00Z,83.56,83.85,83.55,83.66,1046
2026-07-30T12:05:00Z,83.66,83.68,83.4,83.48,795
2026-07-30T12:10:00Z,83.48,83.77,83.47,83.7,998
2026-07-30T12:15:00Z,83.68,83.88,83.62,83.7,584
2026-07-30T12:20:00Z,83.72,83.95,83.68,83.92,1022
2026-07-30T12:25:00Z,83.9,84.4,83.89,84.24,1904
2026-07-30T12:30:00Z,84.2,84.24,83.93,83.95,672
2026-07-30T12:35:00Z,83.96,83.96,83.73,83.74,563
2026-07-30T12:40:00Z,83.75,83.96,83.64,83.79,1606
2026-07-30T12:45:00Z,83.76,84.06,83.7,83.97,642
2026-07-30T12:50:00Z,84.0,84.31,83.98,84.23,1656
2026-07-30T12:55:00Z,84.21,84.49,84.15,84.48,1828
2026-07-30T13:00:00Z,84.46,84.52,83.92,84.07,2195
2026-07-30T13:05:00Z,84.07,84.14,83.23,83.41,3766
2026-07-30T13:10:00Z,83.39,83.56,82.97,83.01,2770
2026-07-30T13:15:00Z,83.03,83.5,83.03,83.3,1870
2026-07-30T13:20:00Z,83.3,83.56,83.27,83.36,1406
2026-07-30T13:25:00Z,83.35,83.66,83.34,83.48,1126
2026-07-30T13:30:00Z,83.47,83.73,83.32,83.65,1467
2026-07-30T13:35:00Z,83.64,83.72,83.35,83.37,921
2026-07-30T13:40:00Z,83.37,83.64,83.37,83.63,695
2026-07-30T13:45:00Z,83.61,83.8,83.52,83.75,801
2026-07-30T13:50:00Z,83.72,83.92,83.63,83.65,1210
2026-07-30T13:55:00Z,83.69,83.88,83.64,83.76,867
2026-07-30T14:00:00Z,83.77,84.16,83.63,83.83,3269
2026-07-30T14:05:00Z,83.83,84.2,83.79,83.81,1632
2026-07-30T14:10:00Z,83.81,83.97,83.7,83.86,1443
2026-07-30T14:15:00Z,83.86,84.21,83.72,84.13,1845
2026-07-30T14:20:00Z,84.12,84.3,84.03,84.08,1653
2026-07-30T14:25:00Z,84.1,84.19,83.88,83.97,1065
2026-07-30T14:30:00Z,83.95,84.29,83.95,84.17,1033
2026-07-30T14:35:00Z,84.16,84.19,83.96,83.99,598
2026-07-30T14:40:00Z,83.99,84.26,83.96,84.08,884
2026-07-30T14:45:00Z,84.09,84.34,84.09,84.34,979
2026-07-30T14:50:00Z,84.34,84.48,84.12,84.24,1559
2026-07-30T14:55:00Z,84.24,84.35,84.1,84.21,686
2026-07-30T15:00:00Z,84.21,84.4,84.16,84.35,704
2026-07-30T15:05:00Z,84.35,84.73,84.35,84.59,1519
2026-07-30T15:10:00Z,84.62,84.86,84.48,84.61,1920
2026-07-30T15:15:00Z,84.62,84.7,84.42,84.49,1798
2026-07-30T15:20:00Z,84.49,84.56,84.27,84.3,1675
2026-07-30T15:25:00Z,84.3,84.42,84.07,84.31,1861
2026-07-30T15:30:00Z,84.31,84.48,84.18,84.47,1061
2026-07-30T15:35:00Z,84.47,84.52,84.07,84.1,1027
2026-07-30T15:40:00Z,84.08,84.08,83.59,83.72,1816
2026-07-30T15:45:00Z,83.71,83.91,83.62,83.87,1156
2026-07-30T15:50:00Z,83.87,84.07,83.72,84.03,915
2026-07-30T15:55:00Z,84.03,84.08,83.89,84.07,1445
2026-07-30T16:00:00Z,84.07,84.15,84.0,84.03,1129
2026-07-30T16:05:00Z,84.03,84.29,84.02,84.25,837
2026-07-30T16:10:00Z,84.24,84.25,83.92,84.03,832
2026-07-30T16:15:00Z,84.04,84.17,83.81,83.9,1003
2026-07-30T16:20:00Z,83.89,83.94,83.63,83.73,638
2026-07-30T16:25:00Z,83.72,83.72,83.51,83.62,826
2026-07-30T16:30:00Z,83.6,83.78,83.53,83.76,1343
2026-07-30T16:35:00Z,83.74,83.96,83.66,83.9,879
2026-07-30T16:40:00Z,83.9,83.97,83.8,83.87,534
2026-07-30T16:45:00Z,83.89,83.96,83.79,83.84,683
2026-07-30T16:50:00Z,83.82,84.05,83.77,83.95,823
2026-07-30T16:55:00Z,83.96,84.13,83.89,84.09,671
2026-07-30T17:00:00Z,84.09,84.16,83.99,83.99,787
2026-07-30T17:05:00Z,83.98,84.13,83.95,84.05,576
2026-07-30T17:10:00Z,84.04,84.1,83.84,83.97,1349
2026-07-30T17:15:00Z,83.97,84.19,83.94,83.97,1023
2026-07-30T17:20:00Z,83.98,84.0,83.73,83.82,1032
2026-07-30T17:25:00Z,83.83,83.9,83.75,83.85,989
2026-07-30T17:30:00Z,83.85,83.9,83.65,83.71,1370
2026-07-30T17:35:00Z,83.71,84.39,83.71,84.21,1390
2026-07-30T17:40:00Z,84.2,84.2,83.75,83.87,846
2026-07-30T17:45:00Z,83.87,84.07,83.87,84.07,825
2026-07-30T17:50:00Z,84.08,84.12,83.94,83.98,1070
2026-07-30T17:55:00Z,84.0,84.08,83.88,84.08,826
2026-07-30T18:00:00Z,84.07,84.28,83.97,84.19,1319
2026-07-30T18:05:00Z,84.17,84.17,83.93,84.08,1011
2026-07-30T18:10:00Z,84.08,84.19,84.04,84.12,687
2026-07-30T18:15:00Z,84.13,84.18,83.72,83.79,1858
2026-07-30T18:20:00Z,83.78,83.92,83.73,83.92,1525
2026-07-30T18:25:00Z,83.89,83.96,83.47,83.56,8947
2026-07-30T18:30:00Z,83.56,83.68,83.48,83.64,2623
2026-07-30T18:35:00Z,83.62,83.72,83.55,83.65,716
2026-07-30T18:40:00Z,83.65,83.83,83.61,83.71,831
2026-07-30T18:45:00Z,83.73,83.77,83.71,83.75,308
2026-07-30T18:50:00Z,83.74,83.76,83.52,83.58,454
2026-07-30T18:55:00Z,83.58,83.59,83.52,83.52,562
2026-07-30T19:00:00Z,83.54,83.62,83.46,83.58,294
2026-07-30T19:05:00Z,83.57,83.62,83.53,83.55,454
2026-07-30T19:10:00Z,83.54,83.73,83.52,83.65,532
2026-07-30T19:15:00Z,83.65,83.68,83.58,83.61,251
2026-07-30T19:20:00Z,83.61,83.65,83.57,83.63,248
2026-07-30T19:25:00Z,83.62,83.64,83.52,83.54,423
2026-07-30T19:30:00Z,83.55,83.57,83.44,83.55,330
2026-07-30T19:35:00Z,83.54,83.54,83.47,83.51,220
2026-07-30T19:40:00Z,83.53,83.7,83.48,83.68,399
2026-07-30T19:45:00Z,83.69,83.77,83.65,83.7,200
2026-07-30T19:50:00Z,83.71,83.75,83.65,83.74,224
2026-07-30T19:55:00Z,83.75,83.83,83.65,83.65,549
2026-07-30T20:00:00Z,83.66,83.71,83.58,83.66,155
2026-07-30T20:05:00Z,83.66,83.85,83.6,83.83,301
2026-07-30T20:10:00Z,83.83,83.88,83.79,83.88,254
2026-07-30T20:15:00Z,83.88,84.13,83.84,84.07,716
2026-07-30T20:20:00Z,84.06,84.14,84.03,84.13,181
2026-07-30T20:25:00Z,84.12,84.16,84.06,84.09,261
2026-07-30T20:30:00Z,84.1,84.21,84.03,84.13,400
2026-07-30T20:35:00Z,84.12,84.19,84.08,84.15,200
2026-07-30T20:40:00Z,84.15,84.15,83.96,83.96,280
2026-07-30T20:45:00Z,83.97,83.98,83.86,83.94,379
2026-07-30T20:50:00Z,83.94,83.96,83.87,83.92,123
2026-07-30T20:55:00Z,83.91,83.98,83.88,83.96,306
2026-07-30T22:00:00Z,83.92,84.0,83.88,83.95,0
2026-07-30T22:05:00Z,83.95,84.15,83.95,84.09,183
2026-07-30T22:10:00Z,84.11,84.32,84.11,84.2,248
2026-07-30T22:15:00Z,84.2,84.25,84.15,84.21,72
2026-07-30T22:20:00Z,84.21,84.32,84.2,84.21,121
2026-07-30T22:25:00Z,84.2,84.21,84.17,84.18,28
2026-07-30T22:30:00Z,84.16,84.17,84.11,84.12,39
2026-07-30T22:35:00Z,84.12,84.14,84.09,84.1,26
2026-07-30T22:40:00Z,84.1,84.1,84.04,84.05,37
2026-07-30T22:45:00Z,84.04,84.06,84.01,84.01,24
2026-07-30T22:50:00Z,84.02,84.03,83.92,84.0,111
2026-07-30T22:55:00Z,84.01,84.06,84.01,84.06,27
2026-07-30T23:00:00Z,84.05,84.05,83.94,83.95,42
2026-07-30T23:05:00Z,83.96,83.99,83.95,83.97,22
2026-07-30T23:10:00Z,83.94,83.96,83.93,83.95,17
2026-07-30T23:15:00Z,83.95,84.08,83.95,84.07,64
2026-07-30T23:20:00Z,84.07,84.08,84.03,84.06,17
2026-07-30T23:25:00Z,84.07,84.11,84.02,84.06,121
2026-07-30T23:30:00Z,84.07,84.1,84.04,84.06,16
2026-07-30T23:35:00Z,84.07,84.07,84.0,84.05,94
2026-07-30T23:40:00Z,84.05,84.09,84.05,84.07,34
2026-07-30T23:45:00Z,84.09,84.12,84.04,84.04,34
2026-07-30T23:50:00Z,84.03,84.04,83.98,84.01,19
2026-07-30T23:55:00Z,84.01,84.06,84.01,84.06,11
2026-07-31T00:00:00Z,84.06,84.11,83.97,84.11,192
2026-07-31T00:05:00Z,84.11,84.15,83.99,84.05,150
2026-07-31T00:10:00Z,84.06,84.18,84.06,84.14,58
2026-07-31T00:15:00Z,84.08,84.09,83.96,84.05,106
2026-07-31T00:20:00Z,84.03,84.1,84.02,84.06,59
2026-07-31T00:25:00Z,84.07,84.13,84.03,84.12,144
2026-07-31T00:30:00Z,84.11,84.12,84.0,84.12,122
2026-07-31T00:35:00Z,84.12,84.14,84.05,84.05,59
2026-07-31T00:40:00Z,84.04,84.04,83.72,83.73,344
2026-07-31T00:45:00Z,83.72,83.87,83.68,83.87,109
2026-07-31T00:50:00Z,83.86,83.86,83.7,83.75,83
2026-07-31T00:55:00Z,83.74,83.78,83.52,83.54,282
2026-07-31T01:00:00Z,83.51,83.54,82.09,82.62,2394
2026-07-31T01:05:00Z,82.6,82.77,82.31,82.63,718
2026-07-31T01:10:00Z,82.62,82.97,82.51,82.93,550
2026-07-31T01:15:00Z,82.94,82.99,82.8,82.8,323
2026-07-31T01:20:00Z,82.8,82.99,82.78,82.88,357
2026-07-31T01:25:00Z,82.88,82.93,82.55,82.78,581
2026-07-31T01:30:00Z,82.77,82.88,82.55,82.55,357
2026-07-31T01:35:00Z,82.55,82.56,82.27,82.41,673
2026-07-31T01:40:00Z,82.4,82.63,82.37,82.61,532
2026-07-31T01:45:00Z,82.63,82.81,82.62,82.71,341
2026-07-31T01:50:00Z,82.66,82.7,82.45,82.48,323
2026-07-31T01:55:00Z,82.5,82.52,82.4,82.47,139
2026-07-31T02:00:00Z,82.47,82.47,82.13,82.18,537
2026-07-31T02:05:00Z,82.19,82.27,81.6,81.8,1510
2026-07-31T02:10:00Z,81.82,82.09,81.66,82.07,776
2026-07-31T02:15:00Z,82.09,82.23,82.02,82.2,469
2026-07-31T02:20:00Z,82.18,82.34,82.14,82.21,505
2026-07-31T02:25:00Z,82.23,82.31,82.12,82.16,224
2026-07-31T02:30:00Z,82.19,82.34,82.16,82.3,190
2026-07-31T02:35:00Z,82.28,82.32,82.09,82.16,157
2026-07-31T02:40:00Z,82.13,82.17,82.05,82.16,92
2026-07-31T02:45:00Z,82.1,82.22,82.05,82.13,147
2026-07-31T02:50:00Z,82.15,82.27,82.14,82.27,310
2026-07-31T02:55:00Z,82.26,82.45,82.25,82.27,287
2026-07-31T03:00:00Z,82.28,82.36,82.22,82.27,172
2026-07-31T03:05:00Z,82.26,82.28,82.08,82.09,178
2026-07-31T03:10:00Z,82.1,82.24,82.07,82.23,136
2026-07-31T03:15:00Z,82.22,82.31,82.07,82.11,179
2026-07-31T03:20:00Z,82.13,82.29,82.12,82.22,99
2026-07-31T03:25:00Z,82.21,82.28,82.17,82.21,125
2026-07-31T03:30:00Z,82.2,82.34,82.12,82.2,307
2026-07-31T03:35:00Z,82.2,82.36,82.16,82.34,143
2026-07-31T03:40:00Z,82.32,82.36,82.23,82.35,120
2026-07-31T03:45:00Z,82.34,82.5,82.25,82.46,308
2026-07-31T03:50:00Z,82.46,82.49,82.37,82.37,110
2026-07-31T03:55:00Z,82.35,82.36,82.3,82.36,58
2026-07-31T04:00:00Z,82.34,82.4,82.28,82.29,141
2026-07-31T04:05:00Z,82.31,82.36,81.96,82.06,423
2026-07-31T04:10:00Z,82.07,82.22,82.05,82.13,161
2026-07-31T04:15:00Z,82.15,82.23,82.15,82.18,50
2026-07-31T04:20:00Z,82.2,82.2,82.11,82.16,65
2026-07-31T04:25:00Z,82.13,82.18,82.08,82.13,102
2026-07-31T04:30:00Z,82.15,82.19,82.06,82.08,68
2026-07-31T04:35:00Z,82.1,82.13,82.06,82.09,77
2026-07-31T04:40:00Z,82.06,82.06,81.95,81.98,150
2026-07-31T04:45:00Z,81.98,82.02,81.88,82.01,245
2026-07-31T04:50:00Z,82.02,82.02,81.75,81.83,280
2026-07-31T04:55:00Z,81.85,81.89,81.63,81.66,384
2026-07-31T05:00:00Z,81.65,81.84,81.56,81.72,363
2026-07-31T05:05:00Z,81.71,81.92,81.65,81.85,276
2026-07-31T05:10:00Z,81.85,81.99,81.8,81.91,130
2026-07-31T05:15:00Z,81.92,81.94,81.8,81.8,137
2026-07-31T05:20:00Z,81.82,81.83,81.59,81.65,239
2026-07-31T05:25:00Z,81.66,81.68,81.53,81.63,175
2026-07-31T05:30:00Z,81.62,81.62,81.06,81.49,1190
2026-07-31T05:35:00Z,81.5,81.59,81.2,81.25,371
2026-07-31T05:40:00Z,81.26,81.54,81.21,81.45,332
2026-07-31T05:45:00Z,81.47,81.5,81.36,81.45,137
2026-07-31T05:50:00Z,81.45,81.66,81.45,81.66,245
2026-07-31T05:55:00Z,81.67,81.7,81.54,81.69,243
2026-07-31T06:00:00Z,81.71,81.82,81.61,81.75,523
2026-07-31T06:05:00Z,81.73,82.02,81.72,81.96,782
2026-07-31T06:10:00Z,81.94,81.97,81.77,81.83,360
2026-07-31T06:15:00Z,81.82,82.01,81.79,81.94,231
2026-07-31T06:20:00Z,81.97,82.23,81.97,82.19,439
2026-07-31T06:25:00Z,82.17,82.22,82.01,82.01,347
2026-07-31T06:30:00Z,82.03,82.12,81.83,81.85,280
2026-07-31T06:35:00Z,81.86,81.94,81.78,81.92,163
2026-07-31T06:40:00Z,81.92,82.05,81.89,82.05,215
2026-07-31T06:45:00Z,82.05,82.13,81.95,81.99,234
2026-07-31T06:50:00Z,81.99,82.12,81.96,82.1,190
2026-07-31T06:55:00Z,82.1,82.12,81.95,82.03,191
2026-07-31T07:00:00Z,82.01,82.45,81.98,82.3,1090
2026-07-31T07:05:00Z,82.3,82.38,82.19,82.27,444
2026-07-31T07:10:00Z,82.27,82.31,82.18,82.2,402
2026-07-31T07:15:00Z,82.24,82.48,82.21,82.4,322
2026-07-31T07:20:00Z,82.38,82.48,82.34,82.45,247
2026-07-31T07:25:00Z,82.44,82.61,82.38,82.56,406
2026-07-31T07:30:00Z,82.53,82.64,82.35,82.64,449
2026-07-31T07:35:00Z,82.64,82.69,82.48,82.53,411
2026-07-31T07:40:00Z,82.52,82.65,82.34,82.58,399
2026-07-31T07:45:00Z,82.56,82.58,82.42,82.48,520
2026-07-31T07:50:00Z,82.43,82.52,82.15,82.2,1154
2026-07-31T07:55:00Z,82.22,82.27,82.05,82.18,856
2026-07-31T08:00:00Z,82.18,82.33,82.01,82.07,503
2026-07-31T08:05:00Z,82.07,82.18,82.03,82.14,288
2026-07-31T08:10:00Z,82.14,82.3,82.08,82.1,303
2026-07-31T08:15:00Z,82.11,82.12,81.94,81.94,470
2026-07-31T08:20:00Z,81.95,82.29,81.94,82.29,620
2026-07-31T08:25:00Z,82.29,82.75,82.21,82.73,1148
2026-07-31T08:30:00Z,82.74,82.89,82.61,82.64,1464
2026-07-31T08:35:00Z,82.64,82.64,82.44,82.57,459
2026-07-31T08:40:00Z,82.59,82.61,82.37,82.42,381
2026-07-31T08:45:00Z,82.4,82.55,82.26,82.27,878
2026-07-31T08:50:00Z,82.27,82.57,82.24,82.45,481
2026-07-31T08:55:00Z,82.46,82.59,82.25,82.59,415
2026-07-31T09:00:00Z,82.58,82.82,82.54,82.8,1032
2026-07-31T09:05:00Z,82.81,82.97,82.78,82.86,681
2026-07-31T09:10:00Z,82.9,83.09,82.81,83.08,981
2026-07-31T09:15:00Z,83.08,83.18,82.95,83.07,724
2026-07-31T09:20:00Z,83.08,83.25,83.02,83.06,986
2026-07-31T09:25:00Z,83.07,83.07,82.79,82.86,1254
2026-07-31T09:30:00Z,82.88,83.46,82.84,83.4,1559
2026-07-31T09:35:00Z,83.41,83.55,83.33,83.37,1369
2026-07-31T09:40:00Z,83.38,83.54,83.3,83.53,490
2026-07-31T09:45:00Z,83.53,83.71,83.49,83.62,601
2026-07-31T09:50:00Z,83.6,83.69,83.58,83.65,435
2026-07-31T09:55:00Z,83.66,83.78,83.64,83.71,998
2026-07-31T10:00:00Z,83.74,84.01,83.72,83.97,1188
2026-07-31T10:05:00Z,83.97,84.02,83.87,83.95,572
2026-07-31T10:10:00Z,83.95,84.06,83.9,84.06,416
2026-07-31T10:15:00Z,84.06,84.12,83.97,84.06,449
2026-07-31T10:20:00Z,84.04,84.04,83.82,84.0,924
2026-07-31T10:25:00Z,84.0,84.2,83.97,84.11,982
2026-07-31T10:30:00Z,84.12,84.22,83.99,84.19,519
2026-07-31T10:35:00Z,84.2,84.39,84.11,84.21,933
2026-07-31T10:40:00Z,84.21,84.32,84.15,84.17,276
2026-07-31T10:45:00Z,84.18,84.27,84.07,84.25,375
2026-07-31T10:50:00Z,84.26,84.26,84.09,84.16,398
2026-07-31T10:55:00Z,84.17,84.5,84.15,84.3,1041
2026-07-31T11:00:00Z,84.29,84.46,84.21,84.31,998
2026-07-31T11:05:00Z,84.31,84.49,84.19,84.24,479
2026-07-31T11:10:00Z,84.25,84.25,84.1,84.2,608
2026-07-31T11:15:00Z,84.19,84.84,84.11,84.68,2889
2026-07-31T11:20:00Z,84.67,84.9,84.63,84.72,1332
2026-07-31T11:25:00Z,84.73,84.87,84.63,84.79,1421
2026-07-31T11:30:00Z,84.8,85.03,84.63,85.03,1604
2026-07-31T11:35:00Z,85.03,85.04,84.77,84.91,1134
2026-07-31T11:40:00Z,84.92,85.09,84.84,85.0,1129
2026-07-31T11:45:00Z,85.0,85.04,84.79,84.83,1133
2026-07-31T11:50:00Z,84.83,84.98,84.78,84.85,637
2026-07-31T11:55:00Z,84.83,84.94,84.78,84.86,927
2026-07-31T12:00:00Z,84.87,85.36,84.86,85.34,2524
2026-07-31T12:05:00Z,85.33,85.43,85.23,85.4,1751
2026-07-31T12:10:00Z,85.39,85.49,85.21,85.26,1441
2026-07-31T12:15:00Z,85.28,85.38,85.18,85.19,798
2026-07-31T12:20:00Z,85.19,85.32,85.16,85.31,822
2026-07-31T12:25:00Z,85.3,85.36,85.16,85.23,570
2026-07-31T12:30:00Z,85.24,85.3,85.04,85.2,1036
2026-07-31T12:35:00Z,85.22,85.24,85.02,85.12,1412
2026-07-31T12:40:00Z,85.1,85.25,84.96,85.23,1402
2026-07-31T12:45:00Z,85.23,85.57,85.21,85.45,2373
2026-07-31T12:50:00Z,85.44,85.65,85.37,85.46,1007
2026-07-31T12:55:00Z,85.48,86.45,85.45,85.87,4485
2026-07-31T13:00:00Z,85.9,85.98,85.27,85.43,3287
2026-07-31T13:05:00Z,85.41,85.64,85.37,85.52,1333
2026-07-31T13:10:00Z,85.49,85.75,85.36,85.65,1719
2026-07-31T13:15:00Z,85.66,85.76,85.54,85.56,928
2026-07-31T13:20:00Z,85.57,85.74,85.5,85.69,879
2026-07-31T13:25:00Z,85.69,85.78,85.34,85.5,2092
2026-07-31T13:30:00Z,85.51,85.83,85.36,85.41,2527
2026-07-31T13:35:00Z,85.42,85.61,85.38,85.59,1245
2026-07-31T13:40:00Z,85.59,85.91,85.52,85.58,2498
2026-07-31T13:45:00Z,85.59,85.78,85.52,85.63,1205
2026-07-31T13:50:00Z,85.66,85.73,85.38,85.46,1484
2026-07-31T13:55:00Z,85.44,85.57,85.29,85.52,1513
2026-07-31T14:00:00Z,85.52,85.57,85.22,85.35,3120
2026-07-31T14:05:00Z,85.37,85.38,84.74,84.89,3550
2026-07-31T14:10:00Z,84.92,85.24,84.77,85.11,2529
2026-07-31T14:15:00Z,85.14,85.32,85.09,85.09,1453
2026-07-31T14:20:00Z,85.1,85.22,84.99,85.06,1289
2026-07-31T14:25:00Z,85.07,85.26,85.03,85.25,833
2026-07-31T14:30:00Z,85.24,85.42,85.19,85.38,965
2026-07-31T14:35:00Z,85.39,85.56,85.33,85.52,1021
2026-07-31T14:40:00Z,85.52,85.54,85.43,85.49,674
2026-07-31T14:45:00Z,85.49,85.84,85.48,85.82,2401
2026-07-31T14:50:00Z,85.81,85.93,85.62,85.7,1752
2026-07-31T14:55:00Z,85.7,85.81,85.65,85.79,977
2026-07-31T15:00:00Z,85.78,85.93,85.73,85.88,1473
2026-07-31T15:05:00Z,85.88,86.01,85.77,85.92,1920
2026-07-31T15:10:00Z,85.93,85.96,85.83,85.9,793
2026-07-31T15:15:00Z,85.91,85.99,85.68,85.74,2914
2026-07-31T15:20:00Z,85.74,85.85,85.62,85.79,1883
2026-07-31T15:25:00Z,85.78,85.82,85.36,85.52,3174
2026-07-31T15:30:00Z,85.53,85.6,85.02,85.06,3259
2026-07-31T15:35:00Z,85.06,85.28,85.04,85.21,2087
2026-07-31T15:40:00Z,85.22,85.22,84.89,84.94,3091
2026-07-31T15:45:00Z,84.97,84.97,84.39,84.5,5031
2026-07-31T15:50:00Z,84.49,84.53,83.99,84.08,3912
2026-07-31T15:55:00Z,84.08,84.28,84.03,84.07,2428
2026-07-31T16:00:00Z,84.09,84.33,84.06,84.3,2286
2026-07-31T16:05:00Z,84.32,84.54,84.31,84.41,1824
2026-07-31T16:10:00Z,84.4,84.64,84.26,84.55,2804
2026-07-31T16:15:00Z,84.54,84.77,84.53,84.67,1171
2026-07-31T16:20:00Z,84.65,84.7,84.43,84.49,1250
2026-07-31T16:25:00Z,84.47,84.67,84.45,84.52,1098
2026-07-31T16:30:00Z,84.52,84.74,84.51,84.59,965
2026-07-31T16:35:00Z,84.59,84.68,84.53,84.58,715
2026-07-31T16:40:00Z,84.59,84.84,84.55,84.77,1281
2026-07-31T16:45:00Z,84.74,84.79,84.66,84.7,819
2026-07-31T16:50:00Z,84.69,84.75,84.57,84.74,1131
2026-07-31T16:55:00Z,84.75,84.82,84.67,84.7,967
2026-07-31T17:00:00Z,84.72,84.89,84.69,84.83,1255
2026-07-31T17:05:00Z,84.82,84.83,84.53,84.82,1191
2026-07-31T17:10:00Z,84.83,85.1,84.82,85.01,1447
2026-07-31T17:15:00Z,85.0,85.03,84.76,84.81,1264
2026-07-31T17:20:00Z,84.8,84.9,84.71,84.79,963
2026-07-31T17:25:00Z,84.79,84.92,84.71,84.78,1384
2026-07-31T17:30:00Z,84.78,84.97,84.77,84.84,1199
2026-07-31T17:35:00Z,84.83,84.85,84.65,84.66,1638
2026-07-31T17:40:00Z,84.68,85.1,84.61,85.03,1751
2026-07-31T17:45:00Z,85.01,85.07,84.92,85.05,1172
2026-07-31T17:50:00Z,85.06,85.07,84.78,84.88,2084
2026-07-31T17:55:00Z,84.9,84.95,84.68,84.7,1357
2026-07-31T18:00:00Z,84.67,84.75,84.55,84.71,1301
2026-07-31T18:05:00Z,84.7,85.05,84.69,84.77,1960
2026-07-31T18:10:00Z,84.77,84.79,84.67,84.75,1411
2026-07-31T18:15:00Z,84.74,85.0,84.74,84.97,1605
2026-07-31T18:20:00Z,84.99,85.16,84.76,84.79,2033
2026-07-31T18:25:00Z,84.79,84.87,84.53,84.57,7484
2026-07-31T18:30:00Z,84.56,84.66,84.48,84.6,1465
2026-07-31T18:35:00Z,84.6,84.67,84.52,84.56,536
2026-07-31T18:40:00Z,84.56,84.72,84.48,84.7,1992
2026-07-31T18:45:00Z,84.71,84.74,84.61,84.61,482
2026-07-31T18:50:00Z,84.63,84.67,84.52,84.56,557
2026-07-31T18:55:00Z,84.56,84.62,84.52,84.61,437
2026-07-31T19:00:00Z,84.6,84.73,84.54,84.65,406
2026-07-31T19:05:00Z,84.65,84.73,84.61,84.66,341
2026-07-31T19:10:00Z,84.65,84.7,84.62,84.64,194
2026-07-31T19:15:00Z,84.64,84.77,84.64,84.76,301
2026-07-31T19:20:00Z,84.77,84.94,84.77,84.94,559
2026-07-31T19:25:00Z,84.94,84.95,84.8,84.8,553
2026-07-31T19:30:00Z,84.8,84.88,84.77,84.86,353
2026-07-31T19:35:00Z,84.86,84.87,84.72,84.8,473
2026-07-31T19:40:00Z,84.79,84.81,84.7,84.78,240
2026-07-31T19:45:00Z,84.79,84.85,84.74,84.75,426
2026-07-31T19:50:00Z,84.76,84.84,84.75,84.78,440
2026-07-31T19:55:00Z,84.78,84.83,84.73,84.77,491
2026-07-31T20:00:00Z,84.75,84.79,84.68,84.69,126
2026-07-31T20:05:00Z,84.7,84.7,84.53,84.54,342
2026-07-31T20:10:00Z,84.55,84.6,84.52,84.57,225
2026-07-31T20:15:00Z,84.55,84.66,84.54,84.59,179
2026-07-31T20:20:00Z,84.59,84.63,84.46,84.49,330
2026-07-31T20:25:00Z,84.5,84.64,84.48,84.61,190
2026-07-31T20:30:00Z,84.63,84.8,84.48,84.48,466
2026-07-31T20:35:00Z,84.47,84.57,84.47,84.52,104
2026-07-31T20:40:00Z,84.53,84.68,84.52,84.62,168
2026-07-31T20:45:00Z,84.59,84.64,84.51,84.55,496
2026-07-31T20:50:00Z,84.56,86.05,84.51,85.94,2526
2026-07-31T20:55:00Z,85.99,86.87,84.67,84.67,3122
2026-08-02T22:10:00Z,80.0,80.1,79.84,79.88,1062
2026-08-02T22:15:00Z,79.93,80.98,79.89,80.8,1707
2026-08-02T22:20:00Z,80.72,80.74,80.34,80.61,829
2026-08-02T22:25:00Z,80.64,81.05,80.58,80.61,887
2026-08-02T22:30:00Z,80.66,80.79,80.53,80.76,394
2026-08-02T22:35:00Z,80.73,80.86,80.67,80.71,284
2026-08-02T22:40:00Z,80.73,80.91,80.66,80.85,500
2026-08-02T22:45:00Z,80.85,81.23,80.8,81.23,658
2026-08-02T22:50:00Z,81.22,81.29,81.03,81.13,544
2026-08-02T22:55:00Z,81.13,81.3,81.1,81.25,403
2026-08-02T23:00:00Z,81.24,81.3,81.2,81.22,458
2026-08-02T23:05:00Z,81.21,81.22,80.94,80.96,343
2026-08-02T23:10:00Z,80.96,81.09,80.87,81.08,343
2026-08-02T23:15:00Z,81.07,81.09,80.9,80.92,137
2026-08-02T23:20:00Z,80.92,80.94,80.78,80.89,224
2026-08-02T23:25:00Z,80.89,80.94,80.78,80.83,168
2026-08-02T23:30:00Z,80.83,80.88,80.67,80.71,343
2026-08-02T23:35:00Z,80.72,80.78,80.61,80.72,281
2026-08-02T23:40:00Z,80.73,80.78,80.6,80.62,162
2026-08-02T23:45:00Z,80.6,80.65,80.43,80.65,336
2026-08-02T23:50:00Z,80.66,80.77,80.64,80.73,142
2026-08-02T23:55:00Z,80.72,80.79,80.68,80.71,173
2026-08-03T00:00:00Z,80.71,81.0,80.7,80.75,591
2026-08-03T00:05:00Z,80.75,80.82,80.62,80.67,206
2026-08-03T00:10:00Z,80.67,80.82,80.64,80.7,186
2026-08-03T00:15:00Z,80.68,80.68,80.54,80.61,233
2026-08-03T00:20:00Z,80.62,80.7,80.47,80.5,330
2026-08-03T00:25:00Z,80.51,80.57,80.45,80.47,230
2026-08-03T00:30:00Z,80.45,80.57,80.32,80.42,841
2026-08-03T00:35:00Z,80.44,80.54,80.44,80.45,166
2026-08-03T00:40:00Z,80.44,80.6,80.44,80.5,183
2026-08-03T00:45:00Z,80.49,80.68,80.49,80.54,265
2026-08-03T00:50:00Z,80.58,80.74,80.53,80.74,290
2026-08-03T00:55:00Z,80.75,80.76,80.61,80.62,286
2026-08-03T01:00:00Z,80.57,80.81,80.38,80.54,1170
2026-08-03T01:05:00Z,80.52,80.67,80.45,80.67,236
2026-08-03T01:10:00Z,80.68,80.73,80.54,80.68,157
2026-08-03T01:15:00Z,80.68,80.7,80.48,80.58,301
2026-08-03T01:20:00Z,80.59,80.72,80.56,80.67,306
2026-08-03T01:25:00Z,80.69,80.69,80.36,80.4,347
2026-08-03T01:30:00Z,80.4,80.41,80.28,80.34,421
2026-08-03T01:35:00Z,80.35,80.56,80.31,80.54,277
2026-08-03T01:40:00Z,80.53,80.6,80.18,80.18,651
2026-08-03T01:45:00Z,80.18,80.26,80.08,80.2,508
2026-08-03T01:50:00Z,80.2,80.22,80.02,80.1,347
2026-08-03T01:55:00Z,80.1,80.13,80.03,80.11,239
2026-08-03T02:00:00Z,80.12,80.13,79.9,80.06,565
2026-08-03T02:05:00Z,80.08,80.17,80.01,80.17,255
2026-08-03T02:10:00Z,80.16,80.23,80.15,80.19,154
2026-08-03T02:15:00Z,80.19,80.28,80.16,80.23,116
2026-08-03T02:20:00Z,80.24,80.27,80.13,80.14,419
2026-08-03T02:25:00Z,80.14,80.24,80.06,80.14,203
2026-08-03T02:30:00Z,80.12,80.37,80.07,80.13,347
2026-08-03T02:35:00Z,80.11,80.25,80.05,80.23,139
2026-08-03T02:40:00Z,80.23,80.3,80.2,80.25,113
2026-08-03T02:45:00Z,80.22,80.25,80.09,80.16,91
2026-08-03T02:50:00Z,80.17,80.22,79.83,79.92,634
2026-08-03T02:55:00Z,79.91,79.92,79.56,79.7,1208
2026-08-03T03:00:00Z,79.69,79.89,79.63,79.8,425
2026-08-03T03:05:00Z,79.78,79.91,79.77,79.9,203
2026-08-03T03:10:00Z,79.89,79.98,79.87,79.88,198
2026-08-03T03:15:00Z,79.86,79.9,79.7,79.7,163
2026-08-03T03:20:00Z,79.7,79.91,79.65,79.9,159
2026-08-03T03:25:00Z,79.89,79.94,79.85,79.89,162
2026-08-03T03:30:00Z,79.88,80.06,79.88,79.98,472
2026-08-03T03:35:00Z,79.98,80.05,79.96,80.02,250
2026-08-03T03:40:00Z,80.0,80.15,80.0,80.14,248
2026-08-03T03:45:00Z,80.13,80.16,79.96,79.99,144
2026-08-03T03:50:00Z,79.99,79.99,79.81,79.82,603
2026-08-03T03:55:00Z,79.82,79.88,79.78,79.79,181
2026-08-03T04:00:00Z,79.75,79.8,79.67,79.77,240
2026-08-03T04:05:00Z,79.76,79.81,79.69,79.79,142
2026-08-03T04:10:00Z,79.78,79.83,79.77,79.79,104
2026-08-03T04:15:00Z,79.78,79.79,79.71,79.75,204
2026-08-03T04:20:00Z,79.74,79.77,79.63,79.68,137
2026-08-03T04:25:00Z,79.69,79.69,79.59,79.66,226
2026-08-03T04:30:00Z,79.7,79.81,79.67,79.8,263
2026-08-03T04:35:00Z,79.78,79.81,79.7,79.72,100
2026-08-03T04:40:00Z,79.71,79.81,79.69,79.78,74
2026-08-03T04:45:00Z,79.79,79.79,79.59,79.6,125
2026-08-03T04:50:00Z,79.59,79.63,79.54,79.55,107
2026-08-03T04:55:00Z,79.56,79.62,79.5,79.52,202
2026-08-03T05:00:00Z,79.52,79.59,79.43,79.54,247
2026-08-03T05:05:00Z,79.54,79.58,79.41,79.56,186
2026-08-03T05:10:00Z,79.56,79.58,79.41,79.47,174
2026-08-03T05:15:00Z,79.48,79.55,79.45,79.54,115
2026-08-03T05:20:00Z,79.51,79.52,79.41,79.47,136
2026-08-03T05:25:00Z,79.46,79.5,79.38,79.46,147
2026-08-03T05:30:00Z,79.44,79.54,79.38,79.41,233
2026-08-03T05:35:00Z,79.44,79.56,79.4,79.52,284
2026-08-03T05:40:00Z,79.52,79.64,79.48,79.62,223
2026-08-03T05:45:00Z,79.63,79.81,79.63,79.79,335
2026-08-03T05:50:00Z,79.81,79.9,79.73,79.82,275
2026-08-03T05:55:00Z,79.84,79.86,79.64,79.64,170
2026-08-03T06:00:00Z,79.65,79.72,79.53,79.65,313
2026-08-03T06:05:00Z,79.65,79.66,79.5,79.56,382
2026-08-03T06:10:00Z,79.53,79.54,79.32,79.36,388
2026-08-03T06:15:00Z,79.38,79.45,79.32,79.44,356
2026-08-03T06:20:00Z,79.49,79.52,79.41,79.44,208
2026-08-03T06:25:00Z,79.43,79.46,79.2,79.25,510
2026-08-03T06:30:00Z,79.24,79.37,79.17,79.26,550
2026-08-03T06:35:00Z,79.24,79.34,79.24,79.26,293
2026-08-03T06:40:00Z,79.26,79.31,78.95,79.04,987
2026-08-03T06:45:00Z,79.06,79.14,78.96,79.07,433
2026-08-03T06:50:00Z,79.07,79.13,78.93,78.96,502
2026-08-03T06:55:00Z,78.97,79.14,78.87,79.1,451
2026-08-03T07:00:00Z,79.08,79.55,79.06,79.44,1061
2026-08-03T07:05:00Z,79.45,79.53,79.31,79.45,531
2026-08-03T07:10:00Z,79.46,79.65,79.42,79.62,702
2026-08-03T07:15:00Z,79.61,80.42,79.58,80.19,3182
2026-08-03T07:20:00Z,80.17,80.3,79.62,79.71,1937
2026-08-03T07:25:00Z,79.72,79.85,79.62,79.71,741
2026-08-03T07:30:00Z,79.77,79.8,79.53,79.76,911
2026-08-03T07:35:00Z,79.75,80.05,79.73,79.98,626
2026-08-03T07:40:00Z,79.99,79.99,79.7,79.9,519
2026-08-03T07:45:00Z,79.87,79.93,79.59,79.6,555
2026-08-03T07:50:00Z,79.59,79.62,79.34,79.45,822
2026-08-03T07:55:00Z,79.45,79.7,79.43,79.67,543
2026-08-03T08:00:00Z,79.67,79.8,79.55,79.76,858
2026-08-03T08:05:00Z,79.77,79.92,79.63,79.9,909
2026-08-03T08:10:00Z,79.89,79.9,79.64,79.66,366
2026-08-03T08:15:00Z,79.67,80.05,79.66,79.96,734
2026-08-03T08:20:00Z,79.95,80.05,79.8,79.87,956
2026-08-03T08:25:00Z,79.87,80.05,79.77,79.79,1155
2026-08-03T08:30:00Z,79.77,80.17,79.72,79.95,985
2026-08-03T08:35:00Z,79.95,80.31,79.85,80.17,848
2026-08-03T08:40:00Z,80.17,80.46,80.03,80.36,929
2026-08-03T08:45:00Z,80.35,80.64,80.32,80.54,920
2026-08-03T08:50:00Z,80.55,80.66,80.41,80.43,607
2026-08-03T08:55:00Z,80.43,80.46,80.16,80.27,756
2026-08-03T09:00:00Z,80.27,80.32,80.08,80.27,763
2026-08-03T09:05:00Z,80.3,80.3,80.12,80.15,324
2026-08-03T09:10:00Z,80.11,80.11,79.72,79.8,774
2026-08-03T09:15:00Z,79.84,79.97,79.78,79.78,524
2026-08-03T09:20:00Z,79.77,79.8,79.66,79.77,341
2026-08-03T09:25:00Z,79.78,79.86,79.72,79.81,466
2026-08-03T09:30:00Z,79.8,79.82,79.55,79.65,725
2026-08-03T09:35:00Z,79.65,79.8,79.47,79.8,651
2026-08-03T09:40:00Z,79.79,80.07,79.78,79.9,803
2026-08-03T09:45:00Z,79.9,79.93,79.69,79.72,740
2026-08-03T09:50:00Z,79.71,79.85,79.67,79.84,1151
2026-08-03T09:55:00Z,79.82,80.05,79.72,80.05,1306
2026-08-03T10:00:00Z,80.04,80.04,79.73,79.81,973
2026-08-03T10:05:00Z,79.81,79.92,79.71,79.73,332
2026-08-03T10:10:00Z,79.72,79.75,79.56,79.66,454
2026-08-03T10:15:00Z,79.65,79.7,79.53,79.7,405
2026-08-03T10:20:00Z,79.68,79.8,79.56,79.69,371
2026-08-03T10:25:00Z,79.67,79.77,79.65,79.72,470
2026-08-03T10:30:00Z,79.73,79.76,79.56,79.57,402
2026-08-03T10:35:00Z,79.55,79.61,79.43,79.47,573
2026-08-03T10:40:00Z,79.46,79.55,79.31,79.53,488
2026-08-03T10:45:00Z,79.52,79.52,79.36,79.48,417
2026-08-03T10:50:00Z,79.44,79.67,79.41,79.63,410
2026-08-03T10:55:00Z,79.64,79.65,79.49,79.52,434
2026-08-03T11:00:00Z,79.53,79.59,79.42,79.51,806
2026-08-03T11:05:00Z,79.54,79.54,79.35,79.48,638
2026-08-03T11:10:00Z,79.47,79.6,79.38,79.58,548
2026-08-03T11:15:00Z,79.59,79.77,79.54,79.54,471
2026-08-03T11:20:00Z,79.55,79.76,79.53,79.7,564
2026-08-03T11:25:00Z,79.68,79.88,79.63,79.86,737
2026-08-03T11:30:00Z,79.83,79.86,79.72,79.82,672
2026-08-03T11:35:00Z,79.82,79.88,79.69,79.74,569
2026-08-03T11:40:00Z,79.74,79.74,79.45,79.52,686
2026-08-03T11:45:00Z,79.53,79.65,79.25,79.29,920
2026-08-03T11:50:00Z,79.28,79.38,79.18,79.27,1187
2026-08-03T11:55:00Z,79.25,79.31,79.0,79.04,961
2026-08-03T12:00:00Z,79.04,79.17,78.97,78.99,1512
2026-08-03T12:05:00Z,79.0,79.07,78.91,79.0,1077
2026-08-03T12:10:00Z,79.01,79.06,78.92,78.96,837
2026-08-03T12:15:00Z,78.95,79.01,78.82,78.83,1097
2026-08-03T12:20:00Z,78.84,79.15,78.83,79.13,1273
2026-08-03T12:25:00Z,79.13,79.21,79.01,79.12,795
2026-08-03T12:30:00Z,79.12,79.12,78.85,78.96,1377
2026-08-03T12:35:00Z,78.96,79.08,78.86,78.96,794
2026-08-03T12:40:00Z,78.96,79.02,78.86,78.92,527
2026-08-03T12:45:00Z,78.91,79.34,78.83,79.33,1706
2026-08-03T12:50:00Z,79.34,79.39,79.21,79.22,1916
2026-08-03T12:55:00Z,79.22,79.22,78.9,79.02,1425
2026-08-03T13:00:00Z,79.0,79.07,78.62,78.9,3658
2026-08-03T13:05:00Z,78.91,79.05,78.68,78.82,2154
2026-08-03T13:10:00Z,78.82,79.36,78.79,79.33,2131
2026-08-03T13:15:00Z,79.33,79.34,79.03,79.15,2016
2026-08-03T13:20:00Z,79.15,79.34,79.09,79.32,1486
2026-08-03T13:25:00Z,79.33,79.4,79.27,79.29,1645
2026-08-03T13:30:00Z,79.29,79.39,78.55,78.61,2868
2026-08-03T13:35:00Z,78.61,78.79,78.57,78.63,2168
2026-08-03T13:40:00Z,78.63,78.74,78.43,78.73,2205
2026-08-03T13:45:00Z,78.71,78.74,78.47,78.56,1582
2026-08-03T13:50:00Z,78.57,78.92,78.51,78.85,2050
2026-08-03T13:55:00Z,78.84,79.2,78.79,79.13,1819
2026-08-03T14:00:00Z,79.14,79.31,79.11,79.24,2382
2026-08-03T14:05:00Z,79.22,79.39,79.18,79.35,2098
2026-08-03T14:10:00Z,79.36,79.44,79.21,79.24,1877
2026-08-03T14:15:00Z,79.25,79.41,79.13,79.34,1518
2026-08-03T14:20:00Z,79.34,79.34,79.03,79.23,1366
2026-08-03T14:25:00Z,79.22,79.26,79.11,79.23,1228
2026-08-03T14:30:00Z,79.24,79.66,79.23,79.43,2165
2026-08-03T14:35:00Z,79.44,79.53,79.28,79.45,1441
2026-08-03T14:40:00Z,79.47,79.5,79.28,79.44,1392
2026-08-03T14:45:00Z,79.41,79.47,79.28,79.39,1198
2026-08-03T14:50:00Z,79.38,79.55,79.26,79.52,2088
2026-08-03T14:55:00Z,79.5,79.67,79.46,79.67,1197
2026-08-03T15:00:00Z,79.68,79.89,79.66,79.79,2964
2026-08-03T15:05:00Z,79.78,79.81,79.4,79.42,1979
2026-08-03T15:10:00Z,79.42,79.57,79.41,79.54,920
2026-08-03T15:15:00Z,79.54,79.55,79.42,79.42,984
2026-08-03T15:20:00Z,79.43,79.66,79.41,79.64,1264
2026-08-03T15:25:00Z,79.64,80.16,79.54,80.0,5314
2026-08-03T15:30:00Z,79.98,80.0,79.68,79.7,2348
2026-08-03T15:35:00Z,79.72,79.72,79.39,79.61,2078
2026-08-03T15:40:00Z,79.62,79.79,79.58,79.76,1188
2026-08-03T15:45:00Z,79.77,79.85,79.55,79.59,1171
2026-08-03T15:50:00Z,79.59,79.72,79.52,79.65,1467
2026-08-03T15:55:00Z,79.67,79.77,79.64,79.64,947
2026-08-03T16:00:00Z,79.63,79.68,79.4,79.66,1727
2026-08-03T16:05:00Z,79.66,79.79,79.54,79.62,1667
2026-08-03T16:10:00Z,79.64,79.78,79.64,79.71,1048
2026-08-03T16:15:00Z,79.7,79.74,79.63,79.63,866
2026-08-03T16:20:00Z,79.63,79.64,79.45,79.48,1234
2026-08-03T16:25:00Z,79.47,79.66,79.27,79.48,2522
2026-08-03T16:30:00Z,79.49,79.72,79.41,79.61,1898
2026-08-03T16:35:00Z,79.6,79.9,79.57,79.81,1984
2026-08-03T16:40:00Z,79.81,79.85,79.7,79.72,1053
2026-08-03T16:45:00Z,79.72,79.81,79.66,79.75,1422
2026-08-03T16:50:00Z,79.74,79.74,79.47,79.53,1859
2026-08-03T16:55:00Z,79.54,79.59,79.41,79.57,1164
2026-08-03T17:00:00Z,79.58,80.01,79.56,79.95,2581
2026-08-03T17:05:00Z,79.95,80.06,79.91,80.0,2059
2026-08-03T17:10:00Z,80.01,80.22,80.01,80.15,3137
2026-08-03T17:15:00Z,80.14,80.15,79.97,80.02,1712
2026-08-03T17:20:00Z,80.0,80.11,79.96,80.0,1642
2026-08-03T17:25:00Z,80.01,80.04,79.82,80.02,4058
2026-08-03T17:30:00Z,80.01,80.09,79.89,80.08,1452
2026-08-03T17:35:00Z,80.08,80.09,80.0,80.06,1374
2026-08-03T17:40:00Z,80.05,80.08,79.86,79.88,1466
2026-08-03T17:45:00Z,79.88,80.06,79.85,79.98,1282
2026-08-03T17:50:00Z,79.98,80.31,79.94,80.27,2407
2026-08-03T17:55:00Z,80.27,80.27,80.0,80.01,2354
2026-08-03T18:00:00Z,80.0,80.05,79.53,79.56,4484
2026-08-03T18:05:00Z,79.56,79.79,79.46,79.63,3246
2026-08-03T18:10:00Z,79.61,79.89,79.48,79.66,2496
2026-08-03T18:15:00Z,79.68,79.92,79.66,79.91,1728
2026-08-03T18:20:00Z,79.91,80.26,79.85,80.19,5643
2026-08-03T18:25:00Z,80.19,80.41,80.15,80.36,12174
2026-08-03T18:30:00Z,80.35,80.45,80.18,80.38,2549
2026-08-03T18:35:00Z,80.38,80.5,80.3,80.33,976
2026-08-03T18:40:00Z,80.33,80.44,80.23,80.41,844
2026-08-03T18:45:00Z,80.42,80.57,80.42,80.45,1160
2026-08-03T18:50:00Z,80.44,80.65,80.41,80.5,886
2026-08-03T18:55:00Z,80.49,80.51,80.34,80.41,756
2026-08-03T19:00:00Z,80.39,80.4,80.26,80.34,490
2026-08-03T19:05:00Z,80.33,80.6,80.31,80.44,958
2026-08-03T19:10:00Z,80.45,80.57,80.42,80.47,470
2026-08-03T19:15:00Z,80.47,80.48,80.22,80.34,970
2026-08-03T19:20:00Z,80.32,80.43,80.25,80.4,449
2026-08-03T19:25:00Z,80.4,80.46,80.34,80.46,286
2026-08-03T19:30:00Z,80.48,80.49,80.29,80.32,468
2026-08-03T19:35:00Z,80.24,80.32,80.21,80.29,899
2026-08-03T19:40:00Z,80.29,80.3,80.2,80.27,349
2026-08-03T19:45:00Z,80.27,80.36,80.25,80.32,604
2026-08-03T19:50:00Z,80.31,80.36,80.14,80.15,698
2026-08-03T19:55:00Z,80.15,80.23,80.12,80.13,651
2026-08-03T20:00:00Z,80.15,80.24,80.09,80.17,270
2026-08-03T20:05:00Z,80.18,80.19,80.05,80.19,361
2026-08-03T20:10:00Z,80.19,80.23,80.1,80.19,201
2026-08-03T20:15:00Z,80.19,80.22,80.14,80.2,219
2026-08-03T20:20:00Z,80.2,80.21,80.11,80.12,148
2026-08-03T20:25:00Z,80.13,80.17,80.04,80.1,203
2026-08-03T20:30:00Z,80.09,80.09,79.85,79.96,429
2026-08-03T20:35:00Z,79.94,80.01,79.91,79.99,240
2026-08-03T20:40:00Z,80.01,80.02,79.92,79.96,64
2026-08-03T20:45:00Z,79.97,80.07,79.94,80.05,142
2026-08-03T20:50:00Z,80.07,80.08,79.86,80.05,295
2026-08-03T20:55:00Z,80.04,80.07,80.0,80.06,309
2026-08-03T22:00:00Z,80.1,80.1,79.98,80.06,0
2026-08-03T22:05:00Z,80.05,80.06,79.96,80.01,151
2026-08-03T22:10:00Z,80.02,80.03,79.95,79.95,97
2026-08-03T22:15:00Z,79.99,80.01,79.99,79.99,6
2026-08-03T22:20:00Z,79.97,79.99,79.97,79.98,15
2026-08-03T22:25:00Z,79.98,80.01,79.97,80.0,80
2026-08-03T22:30:00Z,80.0,80.07,79.99,80.04,311
2026-08-03T22:35:00Z,80.05,80.07,80.03,80.04,35
2026-08-03T22:40:00Z,80.03,80.03,79.95,79.98,40
2026-08-03T22:45:00Z,79.95,79.96,79.66,79.72,323
2026-08-03T22:50:00Z,79.72,80.0,79.62,79.96,508
2026-08-03T22:55:00Z,79.95,80.16,79.95,80.08,210
2026-08-03T23:00:00Z,80.1,80.17,80.05,80.17,76
2026-08-03T23:05:00Z,80.12,80.31,80.1,80.2,224
2026-08-03T23:10:00Z,80.22,80.24,80.14,80.19,58
2026-08-03T23:15:00Z,80.13,80.19,79.97,80.0,116
2026-08-03T23:20:00Z,80.03,80.03,79.89,79.92,63
2026-08-03T23:25:00Z,79.93,80.0,79.83,79.85,96
2026-08-03T23:30:00Z,79.86,79.94,79.82,79.86,69
2026-08-03T23:35:00Z,79.88,80.02,79.88,79.98,88
2026-08-03T23:40:00Z,79.99,80.1,79.91,80.04,176
2026-08-03T23:45:00Z,80.06,80.28,80.06,80.26,219
2026-08-03T23:50:00Z,80.25,80.33,80.22,80.24,152
2026-08-03T23:55:00Z,80.24,80.35,80.2,80.24,141
2026-08-04T00:00:00Z,80.24,80.48,80.23,80.44,351
2026-08-04T00:05:00Z,80.41,80.72,80.4,80.57,484
2026-08-04T00:10:00Z,80.53,80.66,80.48,80.62,226
2026-08-04T00:15:00Z,80.61,80.84,80.6,80.84,361
2026-08-04T00:20:00Z,80.84,80.84,80.64,80.66,220
2026-08-04T00:25:00Z,80.66,80.7,80.5,80.65,202
2026-08-04T00:30:00Z,80.65,80.77,80.59,80.74,194
2026-08-04T00:35:00Z,80.74,80.76,80.62,80.72,143
2026-08-04T00:40:00Z,80.72,80.86,80.68,80.7,202
2026-08-04T00:45:00Z,80.7,80.77,80.67,80.76,191
2026-08-04T00:50:00Z,80.75,80.96,80.72,80.87,535
2026-08-04T00:55:00Z,80.85,81.18,80.84,81.01,1411
2026-08-04T01:00:00Z,81.03,81.22,80.86,80.92,557
2026-08-04T01:05:00Z,80.89,81.09,80.82,80.88,281
2026-08-04T01:10:00Z,80.87,80.89,80.75,80.79,139
2026-08-04T01:15:00Z,80.77,80.85,80.72,80.76,233
2026-08-04T01:20:00Z,80.75,80.81,80.65,80.8,265
2026-08-04T01:25:00Z,80.8,80.88,80.77,80.86,269
2026-08-04T01:30:00Z,80.88,80.95,80.75,80.8,197
2026-08-04T01:35:00Z,80.78,81.05,80.78,81.03,299
2026-08-04T01:40:00Z,81.02,81.05,80.9,80.99,346
2026-08-04T01:45:00Z,80.99,81.05,80.98,81.0,280
2026-08-04T01:50:00Z,80.98,81.06,80.94,81.0,106
2026-08-04T01:55:00Z,81.02,81.09,80.96,80.98,265
2026-08-04T02:00:00Z,80.99,80.99,80.81,80.84,180
2026-08-04T02:05:00Z,80.85,81.07,80.78,81.03,184
2026-08-04T02:10:00Z,81.0,81.08,80.99,81.05,118
2026-08-04T02:15:00Z,81.05,81.05,80.88,80.94,122
2026-08-04T02:20:00Z,80.96,81.08,80.96,81.03,116
2026-08-04T02:25:00Z,81.02,81.08,80.99,81.05,111
2026-08-04T02:30:00Z,81.03,81.2,81.0,81.19,341
2026-08-04T02:35:00Z,81.18,81.27,81.05,81.08,438
2026-08-04T02:40:00Z,81.08,81.21,81.07,81.12,87
2026-08-04T02:45:00Z,81.11,81.16,81.08,81.12,48
2026-08-04T02:50:00Z,81.11,81.15,81.08,81.12,68
2026-08-04T02:55:00Z,81.12,81.2,81.09,81.18,102
2026-08-04T03:00:00Z,81.15,81.25,81.13,81.2,259
2026-08-04T03:05:00Z,81.21,81.27,81.11,81.26,299
2026-08-04T03:10:00Z,81.28,81.28,81.07,81.07,290
2026-08-04T03:15:00Z,81.07,81.15,81.0,81.09,206
2026-08-04T03:20:00Z,81.1,81.12,81.06,81.1,50
2026-08-04T03:25:00Z,81.08,81.1,80.95,80.97,176
2026-08-04T03:30:00Z,80.95,80.96,80.86,80.9,208
2026-08-04T03:35:00Z,80.9,81.09,80.9,81.07,93
2026-08-04T03:40:00Z,81.07,81.21,81.05,81.16,170
2026-08-04T03:45:00Z,81.16,81.18,81.04,81.07,153
2026-08-04T03:50:00Z,81.08,81.12,81.03,81.08,72
2026-08-04T03:55:00Z,81.08,81.25,81.08,81.19,114
2026-08-04T04:00:00Z,81.19,81.2,81.07,81.11,110
2026-08-04T04:05:00Z,81.12,81.24,81.11,81.18,85
2026-08-04T04:10:00Z,81.15,81.24,81.15,81.24,80
2026-08-04T04:15:00Z,81.23,81.27,81.16,81.21,277
2026-08-04T04:20:00Z,81.2,81.2,81.12,81.14,48
2026-08-04T04:25:00Z,81.15,81.15,81.07,81.07,59
2026-08-04T04:30:00Z,81.08,81.16,81.06,81.16,48
2026-08-04T04:35:00Z,81.17,81.19,81.14,81.17,53
2026-08-04T04:40:00Z,81.15,81.27,81.14,81.25,86
2026-08-04T04:45:00Z,81.23,81.3,81.2,81.23,172
2026-08-04T04:50:00Z,81.21,81.29,81.2,81.26,49
2026-08-04T04:55:00Z,81.26,81.29,81.21,81.23,49
2026-08-04T05:00:00Z,81.22,81.35,81.21,81.23,183
2026-08-04T05:05:00Z,81.21,81.27,81.17,81.24,70
2026-08-04T05:10:00Z,81.32,81.44,81.28,81.31,190
2026-08-04T05:15:00Z,81.28,81.36,81.26,81.26,126
2026-08-04T05:20:00Z,81.26,81.31,81.24,81.27,57
2026-08-04T05:25:00Z,81.28,81.36,81.26,81.31,140
2026-08-04T05:30:00Z,81.36,81.44,81.32,81.43,165
2026-08-04T05:35:00Z,81.43,81.45,81.23,81.3,163
2026-08-04T05:40:00Z,81.27,81.29,81.11,81.28,303
2026-08-04T05:45:00Z,81.3,81.37,81.22,81.23,173
2026-08-04T05:50:00Z,81.24,81.24,80.97,81.02,312
2026-08-04T05:55:00Z,81.03,81.04,80.87,80.9,403
2026-08-04T06:00:00Z,80.88,81.08,80.85,80.92,375
2026-08-04T06:05:00Z,80.9,80.96,80.84,80.88,200
2026-08-04T06:10:00Z,80.85,80.93,80.73,80.75,289
2026-08-04T06:15:00Z,80.75,80.96,80.74,80.95,257
2026-08-04T06:20:00Z,80.96,81.04,80.91,81.0,267
2026-08-04T06:25:00Z,81.01,81.03,80.75,80.82,257
2026-08-04T06:30:00Z,80.8,80.95,80.75,80.95,183
2026-08-04T06:35:00Z,80.93,80.98,80.86,80.87,150
2026-08-04T06:40:00Z,80.87,80.91,80.65,80.65,449
2026-08-04T06:45:00Z,80.67,80.83,80.65,80.69,503
2026-08-04T06:50:00Z,80.69,80.77,80.68,80.69,213
2026-08-04T06:55:00Z,80.68,80.7,80.41,80.45,532
2026-08-04T07:00:00Z,80.42,80.55,80.21,80.4,1346
2026-08-04T07:05:00Z,80.4,80.53,80.35,80.47,481
2026-08-04T07:10:00Z,80.46,80.71,80.45,80.62,444
2026-08-04T07:15:00Z,80.64,80.7,80.47,80.47,437
2026-08-04T07:20:00Z,80.84,80.85,80.76,80.79,527
2026-08-04T07:25:00Z,80.78,81.02,80.78,80.96,459
2026-08-04T07:30:00Z,80.97,81.04,80.74,80.93,753
2026-08-04T07:35:00Z,80.92,80.95,80.8,80.83,345
2026-08-04T07:40:00Z,80.8,80.94,80.74,80.89,371
2026-08-04T07:45:00Z,80.9,80.95,80.78,80.79,247
2026-08-04T07:50:00Z,80.8,80.9,80.74,80.83,912
2026-08-04T07:55:00Z,80.82,80.84,80.69,80.73,357
2026-08-04T08:00:00Z,80.8,80.81,80.45,80.64,674
2026-08-04T08:05:00Z,80.63,80.97,80.56,80.87,606
2026-08-04T08:10:00Z,80.89,80.93,80.76,80.77,336
2026-08-04T08:15:00Z,80.79,80.9,80.73,80.74,942
2026-08-04T08:20:00Z,80.74,80.97,80.74,80.8,620
2026-08-04T08:25:00Z,80.8,80.93,80.75,80.77,924
2026-08-04T08:30:00Z,80.77,81.37,80.77,81.33,1723
2026-08-04T08:35:00Z,81.33,81.54,81.21,81.38,1415
2026-08-04T08:40:00Z,81.36,81.76,81.28,81.65,1617
2026-08-04T08:45:00Z,81.66,81.93,81.65,81.89,1670
2026-08-04T08:50:00Z,81.89,82.25,81.82,82.22,1777
2026-08-04T08:55:00Z,82.24,82.28,82.06,82.1,927
2026-08-04T09:00:00Z,82.11,82.19,82.03,82.08,655
2026-08-04T09:05:00Z,82.09,82.32,82.06,82.12,1091
2026-08-04T09:10:00Z,82.12,82.25,82.11,82.22,369
2026-08-04T09:15:00Z,82.23,82.25,82.08,82.09,902
2026-08-04T09:20:00Z,82.09,82.3,82.05,82.17,874
2026-08-04T09:25:00Z,82.18,82.29,82.03,82.05,1214
2026-08-04T09:30:00Z,82.09,82.2,81.86,81.91,1355
2026-08-04T09:35:00Z,81.89,81.94,81.71,81.77,1318
2026-08-04T09:40:00Z,81.76,82.07,81.71,82.07,662
2026-08-04T09:45:00Z,82.05,82.26,82.03,82.08,1434
2026-08-04T09:50:00Z,82.09,82.33,82.09,82.26,710
2026-08-04T09:55:00Z,82.26,82.3,81.85,81.85,857
2026-08-04T10:00:00Z,81.83,81.9,81.67,81.74,741
2026-08-04T10:05:00Z,81.73,81.77,81.56,81.66,1492
2026-08-04T10:10:00Z,81.66,81.86,81.49,81.83,1172
2026-08-04T10:15:00Z,81.82,81.99,81.69,81.75,1021
2026-08-04T10:20:00Z,81.75,81.91,81.67,81.86,645
2026-08-04T10:25:00Z,81.86,82.02,81.82,81.99,508
2026-08-04T10:30:00Z,81.97,81.97,81.71,81.79,401
2026-08-04T10:35:00Z,81.82,81.89,81.71,81.83,580
2026-08-04T10:40:00Z,81.83,81.89,81.27,81.52,2014
2026-08-04T10:45:00Z,81.51,81.53,80.52,80.94,5511
2026-08-04T10:50:00Z,80.92,81.12,80.68,80.91,2382
2026-08-04T10:55:00Z,80.93,80.95,80.67,80.83,1337
2026-08-04T11:00:00Z,80.83,80.96,80.52,80.64,1701
2026-08-04T11:05:00Z,80.62,80.87,80.3,80.36,1859
2026-08-04T11:10:00Z,80.35,80.41,80.06,80.23,2112
2026-08-04T11:15:00Z,80.23,80.29,79.85,79.9,1411
2026-08-04T11:20:00Z,79.9,80.09,79.79,79.99,1692
2026-08-04T11:25:00Z,80.0,80.0,79.62,79.65,1241
2026-08-04T11:30:00Z,79.63,79.94,79.63,79.87,942
2026-08-04T11:35:00Z,79.88,79.99,79.4,79.47,2199
2026-08-04T11:40:00Z,79.49,79.61,78.5,78.55,4174
2026-08-04T11:45:00Z,78.58,78.78,77.89,78.02,6586
2026-08-04T11:50:00Z,78.02,78.26,77.07,77.25,10742
2026-08-04T11:55:00Z,77.27,77.35,76.58,76.67,7934
2026-08-04T12:00:00Z,76.67,77.48,76.66,77.41,6498
2026-08-04T12:05:00Z,77.4,77.85,77.37,77.59,4808
2026-08-04T12:10:00Z,77.59,78.02,77.58,77.97,2192
2026-08-04T12:15:00Z,77.96,78.12,77.68,77.75,3020
2026-08-04T12:20:00Z,77.75,78.04,77.69,78.0,1607
2026-08-04T12:25:00Z,77.99,78.05,77.85,77.9,1272
2026-08-04T12:30:00Z,77.88,77.98,77.7,77.73,1857
2026-08-04T12:35:00Z,77.73,77.94,77.68,77.86,1484
2026-08-04T12:40:00Z,77.85,78.08,77.8,77.93,1330
2026-08-04T12:45:00Z,77.93,78.0,77.73,77.79,1098
2026-08-04T12:50:00Z,77.77,77.78,77.4,77.42,1831
2026-08-04T12:55:00Z,77.44,77.53,77.22,77.5,2336
2026-08-04T13:00:00Z,77.52,77.81,77.4,77.71,3684
2026-08-04T13:05:00Z,77.7,77.81,77.48,77.62,1297
2026-08-04T13:10:00Z,77.61,77.86,77.48,77.49,1127
2026-08-04T13:15:00Z,77.5,77.67,77.48,77.54,720
2026-08-04T13:20:00Z,77.53,77.59,76.48,76.66,10977
2026-08-04T13:25:00Z,76.68,76.7,76.25,76.46,6649
2026-08-04T13:30:00Z,76.46,76.61,76.03,76.55,5912
2026-08-04T13:35:00Z,76.53,76.54,75.95,75.99,3673
2026-08-04T13:40:00Z,75.99,76.5,75.97,76.34,2874
2026-08-04T13:45:00Z,76.37,76.41,76.11,76.18,2409
2026-08-04T13:50:00Z,76.15,76.23,75.94,75.97,2680
2026-08-04T13:55:00Z,75.96,76.06,75.77,75.97,2546
2026-08-04T14:00:00Z,75.97,76.32,75.97,76.24,4459
2026-08-04T14:05:00Z,76.24,76.4,75.97,76.01,2144
2026-08-04T14:10:00Z,76.01,76.09,75.79,75.99,2245
2026-08-04T14:15:00Z,75.98,76.22,75.88,76.12,1537
2026-08-04T14:20:00Z,76.1,76.27,75.96,76.14,1434
2026-08-04T14:25:00Z,76.12,76.47,76.09,76.44,2477
2026-08-04T14:30:00Z,76.46,76.85,76.45,76.62,5465
2026-08-04T14:35:00Z,76.61,76.8,76.13,76.68,3790
2026-08-04T14:40:00Z,76.69,76.88,76.59,76.83,1282
2026-08-04T14:45:00Z,76.83,76.86,76.62,76.69,1525
2026-08-04T14:50:00Z,76.71,76.89,76.59,76.88,1891
2026-08-04T14:55:00Z,76.87,77.02,76.81,76.89,1185
2026-08-04T15:00:00Z,76.91,77.06,76.83,76.98,2032
2026-08-04T15:05:00Z,76.96,77.05,76.83,76.87,1917
2026-08-04T15:10:00Z,76.86,76.96,76.72,76.87,1295
2026-08-04T15:15:00Z,76.85,76.86,76.58,76.6,1051
2026-08-04T15:20:00Z,76.62,76.7,76.46,76.51,1777
2026-08-04T15:25:00Z,76.5,76.66,76.29,76.31,2185
2026-08-04T15:30:00Z,76.31,76.4,75.94,75.97,4713
2026-08-04T15:35:00Z,75.97,76.07,75.16,75.61,8260
2026-08-04T15:40:00Z,75.61,75.66,75.33,75.36,4359
2026-08-04T15:45:00Z,75.36,75.79,75.29,75.78,3709
2026-08-04T15:50:00Z,75.81,75.85,75.59,75.59,2138
2026-08-04T15:55:00Z,75.6,75.74,75.51,75.74,1771
2026-08-04T16:00:00Z,75.77,75.98,75.7,75.96,2076
2026-08-04T16:05:00Z,75.94,76.07,75.9,75.93,2417
2026-08-04T16:10:00Z,75.93,76.21,75.93,76.19,1557
2026-08-04T16:15:00Z,76.19,76.27,76.09,76.12,1618
2026-08-04T16:20:00Z,76.1,76.1,75.88,75.96,2409
2026-08-04T16:25:00Z,75.94,76.03,75.92,76.02,1382
2026-08-04T16:30:00Z,76.03,76.23,76.02,76.19,1088
2026-08-04T16:35:00Z,76.2,76.29,76.08,76.14,1051
2026-08-04T16:40:00Z,76.13,76.25,76.08,76.11,642
2026-08-04T16:45:00Z,76.09,76.28,76.07,76.26,1460
2026-08-04T16:50:00Z,76.28,76.32,76.13,76.16,704
2026-08-04T16:55:00Z,76.17,76.21,76.01,76.2,1199
2026-08-04T17:00:00Z,76.2,76.27,75.99,76.03,1175
2026-08-04T17:05:00Z,76.04,76.07,75.97,76.03,684
2026-08-04T17:10:00Z,76.03,76.04,75.58,75.6,2526
2026-08-04T17:15:00Z,75.6,75.95,75.6,75.93,1767
2026-08-04T17:20:00Z,75.93,76.0,75.84,75.87,1025
2026-08-04T17:25:00Z,75.88,75.95,75.84,75.94,1714
2026-08-04T17:30:00Z,75.94,76.0,75.68,75.69,1045
2026-08-04T17:35:00Z,75.69,75.77,75.59,75.66,846
2026-08-04T17:40:00Z,75.66,75.7,75.57,75.62,972
2026-08-04T17:45:00Z,75.63,75.77,75.61,75.72,1066
2026-08-04T17:50:00Z,75.72,75.91,75.68,75.78,1640
2026-08-04T17:55:00Z,75.78,75.89,75.66,75.87,1043
2026-08-04T18:00:00Z,75.88,75.98,75.84,75.88,2017
2026-08-04T18:05:00Z,75.87,75.95,75.68,75.8,4143
2026-08-04T18:10:00Z,75.79,75.98,75.7,75.71,1628
2026-08-04T18:15:00Z,75.72,75.84,75.59,75.67,2550
2026-08-04T18:20:00Z,75.66,75.77,75.54,75.66,2515
2026-08-04T18:25:00Z,75.66,75.86,75.65,75.73,12692
2026-08-04T18:30:00Z,75.73,75.84,75.63,75.81,1804
2026-08-04T18:35:00Z,75.81,75.91,75.77,75.89,772
2026-08-04T18:40:00Z,75.9,75.92,75.81,75.82,387
2026-08-04T18:45:00Z,75.82,75.86,75.78,75.82,450
2026-08-04T18:50:00Z,75.81,75.83,75.74,75.79,398
2026-08-04T18:55:00Z,75.79,75.84,75.77,75.8,386
2026-08-04T19:00:00Z,75.79,75.86,75.68,75.83,830
2026-08-04T19:05:00Z,75.82,75.89,75.8,75.82,485
2026-08-04T19:10:00Z,75.82,75.86,75.79,75.81,808
2026-08-04T19:15:00Z,75.82,75.88,75.81,75.86,507
2026-08-04T19:20:00Z,75.86,75.9,75.78,75.8,309
2026-08-04T19:25:00Z,75.8,75.83,75.74,75.74,855
2026-08-04T19:30:00Z,75.73,75.78,75.71,75.74,333
2026-08-04T19:35:00Z,75.74,75.75,75.66,75.75,428
2026-08-04T19:40:00Z,75.75,75.8,75.7,75.8,510
2026-08-04T19:45:00Z,75.82,75.94,75.79,75.86,637
2026-08-04T19:50:00Z,75.88,76.01,75.85,75.89,686
2026-08-04T19:55:00Z,75.88,75.9,75.74,75.78,462
2026-08-04T20:00:00Z,75.79,75.84,75.62,75.65,625
2026-08-04T20:05:00Z,75.64,75.75,75.62,75.62,502
2026-08-04T20:10:00Z,75.61,75.62,75.24,75.37,1142
2026-08-04T20:15:00Z,75.37,75.39,75.19,75.36,436
2026-08-04T20:20:00Z,75.38,75.4,75.28,75.32,190
2026-08-04T20:25:00Z,75.31,75.41,75.21,75.4,728
2026-08-04T20:30:00Z,75.39,75.64,75.31,75.34,1160
2026-08-04T20:35:00Z,75.33,75.43,75.26,75.42,200
2026-08-04T20:40:00Z,75.4,75.4,75.22,75.23,678
2026-08-04T20:45:00Z,75.25,75.42,75.24,75.37,363
2026-08-04T20:50:00Z,75.4,75.42,75.31,75.36,186
2026-08-04T20:55:00Z,75.35,75.38,75.11,75.14,1353
2026-08-04T22:00:00Z,75.17,75.4,75.14,75.31,0
2026-08-04T22:05:00Z,75.27,75.3,75.25,75.26,24
2026-08-04T22:10:00Z,75.27,75.36,75.26,75.32,69
2026-08-04T22:15:00Z,75.32,75.34,75.27,75.31,59
2026-08-04T22:20:00Z,75.31,75.36,75.3,75.35,38
2026-08-04T22:25:00Z,75.37,75.44,75.3,75.32,133
2026-08-04T22:30:00Z,75.32,75.32,75.25,75.25,80
2026-08-04T22:35:00Z,75.27,75.27,75.16,75.22,154
2026-08-04T22:40:00Z,75.22,75.23,75.16,75.2,284
2026-08-04T22:45:00Z,75.22,75.37,75.2,75.34,128
2026-08-04T22:50:00Z,75.32,75.4,75.3,75.39,106
2026-08-04T22:55:00Z,75.38,75.4,75.34,75.35,99
2026-08-04T23:00:00Z,75.34,75.39,75.31,75.31,85
2026-08-04T23:05:00Z,75.3,75.33,75.28,75.32,65
2026-08-04T23:10:00Z,75.33,75.35,75.26,75.26,84
2026-08-04T23:15:00Z,75.25,75.25,75.08,75.13,365
2026-08-04T23:20:00Z,75.12,75.19,75.07,75.15,74
2026-08-04T23:25:00Z,75.16,75.16,75.09,75.13,65
2026-08-04T23:30:00Z,75.14,75.26,75.14,75.24,63
2026-08-04T23:35:00Z,75.24,75.25,75.13,75.15,79
2026-08-04T23:40:00Z,75.15,75.2,75.09,75.2,125
2026-08-04T23:45:00Z,75.21,75.23,75.18,75.23,27
2026-08-04T23:50:00Z,75.21,75.27,75.19,75.24,77
2026-08-04T23:55:00Z,75.25,75.3,75.2,75.23,160
2026-08-05T00:00:00Z,75.22,75.33,74.93,74.98,853
2026-08-05T00:05:00Z,74.97,75.18,74.3,75.13,1780
2026-08-05T00:10:00Z,75.15,75.29,75.07,75.16,352
2026-08-05T00:15:00Z,75.18,75.39,75.14,75.33,422
2026-08-05T00:20:00Z,75.34,75.42,75.28,75.38,164
2026-08-05T00:25:00Z,75.38,75.41,75.3,75.38,143
2026-08-05T00:30:00Z,75.39,75.42,75.29,75.38,171
2026-08-05T00:35:00Z,75.42,75.45,75.34,75.35,171
2026-08-05T00:40:00Z,75.35,75.43,75.3,75.41,202
2026-08-05T00:45:00Z,75.41,75.5,75.38,75.41,274
2026-08-05T00:50:00Z,75.42,75.45,75.32,75.41,284
2026-08-05T00:55:00Z,75.42,75.47,75.37,75.39,277
2026-08-05T01:00:00Z,75.39,75.89,75.38,75.86,1056
2026-08-05T01:05:00Z,75.85,75.92,75.82,75.84,453
2026-08-05T01:10:00Z,75.87,75.98,75.82,75.82,551
2026-08-05T01:15:00Z,75.82,75.96,75.81,75.95,220
2026-08-05T01:20:00Z,75.94,76.03,75.86,75.95,196
2026-08-05T01:25:00Z,75.94,76.03,75.93,76.0,231
2026-08-05T01:30:00Z,75.99,76.06,75.94,76.03,249
2026-08-05T01:35:00Z,76.01,76.03,75.88,75.91,189
2026-08-05T01:40:00Z,75.88,75.96,75.88,75.93,72
2026-08-05T01:45:00Z,75.93,75.98,75.84,75.86,446
2026-08-05T01:50:00Z,75.84,75.93,75.84,75.9,73
2026-08-05T01:55:00Z,75.91,76.05,75.89,75.98,172
2026-08-05T02:00:00Z,75.96,76.03,75.42,75.6,1326
2026-08-05T02:05:00Z,75.59,75.59,75.16,75.25,976
2026-08-05T02:10:00Z,75.22,75.31,75.15,75.18,329
2026-08-05T02:15:00Z,75.16,75.34,75.13,75.28,302
2026-08-05T02:20:00Z,75.26,75.26,74.89,74.97,748
2026-08-05T02:25:00Z,74.96,74.99,74.74,74.88,536
2026-08-05T02:30:00Z,74.87,74.92,74.41,74.43,1035
2026-08-05T02:35:00Z,74.42,74.58,74.36,74.39,778
2026-08-05T02:40:00Z,74.39,74.41,74.24,74.3,913
2026-08-05T02:45:00Z,74.29,74.58,74.29,74.52,1153
2026-08-05T02:50:00Z,74.49,74.68,74.44,74.67,274
2026-08-05T02:55:00Z,74.67,74.77,74.59,74.74,337
2026-08-05T03:00:00Z,74.73,74.77,74.69,74.71,262
2026-08-05T03:05:00Z,74.71,74.75,74.52,74.56,348
2026-08-05T03:10:00Z,74.58,74.63,74.52,74.58,216
2026-08-05T03:15:00Z,74.58,74.6,74.45,74.48,178
2026-08-05T03:20:00Z,74.48,74.62,74.46,74.61,209
2026-08-05T03:25:00Z,74.61,74.72,74.5,74.72,248
2026-08-05T03:30:00Z,74.7,74.85,74.69,74.75,416
2026-08-05T03:35:00Z,74.76,74.78,74.48,74.53,316
2026-08-05T03:40:00Z,74.53,74.71,74.45,74.63,468
2026-08-05T03:45:00Z,74.63,74.73,74.6,74.68,121
2026-08-05T03:50:00Z,74.67,74.72,74.63,74.72,75
2026-08-05T03:55:00Z,74.73,74.75,74.58,74.58,190
2026-08-05T04:00:00Z,74.57,74.65,74.5,74.62,178
2026-08-05T04:05:00Z,74.66,74.75,74.58,74.59,249
2026-08-05T04:10:00Z,74.61,74.88,74.59,74.87,418
2026-08-05T04:15:00Z,74.85,75.05,74.85,74.99,542
2026-08-05T04:20:00Z,75.0,75.09,74.99,75.01,187
2026-08-05T04:25:00Z,75.02,75.02,74.89,74.97,165
2026-08-05T04:30:00Z,74.98,74.98,74.91,74.98,117
2026-08-05T04:35:00Z,74.97,75.21,74.97,75.19,475
2026-08-05T04:40:00Z,75.16,75.24,75.13,75.17,209
2026-08-05T04:45:00Z,75.17,75.23,75.15,75.2,72
2026-08-05T04:50:00Z,75.2,75.23,75.13,75.16,155
2026-08-05T04:55:00Z,75.2,75.29,75.15,75.15,141
2026-08-05T05:00:00Z,75.17,75.33,75.1,75.29,170
2026-08-05T05:05:00Z,75.29,75.33,75.17,75.23,202
2026-08-05T05:10:00Z,75.21,75.27,75.2,75.24,93
2026-08-05T05:15:00Z,75.22,75.29,75.13,75.22,211
2026-08-05T05:20:00Z,75.26,75.29,75.17,75.23,167
2026-08-05T05:25:00Z,75.22,75.24,75.07,75.22,251
2026-08-05T05:30:00Z,75.22,75.23,74.82,74.9,541
2026-08-05T05:35:00Z,74.88,74.92,74.75,74.88,345
2026-08-05T05:40:00Z,74.88,75.09,74.88,75.0,165
2026-08-05T05:45:00Z,75.03,75.05,74.91,74.99,152
2026-08-05T05:50:00Z,75.03,75.14,74.9,75.0,203
2026-08-05T05:55:00Z,74.98,75.08,74.82,75.08,400
2026-08-05T06:00:00Z,75.05,75.24,74.97,75.16,340
2026-08-05T06:05:00Z,75.18,75.42,75.18,75.18,576
2026-08-05T06:10:00Z,75.19,75.3,75.12,75.23,285
2026-08-05T06:15:00Z,75.24,75.3,75.16,75.22,275
2026-08-05T06:20:00Z,75.2,75.22,74.94,74.99,476
2026-08-05T06:25:00Z,74.99,75.25,74.97,75.18,333
2026-08-05T06:30:00Z,75.17,75.48,75.15,75.36,424
2026-08-05T06:35:00Z,75.35,75.46,75.33,75.41,223
2026-08-05T06:40:00Z,75.41,75.43,75.14,75.19,252
2026-08-05T06:45:00Z,75.17,75.35,75.14,75.28,354
2026-08-05T06:50:00Z,75.28,75.3,75.02,75.14,549
2026-08-05T06:55:00Z,75.16,75.18,75.0,75.02,433
2026-08-05T07:00:00Z,75.03,75.29,74.88,75.2,1272
2026-08-05T07:05:00Z,75.21,75.57,75.18,75.47,971
2026-08-05T07:10:00Z,75.49,75.88,75.47,75.77,1117
2026-08-05T07:15:00Z,75.76,75.94,75.6,75.91,954
2026-08-05T07:20:00Z,75.9,75.99,75.76,75.93,695
2026-08-05T07:25:00Z,75.93,76.14,75.87,76.11,1053
2026-08-05T07:30:00Z,76.09,76.28,76.04,76.2,1251
2026-08-05T07:35:00Z,76.21,76.22,76.03,76.13,655
2026-08-05T07:40:00Z,76.13,76.13,75.92,76.02,1011
2026-08-05T07:45:00Z,76.01,76.06,75.86,76.01,801
2026-08-05T07:50:00Z,76.03,76.21,75.99,76.18,541
2026-08-05T07:55:00Z,76.18,76.19,76.0,76.01,562
2026-08-05T08:00:00Z,76.0,76.08,75.9,76.06,566
2026-08-05T08:05:00Z,76.1,76.14,75.75,75.79,1134
2026-08-05T08:10:00Z,75.8,76.32,75.8,76.26,1337
2026-08-05T08:15:00Z,76.26,76.26,75.96,76.06,680
2026-08-05T08:20:00Z,76.08,76.3,76.06,76.14,1004
2026-08-05T08:25:00Z,76.16,76.16,75.88,76.02,1535
2026-08-05T08:30:00Z,76.03,76.23,75.85,76.17,1076
2026-08-05T08:35:00Z,76.18,76.35,76.11,76.23,982
2026-08-05T08:40:00Z,76.24,76.26,75.92,76.16,1084
2026-08-05T08:45:00Z,76.16,76.39,76.07,76.28,855
2026-08-05T08:50:00Z,76.27,76.39,76.15,76.25,375
2026-08-05T08:55:00Z,76.26,76.35,76.19,76.24,378
2026-08-05T09:00:00Z,76.23,76.29,76.11,76.2,543
2026-08-05T09:05:00Z,76.2,76.2,75.94,76.06,789
2026-08-05T09:10:00Z,76.06,76.13,75.88,75.89,564
2026-08-05T09:15:00Z,75.88,76.1,75.84,76.09,492
2026-08-05T09:20:00Z,76.09,76.37,76.07,76.31,751
2026-08-05T09:25:00Z,76.34,76.4,76.19,76.27,658
2026-08-05T09:30:00Z,76.26,76.28,76.12,76.15,305
2026-08-05T09:35:00Z,76.17,76.31,76.12,76.29,500
2026-08-05T09:40:00Z,76.3,76.38,76.2,76.22,354
2026-08-05T09:45:00Z,76.23,76.43,76.18,76.36,477
2026-08-05T09:50:00Z,76.39,76.5,76.36,76.48,371
2026-08-05T09:55:00Z,76.47,76.55,76.41,76.51,616
2026-08-05T10:00:00Z,76.52,76.62,76.46,76.6,382
2026-08-05T10:05:00Z,76.56,76.65,76.45,76.5,316
2026-08-05T10:10:00Z,76.53,76.65,76.46,76.47,540
2026-08-05T10:15:00Z,76.44,76.59,76.33,76.56,380
2026-08-05T10:20:00Z,76.58,76.7,76.52,76.66,596
2026-08-05T10:25:00Z,76.67,76.68,76.52,76.64,626
2026-08-05T10:30:00Z,76.64,76.68,76.4,76.4,547
2026-08-05T10:35:00Z,76.42,76.43,76.28,76.3,543
2026-08-05T10:40:00Z,76.31,76.49,76.27,76.43,580
2026-08-05T10:45:00Z,76.42,76.51,76.3,76.51,332
2026-08-05T10:50:00Z,76.53,76.55,76.44,76.51,406
2026-08-05T10:55:00Z,76.49,76.51,76.14,76.23,818
2026-08-05T11:00:00Z,76.24,76.39,76.21,76.29,522
2026-08-05T11:05:00Z,76.3,76.32,76.09,76.1,341
2026-08-05T11:10:00Z,76.11,76.19,76.0,76.04,658
2026-08-05T11:15:00Z,76.05,76.17,75.98,76.05,539
2026-08-05T11:20:00Z,76.07,76.28,76.05,76.26,357
2026-08-05T11:25:00Z,76.27,76.3,76.1,76.2,277
2026-08-05T11:30:00Z,76.2,76.23,75.96,76.02,397
2026-08-05T11:35:00Z,76.02,76.03,75.81,75.96,656
2026-08-05T11:40:00Z,75.96,76.12,75.91,75.95,1407
2026-08-05T11:45:00Z,75.94,76.19,75.93,76.19,1073
2026-08-05T11:50:00Z,76.16,76.21,75.9,76.05,991
2026-08-05T11:55:00Z,76.06,76.14,75.98,76.06,446
2026-08-05T12:00:00Z,76.05,76.27,76.05,76.18,798
2026-08-05T12:05:00Z,76.19,76.22,76.01,76.13,655
2026-08-05T12:10:00Z,76.12,76.17,75.88,75.91,1223
2026-08-05T12:15:00Z,75.91,76.03,75.8,75.98,1008
2026-08-05T12:20:00Z,75.98,76.12,75.96,76.0,470
2026-08-05T12:25:00Z,76.0,76.38,75.94,76.37,2437
2026-08-05T12:30:00Z,76.37,76.6,76.25,76.28,1626
2026-08-05T12:35:00Z,76.26,76.45,76.25,76.39,785
2026-08-05T12:40:00Z,76.38,76.4,76.21,76.25,719
2026-08-05T12:45:00Z,76.24,76.32,76.06,76.09,444
2026-08-05T12:50:00Z,76.09,76.34,76.06,76.27,673
2026-08-05T12:55:00Z,76.28,76.55,76.27,76.52,1807
2026-08-05T13:00:00Z,76.54,76.54,75.82,75.83,2629
2026-08-05T13:05:00Z,75.86,75.97,75.69,75.86,2379
2026-08-05T13:10:00Z,75.87,76.04,75.81,75.81,1152
2026-08-05T13:15:00Z,75.83,76.02,75.78,75.8,1582
2026-08-05T13:20:00Z,75.81,75.9,75.72,75.84,1314
2026-08-05T13:25:00Z,75.84,75.89,75.67,75.85,1460
2026-08-05T13:30:00Z,75.86,75.88,75.57,75.58,2628
2026-08-05T13:35:00Z,75.61,75.73,74.93,75.22,3301
2026-08-05T13:40:00Z,75.29,75.49,75.08,75.44,4546
2026-08-05T13:45:00Z,75.46,75.55,75.27,75.42,2547
2026-08-05T13:50:00Z,75.43,75.65,75.28,75.29,2357
2026-08-05T13:55:00Z,75.3,75.55,75.25,75.5,3071
2026-08-05T14:00:00Z,75.54,75.58,75.08,75.34,3797
2026-08-05T14:05:00Z,75.3,75.3,74.65,74.98,7362
2026-08-05T14:10:00Z,74.94,75.22,74.88,74.99,2268
2026-08-05T14:15:00Z,74.98,75.18,74.91,75.05,2112
2026-08-05T14:20:00Z,75.04,75.11,74.82,74.82,1593
2026-08-05T14:25:00Z,74.83,75.03,74.81,74.96,1710
2026-08-05T14:30:00Z,74.96,75.15,74.79,74.92,2485
2026-08-05T14:35:00Z,74.91,75.11,74.89,75.0,1507
2026-08-05T14:40:00Z,75.01,75.1,74.94,75.02,2189
2026-08-05T14:45:00Z,75.02,75.36,75.02,75.18,2386
2026-08-05T14:50:00Z,75.17,75.25,74.98,75.13,1404
2026-08-05T14:55:00Z,75.13,75.2,74.99,75.14,1082
2026-08-05T15:00:00Z,75.15,75.17,74.53,74.86,4591
2026-08-05T15:05:00Z,74.86,75.45,74.81,75.32,2318
2026-08-05T15:10:00Z,75.33,75.57,75.22,75.54,1442
2026-08-05T15:15:00Z,75.53,75.82,75.52,75.65,3082
2026-08-05T15:20:00Z,75.63,75.66,75.27,75.36,2069
2026-08-05T15:25:00Z,75.36,75.45,75.01,75.14,2485
2026-08-05T15:30:00Z,75.17,75.37,75.08,75.32,1945
2026-08-05T15:35:00Z,75.32,75.33,75.1,75.11,1146
2026-08-05T15:40:00Z,75.14,75.33,75.06,75.24,943
2026-08-05T15:45:00Z,75.29,75.6,75.24,75.45,2351
2026-08-05T15:50:00Z,75.45,75.63,75.29,75.57,1134
2026-08-05T15:55:00Z,75.57,75.62,75.42,75.59,1053
2026-08-05T16:00:00Z,75.59,75.78,75.59,75.75,1234
2026-08-05T16:05:00Z,75.74,75.75,75.54,75.58,926
2026-08-05T16:10:00Z,75.57,75.61,75.45,75.57,1025
2026-08-05T16:15:00Z,75.57,75.75,75.55,75.67,829
2026-08-05T16:20:00Z,75.67,75.71,75.57,75.65,764
2026-08-05T16:25:00Z,75.64,75.76,75.58,75.64,716
2026-08-05T16:30:00Z,75.64,75.66,75.5,75.59,847
2026-08-05T16:35:00Z,75.57,75.69,75.49,75.54,582
2026-08-05T16:40:00Z,75.49,75.52,75.16,75.2,2546
2026-08-05T16:45:00Z,75.21,75.33,75.03,75.09,1226
2026-08-05T16:50:00Z,75.08,75.08,74.72,74.88,2312
2026-08-05T16:55:00Z,74.87,75.03,74.84,74.91,1450
2026-08-05T17:00:00Z,74.9,75.02,74.84,74.91,2268
2026-08-05T17:05:00Z,74.91,74.94,74.71,74.82,1812
2026-08-05T17:10:00Z,74.82,74.85,74.61,74.68,1819
2026-08-05T17:15:00Z,74.68,74.7,74.45,74.53,2257
2026-08-05T17:20:00Z,74.54,74.61,74.46,74.57,1055
2026-08-05T17:25:00Z,74.57,74.64,74.49,74.53,1476
2026-08-05T17:30:00Z,74.52,74.63,74.45,74.45,1187
2026-08-05T17:35:00Z,74.47,74.7,74.47,74.58,1023
2026-08-05T17:40:00Z,74.58,74.75,74.56,74.63,1146
2026-08-05T17:45:00Z,74.63,74.68,74.57,74.64,720
2026-08-05T17:50:00Z,74.64,74.74,74.58,74.73,1203
2026-08-05T17:55:00Z,74.71,74.89,74.69,74.88,1526
2026-08-05T18:00:00Z,74.87,75.07,74.85,75.05,1771
2026-08-05T18:05:00Z,75.08,75.18,74.99,75.1,1622
2026-08-05T18:10:00Z,75.09,75.28,75.07,75.27,1149
2026-08-05T18:15:00Z,75.24,75.37,75.12,75.34,1380
2026-08-05T18:20:00Z,75.34,75.41,75.27,75.29,2307
2026-08-05T18:25:00Z,75.3,75.3,75.13,75.18,12034
2026-08-05T18:30:00Z,75.18,75.43,75.17,75.36,1500
2026-08-05T18:35:00Z,75.36,75.36,75.24,75.29,704
2026-08-05T18:40:00Z,75.27,75.34,75.21,75.24,573
2026-08-05T18:45:00Z,75.23,75.25,75.13,75.17,574
2026-08-05T18:50:00Z,75.17,75.19,75.05,75.08,430
2026-08-05T18:55:00Z,75.08,75.33,75.07,75.33,384
2026-08-05T19:00:00Z,75.32,75.38,75.23,75.23,239
2026-08-05T19:05:00Z,75.24,75.24,75.16,75.19,189
2026-08-05T19:10:00Z,75.19,75.19,75.12,75.15,636
2026-08-05T19:15:00Z,75.15,75.28,75.15,75.26,383
2026-08-05T19:20:00Z,75.24,75.27,75.2,75.21,204
2026-08-05T19:25:00Z,75.2,75.32,75.2,75.26,355
2026-08-05T19:30:00Z,75.26,75.27,75.21,75.24,133
2026-08-05T19:35:00Z,75.25,75.26,75.16,75.2,118
2026-08-05T19:40:00Z,75.22,75.25,75.13,75.13,183
2026-08-05T19:45:00Z,75.14,75.17,75.11,75.12,190
2026-08-05T19:50:00Z,75.11,75.13,75.01,75.09,402
2026-08-05T19:55:00Z,75.09,75.18,75.04,75.18,433
2026-08-05T20:00:00Z,75.16,75.16,74.93,74.98,417
2026-08-05T20:05:00Z,74.98,74.99,74.88,74.93,496
2026-08-05T20:10:00Z,74.93,75.01,74.87,75.0,205
2026-08-05T20:15:00Z,75.01,75.1,75.01,75.07,120
2026-08-05T20:20:00Z,75.05,75.1,75.01,75.03,404
2026-08-05T20:25:00Z,75.01,75.08,74.98,75.08,226
2026-08-05T20:30:00Z,75.11,75.13,74.96,74.96,167
2026-08-05T20:35:00Z,74.95,74.97,74.92,74.96,193
2026-08-05T20:40:00Z,74.99,75.04,74.96,75.0,187
2026-08-05T20:45:00Z,75.0,75.07,74.98,75.07,110
2026-08-05T20:50:00Z,75.01,75.05,74.95,75.03,367
2026-08-05T20:55:00Z,75.04,75.09,75.02,75.06,260
2026-08-05T21:00:00Z,75.08,75.08,75.08,75.08,1
2026-08-05T22:00:00Z,75.22,75.27,74.89,75.05,0
2026-08-05T22:05:00Z,75.03,75.14,75.03,75.13,51
2026-08-05T22:10:00Z,75.12,75.21,75.11,75.13,150
2026-08-05T22:15:00Z,75.12,75.16,75.05,75.12,73
2026-08-05T22:20:00Z,75.13,75.15,75.12,75.12,53
2026-08-05T22:25:00Z,75.2,75.2,75.08,75.1,108
2026-08-05T22:30:00Z,75.09,75.18,75.05,75.1,71
2026-08-05T22:35:00Z,75.1,75.1,75.04,75.05,46
2026-08-05T22:40:00Z,75.05,75.08,75.04,75.05,28
2026-08-05T22:45:00Z,75.04,75.08,75.03,75.04,33
2026-08-05T22:50:00Z,75.05,75.06,75.02,75.03,22
2026-08-05T22:55:00Z,75.04,75.1,75.04,75.05,24
2026-08-05T23:00:00Z,75.04,75.08,75.04,75.08,19
2026-08-05T23:05:00Z,75.09,75.1,75.06,75.06,31
2026-08-05T23:10:00Z,75.05,75.05,74.96,74.98,62
2026-08-05T23:15:00Z,74.98,75.03,74.91,75.03,105
2026-08-05T23:20:00Z,75.01,75.01,74.98,75.01,26
2026-08-05T23:25:00Z,75.01,75.07,75.01,75.05,40
2026-08-05T23:30:00Z,75.04,75.05,74.98,75.01,29
2026-08-05T23:35:00Z,74.99,75.03,74.98,75.0,18
2026-08-05T23:40:00Z,75.03,75.04,74.99,74.99,13
2026-08-05T23:45:00Z,75.01,75.03,74.98,75.02,21
2026-08-05T23:50:00Z,75.01,75.03,74.95,74.95,32
2026-08-05T23:55:00Z,74.95,74.97,74.84,74.87,155
2026-08-06T00:00:00Z,74.89,75.03,74.84,74.96,215
2026-08-06T00:05:00Z,74.94,74.95,74.84,74.87,77
2026-08-06T00:10:00Z,74.87,74.9,74.75,74.78,110
2026-08-06T00:15:00Z,74.74,74.79,74.7,74.79,86
2026-08-06T00:20:00Z,74.78,74.79,74.64,74.69,159
2026-08-06T00:25:00Z,74.7,75.0,74.69,75.0,360
2026-08-06T00:30:00Z,74.96,75.16,74.91,74.94,342
2026-08-06T00:35:00Z,74.93,74.98,74.9,74.96,69
2026-08-06T00:40:00Z,74.95,75.03,74.91,75.02,80
2026-08-06T00:45:00Z,75.0,75.0,74.91,74.95,119
2026-08-06T00:50:00Z,74.92,74.97,74.81,74.88,261
2026-08-06T00:55:00Z,74.88,74.95,74.74,74.95,285
2026-08-06T01:00:00Z,74.93,75.28,74.91,75.08,830
2026-08-06T01:05:00Z,75.07,75.21,75.07,75.16,195
2026-08-06T01:10:00Z,75.16,75.55,75.16,75.47,948
2026-08-06T01:15:00Z,75.44,75.87,75.39,75.69,1123
2026-08-06T01:20:00Z,75.7,75.79,75.56,75.78,508
2026-08-06T01:25:00Z,75.77,76.04,75.7,75.72,764
2026-08-06T01:30:00Z,75.72,75.88,75.7,75.86,304
2026-08-06T01:35:00Z,75.86,75.87,75.71,75.74,317
2026-08-06T01:40:00Z,75.75,75.84,75.7,75.74,405
2026-08-06T01:45:00Z,75.74,75.89,75.73,75.78,300
2026-08-06T01:50:00Z,75.76,75.78,75.61,75.72,302
2026-08-06T01:55:00Z,75.72,75.8,75.64,75.76,348
2026-08-06T02:00:00Z,75.73,75.8,75.72,75.76,192
2026-08-06T02:05:00Z,75.75,75.79,75.49,75.54,294
2026-08-06T02:10:00Z,75.55,75.7,75.55,75.6,173
2026-08-06T02:15:00Z,75.58,75.65,75.47,75.51,88
2026-08-06T02:20:00Z,75.51,75.59,75.49,75.51,130
2026-08-06T02:25:00Z,75.5,75.52,75.43,75.48,152
2026-08-06T02:30:00Z,75.51,75.69,75.49,75.65,231
2026-08-06T02:35:00Z,75.64,75.68,75.55,75.56,81
2026-08-06T02:40:00Z,75.56,75.58,75.49,75.54,99
2026-08-06T02:45:00Z,75.51,75.57,75.42,75.53,198
2026-08-06T02:50:00Z,75.55,75.61,75.48,75.52,70
2026-08-06T02:55:00Z,75.49,75.54,75.48,75.48,95
2026-08-06T03:00:00Z,75.45,75.47,75.41,75.41,112
2026-08-06T03:05:00Z,75.44,75.47,75.37,75.41,93
2026-08-06T03:10:00Z,75.41,75.52,75.38,75.48,87
2026-08-06T03:15:00Z,75.49,75.49,75.43,75.45,71
2026-08-06T03:20:00Z,75.48,75.56,75.48,75.5,89
2026-08-06T03:25:00Z,75.48,75.48,75.18,75.24,415
2026-08-06T03:30:00Z,75.23,75.25,74.91,74.93,414
2026-08-06T03:35:00Z,74.94,75.03,74.92,74.98,182
2026-08-06T03:40:00Z,74.96,75.02,74.96,75.01,75
2026-08-06T03:45:00Z,75.01,75.08,74.97,74.99,107
2026-08-06T03:50:00Z,75.0,75.1,75.0,75.06,231
2026-08-06T03:55:00Z,75.07,75.08,74.99,74.99,55
2026-08-06T04:00:00Z,74.9,74.95,74.82,74.83,469
2026-08-06T04:05:00Z,74.83,74.9,74.8,74.86,106
2026-08-06T04:10:00Z,74.87,74.88,74.74,74.81,141
2026-08-06T04:15:00Z,74.81,74.85,74.77,74.78,74
2026-08-06T04:20:00Z,74.77,74.81,74.69,74.76,135
2026-08-06T04:25:00Z,74.76,74.79,74.72,74.75,95
2026-08-06T04:30:00Z,74.75,74.77,74.61,74.73,541
2026-08-06T04:35:00Z,74.73,74.8,74.69,74.71,198
2026-08-06T04:40:00Z,74.68,74.81,74.66,74.8,168
2026-08-06T04:45:00Z,74.8,74.83,74.72,74.77,115
2026-08-06T04:50:00Z,74.76,74.79,74.72,74.78,91
2026-08-06T04:55:00Z,74.78,74.84,74.77,74.81,142
2026-08-06T05:00:00Z,74.81,74.97,74.81,74.94,230
2026-08-06T05:05:00Z,74.94,74.96,74.89,74.92,101
2026-08-06T05:10:00Z,74.92,74.93,74.8,74.82,121
2026-08-06T05:15:00Z,74.82,74.82,74.7,74.73,124
2026-08-06T05:20:00Z,74.72,74.79,74.71,74.74,57
2026-08-06T05:25:00Z,74.74,74.78,74.63,74.66,262
2026-08-06T05:30:00Z,74.65,74.8,74.57,74.8,388
2026-08-06T05:35:00Z,74.8,74.95,74.77,74.84,426
2026-08-06T05:40:00Z,74.83,74.92,74.78,74.89,121
2026-08-06T05:45:00Z,74.88,74.92,74.85,74.85,152
2026-08-06T05:50:00Z,74.9,74.92,74.84,74.86,103
2026-08-06T05:55:00Z,74.85,74.92,74.84,74.87,133
2026-08-06T06:00:00Z,74.89,75.17,74.84,75.13,402
2026-08-06T06:05:00Z,75.08,75.16,74.99,75.12,249
2026-08-06T06:10:00Z,75.13,75.48,75.13,75.42,423
2026-08-06T06:15:00Z,75.41,75.48,75.22,75.22,428
2026-08-06T06:20:00Z,75.24,75.44,75.24,75.4,231
2026-08-06T06:25:00Z,75.39,75.42,75.24,75.24,255
2026-08-06T06:30:00Z,75.24,75.49,75.22,75.4,299
2026-08-06T06:35:00Z,75.4,75.63,75.33,75.56,388
2026-08-06T06:40:00Z,75.57,75.63,75.47,75.48,255
2026-08-06T06:45:00Z,75.48,75.64,75.43,75.55,485
2026-08-06T06:50:00Z,75.54,75.58,75.3,75.43,315
2026-08-06T06:55:00Z,75.43,75.44,75.25,75.27,459
2026-08-06T07:00:00Z,75.24,75.27,75.01,75.03,590
2026-08-06T07:05:00Z,75.04,75.27,75.03,75.27,442
2026-08-06T07:10:00Z,75.28,75.44,75.23,75.26,590
2026-08-06T07:15:00Z,75.27,75.32,75.22,75.29,276
2026-08-06T07:20:00Z,75.28,75.28,75.06,75.21,348
2026-08-06T07:25:00Z,75.21,75.21,74.98,75.17,386
2026-08-06T07:30:00Z,75.17,75.23,75.07,75.15,297
2026-08-06T07:35:00Z,75.14,75.47,75.07,75.44,494
2026-08-06T07:40:00Z,75.43,75.48,75.32,75.42,263
2026-08-06T07:45:00Z,75.41,75.46,75.28,75.4,369
2026-08-06T07:50:00Z,75.4,75.53,75.36,75.49,380
2026-08-06T07:55:00Z,75.47,75.51,75.34,75.42,293
2026-08-06T08:00:00Z,75.42,75.63,75.27,75.5,714
2026-08-06T08:05:00Z,75.51,75.6,75.39,75.4,515
2026-08-06T08:10:00Z,75.4,75.66,75.36,75.66,782
2026-08-06T08:15:00Z,75.67,75.8,75.63,75.72,977
2026-08-06T08:20:00Z,75.73,75.74,75.54,75.65,858
2026-08-06T08:25:00Z,75.66,75.67,75.08,75.16,1589
2026-08-06T08:30:00Z,75.12,75.33,74.92,75.09,1557
2026-08-06T08:35:00Z,75.07,75.31,74.93,75.26,612
2026-08-06T08:40:00Z,75.28,75.3,74.99,75.08,572
2026-08-06T08:45:00Z,75.08,75.16,74.99,75.03,449
2026-08-06T08:50:00Z,75.03,75.08,74.9,74.99,503
2026-08-06T08:55:00Z,75.02,75.22,75.02,75.17,333
2026-08-06T09:00:00Z,75.17,75.43,75.11,75.39,622
2026-08-06T09:05:00Z,75.39,75.49,75.32,75.43,426
2026-08-06T09:10:00Z,75.42,75.52,75.33,75.38,414
2026-08-06T09:15:00Z,75.36,75.46,75.21,75.21,312
2026-08-06T09:20:00Z,75.21,75.23,75.12,75.13,278
2026-08-06T09:25:00Z,75.16,75.33,75.14,75.19,406
2026-08-06T09:30:00Z,75.17,75.33,75.07,75.3,316
2026-08-06T09:35:00Z,75.28,75.44,75.28,75.42,250
2026-08-06T09:40:00Z,75.41,75.44,75.38,75.39,189
2026-08-06T09:45:00Z,75.41,75.48,75.34,75.35,260
2026-08-06T09:50:00Z,75.35,75.44,75.22,75.22,169
2026-08-06T09:55:00Z,75.23,75.24,75.1,75.14,245
2026-08-06T10:00:00Z,75.16,75.25,75.12,75.22,302
2026-08-06T10:05:00Z,75.2,75.42,75.12,75.37,360
2026-08-06T10:10:00Z,75.36,75.66,75.35,75.57,649
2026-08-06T10:15:00Z,75.59,75.64,75.49,75.62,328
2026-08-06T10:20:00Z,75.62,75.96,75.62,75.81,1313
2026-08-06T10:25:00Z,75.82,75.85,75.67,75.75,496
2026-08-06T10:30:00Z,75.74,75.84,75.71,75.82,354
2026-08-06T10:35:00Z,75.82,75.92,75.78,75.8,439
2026-08-06T10:40:00Z,75.79,75.94,75.77,75.92,370
2026-08-06T10:45:00Z,75.91,75.98,75.8,75.93,493
2026-08-06T10:50:00Z,75.94,76.05,75.93,75.99,970
2026-08-06T10:55:00Z,76.0,76.01,75.87,75.89,347
2026-08-06T11:00:00Z,75.87,75.93,75.75,75.8,580
2026-08-06T11:05:00Z,75.82,76.0,75.8,75.93,366
2026-08-06T11:10:00Z,75.95,76.0,75.88,75.92,400
2026-08-06T11:15:00Z,75.92,75.99,75.85,75.85,201
2026-08-06T11:20:00Z,75.86,75.95,75.84,75.93,231
2026-08-06T11:25:00Z,75.92,75.98,75.84,75.85,210
2026-08-06T11:30:00Z,75.84,75.91,75.8,75.83,214
2026-08-06T11:35:00Z,75.81,75.89,75.78,75.83,336
2026-08-06T11:40:00Z,75.83,75.83,75.76,75.78,214
2026-08-06T11:45:00Z,75.78,75.96,75.76,75.87,980
2026-08-06T11:50:00Z,75.87,76.23,75.87,76.2,1723
2026-08-06T11:55:00Z,76.2,76.23,75.68,75.69,1721
2026-08-06T12:00:00Z,75.7,75.86,75.61,75.74,651
2026-08-06T12:05:00Z,75.73,76.17,75.71,76.05,1458
2026-08-06T12:10:00Z,76.03,76.11,75.86,75.87,782
2026-08-06T12:15:00Z,75.86,76.12,75.81,76.08,798
2026-08-06T12:20:00Z,76.07,76.23,76.04,76.22,1399
2026-08-06T12:25:00Z,76.24,76.33,76.16,76.21,1838
2026-08-06T12:30:00Z,76.23,76.31,76.14,76.24,1324
2026-08-06T12:35:00Z,76.25,76.4,76.2,76.39,1191
2026-08-06T12:40:00Z,76.38,76.43,76.29,76.29,893
2026-08-06T12:45:00Z,76.27,76.36,76.11,76.2,796
2026-08-06T12:50:00Z,76.22,76.34,76.22,76.31,732
2026-08-06T12:55:00Z,76.29,76.3,76.18,76.22,1304
2026-08-06T13:00:00Z,76.21,76.46,76.16,76.34,2662
2026-08-06T13:05:00Z,76.34,76.84,76.28,76.58,4049
2026-08-06T13:10:00Z,76.59,76.73,76.57,76.64,1294
2026-08-06T13:15:00Z,76.63,76.64,76.36,76.43,1551
2026-08-06T13:20:00Z,76.43,76.44,76.18,76.21,2861
2026-08-06T13:25:00Z,76.21,76.27,76.13,76.2,945
2026-08-06T13:30:00Z,76.18,76.29,76.06,76.22,1862
2026-08-06T13:35:00Z,76.21,76.26,76.12,76.25,940
2026-08-06T13:40:00Z,76.25,76.26,75.95,76.0,2061
2026-08-06T13:45:00Z,75.99,76.26,75.98,76.24,1418
2026-08-06T13:50:00Z,76.22,76.26,75.9,76.04,1527
2026-08-06T13:55:00Z,76.05,76.13,75.99,76.12,958
2026-08-06T14:00:00Z,76.13,76.24,75.94,75.97,1151
2026-08-06T14:05:00Z,75.97,76.2,75.97,76.2,601
2026-08-06T14:10:00Z,76.19,76.22,76.1,76.15,578
2026-08-06T14:15:00Z,76.16,76.28,76.13,76.23,783
2026-08-06T14:20:00Z,76.23,76.35,76.18,76.31,717
2026-08-06T14:25:00Z,76.32,76.45,76.27,76.38,1170
2026-08-06T14:30:00Z,76.41,76.42,76.19,76.31,1608
2026-08-06T14:35:00Z,76.32,76.54,76.28,76.51,1337
2026-08-06T14:40:00Z,76.51,76.52,76.33,76.43,1272
2026-08-06T14:45:00Z,76.41,76.68,76.41,76.54,2225
2026-08-06T14:50:00Z,76.57,76.76,76.55,76.65,1771
2026-08-06T14:55:00Z,76.65,76.67,76.56,76.58,1120
2026-08-06T15:00:00Z,76.59,76.79,76.51,76.69,1574
2026-08-06T15:05:00Z,76.72,76.78,76.57,76.61,1400
2026-08-06T15:10:00Z,76.61,76.74,76.61,76.71,507
2026-08-06T15:15:00Z,76.8,77.16,76.79,77.1,5413
2026-08-06T15:20:00Z,77.11,77.19,77.02,77.14,1554
2026-08-06T15:25:00Z,77.13,77.16,76.73,76.84,2519
2026-08-06T15:30:00Z,76.85,77.03,76.77,77.02,2612
2026-08-06T15:35:00Z,77.03,77.1,76.89,76.94,1166
2026-08-06T15:40:00Z,76.94,76.98,76.79,76.86,1197
2026-08-06T15:45:00Z,76.86,77.02,76.83,77.0,878
2026-08-06T15:50:00Z,77.0,77.93,76.87,77.89,6039
2026-08-06T15:55:00Z,77.9,78.15,77.51,77.75,7022
2026-08-06T16:00:00Z,77.73,77.96,77.69,77.75,2445
2026-08-06T16:05:00Z,77.75,77.83,77.58,77.76,2066
2026-08-06T16:10:00Z,77.75,77.92,77.67,77.88,1587
2026-08-06T16:15:00Z,77.87,78.06,77.87,77.98,2121
2026-08-06T16:20:00Z,77.98,78.03,77.72,77.77,2267
2026-08-06T16:25:00Z,77.77,77.92,77.67,77.69,1059
2026-08-06T16:30:00Z,77.69,77.8,77.63,77.71,1695
2026-08-06T16:35:00Z,77.71,77.85,77.6,77.81,1056
2026-08-06T16:40:00Z,77.81,78.06,77.8,78.04,1502
2026-08-06T16:45:00Z,78.05,78.09,77.81,77.81,1490
2026-08-06T16:50:00Z,77.8,78.04,77.78,77.98,1422
2026-08-06T16:55:00Z,77.99,78.05,77.88,77.9,826
2026-08-06T17:00:00Z,77.87,77.88,77.66,77.8,1553
2026-08-06T17:05:00Z,77.79,77.87,77.69,77.72,1447
2026-08-06T17:10:00Z,77.73,77.86,77.66,77.75,1019
2026-08-06T17:15:00Z,77.74,77.79,77.67,77.7,672
2026-08-06T17:20:00Z,77.69,77.9,77.68,77.76,1336
2026-08-06T17:25:00Z,77.76,77.77,77.58,77.64,1873
2026-08-06T17:30:00Z,77.62,77.69,77.24,77.3,2719
2026-08-06T17:35:00Z,77.3,77.37,77.27,77.31,824
2026-08-06T17:40:00Z,77.29,77.39,77.24,77.35,1009
2026-08-06T17:45:00Z,77.34,77.41,77.19,77.27,1634
2026-08-06T17:50:00Z,77.25,77.27,77.14,77.22,1184
2026-08-06T17:55:00Z,77.21,77.35,77.19,77.31,1892
2026-08-06T18:00:00Z,77.32,77.49,77.16,77.17,2374
2026-08-06T18:05:00Z,77.18,77.27,77.11,77.18,1615
2026-08-06T18:10:00Z,77.18,77.44,77.18,77.28,1905
2026-08-06T18:15:00Z,77.29,77.4,77.25,77.35,1556
2026-08-06T18:20:00Z,77.33,77.46,77.25,77.37,1821
2026-08-06T18:25:00Z,77.37,77.42,77.18,77.27,11157
2026-08-06T18:30:00Z,77.28,77.35,77.15,77.28,2044
2026-08-06T18:35:00Z,77.27,77.34,77.21,77.3,657
2026-08-06T18:40:00Z,77.3,77.31,77.25,77.28,419
2026-08-06T18:45:00Z,77.28,77.3,77.23,77.29,562
2026-08-06T18:50:00Z,77.29,77.39,77.29,77.37,414
2026-08-06T18:55:00Z,77.36,77.44,77.35,77.4,448
2026-08-06T19:00:00Z,77.41,77.58,77.41,77.55,344
2026-08-06T19:05:00Z,77.57,77.69,77.55,77.58,652
2026-08-06T19:10:00Z,77.6,77.62,77.54,77.57,464
2026-08-06T19:15:00Z,77.59,77.62,77.52,77.55,459
2026-08-06T19:20:00Z,77.54,77.99,77.51,77.97,1622
2026-08-06T19:25:00Z,77.97,78.33,77.93,78.14,3139
2026-08-06T19:30:00Z,78.16,78.29,78.01,78.09,840
2026-08-06T19:35:00Z,78.08,78.29,78.03,78.05,822
2026-08-06T19:40:00Z,78.06,78.06,77.85,77.95,406
2026-08-06T19:45:00Z,77.95,78.0,77.81,77.88,390
2026-08-06T19:50:00Z,77.87,78.08,77.41,77.61,2314
2026-08-06T19:55:00Z,77.6,77.75,77.42,77.69,815
2026-08-06T20:00:00Z,77.68,77.76,77.61,77.71,423
2026-08-06T20:05:00Z,77.71,77.84,77.66,77.73,306
2026-08-06T20:10:00Z,77.73,77.84,77.73,77.77,206
2026-08-06T20:15:00Z,77.76,77.79,77.66,77.71,148
2026-08-06T20:20:00Z,77.7,78.04,77.7,77.97,705
2026-08-06T20:25:00Z,77.96,78.18,77.84,78.09,864
2026-08-06T20:30:00Z,78.09,78.09,77.98,78.01,248
2026-08-06T20:35:00Z,78.01,78.29,77.98,78.16,490
2026-08-06T20:40:00Z,78.18,78.21,78.04,78.18,303
2026-08-06T20:45:00Z,78.17,78.51,78.15,78.35,1052
2026-08-06T20:50:00Z,78.35,78.4,78.21,78.25,269
2026-08-06T20:55:00Z,78.24,78.32,78.15,78.23,761
2026-08-06T22:00:00Z,78.1,78.21,77.8,78.12,0
2026-08-06T22:05:00Z,78.12,78.14,78.01,78.11,166
2026-08-06T22:10:00Z,78.11,78.14,78.09,78.14,81
2026-08-06T22:15:00Z,78.14,78.14,77.98,78.1,287
2026-08-06T22:20:00Z,78.11,78.14,78.06,78.06,89
2026-08-06T22:25:00Z,78.1,78.11,78.03,78.08,93
2026-08-06T22:30:00Z,78.07,78.11,78.07,78.09,29
2026-08-06T22:35:00Z,78.11,78.11,78.09,78.11,30
2026-08-06T22:40:00Z,78.12,78.15,78.11,78.11,71
2026-08-06T22:45:00Z,78.11,78.12,78.09,78.1,86
2026-08-06T22:50:00Z,78.08,78.12,78.03,78.12,91
2026-08-06T22:55:00Z,78.11,78.15,78.1,78.11,70
2026-08-06T23:00:00Z,78.12,78.13,78.06,78.09,95
2026-08-06T23:05:00Z,78.08,78.09,78.06,78.09,18
2026-08-06T23:10:00Z,78.09,78.12,78.08,78.08,23
2026-08-06T23:15:00Z,78.05,78.08,78.01,78.07,39
2026-08-06T23:20:00Z,78.08,78.11,78.07,78.11,57
2026-08-06T23:25:00Z,78.09,78.1,78.03,78.06,98
2026-08-06T23:30:00Z,78.06,78.11,78.05,78.06,78
2026-08-06T23:35:00Z,78.06,78.1,78.05,78.06,37
2026-08-06T23:40:00Z,78.06,78.1,78.05,78.08,26
2026-08-06T23:45:00Z,78.07,78.1,78.05,78.07,76
2026-08-06T23:50:00Z,78.07,78.09,78.06,78.07,34
2026-08-06T23:55:00Z,78.07,78.07,77.95,77.99,135
2026-08-07T00:00:00Z,77.98,78.16,77.9,78.14,616
2026-08-07T00:05:00Z,78.15,78.17,78.02,78.07,187
2026-08-07T00:10:00Z,78.08,78.26,78.07,78.13,289
2026-08-07T00:15:00Z,78.13,78.25,78.12,78.18,293
2026-08-07T00:20:00Z,78.16,78.26,78.13,78.24,197
2026-08-07T00:25:00Z,78.24,78.35,78.21,78.26,280
2026-08-07T00:30:00Z,78.27,78.29,78.19,78.23,121
2026-08-07T00:35:00Z,78.25,78.41,78.23,78.39,219
2026-08-07T00:40:00Z,78.38,78.42,78.19,78.23,199
2026-08-07T00:45:00Z,78.23,78.23,78.03,78.15,392
2026-08-07T00:50:00Z,78.16,78.19,78.02,78.02,147
2026-08-07T00:55:00Z,78.03,78.08,77.87,77.92,549
2026-08-07T01:00:00Z,77.88,77.97,77.73,77.92,662
2026-08-07T01:05:00Z,77.92,78.02,77.87,77.88,157
2026-08-07T01:10:00Z,77.9,77.91,77.79,77.84,90
2026-08-07T01:15:00Z,77.82,77.92,77.79,77.86,87
2026-08-07T01:20:00Z,77.86,78.03,77.84,78.0,117
2026-08-07T01:25:00Z,78.0,78.02,77.81,77.86,205
2026-08-07T01:30:00Z,77.84,77.85,77.75,77.84,99
2026-08-07T01:35:00Z,77.83,77.87,77.74,77.75,123
2026-08-07T01:40:00Z,77.76,77.92,77.76,77.81,86
2026-08-07T01:45:00Z,77.81,77.97,77.81,77.96,91
2026-08-07T01:50:00Z,77.95,78.0,77.93,77.95,78
2026-08-07T01:55:00Z,77.95,77.98,77.82,77.92,104
2026-08-07T02:00:00Z,77.92,78.11,77.92,78.09,196
2026-08-07T02:05:00Z,78.07,78.12,77.98,78.05,125
2026-08-07T02:10:00Z,78.03,78.06,78.01,78.03,80
2026-08-07T02:15:00Z,78.07,78.14,77.96,78.12,161
2026-08-07T02:20:00Z,78.11,78.15,78.02,78.03,57
2026-08-07T02:25:00Z,78.03,78.17,78.01,78.1,176
2026-08-07T02:30:00Z,78.09,78.19,78.09,78.16,138
2026-08-07T02:35:00Z,78.16,78.2,78.06,78.17,111
2026-08-07T02:40:00Z,78.19,78.21,78.04,78.09,126
2026-08-07T02:45:00Z,78.09,78.11,77.98,78.09,95
2026-08-07T02:50:00Z,78.08,78.1,78.0,78.01,45
2026-08-07T02:55:00Z,78.02,78.06,77.98,78.0,88
2026-08-07T03:00:00Z,78.01,78.01,77.9,77.92,82
2026-08-07T03:05:00Z,77.92,78.04,77.92,78.04,95
2026-08-07T03:10:00Z,78.06,78.11,78.05,78.1,107
2026-08-07T03:15:00Z,78.08,78.2,78.06,78.16,169
2026-08-07T03:20:00Z,78.16,78.26,78.09,78.12,265
2026-08-07T03:25:00Z,78.12,78.13,78.05,78.06,104
2026-08-07T03:30:00Z,78.06,78.1,78.01,78.06,166
2026-08-07T03:35:00Z,78.04,78.05,77.97,77.97,109
2026-08-07T03:40:00Z,77.97,78.08,77.97,78.01,90
2026-08-07T03:45:00Z,78.02,78.09,78.0,78.06,83
2026-08-07T03:50:00Z,78.06,78.1,78.03,78.06,35
2026-08-07T03:55:00Z,78.07,78.09,78.05,78.05,26
2026-08-07T04:00:00Z,78.05,78.08,77.99,78.08,132
2026-08-07T04:05:00Z,78.08,78.18,78.04,78.15,134
2026-08-07T04:10:00Z,78.18,78.34,78.15,78.3,403
2026-08-07T04:15:00Z,78.29,78.63,78.28,78.61,764
2026-08-07T04:20:00Z,78.61,78.62,78.42,78.56,418
2026-08-07T04:25:00Z,78.57,78.72,78.51,78.67,1022
2026-08-07T04:30:00Z,78.64,78.77,78.3,78.32,1000
2026-08-07T04:35:00Z,78.31,78.39,78.27,78.31,186
2026-08-07T04:40:00Z,78.32,78.47,78.32,78.47,345
2026-08-07T04:45:00Z,78.46,78.52,78.41,78.41,217
2026-08-07T04:50:00Z,78.38,78.4,78.32,78.32,87
2026-08-07T04:55:00Z,78.29,78.32,78.23,78.32,155
2026-08-07T05:00:00Z,78.33,78.34,78.27,78.28,91
2026-08-07T05:05:00Z,78.28,78.31,78.22,78.24,89
2026-08-07T05:10:00Z,78.23,78.34,78.22,78.32,81
2026-08-07T05:15:00Z,78.33,78.36,78.26,78.33,61
2026-08-07T05:20:00Z,78.33,78.36,78.25,78.27,98
2026-08-07T05:25:00Z,78.27,78.36,78.26,78.32,82
2026-08-07T05:30:00Z,78.35,78.39,78.27,78.36,184
2026-08-07T05:35:00Z,78.35,78.36,78.18,78.2,231
2026-08-07T05:40:00Z,78.19,78.27,78.17,78.25,132
2026-08-07T05:45:00Z,78.26,78.35,78.23,78.26,105
2026-08-07T05:50:00Z,78.25,78.25,78.07,78.12,243
2026-08-07T05:55:00Z,78.11,78.13,78.06,78.06,233
2026-08-07T06:00:00Z,78.06,78.15,77.88,77.9,520
2026-08-07T06:05:00Z,77.9,77.95,77.79,77.92,400
2026-08-07T06:10:00Z,77.93,77.98,77.83,77.83,197
2026-08-07T06:15:00Z,77.84,77.91,77.8,77.86,228
2026-08-07T06:20:00Z,77.87,77.89,77.61,77.65,431
2026-08-07T06:25:00Z,77.67,77.71,77.58,77.6,361
2026-08-07T06:30:00Z,77.58,77.83,77.56,77.78,602
2026-08-07T06:35:00Z,77.77,77.92,77.77,77.9,303
2026-08-07T06:40:00Z,77.9,78.1,77.89,78.07,323
2026-08-07T06:45:00Z,78.07,78.12,78.0,78.06,212
2026-08-07T06:50:00Z,78.04,78.04,77.9,77.93,257
2026-08-07T06:55:00Z,77.95,77.97,77.85,77.87,161
2026-08-07T07:00:00Z,77.86,78.05,77.8,77.98,394
2026-08-07T07:05:00Z,77.94,77.98,77.88,77.92,284
2026-08-07T07:10:00Z,77.93,77.94,77.66,77.66,318
2026-08-07T07:15:00Z,77.68,77.85,77.66,77.77,336
2026-08-07T07:20:00Z,77.77,77.78,77.62,77.7,277
2026-08-07T07:25:00Z,77.72,77.74,77.52,77.56,343
2026-08-07T07:30:00Z,77.56,77.78,77.51,77.67,505
2026-08-07T07:35:00Z,77.68,77.85,77.64,77.71,400
2026-08-07T07:40:00Z,77.72,77.85,77.72,77.85,183
2026-08-07T07:45:00Z,77.85,77.88,77.7,77.77,360
2026-08-07T07:50:00Z,77.78,77.95,77.78,77.91,301
2026-08-07T07:55:00Z,77.89,77.92,77.75,77.76,231
2026-08-07T08:00:00Z,77.76,77.81,77.63,77.68,317
2026-08-07T08:05:00Z,77.69,77.72,77.46,77.62,692
2026-08-07T08:10:00Z,77.62,77.68,77.57,77.66,544
2026-08-07T08:15:00Z,77.67,77.86,77.66,77.82,792
2026-08-07T08:20:00Z,77.82,77.98,77.75,77.77,1192
2026-08-07T08:25:00Z,77.75,77.93,77.66,77.85,650
2026-08-07T08:30:00Z,77.86,77.91,77.6,77.71,733
2026-08-07T08:35:00Z,77.72,77.95,77.64,77.87,587
2026-08-07T08:40:00Z,77.88,77.98,77.79,77.84,443
2026-08-07T08:45:00Z,77.84,78.04,77.84,77.94,487
2026-08-07T08:50:00Z,77.93,78.03,77.86,77.88,253
2026-08-07T08:55:00Z,77.88,77.88,77.7,77.74,424
2026-08-07T09:00:00Z,77.75,77.84,77.54,77.64,394
2026-08-07T09:05:00Z,77.66,77.75,77.63,77.68,235
2026-08-07T09:10:00Z,77.67,77.7,77.54,77.6,466
2026-08-07T09:15:00Z,77.59,77.77,77.58,77.65,304
2026-08-07T09:20:00Z,77.61,77.61,77.52,77.56,284
2026-08-07T09:25:00Z,77.55,77.63,77.51,77.52,247
2026-08-07T09:30:00Z,77.54,77.55,77.41,77.5,620
2026-08-07T09:35:00Z,77.49,77.5,77.22,77.23,892
2026-08-07T09:40:00Z,77.23,77.25,77.09,77.24,951
2026-08-07T09:45:00Z,77.22,77.23,77.09,77.1,731
2026-08-07T09:50:00Z,77.1,77.37,77.09,77.28,507
2026-08-07T09:55:00Z,77.29,77.35,77.21,77.25,473
2026-08-07T10:00:00Z,77.23,77.25,77.09,77.14,707
2026-08-07T10:05:00Z,77.14,77.23,77.09,77.17,581
2026-08-07T10:10:00Z,77.16,77.16,76.91,77.04,1944
2026-08-07T10:15:00Z,77.03,77.27,77.02,77.15,589
2026-08-07T10:20:00Z,77.15,77.27,77.12,77.19,345
2026-08-07T10:25:00Z,77.18,77.32,77.08,77.1,796
2026-08-07T10:30:00Z,77.1,77.1,76.92,76.97,595
2026-08-07T10:35:00Z,76.97,77.07,76.88,76.91,719
2026-08-07T10:40:00Z,76.93,77.05,76.84,76.89,588
2026-08-07T10:45:00Z,76.89,77.01,76.86,76.87,355
2026-08-07T10:50:00Z,76.85,76.93,76.83,76.85,531
2026-08-07T10:55:00Z,76.86,76.95,76.79,76.82,476
2026-08-07T11:00:00Z,76.84,76.9,76.73,76.74,656
2026-08-07T11:05:00Z,76.76,76.89,76.71,76.74,460
2026-08-07T11:10:00Z,76.74,76.97,76.74,76.97,678
2026-08-07T11:15:00Z,76.98,77.08,76.95,76.97,745
2026-08-07T11:20:00Z,76.97,77.0,76.83,76.83,576
2026-08-07T11:25:00Z,76.81,76.84,76.71,76.78,559
2026-08-07T11:30:00Z,76.76,76.85,76.7,76.75,423
2026-08-07T11:35:00Z,76.75,76.77,76.63,76.65,636
2026-08-07T11:40:00Z,76.65,76.73,76.58,76.72,611
2026-08-07T11:45:00Z,76.72,76.72,76.6,76.65,505
2026-08-07T11:50:00Z,76.64,76.66,76.57,76.64,429
2026-08-07T11:55:00Z,76.65,76.76,76.65,76.74,597
2026-08-07T12:00:00Z,76.75,76.75,76.63,76.72,367
2026-08-07T12:05:00Z,76.71,76.88,76.67,76.84,1434
2026-08-07T12:10:00Z,76.84,77.04,76.8,77.04,2050
2026-08-07T12:15:00Z,77.03,77.21,77.0,77.12,1327
2026-08-07T12:20:00Z,77.13,77.28,77.06,77.28,1426
2026-08-07T12:25:00Z,77.29,77.53,77.2,77.37,1658
2026-08-07T12:30:00Z,77.38,77.38,76.91,76.99,2822
2026-08-07T12:35:00Z,76.96,77.07,76.78,76.81,956
2026-08-07T12:40:00Z,76.81,76.86,76.61,76.75,1818
2026-08-07T12:45:00Z,76.75,76.86,76.68,76.79,904
2026-08-07T12:50:00Z,76.78,76.85,76.61,76.67,1001
2026-08-07T12:55:00Z,76.68,76.77,76.58,76.74,977
2026-08-07T13:00:00Z,76.73,76.88,76.53,76.85,3006
2026-08-07T13:05:00Z,76.84,76.85,76.62,76.84,1327
2026-08-07T13:10:00Z,76.84,77.03,76.74,76.77,1471
2026-08-07T13:15:00Z,76.77,76.84,76.7,76.78,1078
2026-08-07T13:20:00Z,76.78,77.1,76.75,77.03,1052
2026-08-07T13:25:00Z,77.04,77.13,76.92,76.93,1154
2026-08-07T13:30:00Z,76.95,77.07,76.85,77.05,1111
2026-08-07T13:35:00Z,77.04,77.09,76.96,76.97,1235
2026-08-07T13:40:00Z,76.98,77.12,76.95,77.03,910
2026-08-07T13:45:00Z,77.03,77.3,77.0,77.29,1111
2026-08-07T13:50:00Z,77.28,77.32,77.18,77.29,1078
2026-08-07T13:55:00Z,77.29,77.34,77.15,77.34,1180
2026-08-07T14:00:00Z,77.32,77.59,77.18,77.58,1931
2026-08-07T14:05:00Z,77.56,77.94,77.55,77.84,2914
2026-08-07T14:10:00Z,77.87,77.97,77.61,77.71,1470
2026-08-07T14:15:00Z,77.7,77.71,77.43,77.47,1502
2026-08-07T14:20:00Z,77.46,77.65,77.35,77.65,1635
2026-08-07T14:25:00Z,77.65,77.81,77.64,77.66,1367
2026-08-07T14:30:00Z,77.66,77.74,77.47,77.53,744
2026-08-07T14:35:00Z,77.54,77.62,77.42,77.58,989
2026-08-07T14:40:00Z,77.58,77.62,77.42,77.49,917
2026-08-07T14:45:00Z,77.48,77.66,77.44,77.65,657
2026-08-07T14:50:00Z,77.65,77.9,77.6,77.88,1490
2026-08-07T14:55:00Z,77.88,78.1,77.84,78.09,2135
2026-08-07T15:00:00Z,78.09,78.43,77.97,78.32,3137
2026-08-07T15:05:00Z,78.34,78.43,78.14,78.22,1988
2026-08-07T15:10:00Z,78.22,78.34,78.08,78.18,1674
2026-08-07T15:15:00Z,78.2,78.37,78.1,78.34,1472
2026-08-07T15:20:00Z,78.33,78.34,78.07,78.1,1208
2026-08-07T15:25:00Z,78.12,78.32,78.07,78.18,3129
2026-08-07T15:30:00Z,78.17,78.34,78.06,78.08,1953
2026-08-07T15:35:00Z,78.08,78.12,77.95,78.11,1474
2026-08-07T15:40:00Z,78.12,78.14,78.01,78.06,713
2026-08-07T15:45:00Z,78.08,78.16,77.95,78.1,976
2026-08-07T15:50:00Z,78.1,78.31,78.1,78.23,1104
2026-08-07T15:55:00Z,78.23,78.49,78.23,78.4,1535
2026-08-07T16:00:00Z,78.41,78.5,78.36,78.38,1012
2026-08-07T16:05:00Z,78.37,78.38,78.21,78.29,1193
2026-08-07T16:10:00Z,78.29,78.32,78.17,78.29,1283
2026-08-07T16:15:00Z,78.29,78.4,78.27,78.32,1011
2026-08-07T16:20:00Z,78.31,78.49,78.18,78.44,2547
2026-08-07T16:25:00Z,78.42,78.44,78.3,78.4,830
2026-08-07T16:30:00Z,78.43,78.46,78.35,78.39,866
2026-08-07T16:35:00Z,78.4,78.41,78.24,78.27,773
2026-08-07T16:40:00Z,78.26,78.28,78.14,78.21,1245
2026-08-07T16:45:00Z,78.22,78.3,78.16,78.25,786
2026-08-07T16:50:00Z,78.26,78.28,78.18,78.27,933
2026-08-07T16:55:00Z,78.25,78.37,78.21,78.36,1004
2026-08-07T17:00:00Z,78.37,78.37,78.09,78.12,1248
2026-08-07T17:05:00Z,78.13,78.14,78.01,78.06,1197
2026-08-07T17:10:00Z,78.05,78.13,77.97,78.0,1792
2026-08-07T17:15:00Z,78.0,78.04,77.89,77.92,1865
2026-08-07T17:20:00Z,77.92,78.1,77.9,77.97,1755
2026-08-07T17:25:00Z,77.98,78.08,77.96,78.0,1953
2026-08-07T17:30:00Z,77.99,78.03,77.72,77.84,2739
2026-08-07T17:35:00Z,77.85,77.95,77.79,77.93,1242
2026-08-07T17:40:00Z,77.92,78.0,77.86,77.96,1002
2026-08-07T17:45:00Z,77.95,78.13,77.93,78.06,1322
2026-08-07T17:50:00Z,78.04,78.13,78.02,78.07,1217
2026-08-07T17:55:00Z,78.05,78.11,77.99,78.09,1236
2026-08-07T18:00:00Z,78.07,78.14,78.04,78.09,1238
2026-08-07T18:05:00Z,78.07,78.26,78.07,78.18,1676
2026-08-07T18:10:00Z,78.19,78.33,78.12,78.24,1966
2026-08-07T18:15:00Z,78.24,78.25,78.02,78.1,1505
2026-08-07T18:20:00Z,78.09,78.37,78.03,78.32,3204
2026-08-07T18:25:00Z,78.34,78.34,77.93,78.17,20007
2026-08-07T18:30:00Z,78.19,78.3,78.11,78.14,2344
2026-08-07T18:35:00Z,78.14,78.21,78.06,78.2,490
2026-08-07T18:40:00Z,78.21,78.27,78.18,78.25,507
2026-08-07T18:45:00Z,78.24,78.25,78.17,78.19,274
2026-08-07T18:50:00Z,78.18,78.26,78.18,78.21,243
2026-08-07T18:55:00Z,78.2,78.25,78.01,78.11,906
2026-08-07T19:00:00Z,78.11,78.11,77.53,77.61,3200
2026-08-07T19:05:00Z,77.66,77.69,77.34,77.38,775
2026-08-07T19:10:00Z,77.38,77.47,77.34,77.39,490
2026-08-07T19:15:00Z,77.41,77.49,77.12,77.24,1205
2026-08-07T19:20:00Z,77.24,77.24,76.92,76.97,1638
2026-08-07T19:25:00Z,76.97,77.05,76.82,76.9,1106
2026-08-07T19:30:00Z,76.88,76.97,76.83,76.97,1165
2026-08-07T19:35:00Z,76.95,77.07,76.83,77.03,978
2026-08-07T19:40:00Z,77.02,77.03,76.86,76.93,605
2026-08-07T19:45:00Z,76.92,76.95,76.84,76.94,510
2026-08-07T19:50:00Z,76.93,76.98,76.87,76.96,584
2026-08-07T19:55:00Z,76.96,77.05,76.94,77.03,812
2026-08-07T20:00:00Z,77.01,77.07,76.84,76.89,726
2026-08-07T20:05:00Z,76.91,77.02,76.86,76.96,442
2026-08-07T20:10:00Z,76.96,77.06,76.94,77.06,201
2026-08-07T20:15:00Z,77.05,77.14,77.01,77.07,207
2026-08-07T20:20:00Z,77.07,77.11,76.95,76.95,200
2026-08-07T20:25:00Z,76.95,77.04,76.95,77.04,182
2026-08-07T20:30:00Z,77.04,77.17,77.01,77.17,150
2026-08-07T20:35:00Z,77.17,77.18,77.11,77.14,116
2026-08-07T20:40:00Z,77.14,77.19,77.1,77.19,69
2026-08-07T20:45:00Z,77.17,77.37,77.15,77.32,325
2026-08-07T20:50:00Z,77.33,77.33,77.04,77.12,512
2026-08-07T20:55:00Z,77.1,78.18,77.07,78.18,339
2026-08-09T22:10:00Z,79.23,79.27,79.0,79.01,524
2026-08-09T22:15:00Z,79.01,79.12,78.97,79.04,501
2026-08-09T22:20:00Z,78.99,79.09,78.88,78.89,400
2026-08-09T22:25:00Z,78.88,78.97,78.77,78.87,355
2026-08-09T22:30:00Z,78.87,78.87,78.56,78.6,313
2026-08-09T22:35:00Z,78.6,78.74,78.59,78.7,428
2026-08-09T22:40:00Z,78.69,78.91,78.69,78.83,389
2026-08-09T22:45:00Z,78.83,78.9,78.76,78.83,137
2026-08-09T22:50:00Z,78.81,78.88,78.77,78.8,247
2026-08-09T22:55:00Z,78.8,78.87,78.78,78.85,156
2026-08-09T23:00:00Z,78.85,78.86,78.7,78.75,198
2026-08-09T23:05:00Z,78.75,78.76,78.63,78.67,165
2026-08-09T23:10:00Z,78.66,78.71,78.6,78.66,174
2026-08-09T23:15:00Z,78.65,78.75,78.65,78.73,60
2026-08-09T23:20:00Z,78.72,78.74,78.7,78.7,26
2026-08-09T23:25:00Z,78.72,78.78,78.71,78.74,160
2026-08-09T23:30:00Z,78.75,78.76,78.71,78.76,76
2026-08-09T23:35:00Z,78.73,78.83,78.73,78.83,107
2026-08-09T23:40:00Z,78.82,78.93,78.81,78.84,150
2026-08-09T23:45:00Z,78.81,78.89,78.78,78.82,102
2026-08-09T23:50:00Z,78.84,78.86,78.82,78.83,68
2026-08-09T23:55:00Z,78.82,78.82,78.73,78.77,79
2026-08-10T00:00:00Z,78.76,78.79,78.57,78.58,442
2026-08-10T00:05:00Z,78.59,78.67,78.5,78.66,227
2026-08-10T00:10:00Z,78.67,78.85,78.67,78.82,235
2026-08-10T00:15:00Z,78.84,78.87,78.78,78.84,123
2026-08-10T00:20:00Z,78.83,78.9,78.83,78.88,98
2026-08-10T00:25:00Z,78.88,78.91,78.85,78.87,97
2026-08-10T00:30:00Z,78.9,78.96,78.83,78.84,284
2026-08-10T00:35:00Z,78.82,78.87,78.75,78.81,157
2026-08-10T00:40:00Z,78.82,78.84,78.72,78.81,124
2026-08-10T00:45:00Z,78.82,78.82,78.74,78.79,169
2026-08-10T00:50:00Z,78.84,78.95,78.68,78.84,309
2026-08-10T00:55:00Z,78.87,78.88,78.62,78.66,251
2026-08-10T01:00:00Z,78.59,78.82,78.18,78.68,1400
2026-08-10T01:05:00Z,78.67,79.03,78.62,78.94,403
2026-08-10T01:10:00Z,78.95,79.05,78.84,78.98,295
2026-08-10T01:15:00Z,78.99,79.03,78.82,78.86,163
2026-08-10T01:20:00Z,78.88,78.9,78.79,78.86,100
2026-08-10T01:25:00Z,78.81,79.03,78.8,78.96,248
2026-08-10T01:30:00Z,78.96,79.16,78.95,78.97,471
2026-08-10T01:35:00Z,78.98,79.05,78.96,79.0,139
2026-08-10T01:40:00Z,79.03,79.1,79.02,79.02,90
2026-08-10T01:45:00Z,79.03,79.09,78.99,79.04,98
2026-08-10T01:50:00Z,79.05,79.07,78.8,78.89,254
2026-08-10T01:55:00Z,78.9,78.95,78.85,78.88,85
2026-08-10T02:00:00Z,78.88,78.97,78.85,78.92,93
2026-08-10T02:05:00Z,78.91,79.01,78.87,78.96,123
2026-08-10T02:10:00Z,78.95,78.95,78.86,78.9,60
2026-08-10T02:15:00Z,78.87,78.9,78.83,78.84,61
2026-08-10T02:20:00Z,78.83,78.84,78.72,78.73,123
2026-08-10T02:25:00Z,78.75,78.77,78.66,78.7,129
2026-08-10T02:30:00Z,78.68,78.72,78.63,78.7,82
2026-08-10T02:35:00Z,78.69,78.78,78.66,78.67,113
2026-08-10T02:40:00Z,78.68,78.72,78.59,78.67,116
2026-08-10T02:45:00Z,78.67,78.79,78.66,78.75,143
2026-08-10T02:50:00Z,78.76,78.84,78.72,78.8,81
2026-08-10T02:55:00Z,78.81,78.91,78.73,78.82,103
2026-08-10T03:00:00Z,78.83,78.86,78.66,78.68,108
2026-08-10T03:05:00Z,78.67,78.69,78.62,78.62,60
2026-08-10T03:10:00Z,78.58,78.73,78.56,78.69,111
2026-08-10T03:15:00Z,78.68,78.68,78.58,78.59,52
2026-08-10T03:20:00Z,78.61,78.63,78.55,78.62,64
2026-08-10T03:25:00Z,78.58,78.65,78.55,78.65,82
2026-08-10T03:30:00Z,78.65,78.79,78.65,78.78,136
2026-08-10T03:35:00Z,78.76,78.85,78.73,78.81,175
2026-08-10T03:40:00Z,78.8,78.83,78.75,78.76,58
2026-08-10T03:45:00Z,78.75,78.82,78.75,78.79,64
2026-08-10T03:50:00Z,78.81,78.84,78.79,78.79,61
2026-08-10T03:55:00Z,78.8,78.81,78.75,78.81,53
2026-08-10T04:00:00Z,78.79,78.83,78.74,78.83,42
2026-08-10T04:05:00Z,78.83,78.85,78.81,78.82,56
2026-08-10T04:10:00Z,78.81,78.87,78.8,78.85,39
2026-08-10T04:15:00Z,78.83,78.84,78.81,78.81,20
2026-08-10T04:20:00Z,78.83,78.83,78.73,78.74,33
2026-08-10T04:25:00Z,78.73,78.81,78.69,78.78,139
2026-08-10T04:30:00Z,78.77,78.77,78.63,78.66,107
2026-08-10T04:35:00Z,78.66,78.75,78.64,78.71,125
2026-08-10T04:40:00Z,78.72,78.75,78.57,78.6,186
2026-08-10T04:45:00Z,78.59,78.6,78.52,78.56,88
2026-08-10T04:50:00Z,78.54,78.54,78.33,78.38,383
2026-08-10T04:55:00Z,78.45,78.52,78.39,78.45,232
2026-08-10T05:00:00Z,78.45,78.54,78.42,78.5,219
2026-08-10T05:05:00Z,78.5,78.54,78.42,78.48,310
2026-08-10T05:10:00Z,78.46,78.61,78.43,78.52,376
2026-08-10T05:15:00Z,78.53,78.55,78.39,78.41,148
2026-08-10T05:20:00Z,78.42,78.44,78.38,78.42,70
2026-08-10T05:25:00Z,78.43,78.48,78.41,78.44,78
2026-08-10T05:30:00Z,78.41,78.5,78.35,78.43,248
2026-08-10T05:35:00Z,78.44,78.5,78.41,78.49,140
2026-08-10T05:40:00Z,78.49,78.49,78.38,78.38,66
2026-08-10T05:45:00Z,78.36,78.4,78.26,78.29,163
2026-08-10T05:50:00Z,78.29,78.29,77.9,77.94,999
2026-08-10T05:55:00Z,77.95,77.95,77.8,77.83,310
2026-08-10T06:00:00Z,77.83,78.24,77.79,78.2,645
2026-08-10T06:05:00Z,78.2,78.32,78.15,78.17,370
2026-08-10T06:10:00Z,78.21,78.23,78.07,78.22,266
2026-08-10T06:15:00Z,78.21,78.25,78.04,78.08,214
2026-08-10T06:20:00Z,78.07,78.08,77.95,78.0,194
2026-08-10T06:25:00Z,78.0,78.07,77.95,78.05,189
2026-08-10T06:30:00Z,78.04,78.07,77.93,77.97,130
2026-08-10T06:35:00Z,77.97,77.97,77.84,77.94,350
2026-08-10T06:40:00Z,77.93,78.06,77.87,78.06,262
2026-08-10T06:45:00Z,78.06,78.11,77.97,78.07,346
2026-08-10T06:50:00Z,78.08,78.18,78.08,78.17,138
2026-08-10T06:55:00Z,78.17,78.21,77.89,77.93,431
2026-08-10T07:00:00Z,77.92,78.38,77.89,78.34,654
2026-08-10T07:05:00Z,78.34,78.65,78.34,78.49,748
2026-08-10T07:10:00Z,78.5,78.51,78.38,78.47,271
2026-08-10T07:15:00Z,78.46,78.59,78.38,78.53,333
2026-08-10T07:20:00Z,78.52,78.52,78.21,78.29,568
2026-08-10T07:25:00Z,78.29,78.41,78.01,78.05,722
2026-08-10T07:30:00Z,78.05,78.25,78.01,78.25,332
2026-08-10T07:35:00Z,78.22,78.33,78.14,78.32,369
2026-08-10T07:40:00Z,78.32,78.35,78.09,78.09,760
2026-08-10T07:45:00Z,78.09,78.23,77.82,78.2,1289
2026-08-10T07:50:00Z,78.22,78.32,78.13,78.29,319
2026-08-10T07:55:00Z,78.29,78.36,78.2,78.2,333
2026-08-10T08:00:00Z,78.21,78.31,78.18,78.28,306
2026-08-10T08:05:00Z,78.28,78.37,78.18,78.35,181
2026-08-10T08:10:00Z,78.34,78.35,78.19,78.3,191
2026-08-10T08:15:00Z,78.31,78.47,78.2,78.33,684
2026-08-10T08:20:00Z,78.33,78.55,78.29,78.47,620
2026-08-10T08:25:00Z,78.44,78.63,78.31,78.53,985
2026-08-10T08:30:00Z,78.53,78.9,78.39,78.75,1301
2026-08-10T08:35:00Z,78.75,78.9,78.61,78.89,460
2026-08-10T08:40:00Z,78.9,79.11,78.85,79.03,1117
2026-08-10T08:45:00Z,79.03,79.12,78.95,79.02,493
2026-08-10T08:50:00Z,79.03,79.36,79.03,79.34,1386
2026-08-10T08:55:00Z,79.33,79.35,79.13,79.15,519
2026-08-10T09:00:00Z,79.13,79.14,78.97,79.01,679
2026-08-10T09:05:00Z,79.0,79.1,78.93,79.04,336
2026-08-10T09:10:00Z,79.06,79.07,78.96,78.96,307
2026-08-10T09:15:00Z,78.97,79.09,78.97,79.0,280
2026-08-10T09:20:00Z,79.01,79.01,78.67,78.68,838
2026-08-10T09:25:00Z,78.68,78.8,78.66,78.76,453
2026-08-10T09:30:00Z,78.76,78.92,78.7,78.75,521
2026-08-10T09:35:00Z,78.75,78.97,78.75,78.95,321
2026-08-10T09:40:00Z,78.97,79.08,78.93,79.02,355
2026-08-10T09:45:00Z,79.03,79.13,79.0,79.03,258
2026-08-10T09:50:00Z,79.04,79.07,78.95,79.06,222
2026-08-10T09:55:00Z,79.04,79.06,78.92,79.02,169
2026-08-10T10:00:00Z,79.05,79.05,78.88,78.88,242
2026-08-10T10:05:00Z,78.88,78.88,78.74,78.82,453
2026-08-10T10:10:00Z,78.82,78.88,78.75,78.85,253
2026-08-10T10:15:00Z,78.83,78.94,78.74,78.75,263
2026-08-10T10:20:00Z,78.76,78.76,78.44,78.63,908
2026-08-10T10:25:00Z,78.64,78.82,78.63,78.81,288
2026-08-10T10:30:00Z,78.82,79.06,78.76,78.92,436
2026-08-10T10:35:00Z,78.93,79.33,78.9,79.27,1061
2026-08-10T10:40:00Z,79.26,79.49,79.24,79.36,1297
2026-08-10T10:45:00Z,79.36,79.38,79.16,79.22,600
2026-08-10T10:50:00Z,79.24,79.59,79.21,79.54,835
2026-08-10T10:55:00Z,79.53,79.53,79.41,79.47,381
2026-08-10T11:00:00Z,79.49,79.6,79.28,79.37,1079
2026-08-10T11:05:00Z,79.35,79.45,79.32,79.39,290
2026-08-10T11:10:00Z,79.38,79.38,79.27,79.29,224
2026-08-10T11:15:00Z,79.3,79.35,79.26,79.27,369
2026-08-10T11:20:00Z,79.27,79.32,79.13,79.14,888
2026-08-10T11:25:00Z,79.14,79.14,78.97,79.07,473
2026-08-10T11:30:00Z,79.07,79.15,79.01,79.12,444
2026-08-10T11:35:00Z,79.14,79.37,79.14,79.29,1121
2026-08-10T11:40:00Z,79.28,79.53,79.25,79.49,1028
2026-08-10T11:45:00Z,79.49,79.62,79.4,79.53,932
2026-08-10T11:50:00Z,79.55,79.64,79.45,79.64,1329
2026-08-10T11:55:00Z,79.61,79.64,79.5,79.58,599
2026-08-10T12:00:00Z,79.58,79.63,79.5,79.58,1102
2026-08-10T12:05:00Z,79.59,79.64,79.39,79.44,819
2026-08-10T12:10:00Z,79.43,79.61,79.42,79.56,817
2026-08-10T12:15:00Z,79.55,79.59,79.46,79.5,457
2026-08-10T12:20:00Z,79.52,79.53,79.39,79.4,484
2026-08-10T12:25:00Z,79.4,79.46,79.27,79.3,718
2026-08-10T12:30:00Z,79.32,79.59,79.3,79.53,722
2026-08-10T12:35:00Z,79.53,79.68,79.5,79.63,661
2026-08-10T12:40:00Z,79.63,79.79,79.54,79.75,938
2026-08-10T12:45:00Z,79.75,79.77,79.65,79.74,563
2026-08-10T12:50:00Z,79.75,79.98,79.69,79.92,2009
2026-08-10T12:55:00Z,79.93,79.96,79.55,79.73,1724
2026-08-10T13:00:00Z,79.7,79.73,79.23,79.32,2913
2026-08-10T13:05:00Z,79.33,79.59,79.29,79.55,1313
2026-08-10T13:10:00Z,79.54,79.68,79.44,79.48,1157
2026-08-10T13:15:00Z,79.48,79.55,79.26,79.31,1718
2026-08-10T13:20:00Z,79.3,79.55,79.17,79.48,1805
2026-08-10T13:25:00Z,79.49,79.68,79.41,79.67,1053
2026-08-10T13:30:00Z,79.68,79.95,79.62,79.89,2248
2026-08-10T13:35:00Z,79.89,79.97,79.82,79.91,1419
2026-08-10T13:40:00Z,79.93,80.19,79.88,80.08,2857
2026-08-10T13:45:00Z,80.11,80.48,80.08,80.45,3853
2026-08-10T13:50:00Z,80.46,80.83,80.42,80.59,4171
2026-08-10T13:55:00Z,80.6,80.98,80.58,80.85,3004
2026-08-10T14:00:00Z,80.82,80.86,80.61,80.63,2270
2026-08-10T14:05:00Z,80.63,80.83,80.61,80.83,1467
2026-08-10T14:10:00Z,80.82,80.9,80.73,80.75,1459
2026-08-10T14:15:00Z,80.76,80.76,80.33,80.33,1939
2026-08-10T14:20:00Z,80.34,80.53,80.31,80.43,1472
2026-08-10T14:25:00Z,80.42,80.5,80.3,80.32,1218
2026-08-10T14:30:00Z,80.33,80.52,80.28,80.46,1630
2026-08-10T14:35:00Z,80.5,80.56,80.41,80.49,1220
2026-08-10T14:40:00Z,80.48,80.66,80.48,80.63,1331
2026-08-10T14:45:00Z,80.64,80.71,80.53,80.64,896
2026-08-10T14:50:00Z,80.65,80.91,80.64,80.82,1831
2026-08-10T14:55:00Z,80.81,80.87,80.73,80.8,1134
2026-08-10T15:00:00Z,80.77,80.92,80.66,80.92,2456
2026-08-10T15:05:00Z,80.92,81.05,80.84,80.91,1857
2026-08-10T15:10:00Z,80.92,80.99,80.78,80.88,1684
2026-08-10T15:15:00Z,80.9,81.04,80.8,80.9,1612
2026-08-10T15:20:00Z,80.87,81.2,80.81,81.2,1727
2026-08-10T15:25:00Z,81.18,81.3,81.05,81.19,3074
2026-08-10T15:30:00Z,81.19,81.28,81.09,81.2,1701
2026-08-10T15:35:00Z,81.19,81.25,81.04,81.22,2071
2026-08-10T15:40:00Z,81.2,81.4,81.13,81.3,1201
2026-08-10T15:45:00Z,81.31,81.38,81.23,81.3,1361
2026-08-10T15:50:00Z,81.32,81.32,81.08,81.17,1439
2026-08-10T15:55:00Z,81.19,81.27,81.03,81.04,1440
2026-08-10T16:00:00Z,81.04,81.07,80.93,80.96,2001
2026-08-10T16:05:00Z,80.95,80.99,80.82,80.97,1529
2026-08-10T16:10:00Z,80.96,81.11,80.91,81.05,1417
2026-08-10T16:15:00Z,81.04,81.06,80.95,81.02,597
2026-08-10T16:20:00Z,81.02,81.19,81.0,81.15,1028
2026-08-10T16:25:00Z,81.15,81.23,81.12,81.14,905
2026-08-10T16:30:00Z,81.15,81.62,81.06,81.28,3548
2026-08-10T16:35:00Z,81.28,81.38,81.16,81.35,1240
2026-08-10T16:40:00Z,81.34,81.51,81.29,81.47,1565
2026-08-10T16:45:00Z,81.48,81.48,81.32,81.44,1622
2026-08-10T16:50:00Z,81.45,81.5,81.34,81.49,979
2026-08-10T16:55:00Z,81.48,81.56,81.41,81.41,2036
2026-08-10T17:00:00Z,81.43,81.64,81.43,81.61,1873
2026-08-10T17:05:00Z,81.62,81.66,81.43,81.52,2434
2026-08-10T17:10:00Z,81.49,81.6,81.46,81.53,1207
2026-08-10T17:15:00Z,81.5,81.58,81.43,81.5,1315
2026-08-10T17:20:00Z,81.5,81.56,81.45,81.45,1448
2026-08-10T17:25:00Z,81.46,81.63,81.46,81.61,1633
2026-08-10T17:30:00Z,81.61,81.73,81.52,81.72,1758
2026-08-10T17:35:00Z,81.74,81.81,81.68,81.76,1739
2026-08-10T17:40:00Z,81.78,81.84,81.74,81.82,1553
2026-08-10T17:45:00Z,81.82,81.92,81.75,81.88,2345
2026-08-10T17:50:00Z,81.89,81.95,81.73,81.8,2138
2026-08-10T17:55:00Z,81.79,81.96,81.76,81.95,2084
2026-08-10T18:00:00Z,81.95,81.97,81.82,81.84,2088
2026-08-10T18:05:00Z,81.83,81.85,81.76,81.81,1701
2026-08-10T18:10:00Z,81.82,81.85,81.77,81.82,1714
2026-08-10T18:15:00Z,81.8,82.28,81.8,82.21,3858
2026-08-10T18:20:00Z,82.2,82.32,82.16,82.22,4394
2026-08-10T18:25:00Z,82.21,82.25,82.05,82.17,22023
2026-08-10T18:30:00Z,82.17,82.3,82.15,82.28,3807
2026-08-10T18:35:00Z,82.28,82.28,82.13,82.18,1382
2026-08-10T18:40:00Z,82.18,82.21,82.1,82.14,1203
2026-08-10T18:45:00Z,82.14,82.14,82.03,82.06,619
2026-08-10T18:50:00Z,82.05,82.11,81.99,82.02,830
2026-08-10T18:55:00Z,82.02,82.05,81.87,81.9,1006
2026-08-10T19:00:00Z,81.9,81.93,81.66,81.75,1044
2026-08-10T19:05:00Z,81.75,81.79,81.68,81.7,927
2026-08-10T19:10:00Z,81.7,81.87,81.68,81.76,495
2026-08-10T19:15:00Z,81.76,81.87,81.76,81.85,292
2026-08-10T19:20:00Z,81.85,81.91,81.83,81.89,380
2026-08-10T19:25:00Z,81.89,81.99,81.87,81.98,655
2026-08-10T19:30:00Z,81.97,82.1,81.95,82.07,685
2026-08-10T19:35:00Z,82.07,82.08,81.96,82.05,559
2026-08-10T19:40:00Z,82.04,82.1,82.01,82.01,884
2026-08-10T19:45:00Z,82.04,82.08,82.0,82.07,154
2026-08-10T19:50:00Z,82.06,82.12,82.02,82.12,292
2026-08-10T19:55:00Z,82.12,82.15,82.07,82.14,329
2026-08-10T20:00:00Z,82.15,82.18,82.09,82.15,396
2026-08-10T20:05:00Z,82.16,82.18,82.11,82.18,183
2026-08-10T20:10:00Z,82.19,82.24,82.18,82.2,310
2026-08-10T20:15:00Z,82.2,82.22,82.12,82.15,332
2026-08-10T20:20:00Z,82.14,82.23,82.14,82.21,510
2026-08-10T20:25:00Z,82.21,82.34,82.21,82.29,820
2026-08-10T20:30:00Z,82.27,82.38,82.27,82.32,396
2026-08-10T20:35:00Z,82.3,82.35,82.24,82.32,392
2026-08-10T20:40:00Z,82.33,82.37,82.28,82.36,204
2026-08-10T20:45:00Z,82.37,82.38,82.24,82.29,475
2026-08-10T20:50:00Z,82.27,82.38,82.27,82.3,278
2026-08-10T20:55:00Z,82.29,82.33,82.26,82.3,200
2026-08-10T22:00:00Z,82.35,82.35,82.07,82.22,0
2026-08-10T22:05:00Z,82.19,82.24,82.18,82.22,78
2026-08-10T22:10:00Z,82.22,82.22,82.18,82.2,37
2026-08-10T22:15:00Z,82.19,82.19,82.06,82.14,193
2026-08-10T22:20:00Z,82.15,82.16,82.1,82.15,89
2026-08-10T22:25:00Z,82.15,82.2,82.1,82.14,95
2026-08-10T22:30:00Z,82.16,82.19,82.1,82.13,74
2026-08-10T22:35:00Z,82.11,82.15,82.11,82.11,38
2026-08-10T22:40:00Z,82.12,82.15,82.07,82.14,71
2026-08-10T22:45:00Z,82.14,82.14,82.09,82.1,18
2026-08-10T22:50:00Z,82.11,82.14,82.09,82.14,17
2026-08-10T22:55:00Z,82.12,82.14,82.11,82.13,4
2026-08-10T23:00:00Z,82.13,82.13,82.05,82.06,47
2026-08-10T23:05:00Z,82.05,82.06,82.02,82.06,78
2026-08-10T23:10:00Z,82.07,82.11,82.02,82.03,56
2026-08-10T23:15:00Z,82.02,82.03,81.98,82.03,88
2026-08-10T23:20:00Z,82.04,82.07,82.02,82.07,30
2026-08-10T23:25:00Z,82.07,82.09,82.04,82.08,57
2026-08-10T23:30:00Z,82.07,82.13,82.07,82.08,52
2026-08-10T23:35:00Z,82.08,82.13,82.08,82.13,25
2026-08-10T23:40:00Z,82.12,82.16,82.1,82.11,72
2026-08-10T23:45:00Z,82.09,82.18,82.09,82.12,72
2026-08-10T23:50:00Z,82.1,82.15,82.08,82.13,27
2026-08-10T23:55:00Z,82.12,82.14,82.09,82.12,30
2026-08-11T00:00:00Z,82.12,82.15,82.02,82.08,282
2026-08-11T00:05:00Z,82.09,82.29,82.07,82.28,200
2026-08-11T00:10:00Z,82.25,82.31,82.15,82.17,250
2026-08-11T00:15:00Z,82.18,82.18,82.09,82.16,134
2026-08-11T00:20:00Z,82.14,82.18,82.08,82.15,128
2026-08-11T00:25:00Z,82.14,82.29,82.14,82.19,439
2026-08-11T00:30:00Z,82.2,82.24,82.18,82.21,52
2026-08-11T00:35:00Z,82.21,82.22,82.17,82.2,60
2026-08-11T00:40:00Z,82.19,82.2,82.14,82.15,126
2026-08-11T00:45:00Z,82.18,82.41,82.17,82.38,238
2026-08-11T00:50:00Z,82.38,82.45,82.27,82.28,509
2026-08-11T00:55:00Z,82.28,82.31,82.21,82.21,609
2026-08-11T01:00:00Z,82.16,82.22,82.0,82.05,593
2026-08-11T01:05:00Z,82.07,82.38,82.07,82.36,388
2026-08-11T01:10:00Z,82.35,82.37,82.24,82.26,270
2026-08-11T01:15:00Z,82.25,82.32,82.17,82.25,414
2026-08-11T01:20:00Z,82.24,82.24,82.1,82.22,221
2026-08-11T01:25:00Z,82.23,82.26,82.16,82.18,84
2026-08-11T01:30:00Z,82.17,82.27,82.17,82.25,356
2026-08-11T01:35:00Z,82.24,82.37,82.22,82.33,205
2026-08-11T01:40:00Z,82.32,82.52,82.28,82.4,584
2026-08-11T01:45:00Z,82.41,82.49,82.4,82.45,114
2026-08-11T01:50:00Z,82.48,82.51,82.41,82.41,137
2026-08-11T01:55:00Z,82.39,82.44,82.35,82.41,169
2026-08-11T02:00:00Z,82.41,82.41,82.31,82.31,157
2026-08-11T02:05:00Z,82.3,82.38,82.28,82.32,100
2026-08-11T02:10:00Z,82.32,82.41,82.32,82.38,75
2026-08-11T02:15:00Z,82.37,82.4,82.34,82.36,42
2026-08-11T02:20:00Z,82.35,82.44,82.3,82.32,119
2026-08-11T02:25:00Z,82.31,82.33,82.24,82.29,118
2026-08-11T02:30:00Z,82.3,82.3,82.2,82.2,169
2026-08-11T02:35:00Z,82.22,82.27,82.16,82.21,178
2026-08-11T02:40:00Z,82.19,82.22,82.18,82.2,57
2026-08-11T02:45:00Z,82.18,82.42,82.17,82.38,182
2026-08-11T02:50:00Z,82.39,82.44,82.34,82.41,279
2026-08-11T02:55:00Z,82.42,82.44,82.29,82.34,93
2026-08-11T03:00:00Z,82.35,82.41,82.33,82.37,124
2026-08-11T03:05:00Z,82.37,82.39,82.3,82.3,44
2026-08-11T03:10:00Z,82.31,82.31,82.24,82.26,53
2026-08-11T03:15:00Z,82.26,82.4,82.26,82.39,117
2026-08-11T03:20:00Z,82.39,82.4,82.31,82.31,87
2026-08-11T03:25:00Z,82.31,82.35,82.24,82.24,94
2026-08-11T03:30:00Z,82.24,82.24,82.12,82.12,188
2026-08-11T03:35:00Z,82.1,82.22,82.1,82.2,120
2026-08-11T03:40:00Z,82.19,82.19,82.13,82.13,51
2026-08-11T03:45:00Z,82.13,82.14,82.1,82.13,35
2026-08-11T03:50:00Z,82.14,82.19,82.12,82.17,41
2026-08-11T03:55:00Z,82.18,82.18,82.1,82.12,43
2026-08-11T04:00:00Z,82.09,82.1,82.02,82.07,157
2026-08-11T04:05:00Z,82.08,82.09,82.0,82.01,137
2026-08-11T04:10:00Z,82.01,82.05,82.0,82.03,105
2026-08-11T04:15:00Z,82.03,82.08,81.91,82.03,257
2026-08-11T04:20:00Z,82.04,82.06,82.0,82.01,42
2026-08-11T04:25:00Z,82.0,82.04,81.93,82.03,150
2026-08-11T04:30:00Z,82.01,82.03,81.97,82.02,102
2026-08-11T04:35:00Z,82.03,82.19,82.0,82.13,265
2026-08-11T04:40:00Z,82.13,82.27,82.12,82.25,170
2026-08-11T04:45:00Z,82.25,82.32,82.22,82.24,161
2026-08-11T04:50:00Z,82.22,82.23,82.17,82.19,70
2026-08-11T04:55:00Z,82.18,82.25,82.17,82.24,62
2026-08-11T05:00:00Z,82.25,82.3,82.22,82.24,125
2026-08-11T05:05:00Z,82.24,82.34,82.24,82.3,53
2026-08-11T05:10:00Z,82.28,82.4,82.28,82.38,187
2026-08-11T05:15:00Z,82.37,82.53,82.35,82.42,269
2026-08-11T05:20:00Z,82.42,82.55,82.4,82.47,306
2026-08-11T05:25:00Z,82.44,82.44,82.38,82.4,118
2026-08-11T05:30:00Z,82.4,82.55,82.37,82.47,357
2026-08-11T05:35:00Z,82.46,82.48,82.25,82.29,464
2026-08-11T05:40:00Z,82.27,82.27,82.16,82.24,372
2026-08-11T05:45:00Z,82.26,82.41,82.26,82.4,183
2026-08-11T05:50:00Z,82.43,82.5,82.4,82.49,237
2026-08-11T05:55:00Z,82.5,82.5,82.41,82.47,87
2026-08-11T06:00:00Z,82.47,82.54,82.31,82.38,319
2026-08-11T06:05:00Z,82.37,82.43,82.34,82.4,177
2026-08-11T06:10:00Z,82.42,82.56,82.38,82.52,307
2026-08-11T06:15:00Z,82.52,82.76,82.49,82.75,576
2026-08-11T06:20:00Z,82.73,82.74,82.51,82.6,698
2026-08-11T06:25:00Z,82.6,82.81,82.6,82.81,622
2026-08-11T06:30:00Z,82.82,83.43,82.74,83.33,2954
2026-08-11T06:35:00Z,83.33,83.51,83.26,83.38,1260
2026-08-11T06:40:00Z,83.38,83.67,83.28,83.61,1764
2026-08-11T06:45:00Z,83.6,83.69,83.5,83.63,991
2026-08-11T06:50:00Z,83.64,83.71,83.48,83.63,669
2026-08-11T06:55:00Z,83.64,83.73,83.45,83.46,819
2026-08-11T07:00:00Z,83.45,83.61,83.37,83.47,1755
2026-08-11T07:05:00Z,83.49,83.59,83.23,83.46,1442
2026-08-11T07:10:00Z,83.48,83.65,83.41,83.6,909
2026-08-11T07:15:00Z,83.59,83.75,83.53,83.65,781
2026-08-11T07:20:00Z,83.65,83.98,83.63,83.96,1850
2026-08-11T07:25:00Z,83.95,83.96,83.61,83.72,870
2026-08-11T07:30:00Z,83.72,83.97,83.7,83.88,659
2026-08-11T07:35:00Z,83.91,83.91,83.69,83.78,563
2026-08-11T07:40:00Z,83.79,83.8,83.64,83.67,381
2026-08-11T07:45:00Z,83.67,83.9,83.67,83.85,481
2026-08-11T07:50:00Z,83.85,84.05,83.85,83.98,1127
2026-08-11T07:55:00Z,83.99,84.04,83.93,83.96,448
2026-08-11T08:00:00Z,83.95,84.04,83.73,83.96,950
2026-08-11T08:05:00Z,83.96,84.14,83.91,84.09,1032
2026-08-11T08:10:00Z,84.07,84.28,84.05,84.22,1398
2026-08-11T08:15:00Z,84.22,84.4,84.17,84.33,834
2026-08-11T08:20:00Z,84.34,84.46,84.28,84.41,1590
2026-08-11T08:25:00Z,84.41,84.41,84.23,84.36,1517
2026-08-11T08:30:00Z,84.36,84.46,84.26,84.35,906
2026-08-11T08:35:00Z,84.36,84.37,84.22,84.25,619
2026-08-11T08:40:00Z,84.26,84.42,84.19,84.21,727
2026-08-11T08:45:00Z,84.22,84.38,84.2,84.34,411
2026-08-11T08:50:00Z,84.37,84.42,84.27,84.37,872
2026-08-11T08:55:00Z,84.37,84.54,84.35,84.52,1121
2026-08-11T09:00:00Z,84.53,84.59,84.41,84.45,1066
2026-08-11T09:05:00Z,84.44,84.58,84.32,84.56,1150
2026-08-11T09:10:00Z,84.56,84.61,84.49,84.55,519
2026-08-11T09:15:00Z,84.56,84.58,84.43,84.52,394
2026-08-11T09:20:00Z,84.52,84.52,84.36,84.43,629
2026-08-11T09:25:00Z,84.43,84.51,84.2,84.23,780
2026-08-11T09:30:00Z,84.22,84.23,83.97,84.12,1345
2026-08-11T09:35:00Z,84.11,84.26,84.08,84.24,828
2026-08-11T09:40:00Z,84.24,84.45,84.14,84.44,845
2026-08-11T09:45:00Z,84.43,84.45,84.22,84.3,532
2026-08-11T09:50:00Z,84.3,84.35,84.22,84.23,681
2026-08-11T09:55:00Z,84.23,84.26,84.09,84.23,1044
2026-08-11T10:00:00Z,84.2,84.35,84.09,84.25,765
2026-08-11T10:05:00Z,84.24,84.24,84.03,84.03,397
2026-08-11T10:10:00Z,84.05,84.1,83.97,84.04,439
2026-08-11T10:15:00Z,84.04,84.15,84.03,84.12,216
2026-08-11T10:20:00Z,84.13,84.13,83.83,83.93,1498
2026-08-11T10:25:00Z,83.94,83.99,83.37,83.62,2616
2026-08-11T10:30:00Z,83.62,83.84,83.55,83.6,1432
2026-08-11T10:35:00Z,83.61,83.74,83.56,83.71,489
2026-08-11T10:40:00Z,83.7,83.78,83.63,83.68,555
2026-08-11T10:45:00Z,83.67,83.68,83.37,83.38,1045
2026-08-11T10:50:00Z,83.38,83.48,83.26,83.47,991
2026-08-11T10:55:00Z,83.47,83.6,83.45,83.47,1048
2026-08-11T11:00:00Z,83.48,83.5,81.95,82.05,8663
2026-08-11T11:05:00Z,82.05,82.17,81.83,81.95,3061
2026-08-11T11:10:00Z,81.93,82.04,81.66,81.78,2278
2026-08-11T11:15:00Z,81.79,82.06,81.75,81.99,1530
2026-08-11T11:20:00Z,81.97,82.26,81.85,82.18,1350
2026-08-11T11:25:00Z,82.18,82.36,82.1,82.31,986
2026-08-11T11:30:00Z,82.31,82.48,82.2,82.25,1199
2026-08-11T11:35:00Z,82.29,82.31,81.86,81.89,1472
2026-08-11T11:40:00Z,81.87,82.06,81.86,82.04,946
2026-08-11T11:45:00Z,82.04,82.31,82.01,82.23,1203
2026-08-11T11:50:00Z,82.23,82.24,82.08,82.16,956
2026-08-11T11:55:00Z,82.18,82.26,82.09,82.16,814
2026-08-11T12:00:00Z,82.16,82.42,82.14,82.35,1575
2026-08-11T12:05:00Z,82.35,82.35,82.05,82.09,1289
2026-08-11T12:10:00Z,82.09,82.18,81.83,82.16,1269
2026-08-11T12:15:00Z,82.15,82.36,82.12,82.26,694
2026-08-11T12:20:00Z,82.27,82.76,82.24,82.75,3407
2026-08-11T12:25:00Z,82.74,82.76,82.46,82.48,1608
2026-08-11T12:30:00Z,82.47,82.53,82.37,82.42,758
2026-08-11T12:35:00Z,82.43,82.46,82.28,82.34,606
2026-08-11T12:40:00Z,82.34,82.47,82.32,82.45,942
2026-08-11T12:45:00Z,82.46,82.5,82.35,82.39,1090
2026-08-11T12:50:00Z,82.41,82.59,82.38,82.54,710
2026-08-11T12:55:00Z,82.55,82.63,82.52,82.55,1059
2026-08-11T13:00:00Z,82.54,82.57,81.78,82.01,4368
2026-08-11T13:05:00Z,82.01,82.01,81.72,81.93,2228
2026-08-11T13:10:00Z,81.95,82.0,81.8,81.86,1122
2026-08-11T13:15:00Z,81.86,81.93,81.48,81.82,3878
2026-08-11T13:20:00Z,81.83,81.98,81.74,81.75,1484
2026-08-11T13:25:00Z,81.75,81.78,81.44,81.55,1680
2026-08-11T13:30:00Z,81.54,81.86,81.51,81.82,2039
2026-08-11T13:35:00Z,81.83,81.95,81.59,81.67,1590
2026-08-11T13:40:00Z,81.68,81.73,81.5,81.54,1435
2026-08-11T13:45:00Z,81.53,81.55,81.27,81.36,2635
2026-08-11T13:50:00Z,81.33,81.6,81.31,81.59,1652
2026-08-11T13:55:00Z,81.59,81.62,81.4,81.62,1375
2026-08-11T14:00:00Z,81.64,81.93,81.62,81.91,3056
2026-08-11T14:05:00Z,81.94,82.03,81.84,81.97,1472
2026-08-11T14:10:00Z,81.98,82.14,81.96,82.03,1441
2026-08-11T14:15:00Z,82.04,82.28,81.99,82.14,2248
2026-08-11T14:20:00Z,82.13,82.17,81.98,82.05,1199
2026-08-11T14:25:00Z,82.04,82.22,82.0,82.22,780
2026-08-11T14:30:00Z,82.23,82.34,82.16,82.2,1287
2026-08-11T14:35:00Z,82.21,82.24,82.1,82.24,711
2026-08-11T14:40:00Z,82.23,82.44,82.22,82.35,1044
2026-08-11T14:45:00Z,82.36,82.38,82.23,82.34,1071
2026-08-11T14:50:00Z,82.38,82.55,82.3,82.46,2146
2026-08-11T14:55:00Z,82.46,82.7,82.41,82.57,1584
2026-08-11T15:00:00Z,82.56,82.59,82.38,82.58,1295
2026-08-11T15:05:00Z,82.58,82.73,82.45,82.48,1499
2026-08-11T15:10:00Z,82.47,82.5,82.27,82.44,1524
2026-08-11T15:15:00Z,82.45,82.65,82.43,82.57,1371
2026-08-11T15:20:00Z,82.56,82.69,82.52,82.55,1558
2026-08-11T15:25:00Z,82.55,82.67,82.4,82.59,2027
2026-08-11T15:30:00Z,82.62,83.25,82.6,83.21,6123
2026-08-11T15:35:00Z,83.22,83.32,82.98,83.05,3517
2026-08-11T15:40:00Z,83.04,83.33,83.04,83.2,2275
2026-08-11T15:45:00Z,83.22,83.25,83.1,83.19,1618
2026-08-11T15:50:00Z,83.21,83.35,83.16,83.19,1628
2026-08-11T15:55:00Z,83.2,83.3,83.14,83.27,1509
2026-08-11T16:00:00Z,83.26,83.28,82.98,83.06,2804
2026-08-11T16:05:00Z,83.07,83.11,83.01,83.03,973
2026-08-11T16:10:00Z,83.03,83.17,82.91,83.12,1063
2026-08-11T16:15:00Z,83.12,83.13,82.98,83.05,756
2026-08-11T16:20:00Z,83.04,83.06,82.83,82.88,1769
2026-08-11T16:25:00Z,82.9,83.06,82.79,82.79,1314
2026-08-11T16:30:00Z,82.8,83.04,82.8,82.94,1791
2026-08-11T16:35:00Z,82.93,83.0,82.87,82.92,912
2026-08-11T16:40:00Z,82.91,83.08,82.89,82.99,1186
2026-08-11T16:45:00Z,82.98,83.17,82.93,83.11,1457
2026-08-11T16:50:00Z,83.1,83.21,83.08,83.14,1187
2026-08-11T16:55:00Z,83.13,83.16,83.01,83.14,1189
2026-08-11T17:00:00Z,83.14,83.16,82.97,83.09,1080
2026-08-11T17:05:00Z,83.08,83.25,83.08,83.17,957
2026-08-11T17:10:00Z,83.16,83.2,83.09,83.15,1091
2026-08-11T17:15:00Z,83.15,83.19,83.1,83.15,840
2026-08-11T17:20:00Z,83.13,83.29,82.99,83.22,2114
2026-08-11T17:25:00Z,83.22,83.35,83.21,83.29,1331
2026-08-11T17:30:00Z,83.26,83.29,83.15,83.16,1489
2026-08-11T17:35:00Z,83.16,83.21,83.0,83.13,1941
2026-08-11T17:40:00Z,83.12,83.25,83.1,83.15,1335
2026-08-11T17:45:00Z,83.14,83.23,83.12,83.14,1212
2026-08-11T17:50:00Z,83.15,83.32,83.14,83.25,1523
2026-08-11T17:55:00Z,83.24,83.32,83.22,83.29,1692
2026-08-11T18:00:00Z,83.29,83.36,83.11,83.14,1663
2026-08-11T18:05:00Z,83.13,83.17,83.01,83.14,1944
2026-08-11T18:10:00Z,83.16,83.23,83.01,83.03,1896
2026-08-11T18:15:00Z,83.04,83.15,82.98,82.99,1892
2026-08-11T18:20:00Z,82.99,83.1,82.91,83.09,2390
2026-08-11T18:25:00Z,83.1,83.27,83.04,83.17,15041
2026-08-11T18:30:00Z,83.17,83.3,83.02,83.03,2896
2026-08-11T18:35:00Z,83.03,83.24,83.01,83.24,925
2026-08-11T18:40:00Z,83.24,83.25,83.14,83.15,678
2026-08-11T18:45:00Z,83.15,83.2,83.12,83.15,453
2026-08-11T18:50:00Z,83.13,83.24,83.12,83.18,475
2026-08-11T18:55:00Z,83.19,83.2,83.13,83.16,207
2026-08-11T19:00:00Z,83.17,83.27,83.14,83.27,960
2026-08-11T19:05:00Z,83.28,83.29,83.22,83.24,588
2026-08-11T19:10:00Z,83.24,83.28,83.2,83.27,139
2026-08-11T19:15:00Z,83.27,83.44,83.25,83.41,561
2026-08-11T19:20:00Z,83.41,83.44,83.35,83.4,579
2026-08-11T19:25:00Z,83.41,83.46,83.39,83.46,296
2026-08-11T19:30:00Z,83.46,83.62,83.46,83.49,816
2026-08-11T19:35:00Z,83.5,83.5,83.34,83.34,582
2026-08-11T19:40:00Z,83.34,83.43,83.32,83.35,296
2026-08-11T19:45:00Z,83.35,83.43,83.35,83.43,209
2026-08-11T19:50:00Z,83.44,83.47,83.4,83.43,182
2026-08-11T19:55:00Z,83.44,83.53,83.41,83.41,482
2026-08-11T20:00:00Z,83.44,83.46,83.31,83.36,754
2026-08-11T20:05:00Z,83.39,83.53,83.37,83.48,302
2026-08-11T20:10:00Z,83.49,83.51,83.42,83.49,351
2026-08-11T20:15:00Z,83.48,83.49,83.38,83.41,208
2026-08-11T20:20:00Z,83.41,83.46,83.4,83.42,360
2026-08-11T20:25:00Z,83.4,83.42,83.34,83.39,685
2026-08-11T20:30:00Z,83.4,83.45,83.36,83.39,591
2026-08-11T20:35:00Z,83.4,83.44,83.37,83.4,168
2026-08-11T20:40:00Z,83.41,83.49,83.41,83.46,279
2026-08-11T20:45:00Z,83.47,83.5,83.45,83.46,149
2026-08-11T20:50:00Z,83.46,83.46,83.33,83.34,469
2026-08-11T20:55:00Z,83.35,83.36,83.2,83.23,562
2026-08-11T22:00:00Z,83.5,83.53,83.35,83.4,0
2026-08-11T22:05:00Z,83.4,83.55,83.39,83.51,284
2026-08-11T22:10:00Z,83.49,83.57,83.49,83.52,205
2026-08-11T22:15:00Z,83.53,83.58,83.49,83.57,220
2026-08-11T22:20:00Z,83.55,83.59,83.52,83.52,48
2026-08-11T22:25:00Z,83.52,83.57,83.5,83.5,81
2026-08-11T22:30:00Z,83.5,83.53,83.48,83.52,16
2026-08-11T22:35:00Z,83.54,83.55,83.51,83.54,18
2026-08-11T22:40:00Z,83.54,83.54,83.51,83.52,7
2026-08-11T22:45:00Z,83.52,83.52,83.43,83.48,74
2026-08-11T22:50:00Z,83.48,83.49,83.43,83.48,43
2026-08-11T22:55:00Z,83.46,83.6,83.46,83.5,136
2026-08-11T23:00:00Z,83.49,83.55,83.48,83.48,57
2026-08-11T23:05:00Z,83.5,83.5,83.48,83.49,20
2026-08-11T23:10:00Z,83.49,83.54,83.49,83.52,60
2026-08-11T23:15:00Z,83.5,83.53,83.45,83.48,93
2026-08-11T23:20:00Z,83.48,83.51,83.48,83.51,12
2026-08-11T23:25:00Z,83.49,83.51,83.47,83.51,17
2026-08-11T23:30:00Z,83.49,83.49,83.46,83.47,26
2026-08-11T23:35:00Z,83.46,83.49,83.46,83.49,15
2026-08-11T23:40:00Z,83.48,83.51,83.46,83.5,46
2026-08-11T23:45:00Z,83.5,83.51,83.46,83.46,10
2026-08-11T23:50:00Z,83.46,83.48,83.43,83.44,108
2026-08-11T23:55:00Z,83.44,83.47,83.41,83.43,102
2026-08-12T00:00:00Z,83.44,83.6,83.38,83.54,510
2026-08-12T00:05:00Z,83.52,83.74,83.51,83.6,327
2026-08-12T00:10:00Z,83.61,83.63,83.54,83.61,132
2026-08-12T00:15:00Z,83.59,83.72,83.57,83.66,204
2026-08-12T00:20:00Z,83.67,83.73,83.61,83.72,87
2026-08-12T00:25:00Z,83.71,83.79,83.69,83.71,180
2026-08-12T00:30:00Z,83.71,83.77,83.67,83.76,231
2026-08-12T00:35:00Z,83.75,83.79,83.67,83.76,186
2026-08-12T00:40:00Z,83.76,83.81,83.71,83.76,360
2026-08-12T00:45:00Z,83.78,83.83,83.77,83.8,215
2026-08-12T00:50:00Z,83.8,83.93,83.79,83.9,670
2026-08-12T00:55:00Z,83.91,83.91,83.76,83.78,197
2026-08-12T01:00:00Z,83.77,83.9,83.74,83.86,366
2026-08-12T01:05:00Z,83.84,84.01,83.79,83.9,342
2026-08-12T01:10:00Z,83.88,83.98,83.78,83.81,245
2026-08-12T01:15:00Z,83.84,84.01,83.82,83.96,416
2026-08-12T01:20:00Z,83.96,84.01,83.9,83.97,105
2026-08-12T01:25:00Z,83.97,84.03,83.9,83.92,205
2026-08-12T01:30:00Z,83.91,83.97,83.87,83.96,105
2026-08-12T01:35:00Z,83.95,84.0,83.85,83.87,212
2026-08-12T01:40:00Z,83.9,83.93,83.8,83.84,197
2026-08-12T01:45:00Z,83.81,83.82,83.73,83.74,297
2026-08-12T01:50:00Z,83.74,83.82,83.69,83.79,354
2026-08-12T01:55:00Z,83.78,83.82,83.76,83.76,37
2026-08-12T02:00:00Z,83.78,83.92,83.78,83.88,228
2026-08-12T02:05:00Z,83.87,83.9,83.83,83.86,55
2026-08-12T02:10:00Z,83.88,83.88,83.77,83.79,65
2026-08-12T02:15:00Z,83.8,83.85,83.8,83.84,52
2026-08-12T02:20:00Z,83.83,83.85,83.81,83.84,40
2026-08-12T02:25:00Z,83.83,83.84,83.79,83.82,86
2026-08-12T02:30:00Z,83.83,83.87,83.78,83.79,264
2026-08-12T02:35:00Z,83.81,84.01,83.81,83.96,387
2026-08-12T02:40:00Z,83.98,84.04,83.98,84.0,111
2026-08-12T02:45:00Z,84.0,84.13,83.99,83.99,188
2026-08-12T02:50:00Z,83.99,84.07,83.96,84.04,308
2026-08-12T02:55:00Z,84.05,84.15,84.03,84.06,515
2026-08-12T03:00:00Z,84.08,84.15,84.05,84.12,203
2026-08-12T03:05:00Z,84.1,84.12,84.03,84.07,48
2026-08-12T03:10:00Z,84.07,84.12,84.05,84.09,88
2026-08-12T03:15:00Z,84.1,84.19,84.1,84.17,151
2026-08-12T03:20:00Z,84.17,84.17,84.05,84.08,91
2026-08-12T03:25:00Z,84.05,84.08,83.95,84.02,460
2026-08-12T03:30:00Z,84.02,84.09,83.91,84.08,253
2026-08-12T03:35:00Z,84.07,84.13,84.02,84.11,114
2026-08-12T03:40:00Z,84.13,84.18,84.08,84.16,287
2026-08-12T03:45:00Z,84.17,84.26,84.13,84.22,249
2026-08-12T03:50:00Z,84.22,84.35,84.2,84.3,312
2026-08-12T03:55:00Z,84.31,84.33,84.24,84.25,114
2026-08-12T04:00:00Z,84.3,84.35,84.2,84.2,568
2026-08-12T04:05:00Z,84.2,84.24,84.14,84.17,373
2026-08-12T04:10:00Z,84.18,84.18,84.03,84.06,260
2026-08-12T04:15:00Z,84.06,84.14,84.05,84.07,109
2026-08-12T04:20:00Z,84.06,84.12,84.06,84.08,74
2026-08-12T04:25:00Z,84.09,84.09,83.98,84.0,228
2026-08-12T04:30:00Z,83.99,84.05,83.96,83.99,147
2026-08-12T04:35:00Z,83.99,84.02,83.92,83.95,69
2026-08-12T04:40:00Z,83.93,83.94,83.77,83.79,223
2026-08-12T04:45:00Z,83.79,83.85,83.72,83.74,230
2026-08-12T04:50:00Z,83.75,83.78,83.67,83.72,205
2026-08-12T04:55:00Z,83.72,83.77,83.69,83.7,127
2026-08-12T05:00:00Z,83.72,83.8,83.7,83.78,115
2026-08-12T05:05:00Z,83.77,83.86,83.75,83.85,119
2026-08-12T05:10:00Z,83.85,83.92,83.81,83.89,236
2026-08-12T05:15:00Z,83.88,83.88,83.83,83.85,40
2026-08-12T05:20:00Z,83.87,83.93,83.76,83.78,215
2026-08-12T05:25:00Z,83.75,83.79,83.72,83.79,97
2026-08-12T05:30:00Z,83.78,83.8,83.52,83.61,461
2026-08-12T05:35:00Z,83.59,83.72,83.53,83.7,228
2026-08-12T05:40:00Z,83.7,83.73,83.65,83.7,82
2026-08-12T05:45:00Z,83.7,83.84,83.64,83.82,198
2026-08-12T05:50:00Z,83.82,83.96,83.79,83.89,329
2026-08-12T05:55:00Z,83.91,84.1,83.91,84.03,557
2026-08-12T06:00:00Z,84.03,84.05,83.86,83.93,327
2026-08-12T06:05:00Z,83.94,84.02,83.88,84.01,272
2026-08-12T06:10:00Z,84.0,84.03,83.9,83.92,209
2026-08-12T06:15:00Z,83.94,83.96,83.8,83.8,177
2026-08-12T06:20:00Z,83.84,83.96,83.73,83.93,379
2026-08-12T06:25:00Z,83.93,83.99,83.83,83.9,408
2026-08-12T06:30:00Z,83.88,83.94,83.58,83.59,322
2026-08-12T06:35:00Z,83.59,83.62,83.45,83.51,526
2026-08-12T06:40:00Z,83.51,83.85,83.5,83.78,330
2026-08-12T06:45:00Z,83.8,83.82,83.51,83.55,563
2026-08-12T06:50:00Z,83.57,83.64,83.43,83.64,396
2026-08-12T06:55:00Z,83.61,83.76,83.56,83.74,387
2026-08-12T07:00:00Z,83.72,84.04,83.71,83.88,790
2026-08-12T07:05:00Z,83.9,84.01,83.85,83.95,600
2026-08-12T07:10:00Z,83.94,84.04,83.88,83.99,490
2026-08-12T07:15:00Z,83.99,84.03,83.88,83.92,390
2026-08-12T07:20:00Z,83.94,83.95,83.75,83.77,465
2026-08-12T07:25:00Z,83.77,83.9,83.73,83.86,405
2026-08-12T07:30:00Z,83.87,83.89,83.76,83.87,315
2026-08-12T07:35:00Z,83.87,83.94,83.79,83.82,262
2026-08-12T07:40:00Z,83.85,83.96,83.82,83.86,275
2026-08-12T07:45:00Z,83.89,83.98,83.76,83.85,255
2026-08-12T07:50:00Z,83.86,83.96,83.81,83.93,230
2026-08-12T07:55:00Z,83.95,84.09,83.82,83.84,636
2026-08-12T08:00:00Z,83.85,83.92,83.67,83.79,682
2026-08-12T08:05:00Z,83.78,83.86,83.64,83.78,613
2026-08-12T08:10:00Z,83.8,83.85,83.64,83.66,667
2026-08-12T08:15:00Z,83.68,83.82,83.55,83.58,723
2026-08-12T08:20:00Z,83.61,83.68,83.48,83.62,504
2026-08-12T08:25:00Z,83.6,83.74,83.35,83.44,1516
2026-08-12T08:30:00Z,83.45,83.69,83.41,83.68,907
2026-08-12T08:35:00Z,83.67,83.77,83.45,83.53,453
2026-08-12T08:40:00Z,83.53,83.63,83.46,83.58,360
2026-08-12T08:45:00Z,83.56,83.62,83.54,83.56,222
2026-08-12T08:50:00Z,83.55,83.57,83.21,83.23,1063
2026-08-12T08:55:00Z,83.26,83.59,83.24,83.58,646
2026-08-12T09:00:00Z,83.57,83.59,83.31,83.34,505
2026-08-12T09:05:00Z,83.33,83.54,83.32,83.53,220
2026-08-12T09:10:00Z,83.53,83.57,83.38,83.38,398
2026-08-12T09:15:00Z,83.37,83.38,83.26,83.3,397
2026-08-12T09:20:00Z,83.3,83.41,82.73,82.8,2205
2026-08-12T09:25:00Z,82.82,82.98,82.67,82.77,1784
2026-08-12T09:30:00Z,82.73,82.89,82.57,82.86,1254
2026-08-12T09:35:00Z,82.86,82.94,82.66,82.8,827
2026-08-12T09:40:00Z,82.79,82.83,82.62,82.73,530
2026-08-12T09:45:00Z,82.76,82.79,82.62,82.67,924
2026-08-12T09:50:00Z,82.65,83.12,82.46,83.05,2693
2026-08-12T09:55:00Z,83.04,83.22,82.95,83.0,880
2026-08-12T10:00:00Z,83.01,83.12,83.0,83.12,407
2026-08-12T10:05:00Z,83.11,83.14,82.91,83.0,374
2026-08-12T10:10:00Z,82.99,83.05,82.92,83.01,592
2026-08-12T10:15:00Z,83.01,83.01,82.82,82.93,316
2026-08-12T10:20:00Z,82.92,83.04,82.9,82.96,485
2026-08-12T10:25:00Z,82.96,83.16,82.89,83.15,484
2026-08-12T10:30:00Z,83.14,83.24,83.1,83.14,712
2026-08-12T10:35:00Z,83.14,83.2,83.08,83.08,278
2026-08-12T10:40:00Z,83.07,83.13,83.02,83.08,408
2026-08-12T10:45:00Z,83.09,83.74,82.98,83.49,3123
2026-08-12T10:50:00Z,83.52,83.61,83.31,83.4,2110
2026-08-12T10:55:00Z,83.43,83.49,83.3,83.4,788
2026-08-12T11:00:00Z,83.39,83.55,83.26,83.41,952
2026-08-12T11:05:00Z,83.38,83.57,83.38,83.52,517
2026-08-12T11:10:00Z,83.52,83.64,83.39,83.41,642
2026-08-12T11:15:00Z,83.42,83.56,83.38,83.44,306
2026-08-12T11:20:00Z,83.43,83.45,83.35,83.43,241
2026-08-12T11:25:00Z,83.42,83.44,83.3,83.42,405
2026-08-12T11:30:00Z,83.42,83.42,83.17,83.19,815
2026-08-12T11:35:00Z,83.18,83.35,83.16,83.31,579
2026-08-12T11:40:00Z,83.3,83.42,83.28,83.4,545
2026-08-12T11:45:00Z,83.4,83.67,83.4,83.65,642
2026-08-12T11:50:00Z,83.66,83.74,83.59,83.69,660
2026-08-12T11:55:00Z,83.69,83.76,83.6,83.74,759
2026-08-12T12:00:00Z,83.74,83.76,83.51,83.64,573
2026-08-12T12:05:00Z,83.64,83.81,83.63,83.77,711
2026-08-12T12:10:00Z,83.76,83.79,83.66,83.73,652
2026-08-12T12:15:00Z,83.74,83.79,83.69,83.76,847
2026-08-12T12:20:00Z,83.76,83.76,83.64,83.75,754
2026-08-12T12:25:00Z,83.76,83.78,83.65,83.78,573
2026-08-12T12:30:00Z,83.75,83.9,83.65,83.73,1260
2026-08-12T12:35:00Z,83.73,83.74,83.45,83.49,992
2026-08-12T12:40:00Z,83.48,83.64,83.42,83.43,897
2026-08-12T12:45:00Z,83.44,83.47,83.11,83.13,1118
2026-08-12T12:50:00Z,83.13,83.26,83.13,83.22,824
2026-08-12T12:55:00Z,83.22,83.3,82.98,82.99,1259
2026-08-12T13:00:00Z,83.0,83.06,82.8,82.85,2144
2026-08-12T13:05:00Z,82.86,82.94,82.78,82.86,1060
2026-08-12T13:10:00Z,82.87,82.99,82.72,82.9,1195
2026-08-12T13:15:00Z,82.9,83.07,82.68,82.74,1574
2026-08-12T13:20:00Z,82.72,82.86,82.6,82.78,1412
2026-08-12T13:25:00Z,82.77,82.95,82.75,82.89,1060
2026-08-12T13:30:00Z,82.9,83.07,82.8,82.92,1195
2026-08-12T13:35:00Z,82.89,82.94,82.71,82.74,1005
2026-08-12T13:40:00Z,82.74,82.84,82.65,82.79,917
2026-08-12T13:45:00Z,82.78,82.9,82.73,82.86,664
2026-08-12T13:50:00Z,82.84,82.85,82.57,82.62,1017
2026-08-12T13:55:00Z,82.61,82.72,82.54,82.67,1107
2026-08-12T14:00:00Z,82.7,82.77,82.5,82.5,1296
2026-08-12T14:05:00Z,82.5,82.71,82.47,82.63,837
2026-08-12T14:10:00Z,82.63,82.89,82.58,82.89,1152
2026-08-12T14:15:00Z,82.91,82.93,82.68,82.78,927
2026-08-12T14:20:00Z,82.78,82.8,82.64,82.7,947
2026-08-12T14:25:00Z,82.7,83.0,82.68,82.97,1034
2026-08-12T14:30:00Z,82.96,83.06,82.4,82.78,5407
2026-08-12T14:35:00Z,82.78,83.01,82.78,82.93,3158
2026-08-12T14:40:00Z,82.94,82.96,82.68,82.77,1767
2026-08-12T14:45:00Z,82.74,82.99,82.63,82.97,1534
2026-08-12T14:50:00Z,82.97,83.07,82.87,82.95,1130
2026-08-12T14:55:00Z,82.97,83.12,82.93,83.0,1096
2026-08-12T15:00:00Z,82.98,83.26,82.9,83.22,1678
2026-08-12T15:05:00Z,83.21,83.24,83.12,83.17,1084
2026-08-12T15:10:00Z,83.17,83.2,83.05,83.19,1222
2026-08-12T15:15:00Z,83.19,83.3,83.18,83.25,1289
2026-08-12T15:20:00Z,83.24,83.32,83.07,83.08,1365
2026-08-12T15:25:00Z,83.08,83.24,83.0,83.12,1400
2026-08-12T15:30:00Z,83.2,83.32,83.13,83.32,1244
2026-08-12T15:35:00Z,83.3,83.32,83.13,83.17,1515
2026-08-12T15:40:00Z,83.15,83.27,83.1,83.26,1445
2026-08-12T15:45:00Z,83.26,83.43,83.26,83.32,2052
2026-08-12T15:50:00Z,83.33,83.45,83.33,83.43,1233
2026-08-12T15:55:00Z,83.41,83.46,83.28,83.31,1310
2026-08-12T16:00:00Z,83.33,83.34,83.02,83.13,1676
2026-08-12T16:05:00Z,83.13,83.32,83.11,83.32,1354
2026-08-12T16:10:00Z,83.31,83.32,83.0,83.02,1395
2026-08-12T16:15:00Z,83.01,83.22,82.95,83.19,2088
2026-08-12T16:20:00Z,83.19,83.25,83.14,83.22,916
2026-08-12T16:25:00Z,83.24,83.26,83.11,83.13,1049
2026-08-12T16:30:00Z,83.13,83.26,83.07,83.23,884
2026-08-12T16:35:00Z,83.22,83.23,83.07,83.1,792
2026-08-12T16:40:00Z,83.1,83.1,82.97,83.08,1408
2026-08-12T16:45:00Z,83.08,83.13,83.02,83.06,650
2026-08-12T16:50:00Z,83.06,83.11,83.01,83.05,770
2026-08-12T16:55:00Z,83.06,83.12,82.86,82.89,1679
2026-08-12T17:00:00Z,82.89,82.92,82.8,82.89,1293
2026-08-12T17:05:00Z,82.87,82.96,82.78,82.95,1795
2026-08-12T17:10:00Z,82.95,83.04,82.94,83.01,1943
2026-08-12T17:15:00Z,83.0,83.38,83.0,83.27,3818
2026-08-12T17:20:00Z,83.24,83.25,82.82,82.82,3079
2026-08-12T17:25:00Z,82.83,83.02,82.82,83.0,1627
2026-08-12T17:30:00Z,83.0,83.09,82.9,82.93,1597
2026-08-12T17:35:00Z,82.93,83.13,82.92,83.12,1721
2026-08-12T17:40:00Z,83.11,83.23,83.0,83.07,2150
2026-08-12T17:45:00Z,83.07,83.07,82.95,83.0,1461
2026-08-12T17:50:00Z,82.99,83.21,82.92,83.17,2464
2026-08-12T17:55:00Z,83.18,83.19,83.09,83.13,2041
2026-08-12T18:00:00Z,83.14,83.18,82.94,82.95,2026
2026-08-12T18:05:00Z,82.95,83.0,82.83,82.84,2174
2026-08-12T18:10:00Z,82.84,82.91,82.81,82.89,1711
2026-08-12T18:15:00Z,82.88,83.01,82.88,82.94,1651
2026-08-12T18:20:00Z,82.93,83.03,82.92,82.99,2485
2026-08-12T18:25:00Z,82.99,83.4,82.91,83.37,15952
2026-08-12T18:30:00Z,83.38,83.39,83.23,83.35,2149
2026-08-12T18:35:00Z,83.35,83.39,83.25,83.36,1455
2026-08-12T18:40:00Z,83.35,83.35,83.23,83.24,822
2026-08-12T18:45:00Z,83.25,83.26,83.18,83.21,603
2026-08-12T18:50:00Z,83.2,83.24,83.14,83.2,325
2026-08-12T18:55:00Z,83.22,83.24,83.19,83.2,192
2026-08-12T19:00:00Z,83.2,83.22,83.1,83.13,553
2026-08-12T19:05:00Z,83.12,83.12,83.07,83.1,410
2026-08-12T19:10:00Z,83.11,83.12,83.06,83.12,190
2026-08-12T19:15:00Z,83.12,83.15,83.1,83.11,289
2026-08-12T19:20:00Z,83.1,83.14,83.08,83.1,194
2026-08-12T19:25:00Z,83.1,83.13,83.03,83.07,701
2026-08-12T19:30:00Z,83.07,83.07,82.94,82.98,394
2026-08-12T19:35:00Z,82.97,83.03,82.87,82.98,261
2026-08-12T19:40:00Z,82.99,83.01,82.93,82.97,305
2026-08-12T19:45:00Z,82.98,83.0,82.93,82.95,208
2026-08-12T19:50:00Z,82.96,83.0,82.94,82.95,225
2026-08-12T19:55:00Z,82.99,83.03,82.95,83.01,764
2026-08-12T20:00:00Z,83.02,83.02,82.89,82.92,439
2026-08-12T20:05:00Z,82.9,82.9,82.83,82.85,283
2026-08-12T20:10:00Z,82.83,82.91,82.79,82.88,389
2026-08-12T20:15:00Z,82.89,82.9,82.86,82.87,102
2026-08-12T20:20:00Z,82.88,82.88,82.83,82.84,71
2026-08-12T20:25:00Z,82.86,82.9,82.85,82.88,155
2026-08-12T20:30:00Z,82.86,82.88,82.81,82.84,48
2026-08-12T20:35:00Z,82.84,82.85,82.55,82.59,866
2026-08-12T20:40:00Z,82.58,82.64,82.54,82.62,179
2026-08-12T20:45:00Z,82.63,82.64,82.5,82.61,477
2026-08-12T20:50:00Z,82.63,82.65,82.52,82.6,428
2026-08-12T20:55:00Z,82.61,82.65,82.56,82.58,406
2026-08-12T22:00:00Z,82.7,82.75,82.6,82.7,0
2026-08-12T22:05:00Z,82.72,82.85,82.72,82.82,181
2026-08-12T22:10:00Z,82.77,82.79,82.7,82.72,73
2026-08-12T22:15:00Z,82.77,82.79,82.76,82.77,19
2026-08-12T22:20:00Z,82.76,82.76,82.71,82.74,38
2026-08-12T22:25:00Z,82.74,82.76,82.71,82.73,40
2026-08-12T22:30:00Z,82.73,82.73,82.69,82.69,21
2026-08-12T22:35:00Z,82.69,82.7,82.65,82.67,41
2026-08-12T22:40:00Z,82.68,82.69,82.65,82.67,27
2026-08-12T22:45:00Z,82.69,82.7,82.68,82.7,12
2026-08-12T22:50:00Z,82.69,82.7,82.68,82.68,25
2026-08-12T22:55:00Z,82.67,82.7,82.67,82.7,11
2026-08-12T23:00:00Z,82.71,82.74,82.69,82.71,19
2026-08-12T23:05:00Z,82.72,82.72,82.71,82.71,5
2026-08-12T23:10:00Z,82.72,82.73,82.7,82.73,37
2026-08-12T23:15:00Z,82.72,82.73,82.7,82.73,15
2026-08-12T23:20:00Z,82.73,82.8,82.73,82.76,84
2026-08-12T23:25:00Z,82.76,82.77,82.75,82.75,12
2026-08-12T23:30:00Z,82.76,82.78,82.75,82.77,23
2026-08-12T23:35:00Z,82.77,82.79,82.71,82.72,86
2026-08-12T23:40:00Z,82.74,82.75,82.71,82.74,38
2026-08-12T23:45:00Z,82.72,82.72,82.66,82.67,23
2026-08-12T23:50:00Z,82.66,82.72,82.63,82.69,52
2026-08-12T23:55:00Z,82.69,82.7,82.65,82.67,44
2026-08-13T00:00:00Z,82.64,82.65,82.52,82.56,369
2026-08-13T00:05:00Z,82.57,82.64,82.47,82.51,198
2026-08-13T00:10:00Z,82.53,82.57,82.25,82.44,466
2026-08-13T00:15:00Z,82.46,82.48,82.33,82.47,216
2026-08-13T00:20:00Z,82.46,82.52,82.33,82.36,145
2026-08-13T00:25:00Z,82.36,82.39,82.29,82.36,130
2026-08-13T00:30:00Z,82.36,82.39,82.26,82.34,322
2026-08-13T00:35:00Z,82.33,82.36,82.3,82.31,100
2026-08-13T00:40:00Z,82.27,82.33,82.26,82.27,213
2026-08-13T00:45:00Z,82.29,82.3,82.18,82.29,198
2026-08-13T00:50:00Z,82.27,82.29,82.23,82.25,77
2026-08-13T00:55:00Z,82.29,82.34,82.06,82.09,329
2026-08-13T01:00:00Z,82.1,82.23,81.9,82.14,736
2026-08-13T01:05:00Z,82.12,82.2,82.03,82.06,240
2026-08-13T01:10:00Z,82.05,82.2,81.96,82.16,219
2026-08-13T01:15:00Z,82.17,82.23,82.13,82.15,78
2026-08-13T01:20:00Z,82.19,82.33,82.17,82.28,319
2026-08-13T01:25:00Z,82.29,82.34,82.26,82.34,120
2026-08-13T01:30:00Z,82.36,82.42,82.24,82.31,248
2026-08-13T01:35:00Z,82.29,82.34,82.25,82.32,70
2026-08-13T01:40:00Z,82.28,82.37,82.26,82.26,185
2026-08-13T01:45:00Z,82.26,82.28,82.18,82.21,207
2026-08-13T01:50:00Z,82.2,82.32,82.15,82.28,113
2026-08-13T01:55:00Z,82.27,82.3,82.18,82.26,99
2026-08-13T02:00:00Z,82.24,82.33,82.2,82.26,140
2026-08-13T02:05:00Z,82.27,82.27,82.14,82.24,76
2026-08-13T02:10:00Z,82.2,82.25,82.12,82.13,82
2026-08-13T02:15:00Z,82.13,82.14,82.09,82.1,32
2026-08-13T02:20:00Z,82.1,82.17,82.08,82.15,36
2026-08-13T02:25:00Z,82.14,82.17,82.1,82.17,52
2026-08-13T02:30:00Z,82.19,82.24,82.13,82.16,88
2026-08-13T02:35:00Z,82.12,82.19,82.11,82.18,38
2026-08-13T02:40:00Z,82.19,82.21,82.11,82.21,28
2026-08-13T02:45:00Z,82.18,82.25,82.18,82.23,74
2026-08-13T02:50:00Z,82.23,82.23,82.18,82.21,36
2026-08-13T02:55:00Z,82.21,82.31,82.2,82.25,81
2026-08-13T03:00:00Z,82.25,82.28,82.15,82.22,129
2026-08-13T03:05:00Z,82.2,82.2,82.07,82.12,62
2026-08-13T03:10:00Z,82.11,82.11,82.03,82.06,98
2026-08-13T03:15:00Z,82.06,82.22,82.06,82.22,76
2026-08-13T03:20:00Z,82.21,82.37,82.21,82.37,186
2026-08-13T03:25:00Z,82.39,82.44,82.3,82.43,200
2026-08-13T03:30:00Z,82.41,82.61,82.41,82.5,292
2026-08-13T03:35:00Z,82.5,82.51,82.41,82.44,103
2026-08-13T03:40:00Z,82.45,82.48,82.43,82.43,49
2026-08-13T03:45:00Z,82.43,82.5,82.42,82.43,63
2026-08-13T03:50:00Z,82.45,82.54,82.41,82.54,92
2026-08-13T03:55:00Z,82.54,82.68,82.54,82.62,162
2026-08-13T04:00:00Z,82.62,82.73,82.61,82.73,205
2026-08-13T04:05:00Z,82.73,82.77,82.66,82.75,140
2026-08-13T04:10:00Z,82.76,82.87,82.74,82.87,208
2026-08-13T04:15:00Z,82.87,82.95,82.86,82.89,298
2026-08-13T04:20:00Z,82.9,82.94,82.88,82.93,139
2026-08-13T04:25:00Z,82.94,82.97,82.89,82.97,107
2026-08-13T04:30:00Z,82.97,83.01,82.95,83.0,367
2026-08-13T04:35:00Z,82.99,83.0,82.89,82.93,177
2026-08-13T04:40:00Z,82.94,82.95,82.86,82.94,104
2026-08-13T04:45:00Z,82.94,82.95,82.87,82.9,142
2026-08-13T04:50:00Z,82.9,82.95,82.9,82.92,42
2026-08-13T04:55:00Z,82.92,83.01,82.87,83.0,150
2026-08-13T05:00:00Z,83.01,83.14,83.0,83.11,342
2026-08-13T05:05:00Z,83.1,83.12,83.04,83.1,133
2026-08-13T05:10:00Z,83.1,83.16,83.03,83.03,230
2026-08-13T05:15:00Z,83.02,83.09,83.0,83.08,119
2026-08-13T05:20:00Z,83.07,83.08,83.0,83.01,173
2026-08-13T05:25:00Z,83.0,83.04,82.92,82.99,173
2026-08-13T05:30:00Z,82.98,83.22,82.97,83.04,354
2026-08-13T05:35:00Z,83.05,83.05,82.88,82.91,183
2026-08-13T05:40:00Z,82.92,83.0,82.92,82.93,127
2026-08-13T05:45:00Z,82.93,83.07,82.93,82.96,146
2026-08-13T05:50:00Z,82.99,83.18,82.99,83.17,236
2026-08-13T05:55:00Z,83.18,83.23,83.02,83.12,435
2026-08-13T06:00:00Z,83.12,83.19,83.0,83.11,210
2026-08-13T06:05:00Z,83.11,83.16,83.04,83.08,184
2026-08-13T06:10:00Z,83.07,83.09,83.0,83.06,168
2026-08-13T06:15:00Z,83.04,83.11,82.94,83.05,115
2026-08-13T06:20:00Z,83.02,83.14,83.0,83.09,136
2026-08-13T06:25:00Z,83.08,83.11,83.01,83.06,115
2026-08-13T06:30:00Z,83.06,83.27,83.06,83.26,288
2026-08-13T06:35:00Z,83.26,83.3,83.17,83.22,260
2026-08-13T06:40:00Z,83.22,83.22,82.95,82.95,458
2026-08-13T06:45:00Z,82.96,83.07,82.93,83.07,287
2026-08-13T06:50:00Z,83.07,83.07,82.82,82.84,280
2026-08-13T06:55:00Z,82.83,82.88,82.7,82.75,512
2026-08-13T07:00:00Z,82.74,82.87,82.69,82.84,357
2026-08-13T07:05:00Z,82.86,82.87,82.77,82.78,181
2026-08-13T07:10:00Z,82.83,82.96,82.75,82.94,289
2026-08-13T07:15:00Z,82.91,83.12,82.91,82.97,321
2026-08-13T07:20:00Z,82.93,82.96,82.78,82.78,237
2026-08-13T07:25:00Z,82.78,82.88,82.57,82.6,927
2026-08-13T07:30:00Z,82.59,82.6,82.17,82.2,1192
2026-08-13T07:35:00Z,82.2,82.34,82.09,82.11,600
2026-08-13T07:40:00Z,82.11,82.15,81.8,81.87,2073
2026-08-13T07:45:00Z,81.86,82.14,81.86,82.13,569
2026-08-13T07:50:00Z,82.12,82.14,81.99,82.0,351
2026-08-13T07:55:00Z,81.98,82.26,81.92,82.21,604
2026-08-13T08:00:00Z,82.2,82.46,82.2,82.24,820
2026-08-13T08:05:00Z,82.25,82.3,82.03,82.18,488
2026-08-13T08:10:00Z,82.17,82.27,82.1,82.14,413
2026-08-13T08:15:00Z,82.14,82.17,82.02,82.17,326
2026-08-13T08:20:00Z,82.17,82.26,82.07,82.09,416
2026-08-13T08:25:00Z,82.07,82.16,81.83,82.09,1338
2026-08-13T08:30:00Z,82.1,82.15,81.67,81.73,1165
2026-08-13T08:35:00Z,81.73,81.86,81.69,81.81,647
2026-08-13T08:40:00Z,81.81,81.86,81.64,81.85,483
2026-08-13T08:45:00Z,81.86,81.9,81.79,81.8,261
2026-08-13T08:50:00Z,81.79,81.88,81.76,81.79,281
2026-08-13T08:55:00Z,81.76,81.84,81.72,81.83,287
2026-08-13T09:00:00Z,81.8,81.82,81.57,81.6,806
2026-08-13T09:05:00Z,81.59,81.74,81.46,81.74,931
2026-08-13T09:10:00Z,81.72,81.72,81.25,81.34,1014
2026-08-13T09:15:00Z,81.34,81.57,81.34,81.52,812
2026-08-13T09:20:00Z,81.5,81.55,81.41,81.55,344
2026-08-13T09:25:00Z,81.53,81.83,81.48,81.73,461
2026-08-13T09:30:00Z,81.73,81.74,81.57,81.71,438
2026-08-13T09:35:00Z,81.71,81.82,81.6,81.78,262
2026-08-13T09:40:00Z,81.78,81.89,81.74,81.81,384
2026-08-13T09:45:00Z,81.82,81.88,81.73,81.83,308
2026-08-13T09:50:00Z,81.81,81.83,81.7,81.71,476
2026-08-13T09:55:00Z,81.7,81.88,81.63,81.87,383
2026-08-13T10:00:00Z,81.87,82.07,81.85,82.01,593
2026-08-13T10:05:00Z,82.0,82.15,81.97,82.13,321
2026-08-13T10:10:00Z,82.13,82.18,81.97,82.11,935
2026-08-13T10:15:00Z,82.1,82.12,81.98,82.03,323
2026-08-13T10:20:00Z,82.01,82.01,81.66,81.68,587
2026-08-13T10:25:00Z,81.67,81.74,81.5,81.5,2206
2026-08-13T10:30:00Z,81.5,81.56,81.36,81.53,632
2026-08-13T10:35:00Z,81.53,81.6,81.42,81.48,403
2026-08-13T10:40:00Z,81.51,81.62,81.47,81.49,220
2026-08-13T10:45:00Z,81.49,81.59,81.4,81.41,285
2026-08-13T10:50:00Z,81.4,81.59,81.35,81.57,496
2026-08-13T10:55:00Z,81.56,81.56,81.43,81.45,205
2026-08-13T11:00:00Z,81.46,81.56,81.39,81.52,569
2026-08-13T11:05:00Z,81.52,81.54,81.4,81.41,248
2026-08-13T11:10:00Z,81.41,81.45,81.26,81.44,488
2026-08-13T11:15:00Z,81.41,81.54,81.38,81.44,379
2026-08-13T11:20:00Z,81.44,81.6,81.42,81.57,464
2026-08-13T11:25:00Z,81.56,81.65,81.52,81.58,498
2026-08-13T11:30:00Z,81.59,81.6,81.42,81.48,478
2026-08-13T11:35:00Z,81.52,81.7,81.49,81.67,326
2026-08-13T11:40:00Z,81.67,81.72,81.6,81.61,322
2026-08-13T11:45:00Z,81.62,81.62,81.51,81.62,328
2026-08-13T11:50:00Z,81.62,81.65,81.46,81.53,549
2026-08-13T11:55:00Z,81.57,81.61,81.51,81.6,210
2026-08-13T12:00:00Z,81.61,81.65,81.43,81.47,534
2026-08-13T12:05:00Z,81.46,81.47,81.08,81.19,3287
2026-08-13T12:10:00Z,81.2,81.56,81.12,81.52,1351
2026-08-13T12:15:00Z,81.53,81.6,81.45,81.53,699
2026-08-13T12:20:00Z,81.54,81.64,81.49,81.56,518
2026-08-13T12:25:00Z,81.55,81.58,81.41,81.5,549
2026-08-13T12:30:00Z,81.47,81.59,81.27,81.3,849
2026-08-13T12:35:00Z,81.31,81.41,81.2,81.22,1372
2026-08-13T12:40:00Z,81.23,81.36,81.13,81.27,835
2026-08-13T12:45:00Z,81.28,81.34,81.18,81.33,512
2026-08-13T12:50:00Z,81.31,81.32,81.23,81.26,731
2026-08-13T12:55:00Z,81.27,81.31,81.19,81.22,840
2026-08-13T13:00:00Z,81.22,81.3,81.08,81.28,2704
2026-08-13T13:05:00Z,81.26,81.35,80.82,80.91,2718
2026-08-13T13:10:00Z,80.89,81.07,80.79,80.91,2278
2026-08-13T13:15:00Z,80.89,81.09,80.87,81.06,946
2026-08-13T13:20:00Z,81.04,81.07,80.87,80.93,1105
2026-08-13T13:25:00Z,80.93,81.08,80.87,81.04,1274
2026-08-13T13:30:00Z,81.04,81.15,80.84,81.05,1917
2026-08-13T13:35:00Z,81.05,81.26,81.02,81.22,1406
2026-08-13T13:40:00Z,81.22,81.35,81.22,81.28,1271
2026-08-13T13:45:00Z,81.25,81.27,81.07,81.1,1110
2026-08-13T13:50:00Z,81.06,81.21,80.3,80.71,3859
2026-08-13T13:55:00Z,80.7,80.83,80.62,80.66,2174
2026-08-13T14:00:00Z,80.63,80.66,80.31,80.37,3248
2026-08-13T14:05:00Z,80.36,80.38,80.11,80.11,3307
2026-08-13T14:10:00Z,80.12,80.31,80.09,80.31,2153
2026-08-13T14:15:00Z,80.3,80.46,80.26,80.35,1993
2026-08-13T14:20:00Z,80.35,80.67,80.32,80.56,2494
2026-08-13T14:25:00Z,80.55,80.83,80.53,80.81,2102
2026-08-13T14:30:00Z,80.82,80.99,80.75,80.86,2746
2026-08-13T14:35:00Z,80.87,81.04,80.79,80.92,1863
2026-08-13T14:40:00Z,80.91,81.05,80.89,80.96,1558
2026-08-13T14:45:00Z,80.95,81.14,80.91,81.09,1118
2026-08-13T14:50:00Z,81.05,81.23,81.05,81.2,1393
2026-08-13T14:55:00Z,81.19,81.29,81.13,81.23,1288
2026-08-13T15:00:00Z,81.22,81.48,81.21,81.44,1921
2026-08-13T15:05:00Z,81.43,81.57,81.39,81.49,2620
2026-08-13T15:10:00Z,81.49,82.07,81.45,82.05,3294
2026-08-13T15:15:00Z,82.06,82.48,81.99,82.17,5033
2026-08-13T15:20:00Z,82.18,82.34,82.1,82.32,2383
2026-08-13T15:25:00Z,82.33,82.73,82.3,82.61,4910
2026-08-13T15:30:00Z,82.63,82.64,82.34,82.53,3125
2026-08-13T15:35:00Z,82.53,82.54,82.12,82.13,2594
2026-08-13T15:40:00Z,82.14,82.39,82.04,82.36,2391
2026-08-13T15:45:00Z,82.35,82.5,82.32,82.45,1520
2026-08-13T15:50:00Z,82.48,82.69,82.4,82.52,1554
2026-08-13T15:55:00Z,82.52,82.65,82.51,82.57,1682
2026-08-13T16:00:00Z,82.55,82.66,82.46,82.65,1078
2026-08-13T16:05:00Z,82.63,82.67,82.42,82.45,1239
2026-08-13T16:10:00Z,82.46,82.64,82.42,82.54,1003
2026-08-13T16:15:00Z,82.52,82.59,82.39,82.42,1021
2026-08-13T16:20:00Z,82.42,82.45,82.24,82.28,1452
2026-08-13T16:25:00Z,82.28,82.44,82.23,82.3,968
2026-08-13T16:30:00Z,82.3,82.32,81.93,82.0,1940
2026-08-13T16:35:00Z,81.99,82.08,81.96,81.99,1582
2026-08-13T16:40:00Z,81.99,82.02,81.89,81.94,1696
2026-08-13T16:45:00Z,81.93,82.01,81.85,81.86,1451
2026-08-13T16:50:00Z,81.85,81.97,81.82,81.91,1479
2026-08-13T16:55:00Z,81.92,82.06,81.91,81.94,1373
2026-08-13T17:00:00Z,81.97,82.0,81.86,81.91,1153
2026-08-13T17:05:00Z,81.9,82.01,81.87,81.98,956
2026-08-13T17:10:00Z,81.99,82.15,81.99,82.08,1417
2026-08-13T17:15:00Z,82.09,82.11,81.93,82.06,1032
2026-08-13T17:20:00Z,82.06,82.08,81.88,81.9,1690
2026-08-13T17:25:00Z,81.9,81.91,81.83,81.85,1047
2026-08-13T17:30:00Z,81.85,81.99,81.82,81.99,1163
2026-08-13T17:35:00Z,82.0,82.04,81.85,81.94,1046
2026-08-13T17:40:00Z,81.94,82.06,81.93,82.05,1161
2026-08-13T17:45:00Z,82.06,82.07,81.88,81.91,1500
2026-08-13T17:50:00Z,81.9,81.95,81.84,81.9,1206
2026-08-13T17:55:00Z,81.9,81.92,81.8,81.81,1365
2026-08-13T18:00:00Z,81.8,81.81,81.38,81.38,2605
2026-08-13T18:05:00Z,81.41,81.52,81.28,81.29,2351
2026-08-13T18:10:00Z,81.29,81.3,81.07,81.22,1999
2026-08-13T18:15:00Z,81.23,81.39,81.17,81.35,1662
2026-08-13T18:20:00Z,81.36,81.59,81.34,81.46,2629
2026-08-13T18:25:00Z,81.46,81.54,81.08,81.17,15510
2026-08-13T18:30:00Z,81.18,81.19,81.04,81.14,3540
2026-08-13T18:35:00Z,81.13,81.2,80.92,80.94,1603
2026-08-13T18:40:00Z,80.93,81.01,80.86,81.0,1336
2026-08-13T18:45:00Z,81.01,81.07,80.92,81.04,559
2026-08-13T18:50:00Z,81.03,81.2,81.0,81.17,860
2026-08-13T18:55:00Z,81.15,81.22,81.11,81.15,392
2026-08-13T19:00:00Z,81.16,81.16,81.05,81.09,390
2026-08-13T19:05:00Z,81.09,81.12,81.05,81.08,207
2026-08-13T19:10:00Z,81.07,81.23,81.07,81.22,417
2026-08-13T19:15:00Z,81.23,81.3,81.23,81.27,532
2026-08-13T19:20:00Z,81.27,81.32,81.21,81.22,509
2026-08-13T19:25:00Z,81.21,81.23,81.16,81.22,177
2026-08-13T19:30:00Z,81.23,81.28,81.21,81.23,209
2026-08-13T19:35:00Z,81.22,81.28,81.22,81.23,166
2026-08-13T19:40:00Z,81.24,81.29,81.23,81.27,591
2026-08-13T19:45:00Z,81.3,81.3,81.22,81.22,272
2026-08-13T19:50:00Z,81.23,81.24,81.12,81.23,325
2026-08-13T19:55:00Z,81.22,81.35,81.18,81.27,509
2026-08-13T20:00:00Z,81.28,81.28,81.1,81.18,200
2026-08-13T20:05:00Z,81.18,81.23,81.07,81.22,438
2026-08-13T20:10:00Z,81.22,81.24,81.16,81.16,138
2026-08-13T20:15:00Z,81.17,81.19,81.14,81.18,71
2026-08-13T20:20:00Z,81.17,81.2,81.14,81.17,82
2026-08-13T20:25:00Z,81.17,81.3,81.12,81.29,805
2026-08-13T20:30:00Z,81.27,81.31,81.1,81.15,397
2026-08-13T20:35:00Z,81.15,81.2,81.09,81.1,203
2026-08-13T20:40:00Z,81.11,81.23,81.11,81.22,168
2026-08-13T20:45:00Z,81.21,81.22,81.17,81.2,115
2026-08-13T20:50:00Z,81.21,81.21,81.12,81.2,268
2026-08-13T20:55:00Z,81.21,81.21,81.1,81.21,526
2026-08-13T22:00:00Z,81.27,81.27,81.02,81.08,0
2026-08-13T22:05:00Z,81.09,81.09,81.03,81.06,154
2026-08-13T22:10:00Z,81.08,81.08,81.05,81.07,110
2026-08-13T22:15:00Z,81.08,81.08,81.04,81.05,109
2026-08-13T22:20:00Z,81.04,81.08,81.04,81.06,43
2026-08-13T22:25:00Z,81.07,81.11,81.07,81.1,41
2026-08-13T22:30:00Z,81.09,81.1,81.09,81.1,5
2026-08-13T22:35:00Z,81.08,81.08,81.07,81.07,28
2026-08-13T22:40:00Z,81.07,81.09,81.06,81.08,22
2026-08-13T22:45:00Z,81.06,81.14,81.05,81.11,38
2026-08-13T22:50:00Z,81.11,81.11,81.06,81.08,29
2026-08-13T22:55:00Z,81.07,81.12,81.06,81.08,120
2026-08-13T23:00:00Z,81.07,81.15,81.06,81.14,25
2026-08-13T23:05:00Z,81.14,81.18,81.13,81.16,48
2026-08-13T23:10:00Z,81.14,81.15,81.14,81.15,7
2026-08-13T23:15:00Z,81.15,81.19,81.15,81.18,17
2026-08-13T23:20:00Z,81.2,81.21,81.17,81.18,30
2026-08-13T23:25:00Z,81.19,81.23,81.19,81.23,40
2026-08-13T23:30:00Z,81.22,81.26,81.2,81.24,29
2026-08-13T23:35:00Z,81.24,81.29,81.24,81.28,47
2026-08-13T23:40:00Z,81.29,81.33,81.29,81.32,103
2026-08-13T23:45:00Z,81.33,81.34,81.28,81.33,56
2026-08-13T23:50:00Z,81.34,81.36,81.31,81.35,57
2026-08-13T23:55:00Z,81.35,81.36,81.32,81.33,54
2026-08-14T00:00:00Z,81.32,81.42,81.28,81.4,285
2026-08-14T00:05:00Z,81.39,81.44,81.27,81.31,385
2026-08-14T00:10:00Z,81.33,81.41,81.33,81.35,181
2026-08-14T00:15:00Z,81.35,81.39,81.19,81.24,212
2026-08-14T00:20:00Z,81.24,81.27,81.2,81.27,46
2026-08-14T00:25:00Z,81.34,81.34,81.22,81.22,89
2026-08-14T00:30:00Z,81.23,81.26,81.22,81.23,35
2026-08-14T00:35:00Z,81.24,81.24,81.19,81.19,18
2026-08-14T00:40:00Z,81.2,81.21,81.14,81.15,83
2026-08-14T00:45:00Z,81.16,81.19,81.13,81.14,53
2026-08-14T00:50:00Z,81.14,81.15,81.08,81.1,124
2026-08-14T00:55:00Z,81.12,81.13,81.04,81.06,118
2026-08-14T01:00:00Z,81.06,81.29,81.0,81.28,509
2026-08-14T01:05:00Z,81.26,81.37,81.23,81.33,146
2026-08-14T01:10:00Z,81.29,81.3,81.18,81.2,150
2026-08-14T01:15:00Z,81.2,81.33,81.16,81.32,340
2026-08-14T01:20:00Z,81.34,81.4,81.23,81.23,179
2026-08-14T01:25:00Z,81.2,81.31,81.2,81.3,228
2026-08-14T01:30:00Z,81.31,81.33,81.06,81.1,304
2026-08-14T01:35:00Z,81.11,81.12,80.91,80.97,291
2026-08-14T01:40:00Z,80.98,81.03,80.91,80.99,103
2026-08-14T01:45:00Z,80.98,81.02,80.89,80.93,87
2026-08-14T01:50:00Z,80.91,80.93,80.82,80.86,118
2026-08-14T01:55:00Z,80.88,80.96,80.84,80.93,207
2026-08-14T02:00:00Z,80.92,80.92,80.71,80.83,1017
2026-08-14T02:05:00Z,80.84,80.95,80.8,80.9,149
2026-08-14T02:10:00Z,80.93,80.95,80.85,80.92,113
2026-08-14T02:15:00Z,80.91,80.96,80.89,80.89,27
2026-08-14T02:20:00Z,80.88,80.9,80.86,80.86,25
2026-08-14T02:25:00Z,80.85,80.86,80.79,80.81,86
2026-08-14T02:30:00Z,80.85,81.1,80.82,81.1,345
2026-08-14T02:35:00Z,81.12,81.19,81.1,81.15,158
2026-08-14T02:40:00Z,81.25,81.26,81.22,81.24,236
2026-08-14T02:45:00Z,81.24,81.37,81.23,81.3,191
2026-08-14T02:50:00Z,81.31,81.35,81.24,81.35,106
2026-08-14T02:55:00Z,81.35,81.4,81.32,81.39,108
2026-08-14T03:00:00Z,81.38,81.39,81.21,81.23,99
2026-08-14T03:05:00Z,81.23,81.28,81.2,81.28,44
2026-08-14T03:10:00Z,81.28,81.35,81.27,81.32,43
2026-08-14T03:15:00Z,81.3,81.3,81.26,81.26,37
2026-08-14T03:20:00Z,81.27,81.27,81.21,81.22,43
2026-08-14T03:25:00Z,81.23,81.33,81.21,81.31,52
2026-08-14T03:30:00Z,81.31,81.44,81.31,81.43,269
2026-08-14T03:35:00Z,81.42,81.42,81.42,81.42,89
2026-08-14T03:40:00Z,81.41,81.41,81.32,81.34,82
2026-08-14T03:45:00Z,81.35,81.4,81.32,81.33,30
2026-08-14T03:50:00Z,81.33,81.37,81.3,81.37,36
2026-08-14T03:55:00Z,81.38,81.39,81.35,81.35,31
2026-08-14T04:00:00Z,81.35,81.45,81.35,81.45,86
2026-08-14T04:05:00Z,81.44,81.44,81.37,81.38,33
2026-08-14T04:10:00Z,81.38,81.39,81.32,81.34,43
2026-08-14T04:15:00Z,81.35,81.36,81.26,81.28,67
2026-08-14T04:20:00Z,81.26,81.31,81.26,81.27,84
2026-08-14T04:25:00Z,81.26,81.3,81.2,81.3,122
2026-08-14T04:30:00Z,81.3,81.35,81.29,81.34,96
2026-08-14T04:35:00Z,81.33,81.38,81.32,81.34,72
2026-08-14T04:40:00Z,81.32,81.34,81.3,81.34,60
2026-08-14T04:45:00Z,81.33,81.37,81.3,81.37,54
2026-08-14T04:50:00Z,81.37,81.41,81.34,81.34,146
2026-08-14T04:55:00Z,81.35,81.39,81.34,81.38,58
2026-08-14T05:00:00Z,81.38,81.43,81.32,81.41,84
2026-08-14T05:05:00Z,81.39,81.41,81.34,81.36,100
2026-08-14T05:10:00Z,81.36,81.4,81.28,81.31,137
2026-08-14T05:15:00Z,81.3,81.36,81.29,81.36,88
2026-08-14T05:20:00Z,81.35,81.42,81.34,81.39,96
2026-08-14T05:25:00Z,81.38,81.43,81.38,81.42,77
2026-08-14T05:30:00Z,81.41,81.57,81.41,81.51,531
2026-08-14T05:35:00Z,81.5,81.75,81.49,81.68,676
2026-08-14T05:40:00Z,81.66,81.7,81.59,81.62,197
2026-08-14T05:45:00Z,81.61,81.67,81.56,81.65,169
2026-08-14T05:50:00Z,81.67,81.79,81.66,81.77,166
2026-08-14T05:55:00Z,81.78,82.0,81.77,81.98,957
2026-08-14T06:00:00Z,81.99,82.06,81.92,81.99,311
2026-08-14T06:05:00Z,82.0,82.1,81.96,81.96,258
2026-08-14T06:10:00Z,81.95,81.98,81.8,81.87,318
2026-08-14T06:15:00Z,81.88,82.04,81.87,82.01,265
2026-08-14T06:20:00Z,82.01,82.11,81.97,81.98,463
2026-08-14T06:25:00Z,81.98,82.25,81.96,82.21,658
2026-08-14T06:30:00Z,82.21,82.21,82.09,82.14,339
2026-08-14T06:35:00Z,82.15,82.15,81.98,82.02,179
2026-08-14T06:40:00Z,82.02,82.27,82.01,82.13,866
2026-08-14T06:45:00Z,82.13,82.22,82.07,82.07,357
2026-08-14T06:50:00Z,82.07,82.19,82.07,82.1,299
2026-08-14T06:55:00Z,82.13,82.18,82.09,82.18,152
2026-08-14T07:00:00Z,82.18,82.64,82.16,82.57,1580
2026-08-14T07:05:00Z,82.58,82.7,82.57,82.66,930
2026-08-14T07:10:00Z,82.67,82.99,82.64,82.96,1422
2026-08-14T07:15:00Z,82.96,82.99,82.77,82.85,712
2026-08-14T07:20:00Z,82.85,82.88,82.7,82.71,638
2026-08-14T07:25:00Z,82.71,82.76,82.64,82.75,614
2026-08-14T07:30:00Z,82.75,82.84,82.75,82.78,238
2026-08-14T07:35:00Z,82.79,82.81,82.68,82.7,337
2026-08-14T07:40:00Z,82.72,82.85,82.71,82.81,268
2026-08-14T07:45:00Z,82.81,82.81,82.67,82.69,298
2026-08-14T07:50:00Z,82.7,82.88,82.68,82.83,316
2026-08-14T07:55:00Z,82.83,82.94,82.76,82.88,681
2026-08-14T08:00:00Z,82.87,82.89,82.68,82.74,448
2026-08-14T08:05:00Z,82.73,82.85,82.69,82.81,435
2026-08-14T08:10:00Z,82.79,82.97,82.77,82.84,500
2026-08-14T08:15:00Z,82.86,82.89,82.71,82.74,351
2026-08-14T08:20:00Z,82.73,82.84,82.7,82.79,234
2026-08-14T08:25:00Z,82.78,82.79,82.46,82.52,2332
2026-08-14T08:30:00Z,82.53,82.73,82.52,82.6,929
2026-08-14T08:35:00Z,82.58,82.58,82.22,82.28,1086
2026-08-14T08:40:00Z,82.29,82.6,82.28,82.55,1035
2026-08-14T08:45:00Z,82.57,82.6,82.45,82.55,385
2026-08-14T08:50:00Z,82.59,82.62,82.43,82.53,255
2026-08-14T08:55:00Z,82.53,82.59,82.5,82.54,134
2026-08-14T09:00:00Z,82.56,82.6,82.42,82.5,497
2026-08-14T09:05:00Z,82.5,82.53,82.31,82.38,365
2026-08-14T09:10:00Z,82.32,82.44,82.3,82.35,271
2026-08-14T09:15:00Z,82.34,82.39,82.26,82.33,466
2026-08-14T09:20:00Z,82.33,82.33,82.09,82.16,688
2026-08-14T09:25:00Z,82.16,82.24,82.11,82.14,521
2026-08-14T09:30:00Z,82.15,82.27,82.02,82.26,476
2026-08-14T09:35:00Z,82.26,82.45,82.22,82.4,1090
2026-08-14T09:40:00Z,82.38,82.4,82.19,82.27,466
2026-08-14T09:45:00Z,82.28,82.33,82.15,82.28,400
2026-08-14T09:50:00Z,82.3,82.36,82.08,82.09,516
2026-08-14T09:55:00Z,82.07,82.21,82.02,82.09,429
2026-08-14T10:00:00Z,82.1,82.1,81.97,82.06,292
2026-08-14T10:05:00Z,82.03,82.03,81.8,81.86,698
2026-08-14T10:10:00Z,81.87,81.88,81.76,81.83,669
2026-08-14T10:15:00Z,81.84,81.84,81.72,81.8,588
2026-08-14T10:20:00Z,81.78,81.82,81.73,81.76,388
2026-08-14T10:25:00Z,81.8,81.94,81.79,81.83,650
2026-08-14T10:30:00Z,81.83,81.89,81.73,81.78,388
2026-08-14T10:35:00Z,81.77,81.83,81.68,81.68,346
2026-08-14T10:40:00Z,81.69,81.81,81.69,81.73,257
2026-08-14T10:45:00Z,81.73,81.79,81.63,81.65,316
2026-08-14T10:50:00Z,81.63,81.65,81.42,81.43,1060
2026-08-14T10:55:00Z,81.44,81.61,81.42,81.51,485
2026-08-14T11:00:00Z,81.52,81.86,81.5,81.79,1089
2026-08-14T11:05:00Z,81.81,81.83,81.65,81.72,380
2026-08-14T11:10:00Z,81.71,81.83,81.68,81.69,404
2026-08-14T11:15:00Z,81.7,81.76,81.66,81.73,228
2026-08-14T11:20:00Z,81.71,81.78,81.62,81.71,280
2026-08-14T11:25:00Z,81.69,81.75,81.57,81.69,336
2026-08-14T11:30:00Z,81.69,81.73,81.58,81.63,610
2026-08-14T11:35:00Z,81.62,81.65,81.47,81.53,548
2026-08-14T11:40:00Z,81.54,81.55,81.43,81.49,304
2026-08-14T11:45:00Z,81.51,81.6,81.46,81.51,695
2026-08-14T11:50:00Z,81.5,81.53,81.43,81.51,591
2026-08-14T11:55:00Z,81.51,81.65,81.51,81.56,786
2026-08-14T12:00:00Z,81.56,81.76,81.52,81.76,575
2026-08-14T12:05:00Z,81.74,81.95,81.7,81.92,1559
2026-08-14T12:10:00Z,81.93,82.18,81.83,81.91,1726
2026-08-14T12:15:00Z,81.88,82.06,81.88,81.98,875
2026-08-14T12:20:00Z,81.98,82.0,81.78,81.83,1154
2026-08-14T12:25:00Z,81.83,81.95,81.78,81.78,772
2026-08-14T12:30:00Z,81.76,81.8,81.35,81.38,1960
2026-08-14T12:35:00Z,81.38,81.55,81.35,81.45,1023
2026-08-14T12:40:00Z,81.47,81.61,81.31,81.34,1900
2026-08-14T12:45:00Z,81.35,81.36,81.15,81.17,1151
2026-08-14T12:50:00Z,81.17,81.28,81.12,81.24,1097
2026-08-14T12:55:00Z,81.23,81.29,81.13,81.14,663
2026-08-14T13:00:00Z,81.14,81.37,81.09,81.29,861
2026-08-14T13:05:00Z,81.26,81.45,81.14,81.41,1937
2026-08-14T13:10:00Z,81.4,81.43,81.3,81.41,841
2026-08-14T13:15:00Z,81.4,81.53,81.31,81.41,1491
2026-08-14T13:20:00Z,81.4,81.45,81.2,81.3,1106
2026-08-14T13:25:00Z,81.28,81.31,81.07,81.28,1741
2026-08-14T13:30:00Z,81.29,81.29,80.99,81.02,2010
2026-08-14T13:35:00Z,81.0,81.05,80.81,80.81,2818
2026-08-14T13:40:00Z,80.82,80.95,80.76,80.89,1449
2026-08-14T13:45:00Z,80.89,81.0,80.83,80.98,1120
2026-08-14T13:50:00Z,80.97,81.06,80.87,81.05,943
2026-08-14T13:55:00Z,81.06,81.21,80.99,81.17,1073
2026-08-14T14:00:00Z,81.15,81.42,81.12,81.32,2555
2026-08-14T14:05:00Z,81.36,81.48,81.32,81.46,1659
2026-08-14T14:10:00Z,81.46,81.54,81.16,81.22,1848
2026-08-14T14:15:00Z,81.19,81.43,81.14,81.43,1688
2026-08-14T14:20:00Z,81.4,81.53,81.31,81.5,2264
2026-08-14T14:25:00Z,81.5,81.53,81.37,81.37,1325
2026-08-14T14:30:00Z,81.37,81.62,81.37,81.51,1742
2026-08-14T14:35:00Z,81.5,81.66,81.43,81.55,1099
2026-08-14T14:40:00Z,81.54,81.78,81.51,81.71,2064
2026-08-14T14:45:00Z,81.69,81.71,81.34,81.59,2661
2026-08-14T14:50:00Z,81.62,81.74,81.52,81.73,1981
2026-08-14T14:55:00Z,81.72,81.87,81.7,81.71,1047
2026-08-14T15:00:00Z,81.72,81.83,81.58,81.81,1330
2026-08-14T15:05:00Z,81.81,81.84,81.71,81.72,859
2026-08-14T15:10:00Z,81.72,81.73,81.55,81.67,1299
2026-08-14T15:15:00Z,81.68,81.7,81.34,81.5,1894
2026-08-14T15:20:00Z,81.48,81.75,81.47,81.69,1244
2026-08-14T15:25:00Z,81.72,81.88,81.67,81.72,2045
2026-08-14T15:30:00Z,81.74,81.91,81.67,81.76,1680
2026-08-14T15:35:00Z,81.75,81.77,81.63,81.68,718
2026-08-14T15:40:00Z,81.68,81.71,81.5,81.59,916
2026-08-14T15:45:00Z,81.58,81.77,81.57,81.71,522
2026-08-14T15:50:00Z,81.73,81.75,81.54,81.66,748
2026-08-14T15:55:00Z,81.67,81.72,81.65,81.66,396
2026-08-14T16:00:00Z,81.66,81.68,81.59,81.62,606
2026-08-14T16:05:00Z,81.63,81.7,81.53,81.7,692
2026-08-14T16:10:00Z,81.7,81.83,81.63,81.7,816
2026-08-14T16:15:00Z,81.71,81.85,81.68,81.76,614
2026-08-14T16:20:00Z,81.76,81.9,81.72,81.84,748
2026-08-14T16:25:00Z,81.83,81.99,81.83,81.93,1020
2026-08-14T16:30:00Z,81.93,81.95,81.83,81.89,566
2026-08-14T16:35:00Z,81.88,81.89,81.78,81.83,612
2026-08-14T16:40:00Z,81.83,82.0,81.79,81.99,588
2026-08-14T16:45:00Z,81.99,82.02,81.88,82.01,1160
2026-08-14T16:50:00Z,82.01,82.02,81.9,81.93,702
2026-08-14T16:55:00Z,81.93,82.0,81.85,81.92,682
2026-08-14T17:00:00Z,81.92,82.04,81.84,81.97,920
2026-08-14T17:05:00Z,81.98,82.1,81.92,82.08,667
2026-08-14T17:10:00Z,82.09,82.3,82.08,82.21,2325
2026-08-14T17:15:00Z,82.21,82.28,82.05,82.13,1262
2026-08-14T17:20:00Z,82.13,82.26,82.08,82.14,958
2026-08-14T17:25:00Z,82.15,82.19,82.09,82.18,553
2026-08-14T17:30:00Z,82.17,82.29,82.17,82.22,589
2026-08-14T17:35:00Z,82.24,82.31,82.16,82.18,453
2026-08-14T17:40:00Z,82.17,82.3,82.14,82.29,574
2026-08-14T17:45:00Z,82.29,82.34,82.23,82.32,650
2026-08-14T17:50:00Z,82.32,82.4,82.32,82.33,735
2026-08-14T17:55:00Z,82.33,82.34,82.28,82.29,848
2026-08-14T18:00:00Z,82.29,82.3,82.09,82.16,1321
2026-08-14T18:05:00Z,82.16,82.21,82.09,82.18,737
2026-08-14T18:10:00Z,82.18,82.31,82.16,82.23,940
2026-08-14T18:15:00Z,82.25,82.38,82.25,82.27,1713
2026-08-14T18:20:00Z,82.27,82.36,82.23,82.35,1110
2026-08-14T18:25:00Z,82.33,82.45,82.27,82.4,7705
2026-08-14T18:30:00Z,82.41,82.67,82.4,82.59,2132
2026-08-14T18:35:00Z,82.58,82.58,82.48,82.48,656
2026-08-14T18:40:00Z,82.49,82.57,82.47,82.52,550
2026-08-14T18:45:00Z,82.51,82.55,82.32,82.42,387
2026-08-14T18:50:00Z,82.41,82.45,82.41,82.44,154
2026-08-14T18:55:00Z,82.45,82.45,82.39,82.41,99
2026-08-14T19:00:00Z,82.41,82.43,82.32,82.35,384
2026-08-14T19:05:00Z,82.34,82.37,82.32,82.33,270
2026-08-14T19:10:00Z,82.33,82.37,82.3,82.35,238
2026-08-14T19:15:00Z,82.34,82.43,82.19,82.23,1663
2026-08-14T19:20:00Z,82.22,82.31,82.2,82.3,224
2026-08-14T19:25:00Z,82.31,82.32,82.28,82.31,124
2026-08-14T19:30:00Z,82.32,82.36,82.26,82.29,162
2026-08-14T19:35:00Z,82.29,82.3,82.25,82.28,118
2026-08-14T19:40:00Z,82.27,82.35,82.27,82.33,273
2026-08-14T19:45:00Z,82.33,82.33,82.28,82.29,252
2026-08-14T19:50:00Z,82.28,82.36,82.22,82.32,531
2026-08-14T19:55:00Z,82.33,82.42,82.32,82.4,439
2026-08-14T20:00:00Z,82.39,82.41,82.25,82.36,356
2026-08-14T20:05:00Z,82.38,82.53,82.36,82.45,466
2026-08-14T20:10:00Z,82.45,82.45,82.4,82.45,94
2026-08-14T20:15:00Z,82.43,82.44,82.33,82.37,198
2026-08-14T20:20:00Z,82.36,82.37,82.27,82.33,204
2026-08-14T20:25:00Z,82.33,82.35,82.25,82.26,243
2026-08-14T20:30:00Z,82.25,82.36,82.23,82.35,155
2026-08-14T20:35:00Z,82.35,82.4,82.32,82.39,108
2026-08-14T20:40:00Z,82.39,82.42,82.35,82.35,220
2026-08-14T20:45:00Z,82.38,82.44,82.37,82.44,166
2026-08-14T20:50:00Z,82.43,82.44,82.35,82.36,352
2026-08-14T20:55:00Z,82.37,82.46,82.35,82.4,384
2026-08-16T22:10:00Z,82.62,82.66,82.6,82.61,119
2026-08-16T22:15:00Z,82.59,82.6,82.53,82.6,151
2026-08-16T22:20:00Z,82.57,82.57,82.48,82.5,211
2026-08-16T22:25:00Z,82.51,82.54,82.48,82.52,60
2026-08-16T22:30:00Z,82.51,82.52,82.46,82.49,124
2026-08-16T22:35:00Z,82.48,82.48,82.38,82.41,251
2026-08-16T22:40:00Z,82.39,82.39,82.29,82.32,161
2026-08-16T22:45:00Z,82.32,82.39,82.32,82.38,96
2026-08-16T22:50:00Z,82.39,82.44,82.35,82.39,128
2026-08-16T22:55:00Z,82.42,82.42,82.38,82.39,37
2026-08-16T23:00:00Z,82.38,82.45,82.37,82.4,38
2026-08-16T23:05:00Z,82.42,82.42,82.41,82.41,16
2026-08-16T23:10:00Z,82.4,82.4,82.32,82.4,160
2026-08-16T23:15:00Z,82.4,82.43,82.38,82.41,63
2026-08-16T23:20:00Z,82.42,82.48,82.42,82.44,86
2026-08-16T23:25:00Z,82.43,82.46,82.42,82.45,42
2026-08-16T23:30:00Z,82.48,82.49,82.47,82.48,25
2026-08-16T23:35:00Z,82.47,82.47,82.47,82.47,4
2026-08-16T23:40:00Z,82.42,82.43,82.36,82.41,139
2026-08-16T23:45:00Z,82.39,82.39,82.34,82.35,70
2026-08-16T23:50:00Z,82.34,82.38,82.3,82.35,140
2026-08-16T23:55:00Z,82.31,82.36,82.31,82.33,31
2026-08-17T00:00:00Z,82.33,82.33,82.2,82.24,176
2026-08-17T00:05:00Z,82.24,82.28,82.14,82.15,87
2026-08-17T00:10:00Z,82.16,82.16,82.09,82.09,105
2026-08-17T00:15:00Z,82.1,82.17,82.08,82.16,75
2026-08-17T00:20:00Z,82.12,82.16,82.04,82.06,321
2026-08-17T00:25:00Z,82.07,82.1,82.07,82.08,14
2026-08-17T00:30:00Z,82.14,82.17,82.13,82.17,119
2026-08-17T00:35:00Z,82.18,82.25,82.14,82.25,181
2026-08-17T00:40:00Z,82.25,82.29,82.14,82.15,210
2026-08-17T00:45:00Z,82.16,82.16,82.11,82.15,62
2026-08-17T00:50:00Z,82.14,82.2,82.05,82.05,130
2026-08-17T00:55:00Z,82.06,82.08,81.86,81.89,220
2026-08-17T01:00:00Z,81.89,82.17,81.72,82.1,470
2026-08-17T01:05:00Z,82.1,82.26,82.06,82.22,294
2026-08-17T01:10:00Z,82.26,82.37,82.06,82.16,226
2026-08-17T01:15:00Z,82.18,82.23,82.08,82.1,110
2026-08-17T01:20:00Z,82.12,82.22,82.1,82.18,139
2026-08-17T01:25:00Z,82.18,82.19,82.1,82.14,30
2026-08-17T01:30:00Z,82.51,82.57,82.43,82.55,672
2026-08-17T01:35:00Z,82.54,82.65,82.5,82.53,248
2026-08-17T01:40:00Z,82.54,82.82,82.52,82.77,437
2026-08-17T01:45:00Z,82.77,82.92,82.63,82.69,322
2026-08-17T01:50:00Z,82.72,82.73,82.5,82.55,186
2026-08-17T01:55:00Z,82.55,82.61,82.43,82.59,138
2026-08-17T02:00:00Z,82.59,82.76,82.56,82.72,181
2026-08-17T02:05:00Z,82.71,82.9,82.66,82.8,260
2026-08-17T02:10:00Z,82.79,83.04,82.78,82.92,306
2026-08-17T02:15:00Z,82.96,82.97,82.84,82.85,129
2026-08-17T02:20:00Z,82.84,82.87,82.8,82.87,91
2026-08-17T02:25:00Z,82.87,82.93,82.83,82.85,139
2026-08-17T02:30:00Z,82.83,82.96,82.79,82.83,300
2026-08-17T02:35:00Z,82.82,82.84,82.7,82.71,273
2026-08-17T02:40:00Z,82.73,82.75,82.47,82.53,273
2026-08-17T02:45:00Z,82.55,82.64,82.42,82.62,219
2026-08-17T02:50:00Z,82.61,82.67,82.52,82.56,63
2026-08-17T02:55:00Z,82.54,82.54,82.26,82.43,431
2026-08-17T03:00:00Z,82.42,82.44,82.39,82.41,81
2026-08-17T03:05:00Z,82.41,82.43,82.28,82.34,171
2026-08-17T03:10:00Z,82.33,82.39,82.28,82.34,165
2026-08-17T03:15:00Z,82.34,82.45,82.29,82.44,130
2026-08-17T03:20:00Z,82.43,82.43,82.37,82.38,34
2026-08-17T03:25:00Z,82.4,82.46,82.39,82.41,112
2026-08-17T03:30:00Z,82.42,82.59,82.42,82.53,305
2026-08-17T03:35:00Z,82.54,82.54,82.5,82.51,172
2026-08-17T03:40:00Z,82.53,82.58,82.52,82.55,52
2026-08-17T03:45:00Z,82.54,82.54,82.42,82.43,128
2026-08-17T03:50:00Z,82.43,82.44,82.31,82.34,115
2026-08-17T03:55:00Z,82.34,82.34,82.24,82.24,118
2026-08-17T04:00:00Z,82.17,82.2,81.94,82.01,618
2026-08-17T04:05:00Z,82.02,82.14,81.99,82.14,217
2026-08-17T04:10:00Z,82.12,82.13,82.04,82.09,96
2026-08-17T04:15:00Z,82.07,82.23,82.07,82.21,147
2026-08-17T04:20:00Z,82.18,82.27,82.18,82.27,76
2026-08-17T04:25:00Z,82.27,82.35,82.26,82.32,167
2026-08-17T04:30:00Z,82.3,82.39,82.23,82.24,216
2026-08-17T04:35:00Z,82.23,82.33,82.21,82.21,168
2026-08-17T04:40:00Z,82.21,82.23,82.18,82.19,27
2026-08-17T04:45:00Z,82.23,82.26,82.18,82.23,71
2026-08-17T04:50:00Z,82.24,82.25,82.17,82.17,62
2026-08-17T04:55:00Z,82.16,82.24,82.13,82.15,143
2026-08-17T05:00:00Z,82.14,82.19,82.07,82.09,91
2026-08-17T05:05:00Z,82.08,82.2,82.08,82.16,77
2026-08-17T05:10:00Z,82.17,82.21,82.17,82.2,82
2026-08-17T05:15:00Z,82.19,82.2,82.1,82.1,82
2026-08-17T05:20:00Z,82.11,82.12,82.04,82.07,94
2026-08-17T05:25:00Z,82.08,82.14,82.05,82.13,105
2026-08-17T05:30:00Z,82.11,82.19,81.93,81.93,307
2026-08-17T05:35:00Z,81.95,82.17,81.92,82.15,417
2026-08-17T05:40:00Z,82.14,82.18,82.02,82.11,77
2026-08-17T05:45:00Z,82.12,82.14,81.97,82.04,524
2026-08-17T05:50:00Z,82.02,82.03,81.83,81.91,441
2026-08-17T05:55:00Z,81.9,81.96,81.79,81.85,242
2026-08-17T06:00:00Z,81.84,81.88,81.63,81.88,515
2026-08-17T06:05:00Z,81.89,81.98,81.86,81.89,342
2026-08-17T06:10:00Z,81.9,81.92,81.73,81.87,261
2026-08-17T06:15:00Z,81.86,81.92,81.7,81.75,241
2026-08-17T06:20:00Z,81.72,81.88,81.72,81.78,169
2026-08-17T06:25:00Z,81.78,81.79,81.7,81.78,361
2026-08-17T06:30:00Z,81.79,81.86,81.73,81.82,212
2026-08-17T06:35:00Z,81.83,81.84,81.71,81.71,94
2026-08-17T06:40:00Z,81.76,81.84,81.71,81.81,286
2026-08-17T06:45:00Z,81.8,81.81,81.69,81.77,185
2026-08-17T06:50:00Z,81.77,81.86,81.71,81.78,213
2026-08-17T06:55:00Z,81.79,81.87,81.76,81.85,122
2026-08-17T07:00:00Z,81.84,81.95,81.78,81.92,254
2026-08-17T07:05:00Z,81.91,81.97,81.74,81.8,372
2026-08-17T07:10:00Z,81.79,81.89,81.68,81.78,293
2026-08-17T07:15:00Z,81.77,81.83,81.55,81.63,427
2026-08-17T07:20:00Z,81.61,81.7,81.5,81.61,347
2026-08-17T07:25:00Z,81.7,81.8,81.64,81.8,270
2026-08-17T07:30:00Z,81.82,82.06,81.8,81.85,362
2026-08-17T07:35:00Z,81.85,81.85,81.59,81.72,309
2026-08-17T07:40:00Z,81.74,81.76,81.65,81.76,191
2026-08-17T07:45:00Z,81.78,81.94,81.74,81.92,272
2026-08-17T07:50:00Z,81.92,82.21,81.9,82.19,599
2026-08-17T07:55:00Z,82.17,82.17,81.95,81.95,313
2026-08-17T08:00:00Z,81.95,82.24,81.83,82.24,500
2026-08-17T08:05:00Z,82.22,82.27,82.08,82.17,403
2026-08-17T08:10:00Z,82.16,82.21,82.08,82.16,258
2026-08-17T08:15:00Z,82.15,82.2,82.08,82.14,141
2026-08-17T08:20:00Z,82.14,82.3,82.04,82.28,448
2026-08-17T08:25:00Z,82.28,82.33,82.07,82.11,811
2026-08-17T08:30:00Z,82.12,82.33,82.02,82.24,529
2026-08-17T08:35:00Z,82.23,82.24,82.08,82.15,781
2026-08-17T08:40:00Z,82.14,82.22,82.05,82.22,267
2026-08-17T08:45:00Z,82.2,82.31,82.05,82.23,576
2026-08-17T08:50:00Z,82.22,82.33,82.15,82.31,316
2026-08-17T08:55:00Z,82.3,82.39,82.24,82.38,370
2026-08-17T09:00:00Z,82.38,82.57,82.35,82.53,611
2026-08-17T09:05:00Z,82.53,82.65,82.51,82.64,599
2026-08-17T09:10:00Z,82.63,82.79,82.6,82.6,752
2026-08-17T09:15:00Z,82.61,82.61,82.34,82.51,869
2026-08-17T09:20:00Z,82.49,82.55,82.41,82.46,235
2026-08-17T09:25:00Z,82.45,82.54,82.43,82.52,200
2026-08-17T09:30:00Z,82.54,82.69,82.48,82.67,310
2026-08-17T09:35:00Z,82.66,82.95,82.61,82.92,942
2026-08-17T09:40:00Z,82.92,82.95,82.77,82.77,632
2026-08-17T09:45:00Z,82.78,82.9,82.63,82.86,340
2026-08-17T09:50:00Z,82.84,83.16,82.83,83.13,817
2026-08-17T09:55:00Z,83.12,83.14,82.96,82.96,697
2026-08-17T10:00:00Z,82.97,83.12,82.88,83.12,562
2026-08-17T10:05:00Z,83.11,83.23,83.09,83.18,569
2026-08-17T10:10:00Z,83.18,83.21,83.07,83.14,576
2026-08-17T10:15:00Z,83.12,83.16,83.0,83.02,528
2026-08-17T10:20:00Z,83.0,83.12,82.99,83.01,226
2026-08-17T10:25:00Z,83.01,83.16,81.99,82.13,2248
2026-08-17T10:30:00Z,82.12,82.83,81.86,82.79,4124
2026-08-17T10:35:00Z,82.77,82.94,82.74,82.92,1080
2026-08-17T10:40:00Z,82.91,83.0,82.84,82.86,543
2026-08-17T10:45:00Z,82.87,82.97,82.84,82.87,318
2026-08-17T10:50:00Z,82.85,82.95,82.52,82.65,914
2026-08-17T10:55:00Z,82.66,82.93,82.6,82.84,674
2026-08-17T11:00:00Z,82.86,82.91,82.8,82.87,485
2026-08-17T11:05:00Z,82.86,82.88,82.51,82.6,1470
2026-08-17T11:10:00Z,82.59,82.83,82.59,82.77,667
2026-08-17T11:15:00Z,82.77,82.77,82.6,82.66,321
2026-08-17T11:20:00Z,82.62,82.78,82.55,82.68,485
2026-08-17T11:25:00Z,82.63,82.76,82.61,82.64,314
2026-08-17T11:30:00Z,82.63,82.65,82.48,82.52,344
2026-08-17T11:35:00Z,82.53,82.55,82.39,82.45,465
2026-08-17T11:40:00Z,82.46,82.6,82.46,82.49,282
2026-08-17T11:45:00Z,82.49,82.58,82.44,82.58,158
2026-08-17T11:50:00Z,82.57,82.61,82.47,82.49,381
2026-08-17T11:55:00Z,82.49,82.49,82.33,82.36,567
2026-08-17T12:00:00Z,82.36,82.52,82.32,82.52,364
2026-08-17T12:05:00Z,82.52,82.52,82.29,82.4,421
2026-08-17T12:10:00Z,82.4,82.45,82.28,82.29,416
2026-08-17T12:15:00Z,82.26,82.33,82.21,82.31,717
2026-08-17T12:20:00Z,82.3,82.46,82.25,82.42,535
2026-08-17T12:25:00Z,82.41,83.15,82.37,82.82,5181
2026-08-17T12:30:00Z,82.8,82.81,82.59,82.7,1131
2026-08-17T12:35:00Z,82.71,83.02,82.7,82.92,1224
2026-08-17T12:40:00Z,82.89,83.09,82.85,82.95,1104
2026-08-17T12:45:00Z,82.93,83.13,82.93,83.04,932
2026-08-17T12:50:00Z,83.03,83.12,82.99,83.01,625
2026-08-17T12:55:00Z,83.01,83.14,82.97,82.97,985
2026-08-17T13:00:00Z,82.98,83.13,82.79,82.82,1602
2026-08-17T13:05:00Z,82.81,82.9,82.67,82.74,740
2026-08-17T13:10:00Z,82.74,82.77,82.59,82.66,618
2026-08-17T13:15:00Z,82.65,82.66,82.44,82.53,771
2026-08-17T13:20:00Z,82.51,83.01,82.5,82.84,2021
2026-08-17T13:25:00Z,82.83,82.9,82.77,82.78,591
2026-08-17T13:30:00Z,82.76,82.89,82.66,82.68,1090
2026-08-17T13:35:00Z,82.67,82.84,82.63,82.75,905
2026-08-17T13:40:00Z,82.74,82.79,82.66,82.76,936
2026-08-17T13:45:00Z,82.75,82.8,82.68,82.74,513
2026-08-17T13:50:00Z,82.74,82.74,82.58,82.62,916
2026-08-17T13:55:00Z,82.61,82.68,82.54,82.63,777
2026-08-17T14:00:00Z,82.62,82.7,82.36,82.42,1178
2026-08-17T14:05:00Z,82.43,82.53,82.4,82.43,525
2026-08-17T14:10:00Z,82.42,82.58,82.41,82.48,585
2026-08-17T14:15:00Z,82.46,82.54,82.41,82.48,495
2026-08-17T14:20:00Z,82.48,82.56,82.17,82.43,1464
2026-08-17T14:25:00Z,82.42,82.5,82.34,82.39,564
2026-08-17T14:30:00Z,82.39,82.61,82.35,82.5,1005
2026-08-17T14:35:00Z,82.48,82.58,82.4,82.5,730
2026-08-17T14:40:00Z,82.48,82.51,82.32,82.4,967
2026-08-17T14:45:00Z,82.39,82.45,82.28,82.34,1190
2026-08-17T14:50:00Z,82.34,82.34,82.14,82.22,1097
2026-08-17T14:55:00Z,82.23,82.28,82.1,82.17,797
2026-08-17T15:00:00Z,82.21,82.46,82.18,82.34,1403
2026-08-17T15:05:00Z,82.33,82.41,82.25,82.38,517
2026-08-17T15:10:00Z,82.37,82.41,82.31,82.38,797
2026-08-17T15:15:00Z,82.39,82.61,82.37,82.58,1216
2026-08-17T15:20:00Z,82.57,82.81,82.55,82.78,1709
2026-08-17T15:25:00Z,82.77,82.83,82.45,82.6,2402
2026-08-17T15:30:00Z,82.59,82.8,82.56,82.64,1218
2026-08-17T15:35:00Z,82.67,82.71,82.48,82.53,1716
2026-08-17T15:40:00Z,82.53,82.71,82.46,82.67,935
2026-08-17T15:45:00Z,82.66,82.81,82.61,82.76,648
2026-08-17T15:50:00Z,82.75,82.82,82.68,82.7,730
2026-08-17T15:55:00Z,82.7,82.89,82.69,82.82,725
2026-08-17T16:00:00Z,82.84,82.9,82.64,82.65,1372
2026-08-17T16:05:00Z,82.64,82.72,82.57,82.6,1353
2026-08-17T16:10:00Z,82.6,82.63,82.36,82.36,1814
2026-08-17T16:15:00Z,82.37,82.48,82.33,82.36,1125
2026-08-17T16:20:00Z,82.36,82.5,82.36,82.48,617
2026-08-17T16:25:00Z,82.48,82.58,82.46,82.57,1099
2026-08-17T16:30:00Z,82.56,82.73,82.55,82.72,895
2026-08-17T16:35:00Z,82.73,82.81,82.62,82.76,818
2026-08-17T16:40:00Z,82.76,82.81,82.71,82.78,736
2026-08-17T16:45:00Z,82.77,82.85,82.74,82.79,661
2026-08-17T16:50:00Z,82.79,82.87,82.77,82.85,653
2026-08-17T16:55:00Z,82.86,82.87,82.74,82.85,396
2026-08-17T17:00:00Z,82.85,83.09,82.8,83.07,1187
2026-08-17T17:05:00Z,83.08,83.48,83.08,83.23,4332
2026-08-17T17:10:00Z,83.23,83.47,83.22,83.42,1392
2026-08-17T17:15:00Z,83.43,83.76,83.43,83.72,1926
2026-08-17T17:20:00Z,83.72,83.79,83.63,83.77,1368
2026-08-17T17:25:00Z,83.75,83.99,83.73,83.91,1507
2026-08-17T17:30:00Z,83.91,84.34,83.86,84.23,1669
2026-08-17T17:35:00Z,84.28,84.43,84.2,84.41,1207
2026-08-17T17:40:00Z,84.41,84.44,84.07,84.13,1739
2026-08-17T17:45:00Z,84.13,84.21,84.05,84.13,881
2026-08-17T17:50:00Z,84.14,84.54,84.14,84.53,1434
2026-08-17T17:55:00Z,84.54,84.88,84.51,84.77,2032
2026-08-17T18:00:00Z,84.77,84.78,84.5,84.52,1298
2026-08-17T18:05:00Z,84.54,84.87,84.51,84.85,1151
2026-08-17T18:10:00Z,84.83,84.84,84.5,84.64,1130
2026-08-17T18:15:00Z,84.64,84.7,84.56,84.62,1159
2026-08-17T18:20:00Z,84.59,84.84,84.56,84.68,1470
2026-08-17T18:25:00Z,84.69,84.69,84.43,84.46,5025
2026-08-17T18:30:00Z,84.46,84.51,84.3,84.31,1783
2026-08-17T18:35:00Z,84.3,84.43,84.27,84.31,727
2026-08-17T18:40:00Z,84.32,84.38,84.13,84.21,1367
2026-08-17T18:45:00Z,84.19,84.27,84.16,84.23,359
2026-08-17T18:50:00Z,84.23,84.32,84.2,84.3,593
2026-08-17T18:55:00Z,84.31,84.32,84.24,84.25,708
2026-08-17T19:00:00Z,84.26,84.38,84.22,84.37,540
2026-08-17T19:05:00Z,84.36,84.48,84.36,84.45,607
2026-08-17T19:10:00Z,84.44,84.47,84.31,84.32,390
2026-08-17T19:15:00Z,84.32,84.39,84.31,84.37,187
2026-08-17T19:20:00Z,84.38,84.46,84.37,84.38,236
2026-08-17T19:25:00Z,84.38,84.43,84.37,84.4,306
2026-08-17T19:30:00Z,84.39,84.42,84.27,84.38,519
2026-08-17T19:35:00Z,84.37,84.41,84.35,84.39,249
2026-08-17T19:40:00Z,84.42,84.43,84.35,84.39,135
2026-08-17T19:45:00Z,84.39,84.46,84.39,84.39,185
2026-08-17T19:50:00Z,84.39,84.6,84.39,84.58,593
2026-08-17T19:55:00Z,84.58,84.68,84.57,84.65,492
2026-08-17T20:00:00Z,84.66,84.75,84.54,84.57,423
2026-08-17T20:05:00Z,84.54,84.65,84.51,84.64,144
2026-08-17T20:10:00Z,84.66,84.75,84.63,84.67,200
2026-08-17T20:15:00Z,84.71,84.74,84.66,84.67,135
2026-08-17T20:20:00Z,84.66,84.82,84.66,84.78,558
2026-08-17T20:25:00Z,84.75,84.86,84.75,84.86,243
2026-08-17T20:30:00Z,84.85,84.93,84.84,84.91,223
2026-08-17T20:35:00Z,84.86,84.99,84.83,84.96,368
2026-08-17T20:40:00Z,84.97,85.04,84.94,84.95,218
2026-08-17T20:45:00Z,84.93,84.97,84.9,84.92,163
2026-08-17T20:50:00Z,84.93,84.99,84.88,84.93,86
2026-08-17T20:55:00Z,84.93,84.98,84.88,84.95,167
2026-08-17T22:00:00Z,84.96,85.05,84.87,85.04,0
2026-08-17T22:05:00Z,85.04,85.23,85.03,85.23,103
2026-08-17T22:10:00Z,85.22,85.37,85.14,85.29,188
2026-08-17T22:15:00Z,85.28,85.31,85.24,85.26,56
2026-08-17T22:20:00Z,85.3,85.3,85.17,85.2,35
2026-08-17T22:25:00Z,85.18,85.18,85.06,85.08,29
2026-08-17T22:30:00Z,85.08,85.1,85.04,85.1,24
2026-08-17T22:35:00Z,85.1,85.13,85.09,85.12,30
2026-08-17T22:40:00Z,85.14,85.14,85.07,85.11,77
2026-08-17T22:45:00Z,85.1,85.11,85.04,85.05,23
2026-08-17T22:50:00Z,85.06,85.06,85.01,85.04,25
2026-08-17T22:55:00Z,85.06,85.06,84.95,84.97,38
2026-08-17T23:00:00Z,84.98,85.07,84.97,85.06,44
2026-08-17T23:05:00Z,85.05,85.05,84.99,85.02,37
2026-08-17T23:10:00Z,85.0,85.04,85.0,85.04,27
2026-08-17T23:15:00Z,85.02,85.05,85.02,85.04,13
2026-08-17T23:20:00Z,85.01,85.05,84.98,85.05,12
2026-08-17T23:25:00Z,85.04,85.04,85.04,85.04,10
2026-08-17T23:30:00Z,85.05,85.05,84.96,84.98,22
2026-08-17T23:35:00Z,84.97,84.98,84.94,84.96,58
2026-08-17T23:40:00Z,84.96,84.96,84.91,84.94,10
2026-08-17T23:45:00Z,84.92,84.92,84.82,84.86,53
2026-08-17T23:50:00Z,84.9,84.92,84.87,84.88,37
2026-08-17T23:55:00Z,84.88,84.89,84.84,84.88,21
2026-08-18T00:00:00Z,84.86,84.92,84.83,84.87,116
2026-08-18T00:05:00Z,84.87,84.98,84.86,84.96,44
2026-08-18T00:10:00Z,84.96,84.99,84.85,84.91,70
2026-08-18T00:15:00Z,84.91,84.96,84.87,84.88,41
2026-08-18T00:20:00Z,84.92,85.02,84.92,84.98,59
2026-08-18T00:25:00Z,85.0,85.02,84.87,84.9,70
2026-08-18T00:30:00Z,84.9,84.95,84.87,84.89,17
2026-08-18T00:35:00Z,84.91,84.91,84.84,84.84,29
2026-08-18T00:40:00Z,84.84,84.86,84.81,84.84,42
2026-08-18T00:45:00Z,84.82,84.97,84.82,84.89,36
2026-08-18T00:50:00Z,84.9,84.91,84.8,84.84,24
2026-08-18T00:55:00Z,84.85,84.87,84.74,84.76,77
2026-08-18T01:00:00Z,84.76,85.02,84.63,85.0,279
2026-08-18T01:05:00Z,84.96,84.96,84.72,84.73,30
2026-08-18T01:10:00Z,84.71,84.77,84.62,84.73,97
2026-08-18T01:15:00Z,84.74,84.9,84.74,84.9,24
2026-08-18T01:20:00Z,84.9,84.95,84.88,84.88,38
2026-08-18T01:25:00Z,84.88,84.9,84.84,84.89,71
2026-08-18T01:30:00Z,84.87,84.89,84.77,84.84,27
2026-08-18T01:35:00Z,84.91,85.07,84.88,85.07,96
2026-08-18T01:40:00Z,85.05,85.16,84.99,84.99,69
2026-08-18T01:45:00Z,84.95,85.07,84.94,85.01,37
2026-08-18T01:50:00Z,85.05,85.05,84.86,84.87,26
2026-08-18T01:55:00Z,84.89,84.93,84.88,84.93,29
2026-08-18T02:00:00Z,84.93,85.08,84.93,85.02,28
2026-08-18T02:05:00Z,85.03,85.03,84.99,84.99,11
2026-08-18T02:10:00Z,85.0,85.03,84.97,84.99,76
2026-08-18T02:15:00Z,84.99,84.99,84.92,84.93,18
2026-08-18T02:20:00Z,84.92,84.92,84.87,84.9,11
2026-08-18T02:25:00Z,84.93,84.95,84.89,84.95,46
2026-08-18T02:30:00Z,84.96,85.01,84.92,85.01,18
2026-08-18T02:35:00Z,85.01,85.03,84.98,85.01,22
2026-08-18T02:40:00Z,85.04,85.1,85.03,85.06,64
2026-08-18T02:45:00Z,85.09,85.13,84.97,84.97,224
2026-08-18T02:50:00Z,84.98,85.0,84.95,85.0,61
2026-08-18T02:55:00Z,85.02,85.04,85.0,85.03,49
2026-08-18T03:00:00Z,85.04,85.09,85.01,85.09,87
2026-08-18T03:05:00Z,85.08,85.08,84.99,85.0,20
2026-08-18T03:10:00Z,85.02,85.21,85.0,85.17,221
2026-08-18T03:15:00Z,85.14,85.14,85.06,85.07,147
2026-08-18T03:20:00Z,85.09,85.09,85.02,85.06,25
2026-08-18T03:25:00Z,85.07,85.08,85.02,85.02,46
2026-08-18T03:30:00Z,85.06,85.2,85.03,85.12,128
2026-08-18T03:35:00Z,85.12,85.16,85.02,85.09,100
2026-08-18T03:40:00Z,85.05,85.1,85.03,85.07,36
2026-08-18T03:45:00Z,85.08,85.14,85.08,85.14,42
2026-08-18T03:50:00Z,85.16,85.21,85.14,85.21,64
2026-08-18T03:55:00Z,85.2,85.27,85.19,85.25,97
2026-08-18T04:00:00Z,85.28,85.38,85.25,85.28,321
2026-08-18T04:05:00Z,85.3,85.3,85.22,85.28,56
2026-08-18T04:10:00Z,85.29,85.32,85.26,85.26,100
2026-08-18T04:15:00Z,85.26,85.26,85.15,85.17,45
2026-08-18T04:20:00Z,85.21,85.27,85.19,85.22,36
2026-08-18T04:25:00Z,85.2,85.2,85.2,85.2,1
2026-08-18T04:30:00Z,85.22,85.24,85.22,85.24,50
2026-08-18T04:35:00Z,85.22,85.23,85.15,85.15,59
2026-08-18T04:40:00Z,85.17,85.18,85.16,85.16,11
2026-08-18T04:45:00Z,85.13,85.17,85.13,85.15,19
2026-08-18T04:50:00Z,85.15,85.19,85.14,85.14,15
2026-08-18T04:55:00Z,85.16,85.16,85.15,85.15,12
2026-08-18T05:00:00Z,85.19,85.27,85.19,85.27,42
2026-08-18T05:05:00Z,85.28,85.3,85.23,85.23,49
2026-08-18T05:10:00Z,85.23,85.25,85.19,85.23,34
2026-08-18T05:15:00Z,85.24,85.25,85.23,85.23,17
2026-08-18T05:20:00Z,85.25,85.38,85.23,85.23,85
2026-08-18T05:25:00Z,85.25,85.27,85.18,85.25,21
2026-08-18T05:30:00Z,85.27,85.35,85.14,85.15,45
2026-08-18T05:35:00Z,85.13,85.14,85.05,85.13,84
2026-08-18T05:40:00Z,85.14,85.19,85.14,85.14,27
2026-08-18T05:45:00Z,85.12,85.13,85.0,85.02,63
2026-08-18T05:50:00Z,85.01,85.07,85.0,85.07,47
2026-08-18T05:55:00Z,85.11,85.14,85.09,85.13,45
2026-08-18T06:00:00Z,85.13,85.39,85.13,85.38,77
2026-08-18T06:05:00Z,85.38,85.53,85.29,85.48,151
2026-08-18T06:10:00Z,85.5,85.5,85.38,85.4,51
2026-08-18T06:15:00Z,85.41,85.41,85.31,85.35,61
2026-08-18T06:20:00Z,85.37,85.44,85.34,85.4,29
2026-08-18T06:25:00Z,85.41,85.55,85.41,85.47,161
2026-08-18T06:30:00Z,85.48,85.51,85.45,85.49,62
2026-08-18T06:35:00Z,85.55,85.59,85.53,85.59,66
2026-08-18T06:40:00Z,85.57,85.68,85.49,85.53,129
2026-08-18T06:45:00Z,85.54,85.54,85.41,85.41,49
2026-08-18T06:50:00Z,85.42,85.42,85.29,85.33,119
2026-08-18T06:55:00Z,85.34,85.43,85.18,85.2,79
2026-08-18T07:00:00Z,85.19,85.32,85.15,85.19,98
2026-08-18T07:05:00Z,85.17,85.17,85.0,85.03,325
2026-08-18T07:10:00Z,85.05,85.11,84.95,85.07,389
2026-08-18T07:15:00Z,85.06,85.08,84.92,85.02,58
2026-08-18T07:20:00Z,85.03,85.04,84.95,84.96,98
2026-08-18T07:25:00Z,84.94,84.94,84.85,84.89,30
2026-08-18T07:30:00Z,84.02,84.23,84.01,84.15,16138
2026-08-18T07:35:00Z,84.15,84.16,84.05,84.15,446
2026-08-18T07:40:00Z,84.13,84.28,84.12,84.28,588
2026-08-18T07:45:00Z,84.27,84.33,84.19,84.21,409
2026-08-18T07:50:00Z,84.21,84.45,84.21,84.31,477
2026-08-18T07:55:00Z,84.29,84.41,84.27,84.38,380
2026-08-18T08:00:00Z,84.34,84.42,84.26,84.39,652
2026-08-18T08:05:00Z,84.39,84.66,84.38,84.4,1049
2026-08-18T08:10:00Z,84.42,84.43,84.33,84.36,770
2026-08-18T08:15:00Z,84.37,84.52,84.27,84.32,395
2026-08-18T08:20:00Z,84.33,84.56,84.33,84.45,493
2026-08-18T08:25:00Z,84.5,84.5,84.3,84.36,1051
2026-08-18T08:30:00Z,84.35,84.43,84.1,84.16,1149
2026-08-18T08:35:00Z,84.16,84.18,84.0,84.1,717
2026-08-18T08:40:00Z,84.1,84.16,84.01,84.07,436
2026-08-18T08:45:00Z,84.05,84.36,84.05,84.33,585
2026-08-18T08:50:00Z,84.33,84.34,84.12,84.12,423
2026-08-18T08:55:00Z,84.12,84.21,84.1,84.13,610
2026-08-18T09:00:00Z,84.12,84.17,84.04,84.09,406
2026-08-18T09:05:00Z,84.09,84.21,84.06,84.19,273
2026-08-18T09:10:00Z,84.2,84.22,84.08,84.14,236
2026-08-18T09:15:00Z,84.13,84.14,84.06,84.11,364
2026-08-18T09:20:00Z,84.08,84.22,84.06,84.21,470
2026-08-18T09:25:00Z,84.19,84.26,84.13,84.2,306
2026-08-18T09:30:00Z,84.19,84.26,84.01,84.24,442
2026-08-18T09:35:00Z,84.24,84.24,83.99,84.15,440
2026-08-18T09:40:00Z,84.15,84.22,84.03,84.08,540
2026-08-18T09:45:00Z,84.07,84.22,84.05,84.19,245
2026-08-18T09:50:00Z,84.2,84.29,84.04,84.05,414
2026-08-18T09:55:00Z,84.05,84.06,83.95,84.04,482
2026-08-18T10:00:00Z,84.03,84.07,83.97,84.03,311
2026-08-18T10:05:00Z,84.04,84.18,84.04,84.15,469
2026-08-18T10:10:00Z,84.14,84.29,84.12,84.19,302
2026-08-18T10:15:00Z,84.2,84.29,84.17,84.28,313
2026-08-18T10:20:00Z,84.29,84.4,84.25,84.28,546
2026-08-18T10:25:00Z,84.29,84.33,84.19,84.2,404
2026-08-18T10:30:00Z,84.22,84.25,84.04,84.1,525
2026-08-18T10:35:00Z,84.12,84.15,83.89,83.91,983
2026-08-18T10:40:00Z,83.9,83.95,83.85,83.91,686
2026-08-18T10:45:00Z,83.92,84.07,83.86,83.98,564
2026-08-18T10:50:00Z,83.96,83.99,83.9,83.95,692
2026-08-18T10:55:00Z,83.95,84.02,83.89,83.98,664
2026-08-18T11:00:00Z,83.99,83.99,83.86,83.92,468
2026-08-18T11:05:00Z,83.91,83.96,83.86,83.93,588
2026-08-18T11:10:00Z,83.94,84.02,83.92,83.99,578
2026-08-18T11:15:00Z,84.0,84.09,83.95,84.07,310
2026-08-18T11:20:00Z,84.07,84.12,84.04,84.1,297
2026-08-18T11:25:00Z,84.09,84.15,84.0,84.04,294
2026-08-18T11:30:00Z,84.03,84.14,84.0,84.0,312
2026-08-18T11:35:00Z,83.98,84.07,83.96,84.02,382
2026-08-18T11:40:00Z,84.03,84.13,84.0,84.02,392
2026-08-18T11:45:00Z,84.02,84.21,84.0,84.15,358
2026-08-18T11:50:00Z,84.16,84.23,84.1,84.17,499
2026-08-18T11:55:00Z,84.18,84.22,84.13,84.15,361
2026-08-18T12:00:00Z,84.16,84.26,84.0,84.0,1010
2026-08-18T12:05:00Z,84.0,84.45,83.99,84.43,1241
2026-08-18T12:10:00Z,84.44,84.44,84.32,84.36,951
2026-08-18T12:15:00Z,84.37,84.46,84.31,84.35,1277
2026-08-18T12:20:00Z,84.35,84.4,84.25,84.32,911
2026-08-18T12:25:00Z,84.3,84.37,84.24,84.27,670
2026-08-18T12:30:00Z,84.27,84.28,84.13,84.18,1259
2026-08-18T12:35:00Z,84.19,84.29,84.18,84.28,599
2026-08-18T12:40:00Z,84.28,84.44,84.28,84.36,1025
2026-08-18T12:45:00Z,84.36,84.42,84.27,84.3,482
2026-08-18T12:50:00Z,84.3,84.38,84.27,84.37,622
2026-08-18T12:55:00Z,84.37,84.43,84.29,84.38,877
2026-08-18T13:00:00Z,84.39,84.57,84.33,84.4,2107
2026-08-18T13:05:00Z,84.39,84.51,84.36,84.36,1674
2026-08-18T13:10:00Z,84.35,84.47,84.31,84.33,1616
2026-08-18T13:15:00Z,84.34,84.48,84.34,84.44,1041
2026-08-18T13:20:00Z,84.43,84.74,84.39,84.74,1971
2026-08-18T13:25:00Z,84.74,84.84,84.6,84.74,2216
2026-08-18T13:30:00Z,84.73,85.07,84.37,84.4,5431
2026-08-18T13:35:00Z,84.41,84.74,84.39,84.58,1290
2026-08-18T13:40:00Z,84.57,84.62,84.2,84.31,2120
2026-08-18T13:45:00Z,84.31,84.37,84.05,84.08,2315
2026-08-18T13:50:00Z,84.09,84.56,84.07,84.53,2203
2026-08-18T13:55:00Z,84.53,84.62,84.48,84.56,1291
2026-08-18T14:00:00Z,84.57,84.61,84.11,84.18,2779
2026-08-18T14:05:00Z,84.19,84.36,84.08,84.16,2212
2026-08-18T14:10:00Z,84.17,84.34,84.1,84.12,1418
2026-08-18T14:15:00Z,84.11,84.17,84.02,84.07,2753
2026-08-18T14:20:00Z,84.07,84.11,83.98,84.07,1704
2026-08-18T14:25:00Z,84.06,84.15,83.91,83.96,1872
2026-08-18T14:30:00Z,83.95,84.11,83.82,83.87,1803
2026-08-18T14:35:00Z,83.88,83.94,83.8,83.83,1554
2026-08-18T14:40:00Z,83.82,84.05,83.78,84.02,1651
2026-08-18T14:45:00Z,84.01,84.05,83.87,83.96,2824
2026-08-18T14:50:00Z,83.97,84.52,83.91,84.4,3566
2026-08-18T14:55:00Z,84.42,84.55,84.16,84.51,3533
2026-08-18T15:00:00Z,84.5,84.54,84.08,84.2,2917
2026-08-18T15:05:00Z,84.21,84.4,84.2,84.28,1581
2026-08-18T15:10:00Z,84.29,84.3,84.06,84.22,1412
2026-08-18T15:15:00Z,84.23,84.65,84.23,84.54,2924
2026-08-18T15:20:00Z,84.54,84.77,84.42,84.72,1548
2026-08-18T15:25:00Z,84.73,84.83,84.61,84.8,1686
2026-08-18T15:30:00Z,84.82,84.98,84.74,84.98,3144
2026-08-18T15:35:00Z,84.99,85.01,84.77,84.81,1516
2026-08-18T15:40:00Z,84.81,84.93,84.66,84.87,1589
2026-08-18T15:45:00Z,84.87,84.91,84.73,84.79,1109
2026-08-18T15:50:00Z,84.76,84.89,84.63,84.65,1751
2026-08-18T15:55:00Z,84.65,84.77,84.57,84.72,1466
2026-08-18T16:00:00Z,84.73,84.73,84.46,84.52,1673
2026-08-18T16:05:00Z,84.51,84.52,84.41,84.48,884
2026-08-18T16:10:00Z,84.48,84.5,84.35,84.41,1653
2026-08-18T16:15:00Z,84.42,84.54,84.32,84.36,1067
2026-08-18T16:20:00Z,84.35,84.37,84.19,84.29,1049
2026-08-18T16:25:00Z,84.29,84.46,84.26,84.45,863
2026-08-18T16:30:00Z,84.46,84.59,84.38,84.56,1611
2026-08-18T16:35:00Z,84.56,84.61,84.42,84.43,1233
2026-08-18T16:40:00Z,84.44,84.47,84.32,84.37,1135
2026-08-18T16:45:00Z,84.37,84.39,84.3,84.39,506
2026-08-18T16:50:00Z,84.37,84.37,84.09,84.1,2304
2026-08-18T16:55:00Z,84.1,84.21,84.1,84.21,673
2026-08-18T17:00:00Z,84.22,84.32,84.12,84.2,1068
2026-08-18T17:05:00Z,84.2,84.27,84.16,84.18,537
2026-08-18T17:10:00Z,84.19,84.3,84.13,84.29,743
2026-08-18T17:15:00Z,84.3,84.36,84.14,84.16,1446
2026-08-18T17:20:00Z,84.16,84.18,84.06,84.11,863
2026-08-18T17:25:00Z,84.12,84.32,84.06,84.19,1481
2026-08-18T17:30:00Z,84.19,84.3,84.12,84.19,1096
2026-08-18T17:35:00Z,84.19,84.21,84.13,84.16,401
2026-08-18T17:40:00Z,84.16,84.23,84.14,84.21,645
2026-08-18T17:45:00Z,84.2,84.2,84.09,84.12,630
2026-08-18T17:50:00Z,84.11,84.19,84.06,84.1,876
2026-08-18T17:55:00Z,84.1,84.18,84.03,84.05,662
2026-08-18T18:00:00Z,84.06,84.17,84.04,84.16,1114
2026-08-18T18:05:00Z,84.16,84.17,83.98,84.04,1481
2026-08-18T18:10:00Z,84.04,84.11,83.93,83.96,1062
2026-08-18T18:15:00Z,83.96,84.13,83.9,84.12,3401
2026-08-18T18:20:00Z,84.13,84.15,84.03,84.14,1265
2026-08-18T18:25:00Z,84.14,84.21,83.95,84.0,5790
2026-08-18T18:30:00Z,83.99,84.09,83.92,84.05,1973
2026-08-18T18:35:00Z,84.05,84.13,84.04,84.08,492
2026-08-18T18:40:00Z,84.05,84.12,84.01,84.1,430
2026-08-18T18:45:00Z,84.1,84.14,84.05,84.09,490
2026-08-18T18:50:00Z,84.09,84.14,84.07,84.11,408
2026-08-18T18:55:00Z,84.1,84.14,84.07,84.08,321
2026-08-18T19:00:00Z,84.08,84.15,84.06,84.12,286
2026-08-18T19:05:00Z,84.11,84.21,84.1,84.19,278
2026-08-18T19:10:00Z,84.19,84.19,84.1,84.14,331
2026-08-18T19:15:00Z,84.14,84.14,84.04,84.1,1296
2026-08-18T19:20:00Z,84.1,84.1,84.04,84.06,393
2026-08-18T19:25:00Z,84.06,84.12,84.06,84.09,166
2026-08-18T19:30:00Z,84.09,84.09,84.05,84.07,158
2026-08-18T19:35:00Z,84.07,84.08,84.01,84.02,537
2026-08-18T19:40:00Z,84.01,84.06,84.01,84.05,317
2026-08-18T19:45:00Z,84.05,84.13,84.04,84.13,251
2026-08-18T19:50:00Z,84.13,84.17,84.1,84.11,764
2026-08-18T19:55:00Z,84.1,84.13,84.06,84.08,610
2026-08-18T20:00:00Z,84.08,84.11,84.05,84.1,225
2026-08-18T20:05:00Z,84.11,84.18,84.09,84.17,376
2026-08-18T20:10:00Z,84.16,84.24,84.13,84.22,395
2026-08-18T20:15:00Z,84.22,84.25,84.21,84.22,206
2026-08-18T20:20:00Z,84.24,84.24,84.21,84.23,206
2026-08-18T20:25:00Z,84.24,84.27,84.21,84.24,382
2026-08-18T20:30:00Z,84.21,84.43,84.18,84.31,964
2026-08-18T20:35:00Z,84.34,84.35,84.3,84.3,306
2026-08-18T20:40:00Z,84.3,84.44,84.27,84.43,426
2026-08-18T20:45:00Z,84.41,84.54,84.38,84.48,642
2026-08-18T20:50:00Z,84.45,84.49,84.44,84.44,645
2026-08-18T20:55:00Z,84.47,84.47,84.34,84.42,687
2026-08-18T22:00:00Z,84.46,84.55,84.42,84.54,0
2026-08-18T22:05:00Z,84.57,84.57,84.47,84.53,180
2026-08-18T22:10:00Z,84.54,84.57,84.5,84.52,87
2026-08-18T22:15:00Z,84.54,84.54,84.45,84.47,269
2026-08-18T22:20:00Z,84.49,84.51,84.42,84.42,141
2026-08-18T22:25:00Z,84.43,84.46,84.4,84.44,54
2026-08-18T22:30:00Z,84.46,84.47,84.42,84.42,59
2026-08-18T22:35:00Z,84.42,84.54,84.41,84.51,183
2026-08-18T22:40:00Z,84.49,84.49,84.47,84.48,23
2026-08-18T22:45:00Z,84.48,84.48,84.43,84.45,51
2026-08-18T22:50:00Z,84.44,84.45,84.43,84.44,44
2026-08-18T22:55:00Z,84.44,84.5,84.43,84.45,28
2026-08-18T23:00:00Z,84.45,84.52,84.45,84.51,45
2026-08-18T23:05:00Z,84.51,84.53,84.45,84.48,68
2026-08-18T23:10:00Z,84.49,84.49,84.47,84.47,14
2026-08-18T23:15:00Z,84.48,84.5,84.48,84.48,12
2026-08-18T23:20:00Z,84.48,84.51,84.48,84.5,12
2026-08-18T23:25:00Z,84.48,84.5,84.47,84.47,18
2026-08-18T23:30:00Z,84.47,84.55,84.47,84.53,269
2026-08-18T23:35:00Z,84.51,84.51,84.47,84.48,40
2026-08-18T23:40:00Z,84.48,84.49,84.48,84.49,10
2026-08-18T23:45:00Z,84.5,84.52,84.49,84.51,55
2026-08-18T23:50:00Z,84.52,84.55,84.49,84.51,130
2026-08-18T23:55:00Z,84.5,84.53,84.49,84.5,73
2026-08-19T00:00:00Z,84.5,84.51,84.39,84.43,303
2026-08-19T00:05:00Z,84.43,84.45,84.36,84.42,231
2026-08-19T00:10:00Z,84.43,84.51,84.42,84.5,100
2026-08-19T00:15:00Z,84.52,84.55,84.51,84.55,144
2026-08-19T00:20:00Z,84.54,84.59,84.53,84.58,121
2026-08-19T00:25:00Z,84.59,84.87,84.57,84.82,786
2026-08-19T00:30:00Z,84.82,84.95,84.75,84.93,479
2026-08-19T00:35:00Z,84.93,84.95,84.65,84.66,369
2026-08-19T00:40:00Z,84.66,84.78,84.61,84.74,167
2026-08-19T00:45:00Z,84.74,84.79,84.68,84.68,133
2026-08-19T00:50:00Z,84.69,84.79,84.64,84.79,122
2026-08-19T00:55:00Z,84.79,84.79,84.71,84.75,125
2026-08-19T01:00:00Z,84.76,84.97,84.71,84.79,758
2026-08-19T01:05:00Z,84.83,84.84,84.75,84.79,226
2026-08-19T01:10:00Z,84.82,84.95,84.82,84.86,209
2026-08-19T01:15:00Z,84.86,85.04,84.82,84.85,533
2026-08-19T01:20:00Z,84.85,84.99,84.75,84.93,358
2026-08-19T01:25:00Z,84.92,85.06,84.89,84.93,311
2026-08-19T01:30:00Z,84.94,84.98,84.9,84.97,513
2026-08-19T01:35:00Z,84.96,84.96,84.77,84.79,258
2026-08-19T01:40:00Z,84.79,84.91,84.78,84.9,175
2026-08-19T01:45:00Z,84.91,85.05,84.91,85.02,207
2026-08-19T01:50:00Z,85.03,85.14,84.98,85.02,408
2026-08-19T01:55:00Z,85.02,85.03,84.91,85.0,118
2026-08-19T02:00:00Z,85.02,85.09,84.94,85.09,241
2026-08-19T02:05:00Z,85.06,85.06,84.89,84.91,193
2026-08-19T02:10:00Z,84.88,84.94,84.84,84.93,98
2026-08-19T02:15:00Z,84.95,85.02,84.91,84.92,115
2026-08-19T02:20:00Z,84.92,84.92,84.83,84.88,87
2026-08-19T02:25:00Z,84.88,84.92,84.85,84.85,74
2026-08-19T02:30:00Z,84.85,84.93,84.8,84.93,189
2026-08-19T02:35:00Z,84.93,84.95,84.78,84.8,191
2026-08-19T02:40:00Z,84.8,84.8,84.66,84.75,273
2026-08-19T02:45:00Z,84.74,84.74,84.66,84.69,179
2026-08-19T02:50:00Z,84.69,84.85,84.68,84.76,184
2026-08-19T02:55:00Z,84.77,84.81,84.69,84.74,82
2026-08-19T03:00:00Z,84.75,84.79,84.72,84.78,128
2026-08-19T03:05:00Z,84.78,84.89,84.78,84.87,116
2026-08-19T03:10:00Z,84.88,84.91,84.8,84.83,109
2026-08-19T03:15:00Z,84.84,84.84,84.73,84.8,240
2026-08-19T03:20:00Z,84.8,84.83,84.72,84.81,69
2026-08-19T03:25:00Z,84.77,84.86,84.77,84.83,76
2026-08-19T03:30:00Z,84.8,84.8,84.69,84.72,127
2026-08-19T03:35:00Z,84.72,84.72,84.65,84.67,115
2026-08-19T03:40:00Z,84.66,84.71,84.6,84.62,130
2026-08-19T03:45:00Z,84.63,84.73,84.62,84.72,109
2026-08-19T03:50:00Z,84.71,84.73,84.68,84.7,38
2026-08-19T03:55:00Z,84.69,84.7,84.66,84.68,38
2026-08-19T04:00:00Z,84.7,84.77,84.7,84.74,60
2026-08-19T04:05:00Z,84.75,84.82,84.73,84.82,109
2026-08-19T04:10:00Z,84.81,84.86,84.78,84.81,54
2026-08-19T04:15:00Z,84.81,84.81,84.75,84.75,24
2026-08-19T04:20:00Z,84.71,84.71,84.64,84.66,90
2026-08-19T04:25:00Z,84.65,84.71,84.65,84.7,37
2026-08-19T04:30:00Z,84.7,84.73,84.65,84.68,67
2026-08-19T04:35:00Z,84.69,84.71,84.65,84.7,35
2026-08-19T04:40:00Z,84.69,84.7,84.65,84.68,43
2026-08-19T04:45:00Z,84.68,84.69,84.66,84.68,16
2026-08-19T04:50:00Z,84.67,84.7,84.65,84.69,36
2026-08-19T04:55:00Z,84.57,84.61,84.57,84.61,301
2026-08-19T05:00:00Z,84.62,84.62,84.54,84.59,103
2026-08-19T05:05:00Z,84.6,84.63,84.55,84.57,60
2026-08-19T05:10:00Z,84.6,84.67,84.55,84.57,127
2026-08-19T05:15:00Z,84.58,84.59,84.53,84.57,51
2026-08-19T05:20:00Z,84.6,84.67,84.6,84.63,76
2026-08-19T05:25:00Z,84.67,84.69,84.58,84.6,66
2026-08-19T05:30:00Z,84.58,84.68,84.53,84.63,185
2026-08-19T05:35:00Z,84.65,84.72,84.58,84.67,113
2026-08-19T05:40:00Z,84.68,84.75,84.66,84.74,99
2026-08-19T05:45:00Z,84.74,84.78,84.65,84.7,180
2026-08-19T05:50:00Z,84.7,84.75,84.65,84.7,144
2026-08-19T05:55:00Z,84.69,84.79,84.69,84.77,99
2026-08-19T06:00:00Z,84.79,85.02,84.74,85.0,475
2026-08-19T06:05:00Z,84.98,84.99,84.76,84.87,436
2026-08-19T06:10:00Z,84.87,84.92,84.76,84.76,240
2026-08-19T06:15:00Z,84.78,84.78,84.61,84.67,362
2026-08-19T06:20:00Z,84.67,84.69,84.54,84.67,292
2026-08-19T06:25:00Z,84.66,84.69,84.53,84.56,304
2026-08-19T06:30:00Z,84.56,84.6,84.4,84.52,540
2026-08-19T06:35:00Z,84.53,84.73,84.46,84.71,358
2026-08-19T06:40:00Z,84.73,84.73,84.51,84.6,280
2026-08-19T06:45:00Z,84.61,84.71,84.59,84.63,125
2026-08-19T06:50:00Z,84.63,84.69,84.58,84.63,145
2026-08-19T06:55:00Z,84.66,84.7,84.53,84.54,269
2026-08-19T07:00:00Z,84.55,84.78,84.55,84.72,587
2026-08-19T07:05:00Z,84.71,84.85,84.71,84.75,348
2026-08-19T07:10:00Z,84.77,84.79,84.69,84.76,217
2026-08-19T07:15:00Z,84.75,84.85,84.66,84.85,309
2026-08-19T07:20:00Z,84.84,84.98,84.6,84.66,744
2026-08-19T07:25:00Z,84.67,84.69,84.43,84.48,817
2026-08-19T07:30:00Z,84.46,84.57,84.36,84.44,661
2026-08-19T07:35:00Z,84.44,84.51,84.28,84.39,660
2026-08-19T07:40:00Z,84.38,84.45,84.37,84.38,189
2026-08-19T07:45:00Z,84.39,84.6,84.36,84.54,356
2026-08-19T07:50:00Z,84.55,84.69,84.46,84.63,456
2026-08-19T07:55:00Z,84.61,84.74,84.56,84.7,800
2026-08-19T08:00:00Z,84.71,84.74,84.55,84.61,342
2026-08-19T08:05:00Z,84.65,84.7,84.54,84.6,407
2026-08-19T08:10:00Z,84.59,84.62,84.53,84.62,324
2026-08-19T08:15:00Z,84.64,84.66,84.49,84.66,499
2026-08-19T08:20:00Z,84.67,84.7,84.46,84.53,376
2026-08-19T08:25:00Z,84.54,84.56,84.23,84.25,1769
2026-08-19T08:30:00Z,84.26,84.48,84.26,84.43,869
2026-08-19T08:35:00Z,84.42,84.47,84.32,84.37,499
2026-08-19T08:40:00Z,84.38,84.41,84.36,84.37,151
2026-08-19T08:45:00Z,84.39,84.59,84.38,84.56,491
2026-08-19T08:50:00Z,84.56,84.75,84.53,84.6,724
2026-08-19T08:55:00Z,84.6,85.05,84.6,84.98,2289
2026-08-19T09:00:00Z,84.98,85.18,84.82,84.91,1564
2026-08-19T09:05:00Z,84.92,85.29,84.87,85.25,1082
2026-08-19T09:10:00Z,85.26,85.42,85.15,85.25,1635
2026-08-19T09:15:00Z,85.27,85.35,85.2,85.24,742
2026-08-19T09:20:00Z,85.26,85.31,84.99,84.99,1000
2026-08-19T09:25:00Z,85.01,85.05,84.85,84.91,653
2026-08-19T09:30:00Z,84.93,84.96,84.67,84.69,879
2026-08-19T09:35:00Z,84.69,84.88,84.67,84.88,499
2026-08-19T09:40:00Z,84.88,85.04,84.88,85.02,350
2026-08-19T09:45:00Z,85.02,85.03,84.72,84.74,438
2026-08-19T09:50:00Z,84.76,85.06,84.73,85.04,705
2026-08-19T09:55:00Z,85.05,85.07,84.96,85.02,489
2026-08-19T10:00:00Z,85.02,85.06,84.93,84.95,400
2026-08-19T10:05:00Z,84.96,85.04,84.87,84.91,248
2026-08-19T10:10:00Z,84.92,85.05,84.89,85.05,247
2026-08-19T10:15:00Z,85.07,85.08,84.9,84.99,303
2026-08-19T10:20:00Z,85.0,85.07,84.94,84.99,181
2026-08-19T10:25:00Z,84.98,85.17,84.97,85.14,452
2026-08-19T10:30:00Z,85.14,85.25,85.12,85.14,558
2026-08-19T10:35:00Z,85.16,85.23,85.14,85.14,204
2026-08-19T10:40:00Z,85.15,85.15,85.01,85.04,499
2026-08-19T10:45:00Z,85.01,85.01,84.86,84.9,320
2026-08-19T10:50:00Z,84.91,85.02,84.87,84.97,427
2026-08-19T10:55:00Z,84.96,85.0,84.89,84.91,300
2026-08-19T11:00:00Z,84.92,84.93,84.78,84.85,456
2026-08-19T11:05:00Z,84.86,85.0,84.86,84.99,315
2026-08-19T11:10:00Z,84.97,84.98,84.82,84.82,306
2026-08-19T11:15:00Z,84.83,84.88,84.72,84.75,340
2026-08-19T11:20:00Z,84.75,84.78,84.62,84.68,653
2026-08-19T11:25:00Z,84.68,84.77,84.65,84.7,457
2026-08-19T11:30:00Z,84.7,84.81,84.67,84.69,262
2026-08-19T11:35:00Z,84.69,84.93,84.67,84.9,394
2026-08-19T11:40:00Z,84.89,84.99,84.84,84.87,515
2026-08-19T11:45:00Z,84.89,84.9,84.75,84.77,445
2026-08-19T11:50:00Z,84.75,84.76,84.59,84.64,1131
2026-08-19T11:55:00Z,84.65,84.67,84.55,84.65,583
2026-08-19T12:00:00Z,84.68,84.7,84.6,84.67,523
2026-08-19T12:05:00Z,84.66,84.74,84.61,84.67,622
2026-08-19T12:10:00Z,84.67,84.68,84.5,84.63,678
2026-08-19T12:15:00Z,84.63,84.7,84.4,84.42,993
2026-08-19T12:20:00Z,84.43,84.44,84.28,84.32,1866
2026-08-19T12:25:00Z,84.32,84.43,84.31,84.4,669
2026-08-19T12:30:00Z,84.4,84.47,84.14,84.18,1456
2026-08-19T12:35:00Z,84.18,84.24,83.5,83.56,3414
2026-08-19T12:40:00Z,83.56,84.0,83.45,83.96,3571
2026-08-19T12:45:00Z,83.97,84.1,83.82,83.85,1528
2026-08-19T12:50:00Z,83.83,83.94,83.65,83.68,2615
2026-08-19T12:55:00Z,83.68,83.99,83.64,83.97,1789
2026-08-19T13:00:00Z,83.98,84.48,83.94,84.47,4507
2026-08-19T13:05:00Z,84.46,84.47,84.08,84.19,2434
2026-08-19T13:10:00Z,84.2,84.28,84.16,84.26,1275
2026-08-19T13:15:00Z,84.26,84.29,84.16,84.27,1121
2026-08-19T13:20:00Z,84.28,84.57,84.22,84.45,2188
2026-08-19T13:25:00Z,84.46,84.52,84.33,84.43,1592
2026-08-19T13:30:00Z,84.44,84.6,84.32,84.4,1840
2026-08-19T13:35:00Z,84.41,84.43,84.25,84.29,3046
2026-08-19T13:40:00Z,84.29,84.55,84.29,84.43,1796
2026-08-19T13:45:00Z,84.44,84.57,84.43,84.57,1987
2026-08-19T13:50:00Z,84.58,84.7,84.55,84.62,1667
2026-08-19T13:55:00Z,84.62,84.69,84.52,84.54,1512
2026-08-19T14:00:00Z,84.54,84.58,84.4,84.43,2121
2026-08-19T14:05:00Z,84.42,84.82,84.39,84.63,2812
2026-08-19T14:10:00Z,84.64,84.76,84.53,84.72,1602
2026-08-19T14:15:00Z,84.72,84.79,84.65,84.67,1913
2026-08-19T14:20:00Z,84.65,84.8,84.64,84.72,1310
2026-08-19T14:25:00Z,84.73,84.85,84.7,84.82,2028
2026-08-19T14:30:00Z,84.82,84.84,84.55,84.78,3541
2026-08-19T14:35:00Z,84.79,85.01,84.71,84.75,3060
2026-08-19T14:40:00Z,84.75,85.03,84.71,84.78,2602
2026-08-19T14:45:00Z,84.78,84.99,84.74,84.92,1702
2026-08-19T14:50:00Z,84.92,85.13,84.92,84.99,2062
2026-08-19T14:55:00Z,84.98,85.05,84.87,84.89,2071
2026-08-19T15:00:00Z,84.88,85.22,84.84,85.09,3095
2026-08-19T15:05:00Z,85.09,85.33,84.97,85.29,2593
2026-08-19T15:10:00Z,85.3,85.31,85.06,85.15,1820
2026-08-19T15:15:00Z,85.17,85.46,85.17,85.31,2776
2026-08-19T15:20:00Z,85.31,85.48,85.23,85.36,2079
2026-08-19T15:25:00Z,85.36,85.48,85.29,85.33,4150
2026-08-19T15:30:00Z,85.33,85.41,85.19,85.27,2444
2026-08-19T15:35:00Z,85.28,85.38,85.23,85.37,1890
2026-08-19T15:40:00Z,85.37,85.39,85.19,85.22,1932
2026-08-19T15:45:00Z,85.23,85.31,85.02,85.29,1729
2026-08-19T15:50:00Z,85.31,85.33,85.16,85.22,1563
2026-08-19T15:55:00Z,85.22,85.26,85.18,85.23,706
2026-08-19T16:00:00Z,85.23,85.54,85.23,85.38,2898
2026-08-19T16:05:00Z,85.39,85.53,85.37,85.44,1706
2026-08-19T16:10:00Z,85.45,85.51,85.34,85.5,1564
2026-08-19T16:15:00Z,85.51,85.54,85.46,85.51,916
2026-08-19T16:20:00Z,85.51,85.58,85.32,85.32,1176
2026-08-19T16:25:00Z,85.33,85.36,85.25,85.31,1516
2026-08-19T16:30:00Z,85.31,85.43,85.25,85.37,2285
2026-08-19T16:35:00Z,85.4,85.55,85.38,85.49,1953
2026-08-19T16:40:00Z,85.5,85.56,85.33,85.42,2068
2026-08-19T16:45:00Z,85.42,85.49,85.37,85.44,1483
2026-08-19T16:50:00Z,85.42,85.56,85.41,85.52,3891
2026-08-19T16:55:00Z,85.53,85.66,85.41,85.59,2463
2026-08-19T17:00:00Z,85.58,85.65,85.52,85.62,2154
2026-08-19T17:05:00Z,85.61,85.73,85.56,85.72,3012
2026-08-19T17:10:00Z,85.72,85.84,85.58,85.6,3215
2026-08-19T17:15:00Z,85.61,85.68,85.51,85.54,2586
2026-08-19T17:20:00Z,85.55,85.62,85.39,85.41,1514
2026-08-19T17:25:00Z,85.42,85.42,85.32,85.36,1560
2026-08-19T17:30:00Z,85.36,85.41,85.16,85.25,2735
2026-08-19T17:35:00Z,85.23,85.32,85.2,85.21,1150
2026-08-19T17:40:00Z,85.2,85.22,84.83,85.04,2333
2026-08-19T17:45:00Z,85.03,85.15,85.01,85.11,1361
2026-08-19T17:50:00Z,85.09,85.14,85.04,85.05,1014
2026-08-19T17:55:00Z,85.05,85.13,84.98,85.13,1261
2026-08-19T18:00:00Z,85.13,85.27,85.02,85.08,1825
2026-08-19T18:05:00Z,85.09,85.13,84.94,84.98,2236
2026-08-19T18:10:00Z,84.98,85.0,84.78,84.86,2282
2026-08-19T18:15:00Z,84.84,84.85,84.7,84.71,2254
2026-08-19T18:20:00Z,84.73,84.79,84.65,84.7,3409
2026-08-19T18:25:00Z,84.71,84.74,84.24,84.27,14217
2026-08-19T18:30:00Z,84.27,84.41,84.23,84.31,3905
2026-08-19T18:35:00Z,84.31,84.36,84.22,84.23,1111
2026-08-19T18:40:00Z,84.24,84.25,84.15,84.17,714
2026-08-19T18:45:00Z,84.17,84.22,84.15,84.21,623
2026-08-19T18:50:00Z,84.21,84.31,84.2,84.28,703
2026-08-19T18:55:00Z,84.29,84.4,84.27,84.35,753
2026-08-19T19:00:00Z,84.36,84.37,84.29,84.29,323
2026-08-19T19:05:00Z,84.29,84.32,84.26,84.28,239
2026-08-19T19:10:00Z,84.27,84.35,84.2,84.33,888
2026-08-19T19:15:00Z,84.34,84.39,84.25,84.26,410
2026-08-19T19:20:00Z,84.25,84.25,84.01,84.06,1066
2026-08-19T19:25:00Z,84.05,84.09,83.93,84.01,1255
2026-08-19T19:30:00Z,83.99,84.1,83.93,84.03,763
2026-08-19T19:35:00Z,84.03,84.03,83.94,83.98,433
2026-08-19T19:40:00Z,83.97,84.05,83.96,83.98,379
2026-08-19T19:45:00Z,83.98,84.06,83.98,84.04,215
2026-08-19T19:50:00Z,84.03,84.23,84.02,84.22,564
2026-08-19T19:55:00Z,84.22,84.3,84.19,84.26,517
2026-08-19T20:00:00Z,84.26,84.3,84.18,84.21,207
2026-08-19T20:05:00Z,84.21,84.26,84.2,84.21,151
2026-08-19T20:10:00Z,84.22,84.23,84.16,84.18,149
2026-08-19T20:15:00Z,84.19,84.29,84.18,84.28,324
2026-08-19T20:20:00Z,84.28,84.33,84.24,84.29,977
2026-08-19T20:25:00Z,84.31,84.31,84.25,84.3,566
2026-08-19T20:30:00Z,84.3,84.37,84.26,84.29,473
2026-08-19T20:35:00Z,84.29,84.29,84.22,84.24,564
2026-08-19T20:40:00Z,84.28,84.37,84.27,84.33,170
2026-08-19T20:45:00Z,84.34,84.35,84.23,84.25,262
2026-08-19T20:50:00Z,84.24,84.32,84.21,84.3,950
2026-08-19T20:55:00Z,84.29,84.52,84.26,84.4,1595
2026-08-19T22:00:00Z,84.4,84.68,84.39,84.42,0
2026-08-19T22:05:00Z,84.42,84.48,84.35,84.38,148
2026-08-19T22:10:00Z,84.38,84.45,84.35,84.43,103
2026-08-19T22:15:00Z,84.43,84.43,84.37,84.38,33
2026-08-19T22:20:00Z,84.38,84.4,84.29,84.32,116
2026-08-19T22:25:00Z,84.33,84.38,84.33,84.36,34
2026-08-19T22:30:00Z,84.36,84.37,84.3,84.3,32
2026-08-19T22:35:00Z,84.32,84.32,84.24,84.28,63
2026-08-19T22:40:00Z,84.28,84.32,84.26,84.32,32
2026-08-19T22:45:00Z,84.31,84.31,84.25,84.25,31
2026-08-19T22:50:00Z,84.28,84.29,84.23,84.27,53
2026-08-19T22:55:00Z,84.29,84.59,84.28,84.48,604
2026-08-19T23:00:00Z,84.48,84.68,84.41,84.42,369
2026-08-19T23:05:00Z,84.42,84.46,84.4,84.46,53
2026-08-19T23:10:00Z,84.46,84.56,84.45,84.54,380
2026-08-19T23:15:00Z,84.55,84.62,84.5,84.57,193
2026-08-19T23:20:00Z,84.57,84.57,84.54,84.54,15
2026-08-19T23:25:00Z,84.55,84.57,84.51,84.53,74
2026-08-19T23:30:00Z,84.53,84.56,84.44,84.46,112
2026-08-19T23:35:00Z,84.45,84.49,84.41,84.42,195
2026-08-19T23:40:00Z,84.43,84.43,84.29,84.3,256
2026-08-19T23:45:00Z,84.32,84.36,84.31,84.35,30
2026-08-19T23:50:00Z,84.34,84.37,84.27,84.3,78
2026-08-19T23:55:00Z,84.3,84.33,84.26,84.3,50
2026-08-20T00:00:00Z,84.29,84.36,84.24,84.35,331
2026-08-20T00:05:00Z,84.36,84.48,84.33,84.44,288
2026-08-20T00:10:00Z,84.44,84.58,84.4,84.53,335
2026-08-20T00:15:00Z,84.54,84.54,84.41,84.52,197
2026-08-20T00:20:00Z,84.53,84.57,84.47,84.52,150
2026-08-20T00:25:00Z,84.53,84.57,84.51,84.57,86
2026-08-20T00:30:00Z,84.57,84.6,84.49,84.57,101
2026-08-20T00:35:00Z,84.58,84.59,84.53,84.55,72
2026-08-20T00:40:00Z,84.54,84.6,84.54,84.56,63
2026-08-20T00:45:00Z,84.56,84.63,84.55,84.62,197
2026-08-20T00:50:00Z,84.62,84.66,84.57,84.58,395
2026-08-20T00:55:00Z,84.59,84.62,84.55,84.6,96
2026-08-20T01:00:00Z,84.62,84.75,84.58,84.67,621
2026-08-20T01:05:00Z,84.65,84.82,84.64,84.81,430
2026-08-20T01:10:00Z,84.82,84.9,84.82,84.85,475
2026-08-20T01:15:00Z,84.88,84.92,84.67,84.68,350
2026-08-20T01:20:00Z,84.69,84.73,84.6,84.64,442
2026-08-20T01:25:00Z,84.63,84.69,84.58,84.6,216
2026-08-20T01:30:00Z,84.57,84.66,84.46,84.66,464
2026-08-20T01:35:00Z,84.65,84.74,84.63,84.69,148
2026-08-20T01:40:00Z,84.69,84.78,84.64,84.71,222
2026-08-20T01:45:00Z,84.69,84.73,84.61,84.67,111
2026-08-20T01:50:00Z,84.69,84.75,84.66,84.72,161
2026-08-20T01:55:00Z,84.72,84.83,84.72,84.79,144
2026-08-20T02:00:00Z,84.77,84.82,84.65,84.73,355
2026-08-20T02:05:00Z,84.74,84.8,84.63,84.72,157
2026-08-20T02:10:00Z,84.73,84.73,84.6,84.64,123
2026-08-20T02:15:00Z,84.66,84.68,84.61,84.62,84
2026-08-20T02:20:00Z,84.62,84.65,84.53,84.54,232
2026-08-20T02:25:00Z,84.55,84.63,84.55,84.59,156
2026-08-20T02:30:00Z,84.58,84.59,84.41,84.47,424
2026-08-20T02:35:00Z,84.49,84.56,84.37,84.45,319
2026-08-20T02:40:00Z,84.47,84.49,84.33,84.43,627
2026-08-20T02:45:00Z,84.44,84.5,84.28,84.47,406
2026-08-20T02:50:00Z,84.49,84.67,84.48,84.58,637
2026-08-20T02:55:00Z,84.58,84.58,84.39,84.44,165
2026-08-20T03:00:00Z,84.44,84.52,84.36,84.48,234
2026-08-20T03:05:00Z,84.47,84.5,84.43,84.46,231
2026-08-20T03:10:00Z,84.47,84.48,84.39,84.44,134
2026-08-20T03:15:00Z,84.44,84.47,84.38,84.43,259
2026-08-20T03:20:00Z,84.44,84.46,84.34,84.38,293
2026-08-20T03:25:00Z,84.37,84.4,84.33,84.37,620
2026-08-20T03:30:00Z,84.36,84.5,84.35,84.48,374
2026-08-20T03:35:00Z,84.47,84.51,84.45,84.48,146
2026-08-20T03:40:00Z,84.46,84.54,84.41,84.51,112
2026-08-20T03:45:00Z,84.53,84.62,84.52,84.53,207
2026-08-20T03:50:00Z,84.52,84.57,84.51,84.53,84
2026-08-20T03:55:00Z,84.54,84.55,84.44,84.49,197
2026-08-20T04:00:00Z,84.46,84.51,84.44,84.5,139
2026-08-20T04:05:00Z,84.51,84.57,84.5,84.55,143
2026-08-20T04:10:00Z,84.57,84.61,84.57,84.58,145
2026-08-20T04:15:00Z,84.59,84.59,84.54,84.57,34
2026-08-20T04:20:00Z,84.56,84.61,84.54,84.61,49
2026-08-20T04:25:00Z,84.61,84.63,84.61,84.62,24
2026-08-20T04:30:00Z,84.62,84.67,84.59,84.62,79
2026-08-20T04:35:00Z,84.6,84.61,84.53,84.55,50
2026-08-20T04:40:00Z,84.54,84.59,84.54,84.57,58
2026-08-20T04:45:00Z,84.55,84.56,84.41,84.42,121
2026-08-20T04:50:00Z,84.43,84.44,84.35,84.41,109
2026-08-20T04:55:00Z,84.42,84.49,84.42,84.47,56
2026-08-20T05:00:00Z,84.48,84.48,84.41,84.44,107
2026-08-20T05:05:00Z,84.44,84.46,84.42,84.44,26
2026-08-20T05:10:00Z,84.44,84.45,84.4,84.4,50
2026-08-20T05:15:00Z,84.4,84.42,84.33,84.38,121
2026-08-20T05:20:00Z,84.38,84.5,84.38,84.44,91
2026-08-20T05:25:00Z,84.43,84.48,84.35,84.36,169
2026-08-20T05:30:00Z,84.35,84.5,84.35,84.38,137
2026-08-20T05:35:00Z,84.37,84.42,84.33,84.41,111
2026-08-20T05:40:00Z,84.43,84.54,84.43,84.53,133
2026-08-20T05:45:00Z,84.54,84.63,84.54,84.61,232
2026-08-20T05:50:00Z,84.62,84.69,84.56,84.61,147
2026-08-20T05:55:00Z,84.6,84.64,84.53,84.55,135
2026-08-20T06:00:00Z,84.55,84.61,84.45,84.49,261
2026-08-20T06:05:00Z,84.49,84.54,84.42,84.54,156
2026-08-20T06:10:00Z,84.51,84.55,84.44,84.5,216
2026-08-20T06:15:00Z,84.51,84.61,84.48,84.59,327
2026-08-20T06:20:00Z,84.61,84.66,84.55,84.58,279
2026-08-20T06:25:00Z,84.57,84.69,84.57,84.68,194
2026-08-20T06:30:00Z,84.69,84.73,84.62,84.62,181
2026-08-20T06:35:00Z,84.62,84.82,84.6,84.8,471
2026-08-20T06:40:00Z,84.8,84.81,84.73,84.75,246
2026-08-20T06:45:00Z,84.75,84.85,84.75,84.85,325
2026-08-20T06:50:00Z,84.82,84.87,84.78,84.85,286
2026-08-20T06:55:00Z,84.85,84.93,84.82,84.91,549
2026-08-20T07:00:00Z,84.92,85.18,84.91,85.1,1418
2026-08-20T07:05:00Z,85.1,85.13,85.04,85.13,358
2026-08-20T07:10:00Z,85.14,85.21,85.02,85.21,594
2026-08-20T07:15:00Z,85.2,85.42,85.11,85.4,1165
2026-08-20T07:20:00Z,85.4,85.55,85.38,85.49,1556
2026-08-20T07:25:00Z,85.49,85.6,85.49,85.59,1294
2026-08-20T07:30:00Z,85.59,85.87,85.57,85.6,2359
2026-08-20T07:35:00Z,85.59,85.71,85.51,85.67,1148
2026-08-20T07:40:00Z,85.65,85.78,85.62,85.72,741
2026-08-20T07:45:00Z,85.72,85.75,85.59,85.68,633
2026-08-20T07:50:00Z,85.71,85.79,85.65,85.7,638
2026-08-20T07:55:00Z,85.69,85.79,85.61,85.63,605
2026-08-20T08:00:00Z,85.63,85.63,85.24,85.39,1145
2026-08-20T08:05:00Z,85.41,85.57,85.39,85.53,504
2026-08-20T08:10:00Z,85.53,85.57,85.47,85.54,420
2026-08-20T08:15:00Z,85.54,85.95,85.51,85.94,1538
2026-08-20T08:20:00Z,85.93,86.05,85.76,86.02,1482
2026-08-20T08:25:00Z,86.02,86.23,85.96,86.11,1873
2026-08-20T08:30:00Z,86.13,86.35,86.09,86.25,2188
2026-08-20T08:35:00Z,86.26,86.37,86.16,86.18,1152
2026-08-20T08:40:00Z,86.19,86.35,86.1,86.33,1229
2026-08-20T08:45:00Z,86.33,86.47,86.27,86.29,1354
2026-08-20T08:50:00Z,86.31,86.42,86.27,86.31,1135
2026-08-20T08:55:00Z,86.3,86.4,86.27,86.38,541
2026-08-20T09:00:00Z,86.37,86.47,86.27,86.31,986
2026-08-20T09:05:00Z,86.31,86.49,86.3,86.39,642
2026-08-20T09:10:00Z,86.41,86.59,86.39,86.54,1009
2026-08-20T09:15:00Z,86.55,86.61,86.39,86.5,1232
2026-08-20T09:20:00Z,86.49,86.53,86.43,86.5,766
2026-08-20T09:25:00Z,86.5,86.57,86.4,86.56,714
2026-08-20T09:30:00Z,86.58,86.6,86.43,86.44,586
2026-08-20T09:35:00Z,86.46,86.55,86.32,86.33,589
2026-08-20T09:40:00Z,86.33,86.47,86.27,86.29,638
2026-08-20T09:45:00Z,86.3,86.55,86.28,86.55,600
2026-08-20T09:50:00Z,86.54,86.76,86.54,86.67,1477
2026-08-20T09:55:00Z,86.67,86.82,86.66,86.77,1120
2026-08-20T10:00:00Z,86.79,86.84,86.49,86.57,1455
2026-08-20T10:05:00Z,86.59,86.64,86.44,86.63,533
2026-08-20T10:10:00Z,86.63,86.71,86.63,86.65,523
2026-08-20T10:15:00Z,86.65,86.72,86.58,86.63,485
2026-08-20T10:20:00Z,86.63,86.64,86.55,86.6,430
2026-08-20T10:25:00Z,86.59,86.67,86.57,86.58,385
2026-08-20T10:30:00Z,86.59,86.7,86.59,86.62,631
2026-08-20T10:35:00Z,86.63,86.69,86.5,86.67,825
2026-08-20T10:40:00Z,86.69,86.75,86.6,86.66,897
2026-08-20T10:45:00Z,86.66,86.79,86.65,86.68,657
2026-08-20T10:50:00Z,86.7,86.75,86.67,86.72,396
2026-08-20T10:55:00Z,86.72,86.74,86.62,86.74,612
2026-08-20T11:00:00Z,86.74,86.87,86.69,86.85,744
2026-08-20T11:05:00Z,86.85,86.95,86.82,86.84,950
2026-08-20T11:10:00Z,86.84,86.92,86.81,86.87,456
2026-08-20T11:15:00Z,86.88,87.0,86.86,87.0,683
2026-08-20T11:20:00Z,86.98,87.06,86.95,87.0,988
2026-08-20T11:25:00Z,87.0,87.08,86.95,87.05,532
2026-08-20T11:30:00Z,87.06,87.16,87.04,87.11,1048
2026-08-20T11:35:00Z,87.11,87.24,87.11,87.13,865
2026-08-20T11:40:00Z,87.13,87.18,87.1,87.11,845
2026-08-20T11:45:00Z,87.11,87.2,86.97,87.14,1233
2026-08-20T11:50:00Z,87.18,87.25,87.12,87.13,1385
2026-08-20T11:55:00Z,87.13,87.25,87.11,87.23,810
2026-08-20T12:00:00Z,87.23,87.31,87.19,87.26,1477
2026-08-20T12:05:00Z,87.26,87.32,87.18,87.29,1736
2026-08-20T12:10:00Z,87.3,87.49,87.25,87.44,1586
2026-08-20T12:15:00Z,87.45,87.63,87.43,87.63,2475
2026-08-20T12:20:00Z,87.63,87.69,87.44,87.49,1910
2026-08-20T12:25:00Z,87.48,87.63,87.43,87.57,1373
2026-08-20T12:30:00Z,87.6,87.6,87.47,87.5,1259
2026-08-20T12:35:00Z,87.51,87.52,87.33,87.37,1758
2026-08-20T12:40:00Z,87.38,87.39,86.98,87.13,2591
2026-08-20T12:45:00Z,87.12,87.15,86.79,86.82,3555
2026-08-20T12:50:00Z,86.83,86.9,86.7,86.88,2633
2026-08-20T12:55:00Z,86.87,86.9,86.66,86.68,2100
2026-08-20T13:00:00Z,86.68,86.88,86.68,86.74,2991
2026-08-20T13:05:00Z,86.73,86.75,86.52,86.55,2296
2026-08-20T13:10:00Z,86.55,86.71,86.48,86.6,2684
2026-08-20T13:15:00Z,86.61,86.73,86.42,86.49,3531
2026-08-20T13:20:00Z,86.49,86.6,86.33,86.56,3199
2026-08-20T13:25:00Z,86.55,86.75,86.55,86.69,2794
2026-08-20T13:30:00Z,86.66,87.01,86.61,86.77,3242
2026-08-20T13:35:00Z,86.76,86.82,86.57,86.65,2147
2026-08-20T13:40:00Z,86.65,86.8,86.62,86.63,1822
2026-08-20T13:45:00Z,86.63,86.65,86.31,86.38,2199
2026-08-20T13:50:00Z,86.38,86.45,86.22,86.38,2322
2026-08-20T13:55:00Z,86.39,86.5,86.36,86.49,2151
2026-08-20T14:00:00Z,86.5,86.66,86.39,86.65,3415
2026-08-20T14:05:00Z,86.67,86.77,86.6,86.65,1702
2026-08-20T14:10:00Z,86.64,86.66,86.37,86.48,1960
2026-08-20T14:15:00Z,86.48,86.48,86.05,86.11,3573
2026-08-20T14:20:00Z,86.12,86.16,85.69,85.87,3494
2026-08-20T14:25:00Z,85.87,85.95,85.78,85.9,2538
2026-08-20T14:30:00Z,85.9,86.1,85.88,86.05,2383
2026-08-20T14:35:00Z,86.05,86.06,85.9,85.95,1666
2026-08-20T14:40:00Z,85.96,86.24,85.92,86.12,1730
2026-08-20T14:45:00Z,86.14,86.22,86.04,86.22,1222
2026-08-20T14:50:00Z,86.21,86.24,86.06,86.1,1678
2026-08-20T14:55:00Z,86.09,86.2,85.94,86.03,2048
2026-08-20T15:00:00Z,86.04,86.27,85.96,86.17,1930
2026-08-20T15:05:00Z,86.19,86.4,85.99,86.05,3390
2026-08-20T15:10:00Z,86.08,86.39,85.78,86.26,3583
2026-08-20T15:15:00Z,86.32,86.42,86.28,86.3,1366
2026-08-20T15:20:00Z,86.29,86.49,86.28,86.48,1290
2026-08-20T15:25:00Z,86.46,86.59,86.39,86.52,2840
2026-08-20T15:30:00Z,86.54,86.68,86.4,86.6,1461
2026-08-20T15:35:00Z,86.6,86.73,86.6,86.68,1594
2026-08-20T15:40:00Z,86.67,86.85,86.67,86.79,1594
2026-08-20T15:45:00Z,86.78,86.82,86.59,86.61,1431
2026-08-20T15:50:00Z,86.61,86.7,86.61,86.64,764
2026-08-20T15:55:00Z,86.64,86.66,86.47,86.51,1317
2026-08-20T16:00:00Z,86.5,86.55,86.34,86.46,1697
2026-08-20T16:05:00Z,86.45,86.74,86.42,86.69,1608
2026-08-20T16:10:00Z,86.67,86.72,86.58,86.61,724
2026-08-20T16:15:00Z,86.61,86.63,86.51,86.54,905
2026-08-20T16:20:00Z,86.54,86.69,86.52,86.63,832
2026-08-20T16:25:00Z,86.65,86.67,86.44,86.45,571
2026-08-20T16:30:00Z,86.47,86.66,86.4,86.4,840
2026-08-20T16:35:00Z,86.41,86.46,86.38,86.43,1511
2026-08-20T16:40:00Z,86.44,86.46,86.33,86.35,1395
2026-08-20T16:45:00Z,86.34,86.4,86.21,86.24,1053
2026-08-20T16:50:00Z,86.22,86.28,86.16,86.16,1169
2026-08-20T16:55:00Z,86.16,86.19,86.03,86.1,1089
2026-08-20T17:00:00Z,86.1,86.11,85.87,86.04,1934
2026-08-20T17:05:00Z,86.02,86.31,86.01,86.26,1974
2026-08-20T17:10:00Z,86.24,86.39,86.19,86.31,853
2026-08-20T17:15:00Z,86.32,86.47,86.24,86.46,947
2026-08-20T17:20:00Z,86.46,86.48,86.36,86.39,858
2026-08-20T17:25:00Z,86.39,86.51,86.39,86.47,776
2026-08-20T17:30:00Z,86.48,86.63,86.46,86.63,1460
2026-08-20T17:35:00Z,86.64,86.72,86.58,86.66,1579
2026-08-20T17:40:00Z,86.64,86.72,86.59,86.62,585
2026-08-20T17:45:00Z,86.63,86.73,86.6,86.73,839
2026-08-20T17:50:00Z,86.72,86.73,86.54,86.56,1283
2026-08-20T17:55:00Z,86.56,86.61,86.49,86.52,1337
2026-08-20T18:00:00Z,86.52,86.58,86.44,86.56,2513
2026-08-20T18:05:00Z,86.54,86.58,86.37,86.42,2317
2026-08-20T18:10:00Z,86.4,86.55,86.4,86.47,2006
2026-08-20T18:15:00Z,86.47,86.51,86.37,86.49,2415
2026-08-20T18:20:00Z,86.49,86.55,86.39,86.47,2716
2026-08-20T18:25:00Z,86.48,86.98,86.46,86.94,9178
2026-08-20T18:30:00Z,86.94,86.98,86.74,86.78,2256
2026-08-20T18:35:00Z,86.77,86.96,86.77,86.91,1051
2026-08-20T18:40:00Z,86.9,86.96,86.85,86.91,609
2026-08-20T18:45:00Z,86.9,86.97,86.87,86.91,822
2026-08-20T18:50:00Z,86.92,86.95,86.85,86.86,415
2026-08-20T18:55:00Z,86.87,86.92,86.82,86.86,705
2026-08-20T19:00:00Z,86.85,86.87,86.78,86.79,857
2026-08-20T19:05:00Z,86.78,86.81,86.76,86.76,893
2026-08-20T19:10:00Z,86.76,86.77,86.68,86.74,946
2026-08-20T19:15:00Z,86.73,86.79,86.69,86.76,228
2026-08-20T19:20:00Z,86.75,86.76,86.69,86.7,435
2026-08-20T19:25:00Z,86.7,86.72,86.64,86.69,406
2026-08-20T19:30:00Z,86.7,86.7,86.63,86.63,332
2026-08-20T19:35:00Z,86.63,86.66,86.56,86.56,336
2026-08-20T19:40:00Z,86.57,86.66,86.56,86.62,277
2026-08-20T19:45:00Z,86.62,86.67,86.61,86.66,176
2026-08-20T19:50:00Z,86.65,86.66,86.59,86.6,230
2026-08-20T19:55:00Z,86.6,86.64,86.58,86.6,464
2026-08-20T20:00:00Z,86.6,86.66,86.53,86.65,235
2026-08-20T20:05:00Z,86.64,86.66,86.56,86.57,228
2026-08-20T20:10:00Z,86.59,86.59,86.51,86.55,227
2026-08-20T20:15:00Z,86.53,86.55,86.52,86.52,108
2026-08-20T20:20:00Z,86.51,86.63,86.46,86.58,596
2026-08-20T20:25:00Z,86.58,86.65,86.57,86.57,429
2026-08-20T20:30:00Z,86.58,86.58,86.48,86.5,354
2026-08-20T20:35:00Z,86.49,86.51,86.46,86.47,159
2026-08-20T20:40:00Z,86.47,86.52,86.45,86.48,139
2026-08-20T20:45:00Z,86.47,86.5,86.44,86.48,277
2026-08-20T20:50:00Z,86.46,86.47,86.27,86.27,1267
2026-08-20T20:55:00Z,86.26,86.27,86.2,86.21,517
2026-08-20T22:00:00Z,86.23,86.41,86.22,86.36,0
2026-08-20T22:05:00Z,86.37,86.45,86.33,86.44,318
2026-08-20T22:10:00Z,86.42,86.44,86.32,86.33,65
2026-08-20T22:15:00Z,86.32,86.35,86.28,86.29,98
2026-08-20T22:20:00Z,86.29,86.3,86.24,86.24,92
2026-08-20T22:25:00Z,86.26,86.3,86.26,86.27,64
2026-08-20T22:30:00Z,86.28,86.3,86.26,86.26,42
2026-08-20T22:35:00Z,86.28,86.34,86.26,86.34,31
2026-08-20T22:40:00Z,86.33,86.33,86.27,86.29,23
2026-08-20T22:45:00Z,86.28,86.31,86.28,86.31,19
2026-08-20T22:50:00Z,86.3,86.31,86.28,86.3,72
2026-08-20T22:55:00Z,86.31,86.32,86.29,86.31,25
2026-08-20T23:00:00Z,86.31,86.38,86.26,86.27,199
2026-08-20T23:05:00Z,86.26,86.32,86.26,86.3,138
2026-08-20T23:10:00Z,86.3,86.34,86.28,86.34,61
2026-08-20T23:15:00Z,86.29,86.31,86.28,86.28,26
2026-08-20T23:20:00Z,86.28,86.33,86.26,86.33,17
2026-08-20T23:25:00Z,86.32,86.34,86.31,86.31,19
2026-08-20T23:30:00Z,86.31,86.31,86.28,86.31,30
2026-08-20T23:35:00Z,86.32,86.32,86.27,86.3,81
2026-08-20T23:40:00Z,86.29,86.31,86.29,86.31,15
2026-08-20T23:45:00Z,86.29,86.3,86.27,86.27,77
2026-08-20T23:50:00Z,86.27,86.3,86.25,86.26,61
2026-08-20T23:55:00Z,86.26,86.26,86.21,86.22,102
2026-08-21T00:00:00Z,86.21,86.22,86.1,86.15,640
2026-08-21T00:05:00Z,86.14,86.28,86.14,86.2,181
2026-08-21T00:10:00Z,86.23,86.27,86.22,86.27,123
2026-08-21T00:15:00Z,86.27,86.27,86.15,86.15,431
2026-08-21T00:20:00Z,86.15,86.15,86.1,86.13,210
2026-08-21T00:25:00Z,86.13,86.19,86.06,86.18,406
2026-08-21T00:30:00Z,86.17,86.28,86.17,86.25,251
2026-08-21T00:35:00Z,86.27,86.3,86.21,86.27,102
2026-08-21T00:40:00Z,86.27,86.33,86.26,86.29,117
2026-08-21T00:45:00Z,86.28,86.34,86.28,86.32,100
2026-08-21T00:50:00Z,86.33,86.43,86.32,86.42,429
2026-08-21T00:55:00Z,86.43,86.45,86.37,86.37,175
2026-08-21T01:00:00Z,86.39,86.45,86.28,86.31,438
2026-08-21T01:05:00Z,86.31,86.48,86.27,86.45,253
2026-08-21T01:10:00Z,86.45,86.62,86.45,86.62,413
2026-08-21T01:15:00Z,86.61,86.68,86.51,86.62,351
2026-08-21T01:20:00Z,86.61,86.65,86.51,86.63,213
2026-08-21T01:25:00Z,86.62,86.68,86.58,86.6,302
2026-08-21T01:30:00Z,86.6,86.63,86.54,86.59,163
2026-08-21T01:35:00Z,86.59,86.71,86.58,86.69,169
2026-08-21T01:40:00Z,86.68,86.84,86.66,86.83,469
2026-08-21T01:45:00Z,86.86,86.94,86.82,86.84,295
2026-08-21T01:50:00Z,86.86,86.89,86.66,86.67,191
2026-08-21T01:55:00Z,86.68,86.73,86.63,86.73,145
2026-08-21T02:00:00Z,86.72,86.81,86.71,86.76,145
2026-08-21T02:05:00Z,86.75,86.79,86.73,86.74,104
2026-08-21T02:10:00Z,86.73,86.78,86.66,86.77,90
2026-08-21T02:15:00Z,86.77,86.78,86.73,86.73,83
2026-08-21T02:20:00Z,86.71,86.74,86.63,86.66,181
2026-08-21T02:25:00Z,86.66,86.75,86.66,86.75,106
2026-08-21T02:30:00Z,86.75,86.77,86.57,86.63,188
2026-08-21T02:35:00Z,86.64,86.74,86.6,86.68,256
2026-08-21T02:40:00Z,86.7,86.74,86.59,86.59,203
2026-08-21T02:45:00Z,86.57,86.68,86.56,86.62,180
2026-08-21T02:50:00Z,86.63,86.69,86.54,86.59,183
2026-08-21T02:55:00Z,86.58,86.59,86.47,86.51,209
2026-08-21T03:00:00Z,86.5,86.55,86.41,86.53,229
2026-08-21T03:05:00Z,86.51,86.54,86.45,86.45,91
2026-08-21T03:10:00Z,86.45,86.52,86.41,86.43,84
2026-08-21T03:15:00Z,86.43,86.52,86.4,86.5,122
2026-08-21T03:20:00Z,86.49,86.52,86.45,86.49,71
2026-08-21T03:25:00Z,86.49,86.5,86.34,86.37,290
2026-08-21T03:30:00Z,86.38,86.48,86.35,86.48,79
2026-08-21T03:35:00Z,86.49,86.53,86.47,86.49,61
2026-08-21T03:40:00Z,86.48,86.56,86.48,86.54,75
2026-08-21T03:45:00Z,86.54,86.59,86.52,86.59,128
2026-08-21T03:50:00Z,86.59,86.61,86.55,86.55,56
2026-08-21T03:55:00Z,86.54,86.55,86.46,86.46,64
2026-08-21T04:00:00Z,86.48,86.53,86.4,86.42,117
2026-08-21T04:05:00Z,86.42,86.46,86.37,86.45,75
2026-08-21T04:10:00Z,86.47,86.48,86.45,86.46,32
2026-08-21T04:15:00Z,86.46,86.48,86.43,86.45,52
2026-08-21T04:20:00Z,86.46,86.49,86.46,86.46,30
2026-08-21T04:25:00Z,86.46,86.52,86.46,86.52,67
2026-08-21T04:30:00Z,86.5,86.53,86.48,86.49,70
2026-08-21T04:35:00Z,86.48,86.53,86.48,86.51,27
2026-08-21T04:40:00Z,86.53,86.54,86.43,86.45,151
2026-08-21T04:45:00Z,86.45,86.46,86.42,86.43,47
2026-08-21T04:50:00Z,86.43,86.43,86.34,86.35,125
2026-08-21T04:55:00Z,86.35,86.36,86.23,86.24,280
2026-08-21T05:00:00Z,86.24,86.26,86.16,86.19,412
2026-08-21T05:05:00Z,86.18,86.21,86.13,86.21,152
2026-08-21T05:10:00Z,86.2,86.23,86.18,86.22,125
2026-08-21T05:15:00Z,86.23,86.3,86.22,86.29,159
2026-08-21T05:20:00Z,86.28,86.32,86.24,86.3,154
2026-08-21T05:25:00Z,86.3,86.47,86.3,86.45,231
2026-08-21T05:30:00Z,86.46,86.5,86.37,86.45,128
2026-08-21T05:35:00Z,86.43,86.46,86.34,86.37,118
2026-08-21T05:40:00Z,86.34,86.45,86.31,86.45,122
2026-08-21T05:45:00Z,86.42,86.46,86.34,86.46,77
2026-08-21T05:50:00Z,86.46,86.47,86.25,86.26,134
2026-08-21T05:55:00Z,86.28,86.28,86.14,86.17,288
2026-08-21T06:00:00Z,86.15,86.25,86.1,86.22,430
2026-08-21T06:05:00Z,86.23,86.28,86.15,86.21,116
2026-08-21T06:10:00Z,86.22,86.32,86.13,86.19,229
2026-08-21T06:15:00Z,86.19,86.24,86.15,86.21,140
2026-08-21T06:20:00Z,86.23,86.29,86.2,86.26,83
2026-08-21T06:25:00Z,86.28,86.45,86.28,86.38,209
2026-08-21T06:30:00Z,86.39,86.44,86.29,86.35,285
2026-08-21T06:35:00Z,86.35,86.38,86.3,86.34,390
2026-08-21T06:40:00Z,86.36,86.43,86.3,86.4,181
2026-08-21T06:45:00Z,86.41,86.42,86.27,86.38,182
2026-08-21T06:50:00Z,86.38,86.5,86.38,86.42,175
2026-08-21T06:55:00Z,86.41,86.43,86.27,86.29,171
2026-08-21T07:00:00Z,86.33,86.42,86.09,86.13,586
2026-08-21T07:05:00Z,86.11,86.39,86.1,86.38,504
2026-08-21T07:10:00Z,86.36,86.46,86.14,86.14,708
2026-08-21T07:15:00Z,86.14,86.32,86.11,86.27,526
2026-08-21T07:20:00Z,86.26,86.31,86.17,86.22,266
2026-08-21T07:25:00Z,86.22,86.43,86.22,86.42,281
2026-08-21T07:30:00Z,86.43,86.45,86.25,86.31,429
2026-08-21T07:35:00Z,86.31,86.45,86.3,86.37,306
2026-08-21T07:40:00Z,86.36,86.44,86.28,86.43,312
2026-08-21T07:45:00Z,86.42,86.43,86.14,86.22,509
2026-08-21T07:50:00Z,86.2,86.34,86.2,86.34,529
2026-08-21T07:55:00Z,86.33,86.5,86.33,86.37,897
2026-08-21T08:00:00Z,86.35,86.71,86.34,86.58,1972
2026-08-21T08:05:00Z,86.56,86.79,86.53,86.67,989
2026-08-21T08:10:00Z,86.67,86.67,86.46,86.5,436
2026-08-21T08:15:00Z,86.5,86.6,86.28,86.3,587
2026-08-21T08:20:00Z,86.31,86.42,86.23,86.23,619
2026-08-21T08:25:00Z,86.23,86.24,86.0,86.11,1932
2026-08-21T08:30:00Z,86.13,86.39,86.05,86.31,1061
2026-08-21T08:35:00Z,86.31,86.32,86.06,86.2,465
2026-08-21T08:40:00Z,86.19,86.23,85.96,86.11,625
2026-08-21T08:45:00Z,86.13,86.19,86.05,86.07,451
2026-08-21T08:50:00Z,86.07,86.12,85.95,86.07,566
2026-08-21T08:55:00Z,86.07,86.11,85.92,85.93,353
2026-08-21T09:00:00Z,85.93,85.99,85.8,85.84,1021
2026-08-21T09:05:00Z,85.85,86.0,85.85,85.91,463
2026-08-21T09:10:00Z,85.93,86.13,85.92,86.09,509
2026-08-21T09:15:00Z,86.07,86.22,86.06,86.16,352
2026-08-21T09:20:00Z,86.19,86.24,86.13,86.22,219
2026-08-21T09:25:00Z,86.21,86.27,86.17,86.21,294
2026-08-21T09:30:00Z,86.22,86.31,86.06,86.31,691
2026-08-21T09:35:00Z,86.32,86.41,86.26,86.28,409
2026-08-21T09:40:00Z,86.27,86.4,86.24,86.38,604
2026-08-21T09:45:00Z,86.38,86.46,86.35,86.44,513
2026-08-21T09:50:00Z,86.43,86.58,86.4,86.51,542
2026-08-21T09:55:00Z,86.49,86.55,86.42,86.55,581
2026-08-21T10:00:00Z,86.57,86.98,86.56,86.97,2115
2026-08-21T10:05:00Z,87.0,87.37,86.93,87.17,2386
2026-08-21T10:10:00Z,87.17,87.51,87.17,87.31,1750
2026-08-21T10:15:00Z,87.31,87.37,87.08,87.23,901
2026-08-21T10:20:00Z,87.23,87.33,87.02,87.03,920
2026-08-21T10:25:00Z,87.03,87.03,86.61,86.61,1390
2026-08-21T10:30:00Z,86.6,86.86,86.59,86.82,871
2026-08-21T10:35:00Z,86.82,86.86,86.69,86.82,405
2026-08-21T10:40:00Z,86.83,86.84,86.74,86.82,178
2026-08-21T10:45:00Z,86.82,86.97,86.76,86.94,476
2026-08-21T10:50:00Z,86.97,87.07,86.93,87.01,932
2026-08-21T10:55:00Z,87.01,87.19,87.0,87.05,1039
2026-08-21T11:00:00Z,87.05,87.17,87.0,87.14,488
2026-08-21T11:05:00Z,87.12,87.24,87.1,87.23,320
2026-08-21T11:10:00Z,87.22,87.23,87.09,87.22,722
2026-08-21T11:15:00Z,87.21,87.27,87.12,87.17,606
2026-08-21T11:20:00Z,87.16,87.16,86.38,86.52,3295
2026-08-21T11:25:00Z,86.52,86.64,86.38,86.55,991
