timestamp_utc,open,high,low,close,volume
2026-06-09T04:05:00Z,7431.25,7433.0,7431.25,7432.75,0
2026-06-09T04:10:00Z,7432.75,7433.75,7431.5,7431.5,698
2026-06-09T04:15:00Z,7431.5,7435.25,7430.75,7434.75,532
2026-06-09T04:20:00Z,7434.5,7434.75,7432.75,7433.75,339
2026-06-09T04:25:00Z,7433.75,7435.25,7431.75,7433.5,409
2026-06-09T04:30:00Z,7433.5,7435.5,7431.75,7435.0,583
2026-06-09T04:35:00Z,7435.5,7437.25,7434.75,7437.0,789
2026-06-09T04:40:00Z,7437.0,7437.25,7434.75,7435.5,461
2026-06-09T04:45:00Z,7435.25,7436.75,7434.5,7436.25,319
2026-06-09T04:50:00Z,7436.25,7436.25,7433.75,7435.0,307
2026-06-09T04:55:00Z,7435.25,7435.75,7433.25,7434.0,448
2026-06-09T05:00:00Z,7434.25,7437.25,7433.0,7437.0,590
2026-06-09T05:05:00Z,7436.75,7437.5,7433.25,7433.5,539
2026-06-09T05:10:00Z,7433.5,7435.75,7433.25,7434.0,327
2026-06-09T05:15:00Z,7434.0,7435.0,7433.25,7434.0,358
2026-06-09T05:20:00Z,7433.75,7435.5,7432.25,7435.5,370
2026-06-09T05:25:00Z,7435.25,7436.5,7432.25,7432.5,551
2026-06-09T05:30:00Z,7432.5,7440.0,7432.5,7439.0,1528
2026-06-09T05:35:00Z,7439.25,7439.5,7435.25,7437.0,782
2026-06-09T05:40:00Z,7437.0,7440.0,7435.75,7436.75,608
2026-06-09T05:45:00Z,7436.5,7440.75,7436.5,7440.5,657
2026-06-09T05:50:00Z,7440.25,7440.25,7436.5,7436.75,456
2026-06-09T05:55:00Z,7436.75,7437.5,7434.5,7436.5,548
2026-06-09T06:00:00Z,7436.75,7438.25,7435.0,7436.75,1005
2026-06-09T06:05:00Z,7436.5,7438.5,7436.5,7437.5,956
2026-06-09T06:10:00Z,7437.25,7439.0,7436.75,7438.75,649
2026-06-09T06:15:00Z,7438.5,7441.75,7438.25,7439.5,1108
2026-06-09T06:20:00Z,7439.5,7442.0,7439.0,7440.75,402
2026-06-09T06:25:00Z,7440.25,7441.25,7435.75,7436.5,759
2026-06-09T06:30:00Z,7436.5,7437.0,7433.5,7435.5,1041
2026-06-09T06:35:00Z,7435.5,7436.75,7434.5,7436.25,567
2026-06-09T06:40:00Z,7436.25,7437.75,7434.75,7436.25,644
2026-06-09T06:45:00Z,7436.25,7437.5,7435.0,7435.5,477
2026-06-09T06:50:00Z,7435.25,7435.5,7430.0,7431.0,856
2026-06-09T06:55:00Z,7431.25,7433.5,7430.75,7433.5,657
2026-06-09T07:00:00Z,7433.25,7443.75,7431.5,7443.5,2574
2026-06-09T07:05:00Z,7443.75,7446.75,7442.5,7445.0,1974
2026-06-09T07:10:00Z,7444.75,7446.25,7438.0,7438.25,1409
2026-06-09T07:15:00Z,7438.25,7439.75,7436.0,7437.5,1168
2026-06-09T07:20:00Z,7437.5,7440.5,7435.5,7435.5,1090
2026-06-09T07:25:00Z,7436.0,7436.25,7430.75,7433.5,2078
2026-06-09T07:30:00Z,7433.5,7436.5,7433.25,7434.0,1128
2026-06-09T07:35:00Z,7434.0,7434.5,7431.0,7433.5,1221
2026-06-09T07:40:00Z,7433.5,7436.25,7431.5,7436.25,1022
2026-06-09T07:45:00Z,7436.25,7439.0,7435.75,7436.75,787
2026-06-09T07:50:00Z,7436.75,7437.75,7431.75,7433.0,1188
2026-06-09T07:55:00Z,7433.0,7433.25,7430.75,7432.5,659
2026-06-09T08:00:00Z,7432.75,7436.75,7428.0,7433.5,1907
2026-06-09T08:05:00Z,7433.5,7438.75,7430.25,7438.0,1326
2026-06-09T08:10:00Z,7437.75,7445.5,7437.0,7444.0,2825
2026-06-09T08:15:00Z,7444.0,7445.5,7442.0,7442.25,2225
2026-06-09T08:20:00Z,7442.25,7443.5,7439.75,7441.75,1498
2026-06-09T08:25:00Z,7442.0,7444.75,7440.75,7443.25,864
2026-06-09T08:30:00Z,7443.25,7446.0,7443.0,7443.5,1168
2026-06-09T08:35:00Z,7443.75,7448.5,7441.0,7447.5,2114
2026-06-09T08:40:00Z,7447.5,7449.0,7445.25,7447.5,1229
2026-06-09T08:45:00Z,7447.75,7449.0,7446.0,7446.25,755
2026-06-09T08:50:00Z,7446.25,7446.25,7441.0,7442.0,1341
2026-06-09T08:55:00Z,7442.0,7442.75,7440.5,7442.0,614
2026-06-09T09:00:00Z,7442.0,7446.5,7441.25,7444.75,870
2026-06-09T09:05:00Z,7444.75,7446.5,7443.25,7446.5,978
2026-06-09T09:10:00Z,7446.5,7448.25,7446.25,7447.75,828
2026-06-09T09:15:00Z,7448.0,7448.75,7446.5,7448.0,724
2026-06-09T09:20:00Z,7447.75,7448.25,7446.25,7447.25,648
2026-06-09T09:25:00Z,7447.25,7450.75,7446.25,7449.25,1134
2026-06-09T09:30:00Z,7449.5,7449.5,7444.5,7444.5,1655
2026-06-09T09:35:00Z,7444.5,7449.5,7444.5,7448.5,497
2026-06-09T09:40:00Z,7448.5,7449.75,7447.5,7448.5,374
2026-06-09T09:45:00Z,7448.5,7450.0,7448.0,7448.75,402
2026-06-09T09:50:00Z,7449.25,7451.0,7449.0,7450.0,938
2026-06-09T09:55:00Z,7450.25,7450.75,7448.5,7448.75,827
2026-06-09T10:00:00Z,7448.75,7451.5,7448.5,7450.75,990
2026-06-09T10:05:00Z,7451.0,7451.75,7434.5,7441.5,7084
2026-06-09T10:10:00Z,7441.5,7450.25,7441.25,7449.25,2467
2026-06-09T10:15:00Z,7449.0,7449.25,7445.0,7445.25,866
2026-06-09T10:20:00Z,7445.25,7447.0,7445.0,7446.25,537
2026-06-09T10:25:00Z,7446.25,7449.75,7446.0,7449.0,537
2026-06-09T10:30:00Z,7449.25,7449.75,7446.5,7446.75,482
2026-06-09T10:35:00Z,7446.75,7447.5,7445.75,7446.0,450
2026-06-09T10:40:00Z,7446.0,7447.5,7445.25,7447.0,713
2026-06-09T10:45:00Z,7446.5,7448.0,7445.75,7447.5,798
2026-06-09T10:50:00Z,7447.5,7456.0,7447.5,7451.25,2995
2026-06-09T10:55:00Z,7451.0,7452.5,7450.0,7451.25,1804
2026-06-09T11:00:00Z,7451.5,7454.75,7450.0,7450.25,1763
2026-06-09T11:05:00Z,7450.25,7453.75,7449.25,7452.5,1165
2026-06-09T11:10:00Z,7452.5,7452.5,7448.75,7450.5,1055
2026-06-09T11:15:00Z,7450.5,7450.75,7447.0,7449.5,1145
2026-06-09T11:20:00Z,7449.25,7449.5,7444.75,7445.25,1134
2026-06-09T11:25:00Z,7445.0,7448.0,7444.75,7446.75,853
2026-06-09T11:30:00Z,7446.75,7449.75,7446.0,7448.75,1182
2026-06-09T11:35:00Z,7448.75,7449.25,7445.0,7446.5,1118
2026-06-09T11:40:00Z,7446.25,7451.5,7446.25,7448.5,2101
2026-06-09T11:45:00Z,7448.5,7450.5,7445.5,7446.0,1443
2026-06-09T11:50:00Z,7445.75,7448.0,7444.75,7445.0,1407
2026-06-09T11:55:00Z,7444.75,7445.0,7443.0,7443.5,1517
2026-06-09T12:00:00Z,7443.5,7447.5,7442.5,7446.0,1611
2026-06-09T12:05:00Z,7446.0,7448.0,7443.75,7447.25,1561
2026-06-09T12:10:00Z,7447.0,7447.25,7442.75,7443.25,2501
2026-06-09T12:15:00Z,7443.25,7444.75,7442.0,7444.0,1366
2026-06-09T12:20:00Z,7444.0,7445.25,7441.5,7442.5,2246
2026-06-09T12:25:00Z,7442.5,7445.5,7441.5,7443.5,2400
2026-06-09T12:30:00Z,7443.75,7453.5,7443.75,7453.0,3975
2026-06-09T12:35:00Z,7452.75,7455.75,7450.75,7451.25,3397
2026-06-09T12:40:00Z,7451.25,7452.25,7448.5,7449.75,2561
2026-06-09T12:45:00Z,7449.5,7449.5,7446.25,7448.25,2014
2026-06-09T12:50:00Z,7448.0,7449.25,7447.0,7447.75,1528
2026-06-09T12:55:00Z,7447.75,7456.75,7447.75,7456.25,3108
2026-06-09T13:00:00Z,7456.25,7458.0,7452.0,7453.75,6925
2026-06-09T13:05:00Z,7453.75,7459.75,7453.5,7457.25,4551
2026-06-09T13:10:00Z,7457.25,7457.25,7451.0,7451.75,2820
2026-06-09T13:15:00Z,7451.75,7452.25,7449.0,7450.75,3097
2026-06-09T13:20:00Z,7450.75,7453.25,7450.5,7451.75,2718
2026-06-09T13:25:00Z,7451.75,7459.5,7451.75,7458.5,7150
2026-06-09T13:30:00Z,7458.75,7463.75,7454.5,7458.25,32686
2026-06-09T13:35:00Z,7458.5,7470.75,7456.75,7466.0,27371
2026-06-09T13:40:00Z,7466.0,7475.25,7463.25,7475.25,24696
2026-06-09T13:45:00Z,7475.25,7491.0,7474.25,7489.25,35006
2026-06-09T13:50:00Z,7489.5,7490.0,7473.0,7473.5,34221
2026-06-09T13:55:00Z,7473.5,7476.75,7464.0,7465.5,27912
2026-06-09T14:00:00Z,7465.25,7472.25,7459.5,7463.0,31308
2026-06-09T14:05:00Z,7462.75,7469.25,7460.5,7461.25,24617
2026-06-09T14:10:00Z,7461.25,7461.75,7436.0,7437.25,40426
2026-06-09T14:15:00Z,7437.0,7441.0,7415.5,7422.5,50132
2026-06-09T14:20:00Z,7422.75,7441.75,7415.25,7441.0,43371
2026-06-09T14:25:00Z,7440.75,7443.25,7429.5,7433.5,28315
2026-06-09T14:30:00Z,7433.25,7439.0,7424.75,7433.75,25741
2026-06-09T14:35:00Z,7433.5,7437.0,7426.25,7430.75,21380
2026-06-09T14:40:00Z,7430.75,7434.0,7405.5,7407.75,28837
2026-06-09T14:45:00Z,7407.75,7410.5,7371.75,7374.25,54660
2026-06-09T14:50:00Z,7374.25,7387.5,7367.5,7387.0,43143
2026-06-09T14:55:00Z,7387.25,7399.5,7379.75,7399.0,28198
2026-06-09T15:00:00Z,7399.0,7402.75,7390.75,7391.5,25129
2026-06-09T15:05:00Z,7391.25,7401.5,7384.25,7400.75,21051
2026-06-09T15:10:00Z,7400.75,7405.75,7390.0,7396.5,19606
2026-06-09T15:15:00Z,7396.75,7398.75,7383.25,7383.75,17301
2026-06-09T15:20:00Z,7383.75,7388.5,7362.5,7362.5,26289
2026-06-09T15:25:00Z,7362.75,7363.25,7328.5,7331.5,46470
2026-06-09T15:30:00Z,7331.75,7339.5,7326.0,7334.0,46717
2026-06-09T15:35:00Z,7334.0,7339.25,7327.25,7336.25,36984
2026-06-09T15:40:00Z,7336.0,7346.25,7333.75,7339.5,27257
2026-06-09T15:45:00Z,7339.75,7343.5,7337.25,7341.25,19972
2026-06-09T15:50:00Z,7341.0,7349.0,7332.0,7332.75,27464
2026-06-09T15:55:00Z,7332.75,7334.25,7311.0,7312.25,39721
2026-06-09T16:00:00Z,7312.25,7327.25,7311.0,7317.75,32254
2026-06-09T16:05:00Z,7317.5,7319.0,7299.25,7304.5,38003
2026-06-09T16:10:00Z,7304.5,7315.0,7299.5,7307.0,30795
2026-06-09T16:15:00Z,7307.0,7307.25,7278.75,7281.0,47962
2026-06-09T16:20:00Z,7280.75,7297.0,7274.75,7296.25,41855
2026-06-09T16:25:00Z,7296.0,7303.0,7290.25,7295.0,27368
2026-06-09T16:30:00Z,7295.0,7307.5,7285.0,7294.25,34282
2026-06-09T16:35:00Z,7294.25,7305.5,7250.5,7255.0,53665
2026-06-09T16:40:00Z,7255.25,7270.5,7247.25,7268.0,46712
2026-06-09T16:45:00Z,7268.0,7279.25,7262.5,7270.0,28032
2026-06-09T16:50:00Z,7269.75,7276.0,7257.75,7258.25,24421
2026-06-09T16:55:00Z,7258.0,7288.25,7257.0,7287.5,21984
2026-06-09T17:00:00Z,7287.25,7308.25,7285.25,7305.25,26905
2026-06-09T17:05:00Z,7305.25,7310.0,7296.75,7304.0,19009
2026-06-09T17:10:00Z,7303.75,7312.0,7292.75,7307.25,17378
2026-06-09T17:15:00Z,7307.0,7321.75,7300.5,7320.5,19363
2026-06-09T17:20:00Z,7320.5,7334.5,7316.75,7326.0,24647
2026-06-09T17:25:00Z,7326.0,7333.75,7320.25,7329.0,13518
2026-06-09T17:30:00Z,7328.75,7338.75,7323.5,7338.75,14649
2026-06-09T17:35:00Z,7338.5,7347.25,7331.75,7342.5,17230
2026-06-09T17:40:00Z,7342.5,7361.5,7340.5,7351.0,21653
2026-06-09T17:45:00Z,7351.25,7353.75,7331.0,7333.5,27810
2026-06-09T17:50:00Z,7333.5,7353.25,7333.5,7346.5,18128
2026-06-09T17:55:00Z,7346.5,7353.0,7345.5,7347.5,10424
2026-06-09T18:00:00Z,7347.75,7354.75,7342.5,7347.25,12693
2026-06-09T18:05:00Z,7347.25,7359.5,7345.0,7357.5,12903
2026-06-09T18:10:00Z,7357.5,7357.75,7346.75,7354.25,11633
2026-06-09T18:15:00Z,7354.0,7367.0,7347.25,7366.25,13557
2026-06-09T18:20:00Z,7366.0,7373.5,7358.5,7372.5,15318
2026-06-09T18:25:00Z,7372.5,7373.5,7361.0,7373.0,11073
2026-06-09T18:30:00Z,7373.25,7384.0,7370.25,7379.0,17559
2026-06-09T18:35:00Z,7378.75,7384.75,7375.75,7381.75,10778
2026-06-09T18:40:00Z,7381.5,7382.0,7364.75,7366.0,17158
2026-06-09T18:45:00Z,7366.25,7377.5,7365.25,7377.25,16052
2026-06-09T18:50:00Z,7377.5,7384.0,7373.0,7378.5,12720
2026-06-09T18:55:00Z,7378.75,7393.5,7378.0,7389.5,15418
2026-06-09T19:00:00Z,7389.25,7396.25,7383.0,7395.0,16920
2026-06-09T19:05:00Z,7394.75,7398.75,7385.75,7386.75,13671
2026-06-09T19:10:00Z,7386.5,7386.75,7373.25,7374.75,15913
2026-06-09T19:15:00Z,7375.0,7376.25,7356.5,7358.5,24486
2026-06-09T19:20:00Z,7358.5,7365.25,7353.75,7361.5,19939
2026-06-09T19:25:00Z,7361.25,7370.5,7356.75,7367.75,14273
2026-06-09T19:30:00Z,7367.5,7372.0,7362.25,7367.25,15267
2026-06-09T19:35:00Z,7367.5,7368.75,7357.25,7357.5,15874
2026-06-09T19:40:00Z,7357.75,7360.75,7347.75,7356.25,22071
2026-06-09T19:45:00Z,7356.0,7360.0,7347.25,7352.5,16864
2026-06-09T19:50:00Z,7352.5,7384.75,7352.5,7383.75,43175
2026-06-09T19:55:00Z,7383.5,7395.5,7382.5,7391.75,104618
2026-06-09T20:00:00Z,7391.75,7399.0,7384.0,7399.0,36596
2026-06-09T20:05:00Z,7398.75,7399.0,7385.25,7387.5,9453
2026-06-09T20:10:00Z,7387.5,7389.5,7383.5,7385.5,6079
2026-06-09T20:15:00Z,7385.5,7390.25,7383.25,7383.25,3667
2026-06-09T20:20:00Z,7383.25,7387.25,7382.5,7386.25,2196
2026-06-09T20:25:00Z,7386.0,7391.5,7385.75,7389.75,2090
2026-06-09T20:30:00Z,7389.5,7389.75,7386.25,7389.0,1366
2026-06-09T20:35:00Z,7389.0,7391.25,7388.0,7390.0,1763
2026-06-09T20:40:00Z,7390.0,7393.75,7390.0,7391.0,1821
2026-06-09T20:45:00Z,7391.25,7392.75,7388.25,7391.0,1604
2026-06-09T20:50:00Z,7391.0,7391.25,7386.0,7386.5,1633
2026-06-09T20:55:00Z,7386.75,7390.0,7385.75,7390.0,1702
2026-06-09T22:00:00Z,7380.0,7386.0,7374.25,7379.0,0
2026-06-09T22:05:00Z,7378.5,7384.0,7376.25,7381.75,1760
2026-06-09T22:10:00Z,7382.0,7383.5,7379.0,7382.0,1010
2026-06-09T22:15:00Z,7382.0,7387.75,7378.75,7382.75,1520
2026-06-09T22:20:00Z,7382.5,7383.0,7379.25,7379.75,412
2026-06-09T22:25:00Z,7379.75,7380.5,7376.0,7378.25,937
2026-06-09T22:30:00Z,7378.25,7378.5,7372.0,7372.5,1375
2026-06-09T22:35:00Z,7372.5,7373.25,7366.75,7371.5,1320
2026-06-09T22:40:00Z,7371.5,7373.25,7367.25,7370.75,1212
2026-06-09T22:45:00Z,7370.75,7372.0,7364.25,7367.0,1514
2026-06-09T22:50:00Z,7367.25,7368.75,7363.5,7367.5,733
2026-06-09T22:55:00Z,7367.75,7371.75,7366.5,7370.25,662
2026-06-09T23:00:00Z,7370.5,7376.75,7368.75,7375.25,1270
2026-06-09T23:05:00Z,7375.5,7379.5,7374.25,7375.5,1144
2026-06-09T23:10:00Z,7376.0,7376.25,7369.75,7370.25,982
2026-06-09T23:15:00Z,7370.5,7372.25,7367.25,7369.0,1017
2026-06-09T23:20:00Z,7369.0,7370.75,7366.75,7368.25,572
2026-06-09T23:25:00Z,7368.5,7369.25,7366.5,7367.5,551
2026-06-09T23:30:00Z,7367.25,7370.25,7365.0,7369.0,769
2026-06-09T23:35:00Z,7369.25,7371.0,7365.0,7369.0,719
2026-06-09T23:40:00Z,7369.25,7370.75,7367.0,7370.0,409
2026-06-09T23:45:00Z,7369.75,7373.25,7368.5,7372.5,887
2026-06-09T23:50:00Z,7372.25,7376.75,7370.5,7376.5,809
2026-06-09T23:55:00Z,7376.5,7380.0,7373.25,7378.75,1055
2026-06-10T00:00:00Z,7378.75,7389.0,7378.25,7387.75,2354
2026-06-10T00:05:00Z,7387.5,7393.0,7383.75,7389.25,3008
2026-06-10T00:10:00Z,7389.25,7389.5,7380.0,7384.75,2045
2026-06-10T00:15:00Z,7384.25,7386.25,7377.0,7382.0,1511
2026-06-10T00:20:00Z,7382.0,7383.25,7378.25,7381.5,914
2026-06-10T00:25:00Z,7381.5,7385.0,7377.5,7383.25,1021
2026-06-10T00:30:00Z,7383.25,7384.0,7371.0,7371.5,1708
2026-06-10T00:35:00Z,7371.5,7377.25,7367.75,7373.0,1981
2026-06-10T00:40:00Z,7372.25,7373.0,7364.0,7368.25,1590
2026-06-10T00:45:00Z,7368.0,7376.5,7367.0,7376.25,1351
2026-06-10T00:50:00Z,7376.5,7381.0,7370.0,7379.5,1520
2026-06-10T00:55:00Z,7379.5,7384.75,7375.0,7381.5,2077
2026-06-10T01:00:00Z,7381.75,7385.5,7378.25,7384.75,1579
2026-06-10T01:05:00Z,7385.0,7385.0,7379.75,7380.5,865
2026-06-10T01:10:00Z,7380.75,7388.25,7378.75,7384.5,1173
2026-06-10T01:15:00Z,7384.0,7390.0,7382.5,7388.25,1156
2026-06-10T01:20:00Z,7388.25,7388.25,7382.25,7383.0,938
2026-06-10T01:25:00Z,7383.25,7386.25,7380.75,7383.25,1093
2026-06-10T01:30:00Z,7383.25,7388.25,7377.25,7387.75,1603
2026-06-10T01:35:00Z,7387.5,7389.0,7382.0,7385.5,761
2026-06-10T01:40:00Z,7385.75,7386.25,7379.25,7379.5,818
2026-06-10T01:45:00Z,7379.5,7385.75,7378.0,7384.5,777
2026-06-10T01:50:00Z,7384.5,7385.5,7376.5,7380.25,1241
2026-06-10T01:55:00Z,7379.75,7384.25,7379.0,7380.0,734
2026-06-10T02:00:00Z,7380.25,7381.25,7374.75,7375.75,834
2026-06-10T02:05:00Z,7375.5,7376.25,7371.75,7372.75,984
2026-06-10T02:10:00Z,7372.5,7378.0,7372.0,7375.75,1300
2026-06-10T02:15:00Z,7376.0,7377.75,7373.75,7375.5,506
2026-06-10T02:20:00Z,7375.5,7379.75,7373.25,7375.75,927
2026-06-10T02:25:00Z,7375.25,7378.75,7372.75,7378.5,1007
2026-06-10T02:30:00Z,7378.5,7381.25,7375.5,7376.25,701
2026-06-10T02:35:00Z,7376.0,7378.5,7373.75,7374.0,511
2026-06-10T02:40:00Z,7373.75,7376.75,7373.5,7376.5,666
2026-06-10T02:45:00Z,7376.75,7381.25,7376.5,7381.0,744
2026-06-10T02:50:00Z,7380.75,7381.25,7369.5,7370.75,1309
2026-06-10T02:55:00Z,7371.0,7373.75,7369.5,7371.25,764
2026-06-10T03:00:00Z,7371.0,7376.5,7370.25,7375.75,728
2026-06-10T03:05:00Z,7376.0,7380.0,7375.75,7377.75,1000
2026-06-10T03:10:00Z,7377.5,7379.0,7376.25,7377.0,446
2026-06-10T03:15:00Z,7376.75,7381.25,7376.5,7377.0,548
2026-06-10T03:20:00Z,7377.0,7378.25,7374.25,7377.5,364
2026-06-10T03:25:00Z,7377.75,7378.5,7375.0,7376.25,359
2026-06-10T03:30:00Z,7376.25,7378.0,7374.5,7375.75,558
2026-06-10T03:35:00Z,7375.5,7375.5,7371.5,7372.5,667
2026-06-10T03:40:00Z,7372.5,7372.75,7369.75,7370.25,585
2026-06-10T03:45:00Z,7370.25,7373.25,7369.75,7371.0,363
2026-06-10T03:50:00Z,7371.25,7373.75,7369.75,7373.25,433
2026-06-10T03:55:00Z,7372.75,7374.25,7371.25,7372.75,338
2026-06-10T04:05:00Z,7367.0,7368.0,7366.5,7366.75,0
2026-06-10T04:10:00Z,7366.75,7368.0,7364.75,7365.75,611
2026-06-10T04:15:00Z,7365.75,7369.5,7363.5,7368.75,933
2026-06-10T04:20:00Z,7368.75,7370.75,7366.0,7366.75,774
2026-06-10T04:25:00Z,7366.75,7368.75,7364.75,7365.5,1050
2026-06-10T04:30:00Z,7365.25,7365.5,7361.0,7361.25,1431
2026-06-10T04:35:00Z,7361.0,7362.25,7358.75,7360.5,936
2026-06-10T04:40:00Z,7360.75,7363.0,7356.75,7357.25,1025
2026-06-10T04:45:00Z,7357.25,7361.25,7356.0,7360.75,973
2026-06-10T04:50:00Z,7360.75,7365.0,7359.25,7364.0,831
2026-06-10T04:55:00Z,7364.0,7364.75,7357.75,7358.0,1139
2026-06-10T05:00:00Z,7358.0,7361.75,7357.0,7361.25,847
2026-06-10T05:05:00Z,7361.0,7365.25,7359.25,7361.25,959
2026-06-10T05:10:00Z,7361.25,7361.75,7359.25,7360.25,656
2026-06-10T05:15:00Z,7360.0,7360.0,7354.0,7354.25,1212
2026-06-10T05:20:00Z,7354.0,7358.5,7353.75,7357.0,1293
2026-06-10T05:25:00Z,7356.75,7367.25,7355.75,7367.0,1455
2026-06-10T05:30:00Z,7366.75,7368.0,7358.75,7364.0,1184
2026-06-10T05:35:00Z,7364.0,7366.0,7362.0,7365.5,554
2026-06-10T05:40:00Z,7365.75,7368.75,7362.5,7364.0,844
2026-06-10T05:45:00Z,7364.0,7364.75,7359.5,7362.0,570
2026-06-10T05:50:00Z,7362.25,7367.25,7361.75,7367.0,870
2026-06-10T05:55:00Z,7367.0,7370.5,7365.75,7368.25,836
2026-06-10T06:00:00Z,7368.5,7372.75,7367.5,7372.0,1178
2026-06-10T06:05:00Z,7372.0,7375.5,7370.75,7372.25,1260
2026-06-10T06:10:00Z,7372.0,7373.75,7369.75,7372.5,846
2026-06-10T06:15:00Z,7372.25,7374.75,7371.75,7374.5,812
2026-06-10T06:20:00Z,7374.25,7374.75,7367.25,7367.5,887
2026-06-10T06:25:00Z,7367.5,7371.5,7366.75,7370.5,774
2026-06-10T06:30:00Z,7370.25,7373.0,7368.5,7369.25,1697
2026-06-10T06:35:00Z,7369.5,7376.0,7367.5,7372.5,1327
2026-06-10T06:40:00Z,7372.75,7373.0,7370.0,7371.5,939
2026-06-10T06:45:00Z,7371.25,7372.0,7369.75,7371.25,579
2026-06-10T06:50:00Z,7371.5,7371.5,7368.5,7369.75,536
2026-06-10T06:55:00Z,7369.75,7369.75,7366.5,7368.5,593
2026-06-10T07:00:00Z,7368.5,7370.75,7366.25,7366.5,1354
2026-06-10T07:05:00Z,7366.5,7369.75,7364.5,7369.25,1217
2026-06-10T07:10:00Z,7369.0,7373.5,7367.5,7371.0,1397
2026-06-10T07:15:00Z,7371.0,7373.0,7366.75,7367.0,858
2026-06-10T07:20:00Z,7367.0,7369.5,7364.25,7366.0,968
2026-06-10T07:25:00Z,7366.0,7366.0,7362.5,7364.5,971
2026-06-10T07:30:00Z,7364.5,7370.75,7362.75,7370.0,1134
2026-06-10T07:35:00Z,7369.75,7370.75,7365.0,7365.25,837
2026-06-10T07:40:00Z,7365.5,7366.75,7363.0,7365.0,644
2026-06-10T07:45:00Z,7365.0,7367.75,7361.75,7364.75,1129
2026-06-10T07:50:00Z,7365.0,7366.0,7362.75,7365.5,971
2026-06-10T07:55:00Z,7365.0,7368.25,7364.5,7367.5,755
2026-06-10T08:00:00Z,7367.5,7367.75,7352.75,7357.75,2807
2026-06-10T08:05:00Z,7358.0,7363.5,7356.0,7362.25,1948
2026-06-10T08:10:00Z,7362.25,7364.5,7355.75,7355.75,1964
2026-06-10T08:15:00Z,7355.75,7358.25,7353.0,7353.75,2311
2026-06-10T08:20:00Z,7353.75,7358.25,7351.5,7355.75,3216
2026-06-10T08:25:00Z,7355.75,7357.5,7350.75,7353.0,2017
2026-06-10T08:30:00Z,7353.25,7354.75,7351.0,7351.25,1644
2026-06-10T08:35:00Z,7351.25,7357.0,7350.75,7353.25,1783
2026-06-10T08:40:00Z,7352.75,7353.25,7338.75,7339.5,2885
2026-06-10T08:45:00Z,7339.25,7341.0,7332.5,7337.75,3453
2026-06-10T08:50:00Z,7337.5,7345.0,7336.75,7338.75,2918
2026-06-10T08:55:00Z,7338.75,7339.5,7333.75,7336.25,1799
2026-06-10T09:00:00Z,7336.5,7337.0,7331.75,7334.75,1851
2026-06-10T09:05:00Z,7334.75,7339.5,7333.25,7333.25,2471
2026-06-10T09:10:00Z,7333.25,7339.75,7323.75,7324.0,4703
2026-06-10T09:15:00Z,7323.5,7329.5,7319.0,7325.25,4200
2026-06-10T09:20:00Z,7325.25,7328.0,7321.0,7328.0,1713
2026-06-10T09:25:00Z,7327.75,7337.25,7327.5,7336.5,2194
2026-06-10T09:30:00Z,7336.5,7338.5,7334.5,7336.5,1526
2026-06-10T09:35:00Z,7336.25,7342.75,7335.25,7337.5,2439
2026-06-10T09:40:00Z,7337.5,7338.0,7329.5,7333.0,2591
2026-06-10T09:45:00Z,7333.0,7335.5,7328.5,7331.75,1252
2026-06-10T09:50:00Z,7332.0,7336.5,7330.0,7335.75,1887
2026-06-10T09:55:00Z,7335.5,7339.5,7335.5,7337.5,1690
2026-06-10T10:00:00Z,7337.75,7338.0,7331.5,7334.75,1289
2026-06-10T10:05:00Z,7335.0,7337.25,7330.5,7336.25,952
2026-06-10T10:10:00Z,7336.25,7336.75,7332.75,7334.5,1229
2026-06-10T10:15:00Z,7334.5,7335.25,7326.25,7327.75,2114
2026-06-10T10:20:00Z,7327.5,7335.5,7324.5,7333.0,1973
2026-06-10T10:25:00Z,7333.0,7337.25,7331.5,7336.0,1289
2026-06-10T10:30:00Z,7336.0,7341.75,7334.75,7335.25,2265
2026-06-10T10:35:00Z,7335.25,7340.5,7333.75,7339.25,1109
2026-06-10T10:40:00Z,7339.5,7344.5,7338.25,7344.0,1388
2026-06-10T10:45:00Z,7344.0,7346.5,7341.0,7341.75,1604
2026-06-10T10:50:00Z,7341.5,7341.5,7335.0,7335.75,1775
2026-06-10T10:55:00Z,7335.75,7346.75,7334.75,7343.75,3554
2026-06-10T11:00:00Z,7344.25,7346.5,7317.0,7318.5,10130
2026-06-10T11:05:00Z,7319.0,7323.75,7307.0,7321.75,10081
2026-06-10T11:10:00Z,7321.75,7327.75,7319.75,7326.0,5094
2026-06-10T11:15:00Z,7325.75,7331.5,7321.25,7322.25,3806
2026-06-10T11:20:00Z,7322.0,7334.0,7320.5,7323.75,5156
2026-06-10T11:25:00Z,7323.5,7324.25,7305.5,7316.5,10049
2026-06-10T11:30:00Z,7316.75,7318.75,7308.75,7315.25,4091
2026-06-10T11:35:00Z,7315.0,7317.75,7306.5,7307.0,3578
2026-06-10T11:40:00Z,7307.0,7314.75,7307.0,7311.75,2858
2026-06-10T11:45:00Z,7311.75,7316.25,7309.0,7313.75,2347
2026-06-10T11:50:00Z,7313.75,7323.75,7313.75,7322.5,3392
2026-06-10T11:55:00Z,7322.75,7326.5,7319.0,7322.25,2522
2026-06-10T12:00:00Z,7322.25,7324.75,7319.25,7322.75,2474
2026-06-10T12:05:00Z,7322.5,7329.5,7322.5,7327.25,2961
2026-06-10T12:10:00Z,7327.25,7335.0,7323.75,7327.5,4279
2026-06-10T12:15:00Z,7327.25,7334.25,7322.0,7324.0,5149
2026-06-10T12:20:00Z,7324.0,7331.5,7323.25,7327.0,2961
2026-06-10T12:25:00Z,7327.0,7339.25,7327.0,7338.5,5545
2026-06-10T12:30:00Z,7338.75,7367.0,7318.75,7354.0,23127
2026-06-10T12:35:00Z,7353.75,7361.75,7344.25,7353.5,13377
2026-06-10T12:40:00Z,7353.5,7365.0,7351.25,7359.25,8414
2026-06-10T12:45:00Z,7359.5,7366.75,7355.75,7363.75,7495
2026-06-10T12:50:00Z,7364.0,7364.25,7354.75,7359.75,4188
2026-06-10T12:55:00Z,7360.0,7360.5,7350.0,7350.25,5018
2026-06-10T13:00:00Z,7350.5,7356.0,7348.0,7349.25,6860
2026-06-10T13:05:00Z,7349.25,7354.5,7345.0,7354.5,5416
2026-06-10T13:10:00Z,7354.5,7355.75,7350.75,7351.5,3470
2026-06-10T13:15:00Z,7351.25,7355.0,7349.5,7354.25,3575
2026-06-10T13:20:00Z,7354.25,7355.5,7350.75,7352.5,3265
2026-06-10T13:25:00Z,7352.75,7356.0,7350.5,7355.0,5671
2026-06-10T13:30:00Z,7354.75,7360.5,7338.5,7338.5,32725
2026-06-10T13:35:00Z,7338.5,7373.0,7335.25,7366.5,35522
2026-06-10T13:40:00Z,7366.5,7382.5,7353.0,7382.25,29298
2026-06-10T13:45:00Z,7382.0,7390.5,7373.75,7387.0,32947
2026-06-10T13:50:00Z,7386.75,7387.0,7367.5,7377.0,25433
2026-06-10T13:55:00Z,7377.25,7387.5,7373.25,7378.0,17940
2026-06-10T14:00:00Z,7378.0,7393.75,7370.75,7386.5,21668
2026-06-10T14:05:00Z,7386.25,7394.5,7379.5,7392.0,16308
2026-06-10T14:10:00Z,7392.0,7396.75,7385.25,7387.5,22744
2026-06-10T14:15:00Z,7387.75,7391.75,7378.5,7385.75,18642
2026-06-10T14:20:00Z,7385.75,7404.75,7382.5,7403.0,17165
2026-06-10T14:25:00Z,7403.0,7404.75,7386.75,7392.75,19189
2026-06-10T14:30:00Z,7392.5,7399.0,7378.25,7399.0,18748
2026-06-10T14:35:00Z,7399.0,7400.0,7380.5,7386.0,14306
2026-06-10T14:40:00Z,7385.75,7393.25,7376.25,7376.5,12227
2026-06-10T14:45:00Z,7376.5,7381.75,7365.25,7370.0,21146
2026-06-10T14:50:00Z,7370.25,7377.5,7362.25,7366.75,23257
2026-06-10T14:55:00Z,7366.5,7370.25,7343.0,7349.25,30481
2026-06-10T15:00:00Z,7349.0,7364.75,7339.5,7351.5,24886
2026-06-10T15:05:00Z,7351.5,7353.25,7337.75,7338.25,18482
2026-06-10T15:10:00Z,7338.25,7341.0,7326.75,7327.5,29928
2026-06-10T15:15:00Z,7327.5,7328.0,7315.5,7322.25,25760
2026-06-10T15:20:00Z,7322.25,7344.25,7320.75,7339.0,23499
2026-06-10T15:25:00Z,7338.5,7346.25,7334.25,7334.75,16028
2026-06-10T15:30:00Z,7334.75,7343.75,7325.5,7330.5,17783
2026-06-10T15:35:00Z,7330.75,7337.25,7321.0,7328.5,14334
2026-06-10T15:40:00Z,7328.25,7346.5,7324.25,7343.0,15054
2026-06-10T15:45:00Z,7343.0,7348.5,7309.75,7320.25,38202
2026-06-10T15:50:00Z,7320.0,7337.0,7305.0,7328.25,31984
2026-06-10T15:55:00Z,7328.5,7342.0,7321.25,7340.25,15680
2026-06-10T16:00:00Z,7340.25,7346.0,7331.0,7336.0,13848
2026-06-10T16:05:00Z,7335.75,7341.25,7325.75,7329.5,12169
2026-06-10T16:10:00Z,7329.5,7329.75,7319.5,7323.0,11997
2026-06-10T16:15:00Z,7323.0,7331.5,7321.75,7326.0,9473
2026-06-10T16:20:00Z,7325.75,7329.75,7319.5,7321.75,9405
2026-06-10T16:25:00Z,7321.75,7330.0,7320.75,7327.25,7538
2026-06-10T16:30:00Z,7327.25,7337.0,7320.5,7336.5,10519
2026-06-10T16:35:00Z,7336.75,7344.0,7330.75,7340.25,12790
2026-06-10T16:40:00Z,7340.25,7343.5,7324.5,7328.75,10013
2026-06-10T16:45:00Z,7329.0,7329.0,7314.5,7320.0,12939
2026-06-10T16:50:00Z,7320.0,7331.0,7317.25,7322.75,11159
2026-06-10T16:55:00Z,7322.75,7326.0,7315.25,7324.0,8767
2026-06-10T17:00:00Z,7324.0,7334.5,7320.25,7332.0,9711
2026-06-10T17:05:00Z,7332.0,7332.5,7316.0,7317.0,10986
2026-06-10T17:10:00Z,7317.0,7317.75,7307.5,7310.5,10496
2026-06-10T17:15:00Z,7310.25,7315.0,7307.25,7310.25,8052
2026-06-10T17:20:00Z,7310.0,7316.25,7308.0,7315.75,7215
2026-06-10T17:25:00Z,7315.25,7318.75,7311.0,7317.0,8032
2026-06-10T17:30:00Z,7316.75,7317.5,7304.5,7309.25,9372
2026-06-10T17:35:00Z,7309.25,7309.25,7301.25,7302.25,8878
2026-06-10T17:40:00Z,7302.25,7306.5,7299.0,7300.25,11944
2026-06-10T17:45:00Z,7300.5,7327.25,7299.25,7324.0,21993
2026-06-10T17:50:00Z,7323.75,7326.25,7310.0,7320.5,15483
2026-06-10T17:55:00Z,7320.5,7328.75,7318.25,7327.25,9288
2026-06-10T18:00:00Z,7327.25,7338.5,7325.75,7337.5,13259
2026-06-10T18:05:00Z,7337.5,7338.5,7325.0,7325.75,9546
2026-06-10T18:10:00Z,7325.75,7333.25,7325.0,7328.0,6114
2026-06-10T18:15:00Z,7328.0,7333.5,7315.0,7318.0,9242
2026-06-10T18:20:00Z,7318.25,7325.25,7313.5,7319.75,9683
2026-06-10T18:25:00Z,7320.0,7322.0,7314.5,7316.0,7021
2026-06-10T18:30:00Z,7316.25,7316.5,7309.0,7311.0,7787
2026-06-10T18:35:00Z,7311.0,7312.0,7302.0,7306.0,12333
2026-06-10T18:40:00Z,7306.0,7309.25,7301.5,7305.75,8308
2026-06-10T18:45:00Z,7305.75,7306.25,7299.5,7299.75,8399
2026-06-10T18:50:00Z,7299.75,7302.0,7290.5,7298.0,18146
2026-06-10T18:55:00Z,7298.0,7299.5,7290.5,7295.25,12499
2026-06-10T19:00:00Z,7295.0,7302.0,7289.0,7294.25,14343
2026-06-10T19:05:00Z,7294.25,7302.25,7290.75,7298.75,11461
2026-06-10T19:10:00Z,7298.75,7299.25,7288.75,7291.5,11863
2026-06-10T19:15:00Z,7291.75,7293.25,7284.0,7286.25,11248
2026-06-10T19:20:00Z,7286.0,7286.25,7278.75,7282.5,15489
2026-06-10T19:25:00Z,7282.25,7283.75,7276.0,7281.25,16366
2026-06-10T19:30:00Z,7281.0,7292.75,7278.0,7291.0,19059
2026-06-10T19:35:00Z,7291.0,7298.0,7287.75,7296.25,14203
2026-06-10T19:40:00Z,7296.25,7298.75,7287.75,7294.0,15626
2026-06-10T19:45:00Z,7293.75,7295.75,7284.0,7290.0,13303
2026-06-10T19:50:00Z,7290.0,7300.75,7275.5,7290.0,32610
2026-06-10T19:55:00Z,7290.0,7294.25,7275.25,7276.0,78786
2026-06-10T20:00:00Z,7276.0,7278.75,7267.0,7273.5,29935
2026-06-10T20:05:00Z,7273.5,7275.5,7261.5,7268.25,16559
2026-06-10T20:10:00Z,7268.25,7274.0,7268.0,7271.5,8483
2026-06-10T20:15:00Z,7271.25,7275.5,7268.5,7271.75,5108
2026-06-10T20:20:00Z,7272.0,7275.75,7269.75,7273.25,2993
2026-06-10T20:25:00Z,7273.5,7273.5,7268.25,7270.25,2284
2026-06-10T20:30:00Z,7270.0,7270.0,7264.5,7266.25,3433
2026-06-10T20:35:00Z,7266.5,7269.0,7265.0,7268.75,4620
2026-06-10T20:40:00Z,7268.75,7270.0,7262.0,7262.25,3441
2026-06-10T20:45:00Z,7262.5,7263.25,7256.0,7259.75,3505
2026-06-10T20:50:00Z,7260.0,7265.25,7256.25,7264.5,3554
2026-06-10T20:55:00Z,7264.25,7268.0,7263.0,7267.0,2731
2026-06-10T22:00:00Z,7259.25,7266.0,7250.0,7251.0,0
2026-06-10T22:05:00Z,7251.0,7252.0,7247.25,7249.25,2013
2026-06-10T22:10:00Z,7249.5,7255.5,7247.0,7255.25,2266
2026-06-10T22:15:00Z,7255.25,7257.5,7253.0,7257.25,1099
2026-06-10T22:20:00Z,7256.75,7257.0,7254.0,7254.75,729
2026-06-10T22:25:00Z,7254.75,7259.5,7253.25,7258.75,943
2026-06-10T22:30:00Z,7258.75,7264.0,7258.75,7259.25,1582
2026-06-10T22:35:00Z,7258.75,7265.5,7258.5,7265.25,953
2026-06-10T22:40:00Z,7265.25,7266.75,7256.5,7260.25,1817
2026-06-10T22:45:00Z,7260.25,7265.0,7256.5,7259.5,1918
2026-06-10T22:50:00Z,7259.75,7260.5,7250.75,7253.0,1486
2026-06-10T22:55:00Z,7252.75,7253.0,7243.0,7244.0,3255
2026-06-10T23:00:00Z,7244.0,7250.75,7240.0,7249.5,3309
2026-06-10T23:05:00Z,7249.25,7251.25,7242.5,7243.25,1060
2026-06-10T23:10:00Z,7243.25,7244.75,7235.0,7236.0,2949
2026-06-10T23:15:00Z,7236.25,7252.5,7232.25,7247.5,4113
2026-06-10T23:20:00Z,7247.75,7256.25,7240.5,7244.25,4864
2026-06-10T23:25:00Z,7244.5,7258.5,7244.5,7257.25,3124
2026-06-10T23:30:00Z,7257.5,7258.5,7247.25,7252.5,2350
2026-06-10T23:35:00Z,7252.75,7259.0,7252.5,7255.0,1075
2026-06-10T23:40:00Z,7255.25,7263.25,7254.5,7259.25,1790
2026-06-10T23:45:00Z,7259.5,7260.0,7252.0,7255.75,1328
2026-06-10T23:50:00Z,7255.5,7257.0,7252.0,7253.5,680
2026-06-10T23:55:00Z,7253.5,7253.75,7247.25,7249.5,1275
2026-06-11T00:00:00Z,7250.0,7258.5,7246.5,7248.25,1969
2026-06-11T00:05:00Z,7248.5,7254.75,7245.75,7248.25,1857
2026-06-11T00:10:00Z,7248.25,7257.5,7246.0,7254.75,1780
2026-06-11T00:15:00Z,7255.25,7283.0,7255.25,7274.75,5880
2026-06-11T00:20:00Z,7274.5,7278.0,7269.25,7271.75,2443
2026-06-11T00:25:00Z,7271.5,7272.25,7264.75,7267.0,2008
2026-06-11T00:30:00Z,7267.5,7272.5,7265.0,7267.0,2257
2026-06-11T00:35:00Z,7266.75,7268.0,7257.75,7263.5,3680
2026-06-11T00:40:00Z,7263.75,7270.5,7262.25,7263.0,1690
2026-06-11T00:45:00Z,7263.0,7277.75,7263.0,7274.5,2257
2026-06-11T00:50:00Z,7274.5,7279.75,7272.25,7275.75,1757
2026-06-11T00:55:00Z,7275.75,7279.75,7275.75,7277.0,1683
2026-06-11T01:00:00Z,7277.25,7290.0,7277.0,7286.75,4630
2026-06-11T01:05:00Z,7286.75,7292.75,7285.75,7291.0,2380
2026-06-11T01:10:00Z,7291.5,7303.5,7291.25,7302.75,2884
2026-06-11T01:15:00Z,7302.5,7304.25,7297.25,7303.25,2813
2026-06-11T01:20:00Z,7303.75,7306.0,7297.5,7305.25,1934
2026-06-11T01:25:00Z,7305.0,7306.0,7301.5,7304.25,1652
2026-06-11T01:30:00Z,7304.25,7305.25,7298.25,7298.5,1773
2026-06-11T01:35:00Z,7298.5,7305.25,7296.0,7301.75,2042
2026-06-11T01:40:00Z,7301.75,7303.25,7295.5,7296.75,1399
2026-06-11T01:45:00Z,7297.25,7297.25,7293.0,7294.0,1445
2026-06-11T01:50:00Z,7294.0,7295.0,7290.5,7291.75,1369
2026-06-11T01:55:00Z,7291.75,7291.75,7285.5,7287.5,1683
2026-06-11T02:00:00Z,7287.75,7297.0,7286.5,7296.75,1842
2026-06-11T02:05:00Z,7296.75,7297.0,7290.25,7293.0,1239
2026-06-11T02:10:00Z,7292.75,7292.75,7286.75,7287.0,1111
2026-06-11T02:15:00Z,7287.25,7291.0,7285.5,7287.0,991
2026-06-11T02:20:00Z,7287.0,7288.0,7279.0,7280.25,1683
2026-06-11T02:25:00Z,7280.0,7283.0,7276.5,7278.25,1801
2026-06-11T02:30:00Z,7278.5,7281.25,7272.75,7276.25,1916
2026-06-11T02:35:00Z,7276.25,7281.5,7275.5,7280.25,1262
2026-06-11T02:40:00Z,7279.75,7283.5,7278.75,7279.25,1155
2026-06-11T02:45:00Z,7279.5,7283.5,7278.25,7282.25,907
2026-06-11T02:50:00Z,7282.75,7284.75,7278.75,7282.75,864
2026-06-11T02:55:00Z,7282.5,7291.25,7282.5,7289.25,1250
2026-06-11T03:00:00Z,7289.5,7294.5,7289.5,7293.75,1293
2026-06-11T03:05:00Z,7294.0,7294.25,7288.0,7290.0,1025
2026-06-11T03:10:00Z,7290.0,7290.5,7282.0,7284.5,1045
2026-06-11T03:15:00Z,7284.25,7288.75,7283.0,7283.0,1150
2026-06-11T03:20:00Z,7283.25,7287.75,7281.0,7287.5,929
2026-06-11T03:25:00Z,7287.25,7288.0,7283.75,7288.0,579
2026-06-11T03:30:00Z,7287.75,7295.5,7287.25,7294.25,1207
2026-06-11T03:35:00Z,7294.5,7296.75,7291.5,7296.75,894
2026-06-11T03:40:00Z,7296.5,7298.5,7296.0,7298.0,795
2026-06-11T03:45:00Z,7298.0,7300.0,7296.0,7298.0,789
2026-06-11T03:50:00Z,7298.0,7305.75,7297.75,7303.0,1936
2026-06-11T03:55:00Z,7302.75,7305.75,7302.5,7304.5,574
2026-06-11T04:05:00Z,7303.5,7304.0,7302.75,7304.0,0
2026-06-11T04:10:00Z,7304.0,7305.0,7302.5,7303.5,861
2026-06-11T04:15:00Z,7303.25,7303.75,7300.5,7303.75,699
2026-06-11T04:20:00Z,7303.75,7309.0,7302.25,7304.25,1394
2026-06-11T04:25:00Z,7304.5,7308.0,7304.0,7306.25,855
2026-06-11T04:30:00Z,7306.25,7309.5,7305.75,7305.75,789
2026-06-11T04:35:00Z,7305.75,7312.25,7305.25,7312.0,945
2026-06-11T04:40:00Z,7311.75,7317.5,7311.5,7315.5,1437
2026-06-11T04:45:00Z,7315.75,7317.5,7313.5,7313.5,904
2026-06-11T04:50:00Z,7314.0,7314.25,7310.25,7313.75,773
2026-06-11T04:55:00Z,7314.0,7314.0,7310.75,7312.75,783
2026-06-11T05:00:00Z,7313.0,7313.75,7307.25,7309.0,1307
2026-06-11T05:05:00Z,7309.0,7309.0,7304.75,7307.5,771
2026-06-11T05:10:00Z,7307.5,7308.0,7304.0,7305.75,638
2026-06-11T05:15:00Z,7305.75,7308.75,7304.25,7305.75,607
2026-06-11T05:20:00Z,7305.5,7308.0,7305.5,7307.0,405
2026-06-11T05:25:00Z,7306.0,7306.75,7302.75,7305.5,710
2026-06-11T05:30:00Z,7305.75,7307.75,7302.75,7307.25,802
2026-06-11T05:35:00Z,7307.25,7308.25,7303.75,7306.25,682
2026-06-11T05:40:00Z,7306.25,7308.75,7305.75,7307.75,635
2026-06-11T05:45:00Z,7307.75,7309.5,7305.75,7307.5,538
2026-06-11T05:50:00Z,7307.25,7309.0,7306.25,7306.5,836
2026-06-11T05:55:00Z,7306.5,7310.5,7305.75,7308.5,1134
2026-06-11T06:00:00Z,7308.25,7308.75,7301.5,7302.0,1866
2026-06-11T06:05:00Z,7301.75,7302.5,7294.75,7299.0,3927
2026-06-11T06:10:00Z,7299.0,7307.0,7298.25,7306.25,1738
2026-06-11T06:15:00Z,7306.5,7310.0,7305.5,7306.0,1250
2026-06-11T06:20:00Z,7306.25,7309.5,7304.75,7307.25,1142
2026-06-11T06:25:00Z,7307.5,7309.25,7305.0,7305.75,1472
2026-06-11T06:30:00Z,7306.0,7306.5,7303.75,7304.25,1027
2026-06-11T06:35:00Z,7304.25,7311.5,7304.0,7310.25,1772
2026-06-11T06:40:00Z,7310.5,7312.5,7309.5,7310.5,1217
2026-06-11T06:45:00Z,7310.5,7312.75,7308.75,7311.75,1563
2026-06-11T06:50:00Z,7311.5,7314.5,7311.25,7313.5,915
2026-06-11T06:55:00Z,7313.5,7316.0,7312.5,7315.5,1102
2026-06-11T07:00:00Z,7315.5,7319.75,7315.0,7318.75,3080
2026-06-11T07:05:00Z,7318.75,7319.25,7312.5,7317.25,2212
2026-06-11T07:10:00Z,7317.5,7319.25,7312.25,7317.25,2575
2026-06-11T07:15:00Z,7317.25,7325.0,7316.0,7322.75,2679
2026-06-11T07:20:00Z,7322.75,7330.0,7322.5,7329.25,3837
2026-06-11T07:25:00Z,7329.25,7329.25,7322.75,7327.0,2316
2026-06-11T07:30:00Z,7326.75,7329.0,7326.25,7326.75,1889
2026-06-11T07:35:00Z,7326.75,7331.25,7326.75,7328.25,2028
2026-06-11T07:40:00Z,7328.25,7330.75,7326.0,7330.0,1912
2026-06-11T07:45:00Z,7330.0,7330.75,7325.5,7326.0,1522
2026-06-11T07:50:00Z,7326.0,7328.75,7324.25,7326.75,1310
2026-06-11T07:55:00Z,7326.5,7327.75,7325.5,7327.25,1044
2026-06-11T08:00:00Z,7327.0,7336.0,7326.5,7329.25,3603
2026-06-11T08:05:00Z,7329.25,7335.75,7328.25,7334.75,2100
2026-06-11T08:10:00Z,7334.75,7337.25,7333.5,7335.5,2198
2026-06-11T08:15:00Z,7335.25,7335.25,7331.25,7333.5,1745
2026-06-11T08:20:00Z,7333.25,7334.75,7330.0,7334.0,1758
2026-06-11T08:25:00Z,7334.25,7336.5,7331.0,7332.25,1510
2026-06-11T08:30:00Z,7332.25,7335.75,7331.25,7335.0,1886
2026-06-11T08:35:00Z,7335.0,7337.25,7334.0,7336.0,1798
2026-06-11T08:40:00Z,7336.25,7336.75,7333.75,7335.0,1783
2026-06-11T08:45:00Z,7335.25,7337.0,7334.25,7334.25,1919
2026-06-11T08:50:00Z,7334.25,7336.75,7333.0,7334.75,1100
2026-06-11T08:55:00Z,7334.75,7337.5,7334.5,7336.5,832
2026-06-11T09:00:00Z,7336.5,7337.75,7335.25,7336.25,1463
2026-06-11T09:05:00Z,7336.5,7337.5,7333.25,7333.75,1477
2026-06-11T09:10:00Z,7334.0,7334.75,7331.75,7333.25,1924
2026-06-11T09:15:00Z,7333.25,7336.5,7332.25,7335.0,1682
2026-06-11T09:20:00Z,7335.0,7335.25,7331.75,7333.25,992
2026-06-11T09:25:00Z,7333.75,7335.25,7331.75,7333.5,1095
2026-06-11T09:30:00Z,7333.25,7334.0,7332.25,7333.75,1052
2026-06-11T09:35:00Z,7334.0,7335.5,7332.5,7334.5,1334
2026-06-11T09:40:00Z,7334.5,7337.0,7334.25,7335.5,980
2026-06-11T09:45:00Z,7335.5,7338.75,7334.5,7335.5,1418
2026-06-11T09:50:00Z,7335.75,7336.75,7334.0,7335.25,942
2026-06-11T09:55:00Z,7335.25,7337.75,7333.5,7333.75,988
2026-06-11T10:00:00Z,7333.5,7337.75,7331.5,7333.25,1946
2026-06-11T10:05:00Z,7333.5,7335.0,7332.25,7332.75,1453
2026-06-11T10:10:00Z,7332.75,7334.0,7330.75,7331.75,996
2026-06-11T10:15:00Z,7332.0,7333.0,7329.75,7331.0,1040
2026-06-11T10:20:00Z,7331.0,7333.5,7330.5,7333.25,995
2026-06-11T10:25:00Z,7333.5,7333.5,7328.25,7328.75,1838
2026-06-11T10:30:00Z,7329.0,7334.25,7329.0,7334.25,1795
2026-06-11T10:35:00Z,7334.0,7334.0,7331.0,7332.0,967
2026-06-11T10:40:00Z,7332.0,7333.0,7330.75,7331.5,597
2026-06-11T10:45:00Z,7331.75,7331.75,7330.25,7331.5,978
2026-06-11T10:50:00Z,7331.75,7334.25,7331.25,7332.25,1206
2026-06-11T10:55:00Z,7332.25,7332.5,7328.25,7329.0,1729
2026-06-11T11:00:00Z,7328.75,7329.25,7325.0,7325.5,2660
2026-06-11T11:05:00Z,7325.5,7326.0,7317.5,7317.75,2987
2026-06-11T11:10:00Z,7318.0,7323.25,7317.75,7322.0,1815
2026-06-11T11:15:00Z,7322.25,7324.0,7321.0,7322.0,1703
2026-06-11T11:20:00Z,7322.25,7323.0,7319.5,7319.75,2057
2026-06-11T11:25:00Z,7319.75,7325.75,7317.5,7322.75,2904
2026-06-11T11:30:00Z,7322.5,7332.25,7322.0,7328.5,3999
2026-06-11T11:35:00Z,7328.25,7332.75,7325.75,7327.75,2586
2026-06-11T11:40:00Z,7328.0,7331.0,7325.0,7329.5,1552
2026-06-11T11:45:00Z,7329.75,7331.25,7329.25,7329.75,1529
2026-06-11T11:50:00Z,7329.5,7332.5,7326.75,7331.5,1471
2026-06-11T11:55:00Z,7331.25,7334.0,7330.25,7332.25,2388
2026-06-11T12:00:00Z,7332.0,7334.0,7331.0,7333.5,1967
2026-06-11T12:05:00Z,7333.5,7334.0,7327.5,7333.0,2426
2026-06-11T12:10:00Z,7332.75,7332.75,7329.75,7332.0,932
2026-06-11T12:15:00Z,7332.25,7332.25,7326.0,7326.5,2257
2026-06-11T12:20:00Z,7326.25,7327.25,7296.5,7309.5,21175
2026-06-11T12:25:00Z,7309.25,7315.75,7302.5,7306.0,8199
2026-06-11T12:30:00Z,7306.75,7315.0,7288.25,7296.75,11844
2026-06-11T12:35:00Z,7296.75,7303.5,7293.75,7301.5,5958
2026-06-11T12:40:00Z,7301.5,7310.75,7296.25,7304.75,8124
2026-06-11T12:45:00Z,7304.5,7315.0,7302.0,7311.75,8526
2026-06-11T12:50:00Z,7312.0,7317.25,7310.0,7314.0,4934
2026-06-11T12:55:00Z,7314.25,7319.5,7311.5,7316.5,6060
2026-06-11T13:00:00Z,7316.25,7316.75,7309.0,7312.5,5001
2026-06-11T13:05:00Z,7312.5,7312.75,7304.25,7307.0,5298
2026-06-11T13:10:00Z,7306.75,7311.75,7305.5,7308.5,3583
2026-06-11T13:15:00Z,7308.5,7310.25,7306.0,7307.25,3603
2026-06-11T13:20:00Z,7307.5,7311.75,7306.75,7310.5,2961
2026-06-11T13:25:00Z,7310.0,7311.0,7307.0,7308.0,5731
2026-06-11T13:30:00Z,7307.75,7311.0,7290.5,7292.5,42470
2026-06-11T13:35:00Z,7292.5,7302.75,7287.75,7292.5,40159
2026-06-11T13:40:00Z,7292.5,7296.5,7283.0,7291.25,31142
2026-06-11T13:45:00Z,7291.25,7317.5,7287.25,7305.5,40189
2026-06-11T13:50:00Z,7305.75,7335.5,7305.75,7330.5,33552
2026-06-11T13:55:00Z,7330.25,7335.5,7314.0,7317.0,28582
2026-06-11T14:00:00Z,7317.25,7335.75,7314.75,7330.5,27245
2026-06-11T14:05:00Z,7330.5,7330.5,7317.25,7320.25,25853
2026-06-11T14:10:00Z,7320.25,7321.75,7297.25,7298.25,34381
2026-06-11T14:15:00Z,7298.25,7304.5,7289.0,7290.5,26556
2026-06-11T14:20:00Z,7290.25,7316.25,7289.0,7311.25,39226
2026-06-11T14:25:00Z,7311.25,7317.5,7296.25,7308.0,24325
2026-06-11T14:30:00Z,7308.0,7313.5,7296.5,7303.0,23940
2026-06-11T14:35:00Z,7302.75,7320.25,7300.75,7311.0,21781
2026-06-11T14:40:00Z,7311.0,7318.5,7304.75,7305.5,16748
2026-06-11T14:45:00Z,7305.25,7309.5,7298.0,7301.25,16441
2026-06-11T14:50:00Z,7301.0,7302.25,7290.25,7292.75,13570
2026-06-11T14:55:00Z,7292.75,7293.0,7270.25,7275.5,26078
2026-06-11T15:00:00Z,7275.5,7282.75,7263.0,7278.5,26952
2026-06-11T15:05:00Z,7278.75,7292.75,7272.25,7286.0,23212
2026-06-11T15:10:00Z,7285.5,7298.0,7284.0,7293.0,18614
2026-06-11T15:15:00Z,7293.0,7303.5,7286.25,7292.75,18104
2026-06-11T15:20:00Z,7292.75,7307.0,7290.75,7301.75,15301
2026-06-11T15:25:00Z,7302.0,7305.75,7291.0,7291.25,11547
2026-06-11T15:30:00Z,7291.0,7297.75,7286.5,7294.75,14660
2026-06-11T15:35:00Z,7294.75,7309.0,7293.25,7304.25,15128
2026-06-11T15:40:00Z,7304.25,7314.25,7293.5,7298.0,17751
2026-06-11T15:45:00Z,7298.0,7303.75,7292.25,7296.75,11243
2026-06-11T15:50:00Z,7296.75,7297.5,7289.25,7292.0,10255
2026-06-11T15:55:00Z,7292.25,7303.25,7287.5,7300.25,16173
2026-06-11T16:00:00Z,7300.25,7309.75,7295.0,7299.5,12354
2026-06-11T16:05:00Z,7299.5,7312.0,7296.25,7309.75,12118
2026-06-11T16:10:00Z,7309.75,7321.0,7307.75,7318.5,16123
2026-06-11T16:15:00Z,7318.5,7323.0,7312.5,7317.0,10831
2026-06-11T16:20:00Z,7317.25,7319.75,7304.25,7305.0,15276
2026-06-11T16:25:00Z,7305.0,7307.25,7297.25,7298.0,15906
2026-06-11T16:30:00Z,7298.0,7318.0,7293.5,7312.75,21272
2026-06-11T16:35:00Z,7312.75,7318.75,7304.75,7306.75,12258
2026-06-11T16:40:00Z,7307.0,7308.75,7302.75,7305.75,7450
2026-06-11T16:45:00Z,7305.5,7308.75,7300.5,7302.5,8756
2026-06-11T16:50:00Z,7302.5,7303.5,7290.0,7291.0,12021
2026-06-11T16:55:00Z,7291.0,7292.0,7284.5,7284.75,11068
2026-06-11T17:00:00Z,7285.0,7292.25,7275.0,7278.0,18435
2026-06-11T17:05:00Z,7278.0,7288.5,7277.25,7287.25,15463
2026-06-11T17:10:00Z,7287.5,7292.0,7281.5,7282.75,13859
2026-06-11T17:15:00Z,7282.75,7285.75,7273.5,7276.25,14056
2026-06-11T17:20:00Z,7276.25,7281.5,7271.75,7280.0,10427
2026-06-11T17:25:00Z,7279.75,7346.5,7278.75,7345.0,39479
2026-06-11T17:30:00Z,7345.25,7371.5,7342.0,7362.5,63095
2026-06-11T17:35:00Z,7362.5,7366.5,7352.25,7363.0,30798
2026-06-11T17:40:00Z,7362.75,7386.5,7358.25,7382.25,32829
2026-06-11T17:45:00Z,7382.5,7385.75,7365.0,7368.0,25308
2026-06-11T17:50:00Z,7368.25,7369.0,7354.0,7363.25,18591
2026-06-11T17:55:00Z,7363.25,7371.25,7357.25,7369.25,17551
2026-06-11T18:00:00Z,7369.25,7376.25,7347.75,7352.5,25060
2026-06-11T18:05:00Z,7352.5,7359.25,7344.75,7352.0,14929
2026-06-11T18:10:00Z,7351.75,7363.0,7350.75,7362.75,11822
2026-06-11T18:15:00Z,7362.75,7377.75,7361.0,7375.5,17490
2026-06-11T18:20:00Z,7375.5,7375.5,7358.0,7365.5,21979
2026-06-11T18:25:00Z,7365.0,7369.5,7361.75,7364.75,11166
2026-06-11T18:30:00Z,7364.75,7373.75,7362.75,7365.5,10256
2026-06-11T18:35:00Z,7365.25,7369.5,7361.0,7363.0,9136
2026-06-11T18:40:00Z,7363.0,7370.5,7360.5,7369.25,8209
2026-06-11T18:45:00Z,7369.25,7379.5,7367.75,7378.5,16627
2026-06-11T18:50:00Z,7378.5,7383.25,7377.0,7377.5,10558
2026-06-11T18:55:00Z,7377.5,7380.0,7371.75,7377.5,12625
2026-06-11T19:00:00Z,7377.75,7387.0,7377.0,7384.0,16151
2026-06-11T19:05:00Z,7383.75,7385.25,7373.0,7381.5,17337
2026-06-11T19:10:00Z,7381.5,7392.5,7380.5,7389.25,21030
2026-06-11T19:15:00Z,7389.5,7394.5,7387.0,7394.0,13677
2026-06-11T19:20:00Z,7393.75,7396.75,7391.0,7393.25,14988
2026-06-11T19:25:00Z,7393.25,7402.0,7391.75,7399.25,18612
2026-06-11T19:30:00Z,7399.25,7417.75,7398.75,7416.0,36416
2026-06-11T19:35:00Z,7416.0,7420.0,7407.5,7409.0,21595
2026-06-11T19:40:00Z,7409.0,7418.25,7406.25,7413.75,19504
2026-06-11T19:45:00Z,7413.5,7413.5,7398.5,7399.25,23378
2026-06-11T19:50:00Z,7399.25,7404.75,7392.5,7401.75,34751
2026-06-11T19:55:00Z,7401.5,7403.5,7393.25,7394.5,113470
2026-06-11T20:00:00Z,7394.5,7401.75,7390.25,7397.5,35905
2026-06-11T20:05:00Z,7397.5,7405.75,7397.5,7403.0,10202
2026-06-11T20:10:00Z,7403.0,7408.75,7400.25,7406.75,7912
2026-06-11T20:15:00Z,7407.0,7409.5,7404.0,7404.0,3885
2026-06-11T20:20:00Z,7404.25,7405.5,7401.25,7404.0,3538
2026-06-11T20:25:00Z,7403.75,7407.25,7399.0,7401.5,3717
2026-06-11T20:30:00Z,7401.5,7404.0,7400.0,7400.25,1610
2026-06-11T20:35:00Z,7400.25,7400.5,7395.5,7395.5,2823
2026-06-11T20:40:00Z,7395.25,7395.75,7392.0,7392.75,2200
2026-06-11T20:45:00Z,7392.75,7394.75,7392.25,7393.5,1498
2026-06-11T20:50:00Z,7393.25,7396.0,7393.0,7395.5,2384
2026-06-11T20:55:00Z,7395.25,7399.0,7395.0,7398.25,2254
2026-06-11T22:00:00Z,7397.5,7407.75,7396.75,7404.25,0
2026-06-11T22:05:00Z,7404.25,7409.25,7402.25,7407.0,1087
2026-06-11T22:10:00Z,7406.75,7413.25,7406.5,7412.5,1793
2026-06-11T22:15:00Z,7412.5,7416.25,7409.5,7410.75,1829
2026-06-11T22:20:00Z,7410.5,7414.0,7409.75,7409.75,1125
2026-06-11T22:25:00Z,7409.75,7412.0,7409.25,7410.75,733
2026-06-11T22:30:00Z,7411.0,7412.25,7408.5,7409.25,1209
2026-06-11T22:35:00Z,7409.25,7410.5,7408.0,7408.75,529
2026-06-11T22:40:00Z,7408.5,7412.5,7408.25,7410.75,856
2026-06-11T22:45:00Z,7411.0,7415.25,7411.0,7412.75,905
2026-06-11T22:50:00Z,7412.75,7415.25,7412.0,7414.25,609
2026-06-11T22:55:00Z,7414.25,7414.75,7410.75,7411.5,690
2026-06-11T23:00:00Z,7411.75,7412.5,7408.25,7409.5,828
2026-06-11T23:05:00Z,7409.25,7410.25,7406.5,7408.5,678
2026-06-11T23:10:00Z,7408.25,7410.0,7406.5,7409.75,567
2026-06-11T23:15:00Z,7409.75,7412.75,7408.75,7410.5,687
2026-06-11T23:20:00Z,7410.5,7410.75,7403.5,7404.0,850
2026-06-11T23:25:00Z,7404.25,7407.0,7402.75,7406.0,627
2026-06-11T23:30:00Z,7406.5,7408.5,7406.5,7408.25,341
2026-06-11T23:35:00Z,7408.25,7411.75,7408.25,7410.25,395
2026-06-11T23:40:00Z,7410.5,7413.75,7410.5,7413.0,468
2026-06-11T23:45:00Z,7413.25,7417.0,7413.25,7415.75,1007
2026-06-11T23:50:00Z,7415.75,7416.75,7412.25,7414.5,669
2026-06-11T23:55:00Z,7414.5,7416.25,7413.5,7415.0,478
2026-06-12T00:00:00Z,7415.0,7415.75,7406.5,7411.25,1769
2026-06-12T00:05:00Z,7411.25,7416.75,7411.25,7413.25,986
2026-06-12T00:10:00Z,7413.5,7415.0,7410.25,7412.5,896
2026-06-12T00:15:00Z,7412.5,7412.5,7407.25,7411.0,854
2026-06-12T00:20:00Z,7411.0,7415.5,7410.0,7415.25,769
2026-06-12T00:25:00Z,7415.25,7418.25,7412.5,7416.75,1101
2026-06-12T00:30:00Z,7417.0,7420.0,7416.5,7420.0,1058
2026-06-12T00:35:00Z,7420.0,7421.25,7416.25,7416.25,1051
2026-06-12T00:40:00Z,7416.25,7418.0,7411.0,7412.0,838
2026-06-12T00:45:00Z,7412.25,7415.75,7411.75,7413.5,443
2026-06-12T00:50:00Z,7413.75,7415.5,7412.75,7412.75,381
2026-06-12T00:55:00Z,7412.75,7413.75,7408.75,7412.75,707
2026-06-12T01:00:00Z,7412.5,7412.75,7406.75,7407.5,1230
2026-06-12T01:05:00Z,7407.5,7409.25,7404.25,7409.0,819
2026-06-12T01:10:00Z,7408.75,7409.75,7404.75,7408.75,720
2026-06-12T01:15:00Z,7408.75,7410.75,7403.75,7404.75,735
2026-06-12T01:20:00Z,7404.75,7405.0,7400.0,7401.25,1127
2026-06-12T01:25:00Z,7400.75,7401.25,7396.75,7398.5,1357
2026-06-12T01:30:00Z,7398.75,7403.0,7398.5,7402.25,1000
2026-06-12T01:35:00Z,7402.5,7403.5,7396.75,7399.75,976
2026-06-12T01:40:00Z,7399.75,7403.75,7397.25,7400.5,881
2026-06-12T01:45:00Z,7400.25,7406.75,7399.75,7405.75,676
2026-06-12T01:50:00Z,7406.25,7407.5,7404.5,7406.0,463
2026-06-12T01:55:00Z,7406.25,7411.25,7405.75,7410.25,673
2026-06-12T02:00:00Z,7410.25,7414.0,7410.25,7412.5,974
2026-06-12T02:05:00Z,7412.25,7414.25,7410.75,7414.25,863
2026-06-12T02:10:00Z,7414.25,7415.25,7411.75,7412.25,384
2026-06-12T02:15:00Z,7412.5,7412.75,7409.25,7411.25,559
2026-06-12T02:20:00Z,7411.0,7412.75,7409.25,7409.75,459
2026-06-12T02:25:00Z,7410.0,7410.0,7405.25,7405.75,764
2026-06-12T02:30:00Z,7406.0,7408.5,7405.25,7406.0,495
2026-06-12T02:35:00Z,7406.0,7410.75,7404.75,7409.75,493
2026-06-12T02:40:00Z,7409.75,7411.0,7408.75,7410.25,451
2026-06-12T02:45:00Z,7410.5,7414.0,7410.0,7412.25,533
2026-06-12T02:50:00Z,7412.5,7413.5,7410.0,7411.5,563
2026-06-12T02:55:00Z,7411.5,7412.25,7410.0,7411.5,271
2026-06-12T03:00:00Z,7411.5,7411.75,7407.75,7410.0,696
2026-06-12T03:05:00Z,7409.75,7409.75,7406.5,7408.5,493
2026-06-12T03:10:00Z,7408.25,7408.75,7402.75,7404.5,726
2026-06-12T03:15:00Z,7404.25,7405.75,7402.75,7403.0,446
2026-06-12T03:20:00Z,7402.75,7403.75,7399.5,7400.5,578
2026-06-12T03:25:00Z,7400.5,7405.25,7399.75,7404.0,743
2026-06-12T03:30:00Z,7404.25,7407.5,7403.5,7405.0,749
2026-06-12T03:35:00Z,7405.25,7407.0,7404.0,7406.75,270
2026-06-12T03:40:00Z,7406.75,7409.5,7406.25,7406.5,504
2026-06-12T03:45:00Z,7407.0,7407.0,7402.25,7404.75,557
2026-06-12T03:50:00Z,7405.0,7407.5,7404.5,7406.5,276
2026-06-12T03:55:00Z,7406.5,7408.5,7406.0,7406.75,405
2026-06-12T04:05:00Z,7401.75,7402.0,7401.5,7401.5,0
2026-06-12T04:10:00Z,7401.25,7404.75,7400.5,7404.0,500
2026-06-12T04:15:00Z,7404.0,7405.5,7400.75,7401.75,293
2026-06-12T04:20:00Z,7401.75,7406.25,7400.25,7404.75,535
2026-06-12T04:25:00Z,7404.75,7408.75,7404.75,7408.5,451
2026-06-12T04:30:00Z,7408.25,7410.0,7407.0,7409.0,588
2026-06-12T04:35:00Z,7408.75,7408.75,7407.0,7408.0,269
2026-06-12T04:40:00Z,7408.0,7410.75,7407.25,7409.5,426
2026-06-12T04:45:00Z,7409.75,7410.75,7408.25,7409.0,298
2026-06-12T04:50:00Z,7409.0,7411.5,7408.75,7409.75,344
2026-06-12T04:55:00Z,7409.75,7411.0,7409.25,7410.75,241
2026-06-12T05:00:00Z,7410.75,7412.75,7408.5,7409.0,602
2026-06-12T05:05:00Z,7408.75,7409.5,7405.0,7407.0,520
2026-06-12T05:10:00Z,7406.75,7409.0,7404.25,7408.75,483
2026-06-12T05:15:00Z,7408.5,7411.25,7407.0,7410.5,605
2026-06-12T05:20:00Z,7410.25,7411.75,7409.0,7409.25,483
2026-06-12T05:25:00Z,7409.25,7411.0,7408.0,7410.75,492
2026-06-12T05:30:00Z,7410.25,7410.25,7405.0,7406.25,456
2026-06-12T05:35:00Z,7406.25,7407.75,7398.25,7400.75,1012
2026-06-12T05:40:00Z,7401.0,7407.0,7400.25,7402.5,874
2026-06-12T05:45:00Z,7402.75,7403.0,7395.75,7396.25,994
2026-06-12T05:50:00Z,7396.25,7398.0,7387.5,7396.25,3267
2026-06-12T05:55:00Z,7396.5,7396.75,7391.75,7393.0,647
2026-06-12T06:00:00Z,7393.25,7401.5,7391.5,7399.0,1943
2026-06-12T06:05:00Z,7399.25,7401.75,7396.0,7399.75,1372
2026-06-12T06:10:00Z,7399.25,7403.75,7398.25,7401.75,1346
2026-06-12T06:15:00Z,7401.75,7401.75,7398.0,7398.0,919
2026-06-12T06:20:00Z,7397.75,7399.75,7395.5,7398.25,596
2026-06-12T06:25:00Z,7398.25,7399.0,7395.75,7397.0,623
2026-06-12T06:30:00Z,7396.5,7396.5,7392.0,7392.75,1090
2026-06-12T06:35:00Z,7392.75,7393.0,7391.0,7391.25,741
2026-06-12T06:40:00Z,7391.25,7391.75,7388.0,7389.5,1301
2026-06-12T06:45:00Z,7389.25,7391.25,7387.25,7389.0,1100
2026-06-12T06:50:00Z,7389.25,7390.25,7384.75,7385.0,1583
2026-06-12T06:55:00Z,7384.75,7388.25,7384.5,7388.0,1031
2026-06-12T07:00:00Z,7388.0,7389.75,7379.5,7381.0,2353
2026-06-12T07:05:00Z,7380.75,7384.75,7380.25,7384.0,1674
2026-06-12T07:10:00Z,7384.0,7385.75,7377.5,7378.0,2165
2026-06-12T07:15:00Z,7378.0,7379.75,7374.75,7379.5,2165
2026-06-12T07:20:00Z,7379.5,7382.75,7378.25,7382.0,2308
2026-06-12T07:25:00Z,7382.0,7382.0,7377.75,7380.25,1677
2026-06-12T07:30:00Z,7380.0,7382.75,7378.5,7382.5,1278
2026-06-12T07:35:00Z,7382.75,7388.0,7382.75,7387.0,2981
2026-06-12T07:40:00Z,7387.25,7393.75,7386.0,7391.75,1887
2026-06-12T07:45:00Z,7392.25,7393.5,7389.5,7391.25,1526
2026-06-12T07:50:00Z,7391.0,7394.0,7391.0,7392.5,1154
2026-06-12T07:55:00Z,7392.5,7408.5,7392.5,7400.75,6086
2026-06-12T08:00:00Z,7401.0,7408.5,7399.25,7404.5,3063
2026-06-12T08:05:00Z,7404.75,7412.5,7403.25,7410.5,3930
2026-06-12T08:10:00Z,7410.0,7414.25,7409.75,7411.75,1727
2026-06-12T08:15:00Z,7411.5,7425.25,7407.75,7422.75,5104
2026-06-12T08:20:00Z,7422.75,7428.25,7418.5,7422.75,4076
2026-06-12T08:25:00Z,7423.0,7424.0,7420.0,7421.5,2664
2026-06-12T08:30:00Z,7421.5,7424.0,7417.25,7417.25,2681
2026-06-12T08:35:00Z,7417.0,7417.0,7412.25,7412.25,2456
2026-06-12T08:40:00Z,7412.0,7412.25,7408.0,7412.0,1912
2026-06-12T08:45:00Z,7412.0,7416.5,7408.25,7416.0,1839
2026-06-12T08:50:00Z,7416.25,7420.0,7414.0,7418.5,1632
2026-06-12T08:55:00Z,7418.25,7419.0,7415.0,7415.0,953
2026-06-12T09:00:00Z,7415.0,7421.5,7415.0,7421.0,1410
2026-06-12T09:05:00Z,7420.75,7421.0,7417.0,7419.5,1132
2026-06-12T09:10:00Z,7419.5,7426.25,7418.25,7426.0,1496
2026-06-12T09:15:00Z,7426.25,7433.25,7424.75,7431.75,3537
2026-06-12T09:20:00Z,7431.75,7433.25,7428.25,7429.5,1571
2026-06-12T09:25:00Z,7429.75,7437.75,7428.5,7436.25,2451
2026-06-12T09:30:00Z,7436.0,7448.0,7434.5,7448.0,4626
2026-06-12T09:35:00Z,7448.25,7451.25,7445.0,7445.25,3619
2026-06-12T09:40:00Z,7445.25,7447.5,7443.0,7446.0,2582
2026-06-12T09:45:00Z,7446.25,7447.25,7441.75,7442.25,2085
2026-06-12T09:50:00Z,7442.5,7443.0,7439.0,7442.25,1495
2026-06-12T09:55:00Z,7442.25,7446.25,7438.25,7439.25,2359
2026-06-12T10:00:00Z,7439.25,7444.0,7438.25,7442.75,3789
2026-06-12T10:05:00Z,7442.5,7444.75,7441.25,7442.5,2466
2026-06-12T10:10:00Z,7442.5,7443.25,7432.75,7436.25,2904
2026-06-12T10:15:00Z,7436.5,7437.0,7430.5,7433.25,2443
2026-06-12T10:20:00Z,7433.75,7433.75,7427.75,7430.75,2253
2026-06-12T10:25:00Z,7431.25,7431.75,7419.25,7421.75,4292
2026-06-12T10:30:00Z,7421.75,7429.5,7420.5,7423.5,3860
2026-06-12T10:35:00Z,7423.75,7428.25,7422.5,7423.25,1820
2026-06-12T10:40:00Z,7423.25,7427.75,7423.25,7426.5,1077
2026-06-12T10:45:00Z,7426.75,7428.0,7424.25,7425.25,1566
2026-06-12T10:50:00Z,7425.25,7425.5,7423.0,7424.0,1596
2026-06-12T10:55:00Z,7424.0,7427.0,7420.75,7424.75,2479
2026-06-12T11:00:00Z,7425.0,7429.5,7425.0,7428.5,3284
2026-06-12T11:05:00Z,7428.5,7428.75,7422.5,7425.0,2195
2026-06-12T11:10:00Z,7425.0,7431.75,7425.0,7430.25,2585
2026-06-12T11:15:00Z,7430.25,7433.0,7429.5,7432.5,2510
2026-06-12T11:20:00Z,7432.25,7440.75,7431.75,7438.5,3205
2026-06-12T11:25:00Z,7438.5,7440.0,7437.75,7438.25,1850
2026-06-12T11:30:00Z,7438.25,7439.75,7432.5,7435.0,3445
2026-06-12T11:35:00Z,7435.0,7438.25,7434.5,7434.5,1823
2026-06-12T11:40:00Z,7434.25,7443.0,7434.25,7442.5,2179
2026-06-12T11:45:00Z,7442.5,7444.0,7438.75,7439.25,2450
2026-06-12T11:50:00Z,7439.25,7448.0,7439.0,7447.5,2338
2026-06-12T11:55:00Z,7447.5,7448.0,7442.25,7443.0,3088
2026-06-12T12:00:00Z,7443.0,7444.5,7434.5,7436.5,2771
2026-06-12T12:05:00Z,7436.25,7438.75,7432.0,7436.5,2320
2026-06-12T12:10:00Z,7436.25,7437.5,7433.0,7434.5,2259
2026-06-12T12:15:00Z,7434.5,7436.5,7430.5,7433.75,2280
2026-06-12T12:20:00Z,7433.75,7434.25,7427.0,7427.25,3046
2026-06-12T12:25:00Z,7427.0,7428.5,7425.25,7425.5,1965
2026-06-12T12:30:00Z,7425.25,7428.25,7421.75,7424.0,4948
2026-06-12T12:35:00Z,7424.25,7427.0,7415.75,7416.5,4298
2026-06-12T12:40:00Z,7416.5,7421.25,7412.25,7414.0,5428
2026-06-12T12:45:00Z,7414.25,7417.0,7410.75,7416.0,3989
2026-06-12T12:50:00Z,7415.75,7418.0,7404.75,7406.75,3656
2026-06-12T12:55:00Z,7406.5,7409.5,7402.0,7404.5,7314
2026-06-12T13:00:00Z,7404.5,7407.0,7397.0,7406.75,6451
2026-06-12T13:05:00Z,7406.75,7412.75,7406.0,7411.75,5452
2026-06-12T13:10:00Z,7412.0,7415.75,7408.5,7415.25,3805
2026-06-12T13:15:00Z,7415.0,7417.25,7412.75,7416.5,3800
2026-06-12T13:20:00Z,7416.75,7419.75,7414.75,7416.0,3209
2026-06-12T13:25:00Z,7416.0,7423.75,7415.5,7423.75,8550
2026-06-12T13:30:00Z,7423.75,7424.75,7395.75,7401.5,52464
2026-06-12T13:35:00Z,7401.5,7411.25,7399.5,7408.5,26217
2026-06-12T13:40:00Z,7408.5,7409.5,7374.0,7375.5,48500
2026-06-12T13:45:00Z,7375.5,7382.75,7366.5,7372.5,33651
2026-06-12T13:50:00Z,7372.75,7382.25,7368.0,7377.25,24336
2026-06-12T13:55:00Z,7377.25,7390.75,7374.75,7383.0,22632
2026-06-12T14:00:00Z,7383.25,7407.5,7380.25,7404.25,36701
2026-06-12T14:05:00Z,7404.25,7419.0,7399.5,7418.5,31709
2026-06-12T14:10:00Z,7418.25,7421.75,7404.25,7409.5,27878
2026-06-12T14:15:00Z,7409.5,7427.75,7409.25,7420.0,24697
2026-06-12T14:20:00Z,7420.0,7424.75,7405.5,7408.25,21368
2026-06-12T14:25:00Z,7408.0,7418.5,7408.0,7412.5,18258
2026-06-12T14:30:00Z,7412.25,7421.75,7409.0,7414.75,22416
2026-06-12T14:35:00Z,7414.75,7428.75,7414.0,7421.0,20981
2026-06-12T14:40:00Z,7421.0,7421.25,7395.75,7396.5,25180
2026-06-12T14:45:00Z,7396.5,7403.5,7388.5,7391.0,28327
2026-06-12T14:50:00Z,7391.0,7434.75,7390.5,7433.5,45322
2026-06-12T14:55:00Z,7433.5,7443.5,7426.25,7440.5,32283
2026-06-12T15:00:00Z,7440.75,7446.5,7433.0,7437.5,21111
2026-06-12T15:05:00Z,7437.75,7445.25,7435.75,7441.25,16037
2026-06-12T15:10:00Z,7441.25,7450.5,7438.5,7448.25,18294
2026-06-12T15:15:00Z,7448.5,7453.75,7442.75,7453.5,15412
2026-06-12T15:20:00Z,7453.5,7461.5,7449.25,7459.75,19767
2026-06-12T15:25:00Z,7459.75,7461.75,7455.0,7458.75,18210
2026-06-12T15:30:00Z,7458.5,7459.25,7444.25,7444.5,23987
2026-06-12T15:35:00Z,7444.75,7455.5,7430.25,7436.5,27470
2026-06-12T15:40:00Z,7436.75,7437.75,7424.75,7426.5,17262
2026-06-12T15:45:00Z,7426.25,7435.75,7411.0,7412.25,22367
2026-06-12T15:50:00Z,7412.0,7429.5,7408.5,7426.25,23730
2026-06-12T15:55:00Z,7426.5,7427.0,7401.25,7405.75,21423
2026-06-12T16:00:00Z,7405.75,7411.75,7398.25,7406.25,26548
2026-06-12T16:05:00Z,7406.0,7416.0,7401.25,7413.25,15850
2026-06-12T16:10:00Z,7413.0,7439.5,7406.5,7427.5,25254
2026-06-12T16:15:00Z,7427.25,7439.0,7420.0,7423.25,18932
2026-06-12T16:20:00Z,7423.0,7428.0,7416.75,7424.25,11640
2026-06-12T16:25:00Z,7424.0,7429.0,7418.5,7423.25,9296
2026-06-12T16:30:00Z,7423.25,7428.5,7419.5,7427.25,7787
2026-06-12T16:35:00Z,7427.0,7428.75,7419.25,7424.25,9021
2026-06-12T16:40:00Z,7424.0,7431.75,7420.0,7422.0,10919
2026-06-12T16:45:00Z,7421.75,7431.25,7421.0,7430.5,8559
2026-06-12T16:50:00Z,7430.25,7432.5,7426.0,7427.5,9085
2026-06-12T16:55:00Z,7427.5,7433.25,7420.0,7432.25,11648
2026-06-12T17:00:00Z,7432.25,7438.25,7431.25,7437.5,9429
2026-06-12T17:05:00Z,7437.5,7447.0,7435.5,7439.5,15292
2026-06-12T17:10:00Z,7439.75,7440.75,7429.0,7437.0,8639
2026-06-12T17:15:00Z,7437.25,7443.25,7434.5,7442.25,9331
2026-06-12T17:20:00Z,7442.25,7444.75,7439.0,7441.0,8470
2026-06-12T17:25:00Z,7441.25,7443.0,7433.75,7438.25,7958
2026-06-12T17:30:00Z,7438.5,7439.75,7430.75,7431.75,10057
2026-06-12T17:35:00Z,7431.75,7437.25,7430.5,7434.5,8038
2026-06-12T17:40:00Z,7434.25,7438.0,7431.75,7434.0,8073
2026-06-12T17:45:00Z,7434.25,7438.75,7433.25,7435.75,7363
2026-06-12T17:50:00Z,7436.0,7438.0,7434.0,7436.0,8702
2026-06-12T17:55:00Z,7436.0,7436.0,7426.25,7430.5,9801
2026-06-12T18:00:00Z,7430.5,7432.5,7426.5,7428.25,9307
2026-06-12T18:05:00Z,7428.25,7430.0,7422.5,7427.0,9520
2026-06-12T18:10:00Z,7427.0,7438.0,7426.25,7427.5,12359
2026-06-12T18:15:00Z,7427.5,7430.0,7422.0,7424.0,9895
2026-06-12T18:20:00Z,7424.0,7427.0,7421.75,7425.0,7204
2026-06-12T18:25:00Z,7425.0,7431.25,7422.5,7430.0,10046
2026-06-12T18:30:00Z,7430.25,7436.25,7429.75,7434.0,7949
2026-06-12T18:35:00Z,7434.25,7435.5,7432.0,7435.5,9496
2026-06-12T18:40:00Z,7435.5,7441.25,7435.5,7440.0,9324
2026-06-12T18:45:00Z,7440.25,7441.0,7435.25,7437.5,8987
2026-06-12T18:50:00Z,7437.75,7439.75,7432.75,7438.5,9346
2026-06-12T18:55:00Z,7438.5,7438.5,7427.25,7428.0,11005
2026-06-12T19:00:00Z,7428.0,7438.25,7427.25,7437.5,10782
2026-06-12T19:05:00Z,7437.5,7439.75,7433.25,7435.5,10261
2026-06-12T19:10:00Z,7435.75,7436.25,7430.25,7432.0,9774
2026-06-12T19:15:00Z,7432.0,7434.5,7427.5,7434.25,10038
2026-06-12T19:20:00Z,7434.25,7435.5,7431.75,7434.25,9379
2026-06-12T19:25:00Z,7434.25,7437.75,7431.25,7432.0,11841
2026-06-12T19:30:00Z,7432.0,7433.75,7423.0,7423.25,14775
2026-06-12T19:35:00Z,7423.25,7435.5,7418.75,7424.0,16950
2026-06-12T19:40:00Z,7424.25,7429.75,7421.75,7426.25,15748
2026-06-12T19:45:00Z,7426.0,7428.75,7422.75,7426.75,13739
2026-06-12T19:50:00Z,7427.0,7430.5,7425.75,7430.25,19306
2026-06-12T19:55:00Z,7430.0,7437.5,7429.5,7433.75,69850
2026-06-12T20:00:00Z,7433.5,7439.5,7433.0,7437.25,24845
2026-06-12T20:05:00Z,7437.25,7440.25,7436.0,7438.75,8265
2026-06-12T20:10:00Z,7438.75,7442.5,7438.25,7442.5,7551
2026-06-12T20:15:00Z,7442.5,7444.5,7441.75,7444.25,4443
2026-06-12T20:20:00Z,7444.0,7444.75,7440.5,7440.75,2111
2026-06-12T20:25:00Z,7440.75,7442.0,7440.0,7440.5,1471
2026-06-12T20:30:00Z,7440.5,7441.75,7439.5,7441.0,1620
2026-06-12T20:35:00Z,7441.0,7441.5,7438.25,7440.0,1344
2026-06-12T20:40:00Z,7440.0,7443.5,7438.25,7438.25,1346
2026-06-12T20:45:00Z,7438.25,7439.0,7437.25,7438.0,912
2026-06-12T20:50:00Z,7438.0,7438.5,7436.0,7436.5,1507
2026-06-12T20:55:00Z,7436.5,7438.0,7435.0,7435.0,1607
2026-06-14T22:10:00Z,7500.25,7502.0,7497.75,7500.75,1390
2026-06-14T22:15:00Z,7500.75,7501.5,7494.75,7501.25,826
2026-06-14T22:20:00Z,7501.25,7504.5,7499.0,7501.5,1214
2026-06-14T22:25:00Z,7501.5,7501.5,7494.5,7495.5,1686
2026-06-14T22:30:00Z,7495.5,7497.5,7491.0,7493.75,1029
2026-06-14T22:35:00Z,7493.75,7495.5,7491.5,7492.75,727
2026-06-14T22:40:00Z,7493.0,7494.0,7490.75,7492.0,712
2026-06-14T22:45:00Z,7492.0,7496.25,7491.0,7496.0,663
2026-06-14T22:50:00Z,7496.5,7498.25,7495.25,7497.5,594
2026-06-14T22:55:00Z,7497.25,7499.0,7494.75,7494.75,327
2026-06-14T23:00:00Z,7494.75,7498.5,7493.5,7494.75,546
2026-06-14T23:05:00Z,7495.0,7497.25,7492.0,7493.0,537
2026-06-14T23:10:00Z,7493.25,7494.0,7489.75,7490.5,1369
2026-06-14T23:15:00Z,7490.25,7491.5,7486.0,7487.0,922
2026-06-14T23:20:00Z,7486.75,7491.0,7484.75,7490.25,533
2026-06-14T23:25:00Z,7490.0,7492.5,7489.5,7491.5,452
2026-06-14T23:30:00Z,7491.75,7494.75,7491.0,7493.75,324
2026-06-14T23:35:00Z,7494.0,7496.75,7494.0,7496.25,227
2026-06-14T23:40:00Z,7496.0,7497.25,7494.0,7494.25,326
2026-06-14T23:45:00Z,7494.25,7495.0,7489.75,7492.5,772
2026-06-14T23:50:00Z,7493.25,7496.5,7491.0,7495.25,590
2026-06-14T23:55:00Z,7495.25,7498.0,7494.25,7496.5,569
2026-06-15T00:00:00Z,7496.5,7500.5,7494.0,7499.25,2108
2026-06-15T00:05:00Z,7499.25,7503.5,7497.0,7502.75,976
2026-06-15T00:10:00Z,7503.5,7514.0,7503.5,7508.5,1711
2026-06-15T00:15:00Z,7508.75,7511.0,7505.75,7508.5,1609
2026-06-15T00:20:00Z,7508.25,7510.0,7504.75,7507.5,1476
2026-06-15T00:25:00Z,7507.5,7509.5,7506.75,7508.25,1010
2026-06-15T00:30:00Z,7508.75,7509.75,7507.5,7508.5,581
2026-06-15T00:35:00Z,7508.5,7509.5,7506.75,7507.25,454
2026-06-15T00:40:00Z,7507.25,7507.75,7504.0,7506.25,1221
2026-06-15T00:45:00Z,7506.25,7509.0,7504.5,7507.25,502
2026-06-15T00:50:00Z,7506.5,7509.0,7504.75,7506.5,474
2026-06-15T00:55:00Z,7506.0,7507.5,7505.5,7507.25,429
2026-06-15T01:00:00Z,7507.25,7509.5,7505.5,7508.0,711
2026-06-15T01:05:00Z,7508.25,7509.75,7506.25,7508.75,390
2026-06-15T01:10:00Z,7508.5,7511.5,7507.0,7509.75,599
2026-06-15T01:15:00Z,7509.75,7510.5,7508.25,7508.75,546
2026-06-15T01:20:00Z,7508.25,7511.0,7507.75,7510.0,309
2026-06-15T01:25:00Z,7510.0,7512.5,7509.0,7511.0,449
2026-06-15T01:30:00Z,7511.0,7513.0,7509.0,7512.75,447
2026-06-15T01:35:00Z,7513.0,7514.5,7512.0,7512.25,912
2026-06-15T01:40:00Z,7512.5,7513.75,7511.0,7513.5,979
2026-06-15T01:45:00Z,7513.5,7513.75,7512.5,7513.5,532
2026-06-15T01:50:00Z,7513.75,7514.5,7512.0,7512.5,484
2026-06-15T01:55:00Z,7512.75,7512.75,7510.0,7512.25,455
2026-06-15T02:00:00Z,7512.0,7514.0,7511.75,7513.25,406
2026-06-15T02:05:00Z,7513.5,7514.75,7512.5,7514.75,631
2026-06-15T02:10:00Z,7514.75,7515.75,7513.75,7514.75,699
2026-06-15T02:15:00Z,7514.5,7515.5,7514.25,7515.25,351
2026-06-15T02:20:00Z,7515.25,7518.0,7515.0,7517.5,529
2026-06-15T02:25:00Z,7517.5,7518.5,7516.75,7517.5,628
2026-06-15T02:30:00Z,7517.5,7518.25,7516.25,7516.25,395
2026-06-15T02:35:00Z,7516.5,7518.75,7516.0,7518.5,418
2026-06-15T02:40:00Z,7518.25,7519.25,7516.75,7517.5,511
2026-06-15T02:45:00Z,7517.75,7519.0,7517.25,7519.0,316
2026-06-15T02:50:00Z,7519.0,7520.0,7517.75,7519.5,710
2026-06-15T02:55:00Z,7519.5,7520.0,7518.75,7519.0,366
2026-06-15T03:00:00Z,7519.0,7519.25,7515.5,7518.75,916
2026-06-15T03:05:00Z,7519.0,7519.0,7516.75,7518.75,330
2026-06-15T03:10:00Z,7518.75,7519.75,7518.0,7519.25,255
2026-06-15T03:15:00Z,7519.5,7523.0,7519.25,7521.0,737
2026-06-15T03:20:00Z,7520.75,7521.75,7520.5,7521.25,833
2026-06-15T03:25:00Z,7521.25,7521.75,7520.75,7520.75,466
2026-06-15T03:30:00Z,7520.75,7523.5,7520.0,7522.75,484
2026-06-15T03:35:00Z,7522.75,7522.75,7520.75,7521.25,283
2026-06-15T03:40:00Z,7521.25,7522.0,7518.75,7519.5,688
2026-06-15T03:45:00Z,7519.75,7521.25,7517.75,7519.75,263
2026-06-15T03:50:00Z,7520.0,7520.25,7518.75,7520.0,227
2026-06-15T03:55:00Z,7519.75,7520.0,7518.5,7519.5,202
2026-06-15T04:00:00Z,7519.5,7520.75,7517.0,7518.5,0
2026-06-15T04:05:00Z,7518.25,7519.25,7517.75,7518.25,256
2026-06-15T04:10:00Z,7518.5,7518.75,7517.0,7518.5,249
2026-06-15T04:15:00Z,7519.0,7521.0,7518.75,7520.75,302
2026-06-15T04:20:00Z,7520.75,7522.0,7520.25,7521.5,228
2026-06-15T04:25:00Z,7521.75,7523.5,7521.75,7523.0,241
2026-06-15T04:30:00Z,7522.75,7524.75,7522.0,7524.0,604
2026-06-15T04:35:00Z,7524.0,7524.5,7522.5,7524.0,789
2026-06-15T04:40:00Z,7524.0,7524.5,7522.25,7524.25,294
2026-06-15T04:45:00Z,7524.25,7524.25,7523.25,7524.0,324
2026-06-15T04:50:00Z,7524.0,7524.75,7523.75,7524.0,380
2026-06-15T04:55:00Z,7523.75,7527.25,7523.75,7526.75,724
2026-06-15T05:00:00Z,7526.5,7527.25,7526.0,7526.25,396
2026-06-15T05:05:00Z,7526.25,7528.5,7526.0,7528.5,477
2026-06-15T05:10:00Z,7528.5,7529.75,7527.75,7529.0,410
2026-06-15T05:15:00Z,7528.5,7529.5,7528.25,7529.5,309
2026-06-15T05:20:00Z,7529.5,7530.0,7528.0,7528.25,403
2026-06-15T05:25:00Z,7528.25,7529.75,7527.5,7528.5,485
2026-06-15T05:30:00Z,7528.75,7529.75,7526.0,7527.75,631
2026-06-15T05:35:00Z,7527.5,7530.25,7526.75,7530.0,2022
2026-06-15T05:40:00Z,7530.0,7530.75,7529.25,7529.5,672
2026-06-15T05:45:00Z,7529.75,7530.5,7528.5,7530.0,476
2026-06-15T05:50:00Z,7529.75,7530.25,7528.0,7528.75,673
2026-06-15T05:55:00Z,7528.75,7531.25,7527.5,7531.25,454
2026-06-15T06:00:00Z,7531.25,7533.25,7530.25,7531.5,943
2026-06-15T06:05:00Z,7531.5,7531.5,7529.0,7529.0,862
2026-06-15T06:10:00Z,7529.5,7530.5,7529.0,7529.25,541
2026-06-15T06:15:00Z,7529.25,7529.25,7525.75,7527.25,733
2026-06-15T06:20:00Z,7527.25,7531.25,7526.5,7531.0,807
2026-06-15T06:25:00Z,7531.25,7532.25,7528.0,7528.75,841
2026-06-15T06:30:00Z,7528.75,7530.0,7524.75,7524.75,1233
2026-06-15T06:35:00Z,7524.75,7525.75,7523.0,7525.0,831
2026-06-15T06:40:00Z,7524.75,7527.25,7524.0,7526.5,833
2026-06-15T06:45:00Z,7526.75,7527.75,7525.75,7527.0,715
2026-06-15T06:50:00Z,7526.75,7528.25,7524.0,7524.0,1145
2026-06-15T06:55:00Z,7524.25,7526.25,7523.25,7526.0,571
2026-06-15T07:00:00Z,7526.0,7526.25,7521.25,7525.5,1591
2026-06-15T07:05:00Z,7525.75,7528.5,7525.5,7525.75,1185
2026-06-15T07:10:00Z,7525.5,7526.0,7523.5,7525.75,1083
2026-06-15T07:15:00Z,7525.75,7532.0,7524.75,7530.25,2888
2026-06-15T07:20:00Z,7530.25,7531.25,7526.5,7527.5,1847
2026-06-15T07:25:00Z,7527.25,7530.5,7526.5,7528.5,1117
2026-06-15T07:30:00Z,7528.25,7529.25,7525.75,7529.0,2153
2026-06-15T07:35:00Z,7529.0,7530.5,7527.5,7528.75,1630
2026-06-15T07:40:00Z,7528.5,7529.75,7526.75,7527.0,1553
2026-06-15T07:45:00Z,7527.0,7527.5,7524.5,7525.75,2279
2026-06-15T07:50:00Z,7525.75,7529.5,7524.75,7528.5,1189
2026-06-15T07:55:00Z,7528.5,7528.5,7522.25,7522.5,2504
2026-06-15T08:00:00Z,7522.25,7530.0,7522.0,7526.5,2255
2026-06-15T08:05:00Z,7526.5,7527.5,7523.25,7526.25,2198
2026-06-15T08:10:00Z,7526.5,7527.75,7524.75,7526.25,1863
2026-06-15T08:15:00Z,7526.0,7527.0,7523.25,7523.75,1216
2026-06-15T08:20:00Z,7523.75,7526.25,7523.25,7525.0,1954
2026-06-15T08:25:00Z,7525.0,7530.0,7525.0,7529.5,4092
2026-06-15T08:30:00Z,7529.5,7529.5,7526.0,7526.75,2701
2026-06-15T08:35:00Z,7526.75,7529.75,7526.5,7529.5,2834
2026-06-15T08:40:00Z,7529.5,7530.0,7528.25,7529.25,2111
2026-06-15T08:45:00Z,7529.0,7532.25,7528.25,7529.0,1886
2026-06-15T08:50:00Z,7528.75,7530.25,7526.0,7527.25,3332
2026-06-15T08:55:00Z,7527.25,7529.0,7525.75,7527.75,1160
2026-06-15T09:00:00Z,7527.75,7531.5,7527.75,7530.75,2838
2026-06-15T09:05:00Z,7530.75,7530.75,7528.25,7529.25,2003
2026-06-15T09:10:00Z,7529.5,7530.5,7526.0,7527.0,1894
2026-06-15T09:15:00Z,7526.75,7527.75,7524.75,7525.25,1730
2026-06-15T09:20:00Z,7525.25,7525.25,7522.0,7523.5,2376
2026-06-15T09:25:00Z,7523.5,7524.75,7521.0,7521.5,3267
2026-06-15T09:30:00Z,7521.5,7587.25,7521.0,7584.5,4522
2026-06-15T09:35:00Z,7584.75,7587.0,7584.25,7585.75,1226
2026-06-15T09:40:00Z,7586.0,7587.75,7584.75,7584.75,1263
2026-06-15T09:45:00Z,7584.5,7585.5,7583.0,7585.5,1476
2026-06-15T09:50:00Z,7585.75,7587.5,7585.0,7586.25,2127
2026-06-15T09:55:00Z,7586.25,7588.75,7585.75,7587.5,1593
2026-06-15T10:00:00Z,7587.5,7589.5,7587.0,7588.75,1694
2026-06-15T10:05:00Z,7588.75,7589.5,7587.5,7589.5,3997
2026-06-15T10:10:00Z,7589.75,7591.5,7589.5,7590.5,1351
2026-06-15T10:15:00Z,7590.5,7590.75,7588.0,7588.75,985
2026-06-15T10:20:00Z,7589.0,7590.0,7587.25,7590.0,1804
2026-06-15T10:25:00Z,7589.75,7591.5,7589.75,7591.25,1328
2026-06-15T10:30:00Z,7591.25,7591.25,7588.25,7589.0,1719
2026-06-15T10:35:00Z,7589.0,7590.25,7587.5,7587.75,1495
2026-06-15T10:40:00Z,7587.75,7590.25,7587.5,7590.0,1185
2026-06-15T10:45:00Z,7590.5,7591.0,7589.5,7591.0,1461
2026-06-15T10:50:00Z,7591.0,7591.5,7589.25,7590.75,1792
2026-06-15T10:55:00Z,7591.0,7592.75,7590.25,7592.0,2086
2026-06-15T11:00:00Z,7592.25,7595.0,7591.25,7593.5,3916
2026-06-15T11:05:00Z,7593.25,7595.75,7593.25,7595.0,1470
2026-06-15T11:10:00Z,7595.25,7598.0,7595.0,7597.25,3722
2026-06-15T11:15:00Z,7597.25,7599.25,7596.25,7598.25,2952
2026-06-15T11:20:00Z,7598.0,7601.0,7598.0,7600.75,2341
2026-06-15T11:25:00Z,7600.75,7600.75,7597.0,7599.5,3378
2026-06-15T11:30:00Z,7599.75,7602.25,7596.0,7596.5,2109
2026-06-15T11:35:00Z,7596.75,7596.75,7592.5,7595.5,3094
2026-06-15T11:40:00Z,7595.5,7597.5,7592.0,7592.75,2837
2026-06-15T11:45:00Z,7592.75,7595.75,7591.5,7594.0,4244
2026-06-15T11:50:00Z,7594.25,7600.25,7594.0,7599.25,3651
2026-06-15T11:55:00Z,7599.0,7599.0,7595.0,7595.5,2493
2026-06-15T12:00:00Z,7595.75,7597.5,7594.75,7596.25,1655
2026-06-15T12:05:00Z,7596.25,7598.5,7595.0,7596.25,2435
2026-06-15T12:10:00Z,7596.5,7599.0,7595.0,7595.25,2666
2026-06-15T12:15:00Z,7595.0,7596.75,7590.0,7591.5,5277
2026-06-15T12:20:00Z,7591.75,7593.0,7588.0,7590.0,5012
2026-06-15T12:25:00Z,7590.0,7592.0,7587.75,7589.25,6283
2026-06-15T12:30:00Z,7589.5,7591.5,7588.5,7589.5,5274
2026-06-15T12:35:00Z,7589.25,7591.5,7588.25,7591.0,9267
2026-06-15T12:40:00Z,7591.0,7595.5,7590.25,7592.0,10214
2026-06-15T12:45:00Z,7591.75,7592.75,7587.5,7592.5,6361
2026-06-15T12:50:00Z,7592.25,7593.5,7590.0,7591.5,3385
2026-06-15T12:55:00Z,7591.25,7594.75,7591.25,7594.5,3951
2026-06-15T13:00:00Z,7594.75,7595.0,7592.5,7592.75,5378
2026-06-15T13:05:00Z,7592.75,7595.0,7592.0,7594.75,4238
2026-06-15T13:10:00Z,7594.75,7597.0,7594.0,7596.75,6632
2026-06-15T13:15:00Z,7596.75,7598.75,7595.5,7597.75,5835
2026-06-15T13:20:00Z,7598.0,7599.0,7596.25,7598.75,7200
2026-06-15T13:25:00Z,7598.75,7601.0,7597.25,7599.25,8202
2026-06-15T13:30:00Z,7599.25,7612.0,7598.5,7608.0,50512
2026-06-15T13:35:00Z,7608.25,7616.0,7607.75,7612.0,33838
2026-06-15T13:40:00Z,7612.0,7614.25,7606.75,7609.5,31373
2026-06-15T13:45:00Z,7609.75,7620.5,7609.5,7619.25,35427
2026-06-15T13:50:00Z,7619.5,7622.5,7617.25,7618.25,22465
2026-06-15T13:55:00Z,7618.5,7622.0,7613.25,7614.25,26313
2026-06-15T14:00:00Z,7614.25,7621.0,7611.5,7617.75,31819
2026-06-15T14:05:00Z,7618.0,7620.75,7610.0,7613.0,24731
2026-06-15T14:10:00Z,7613.25,7614.0,7605.5,7611.0,30724
2026-06-15T14:15:00Z,7611.0,7614.5,7606.5,7613.75,26195
2026-06-15T14:20:00Z,7613.75,7615.75,7607.25,7610.75,23476
2026-06-15T14:25:00Z,7611.0,7618.0,7610.5,7617.25,28344
2026-06-15T14:30:00Z,7617.25,7618.25,7610.0,7612.75,24789
2026-06-15T14:35:00Z,7612.75,7616.5,7611.25,7614.5,22951
2026-06-15T14:40:00Z,7614.5,7615.0,7611.5,7613.75,20096
2026-06-15T14:45:00Z,7613.75,7619.25,7613.75,7615.75,20511
2026-06-15T14:50:00Z,7615.75,7621.5,7615.75,7620.25,22083
2026-06-15T14:55:00Z,7620.25,7625.0,7619.0,7623.0,25917
2026-06-15T15:00:00Z,7623.25,7629.0,7623.0,7627.25,31894
2026-06-15T15:05:00Z,7627.5,7629.0,7624.75,7628.0,20821
2026-06-15T15:10:00Z,7628.25,7629.25,7625.25,7628.0,20424
2026-06-15T15:15:00Z,7628.25,7629.5,7626.0,7627.5,15564
2026-06-15T15:20:00Z,7627.5,7632.0,7627.0,7629.5,24619
2026-06-15T15:25:00Z,7629.75,7634.0,7629.25,7632.75,27732
2026-06-15T15:30:00Z,7633.0,7636.0,7629.25,7630.0,26597
2026-06-15T15:35:00Z,7630.25,7635.0,7629.75,7634.0,17294
2026-06-15T15:40:00Z,7633.75,7637.0,7633.0,7636.0,17946
2026-06-15T15:45:00Z,7636.0,7642.25,7636.0,7641.5,16198
2026-06-15T15:50:00Z,7641.5,7643.0,7640.0,7641.75,14540
2026-06-15T15:55:00Z,7641.5,7644.5,7640.0,7643.25,14132
2026-06-15T16:00:00Z,7643.25,7648.75,7643.0,7646.0,21485
2026-06-15T16:05:00Z,7646.25,7647.0,7644.0,7644.75,16816
2026-06-15T16:10:00Z,7644.75,7646.75,7642.0,7643.25,16970
2026-06-15T16:15:00Z,7643.5,7645.0,7641.0,7643.25,15659
2026-06-15T16:20:00Z,7643.25,7646.5,7642.75,7646.0,13497
2026-06-15T16:25:00Z,7646.0,7647.5,7644.25,7646.75,14145
2026-06-15T16:30:00Z,7646.75,7648.25,7643.75,7644.0,15281
2026-06-15T16:35:00Z,7644.0,7645.25,7639.75,7641.0,13552
2026-06-15T16:40:00Z,7641.0,7644.25,7639.5,7641.0,16401
2026-06-15T16:45:00Z,7641.0,7641.0,7636.75,7638.5,12352
2026-06-15T16:50:00Z,7638.75,7641.5,7638.25,7638.75,17888
2026-06-15T16:55:00Z,7639.0,7641.5,7637.5,7640.5,20789
2026-06-15T17:00:00Z,7640.25,7642.25,7634.75,7639.75,21555
2026-06-15T17:05:00Z,7639.75,7641.25,7632.5,7635.75,16385
2026-06-15T17:10:00Z,7635.5,7641.0,7635.0,7639.75,11706
2026-06-15T17:15:00Z,7639.5,7644.0,7638.75,7641.75,11600
2026-06-15T17:20:00Z,7641.75,7644.75,7640.75,7643.5,17672
2026-06-15T17:25:00Z,7643.75,7646.5,7642.25,7643.5,18263
2026-06-15T17:30:00Z,7643.25,7645.25,7639.0,7641.25,15081
2026-06-15T17:35:00Z,7641.25,7643.75,7640.75,7642.25,11615
2026-06-15T17:40:00Z,7642.25,7642.5,7638.75,7639.5,10087
2026-06-15T17:45:00Z,7639.75,7640.5,7637.5,7639.25,10397
2026-06-15T17:50:00Z,7639.25,7640.0,7635.75,7636.0,12858
2026-06-15T17:55:00Z,7636.0,7636.25,7632.0,7633.5,14169
2026-06-15T18:00:00Z,7633.75,7635.0,7628.0,7629.75,18880
2026-06-15T18:05:00Z,7629.5,7633.75,7628.25,7631.5,15146
2026-06-15T18:10:00Z,7631.5,7634.0,7631.0,7633.5,17962
2026-06-15T18:15:00Z,7633.5,7635.5,7632.5,7632.75,11262
2026-06-15T18:20:00Z,7632.5,7633.25,7630.5,7631.25,13434
2026-06-15T18:25:00Z,7631.25,7632.75,7628.0,7628.75,14512
2026-06-15T18:30:00Z,7628.75,7631.5,7625.75,7629.75,13374
2026-06-15T18:35:00Z,7630.0,7634.5,7629.0,7633.75,12129
2026-06-15T18:40:00Z,7634.0,7635.25,7631.75,7634.25,10774
2026-06-15T18:45:00Z,7634.0,7636.25,7633.0,7633.75,10488
2026-06-15T18:50:00Z,7634.0,7634.75,7632.0,7633.25,7733
2026-06-15T18:55:00Z,7633.0,7634.5,7630.5,7631.5,9761
2026-06-15T19:00:00Z,7631.75,7632.25,7629.0,7629.75,13609
2026-06-15T19:05:00Z,7629.75,7631.5,7628.5,7630.25,11674
2026-06-15T19:10:00Z,7630.0,7632.75,7628.5,7632.0,12369
2026-06-15T19:15:00Z,7631.75,7634.5,7630.75,7631.5,10515
2026-06-15T19:20:00Z,7631.5,7631.75,7627.75,7628.25,11740
2026-06-15T19:25:00Z,7628.5,7629.25,7624.75,7625.0,12877
2026-06-15T19:30:00Z,7625.0,7628.25,7623.25,7624.25,17613
2026-06-15T19:35:00Z,7624.5,7625.5,7622.75,7624.75,14446
2026-06-15T19:40:00Z,7624.75,7626.75,7623.75,7625.5,18263
2026-06-15T19:45:00Z,7625.25,7631.25,7624.75,7629.25,26177
2026-06-15T19:50:00Z,7629.5,7629.5,7620.25,7621.75,49358
2026-06-15T19:55:00Z,7621.75,7631.25,7616.5,7630.0,152355
2026-06-15T20:00:00Z,7630.25,7631.75,7628.5,7629.25,40604
2026-06-15T20:05:00Z,7629.25,7629.25,7627.0,7628.5,7762
2026-06-15T20:10:00Z,7628.5,7629.25,7626.25,7628.0,4880
2026-06-15T20:15:00Z,7628.0,7628.5,7625.75,7628.0,2500
2026-06-15T20:20:00Z,7627.75,7628.25,7624.25,7624.75,1267
2026-06-15T20:25:00Z,7624.5,7626.25,7624.25,7625.5,1988
2026-06-15T20:30:00Z,7625.5,7628.0,7625.5,7627.5,1453
2026-06-15T20:35:00Z,7627.5,7628.0,7627.0,7627.5,2346
2026-06-15T20:40:00Z,7627.5,7628.0,7625.75,7626.25,3332
2026-06-15T20:45:00Z,7626.0,7629.0,7625.75,7627.5,1063
2026-06-15T20:50:00Z,7627.5,7627.5,7624.75,7626.25,1100
2026-06-15T20:55:00Z,7626.5,7626.75,7624.0,7624.25,1720
2026-06-15T22:00:00Z,7626.5,7630.25,7624.75,7626.0,0
2026-06-15T22:05:00Z,7625.75,7627.0,7623.0,7626.25,1111
2026-06-15T22:10:00Z,7626.25,7626.25,7618.5,7620.75,1842
2026-06-15T22:15:00Z,7621.0,7621.25,7617.0,7617.0,1247
2026-06-15T22:20:00Z,7617.25,7619.5,7614.75,7615.25,2014
2026-06-15T22:25:00Z,7615.5,7618.5,7612.0,7616.75,1943
2026-06-15T22:30:00Z,7616.75,7618.75,7616.0,7617.0,1343
2026-06-15T22:35:00Z,7617.0,7618.5,7615.25,7615.5,386
2026-06-15T22:40:00Z,7615.75,7616.5,7615.25,7616.0,210
2026-06-15T22:45:00Z,7616.0,7617.0,7615.5,7615.5,251
2026-06-15T22:50:00Z,7615.5,7619.5,7615.25,7616.25,1192
2026-06-15T22:55:00Z,7616.5,7618.5,7616.5,7617.5,338
2026-06-15T23:00:00Z,7617.25,7618.5,7615.75,7616.75,544
2026-06-15T23:05:00Z,7616.5,7617.75,7615.5,7616.25,370
2026-06-15T23:10:00Z,7616.25,7617.25,7615.0,7615.5,328
2026-06-15T23:15:00Z,7615.75,7616.5,7614.5,7614.75,242
2026-06-15T23:20:00Z,7615.0,7619.5,7615.0,7619.25,488
2026-06-15T23:25:00Z,7619.25,7622.0,7618.25,7621.0,955
2026-06-15T23:30:00Z,7621.0,7621.75,7617.0,7617.75,406
2026-06-15T23:35:00Z,7618.0,7619.25,7616.5,7618.0,303
2026-06-15T23:40:00Z,7618.0,7619.25,7616.75,7618.75,289
2026-06-15T23:45:00Z,7619.0,7620.5,7617.75,7618.75,594
2026-06-15T23:50:00Z,7618.75,7621.5,7617.75,7621.25,399
2026-06-15T23:55:00Z,7621.25,7621.5,7619.0,7620.5,470
2026-06-16T00:00:00Z,7620.25,7622.0,7615.5,7618.5,1014
2026-06-16T00:05:00Z,7618.25,7622.0,7617.75,7621.25,741
2026-06-16T00:10:00Z,7621.0,7622.5,7620.25,7620.75,445
2026-06-16T00:15:00Z,7620.75,7623.75,7619.75,7621.5,717
2026-06-16T00:20:00Z,7621.75,7621.75,7617.75,7619.25,741
2026-06-16T00:25:00Z,7619.0,7621.75,7617.5,7621.75,566
2026-06-16T00:30:00Z,7621.75,7625.0,7620.0,7621.5,1053
2026-06-16T00:35:00Z,7621.5,7621.75,7616.75,7618.25,785
2026-06-16T00:40:00Z,7618.25,7622.0,7617.25,7617.75,714
2026-06-16T00:45:00Z,7617.5,7619.5,7615.25,7615.5,658
2026-06-16T00:50:00Z,7615.5,7616.0,7612.75,7614.5,1114
2026-06-16T00:55:00Z,7614.5,7616.75,7614.25,7615.5,785
2026-06-16T01:00:00Z,7615.25,7618.75,7614.5,7618.5,754
2026-06-16T01:05:00Z,7618.5,7618.75,7613.75,7614.25,671
2026-06-16T01:10:00Z,7614.5,7616.5,7613.5,7615.5,777
2026-06-16T01:15:00Z,7615.0,7617.75,7614.5,7615.5,652
2026-06-16T01:20:00Z,7615.5,7617.5,7615.5,7616.0,430
2026-06-16T01:25:00Z,7616.0,7618.5,7616.0,7616.5,529
2026-06-16T01:30:00Z,7616.75,7617.75,7615.25,7616.75,555
2026-06-16T01:35:00Z,7616.75,7618.0,7614.75,7617.25,599
2026-06-16T01:40:00Z,7617.25,7617.5,7615.25,7616.0,652
2026-06-16T01:45:00Z,7615.75,7618.75,7615.5,7618.0,521
2026-06-16T01:50:00Z,7618.25,7618.25,7614.75,7615.75,383
2026-06-16T01:55:00Z,7615.75,7616.5,7614.0,7616.25,638
2026-06-16T02:00:00Z,7616.25,7617.0,7614.5,7615.0,570
2026-06-16T02:05:00Z,7615.25,7618.0,7614.75,7616.25,449
2026-06-16T02:10:00Z,7616.0,7616.0,7613.75,7615.5,522
2026-06-16T02:15:00Z,7615.25,7618.25,7615.0,7616.75,578
2026-06-16T02:20:00Z,7616.75,7618.25,7616.5,7617.0,338
2026-06-16T02:25:00Z,7616.75,7617.25,7616.5,7616.5,278
2026-06-16T02:30:00Z,7616.75,7619.75,7616.25,7619.25,575
2026-06-16T02:35:00Z,7619.25,7621.0,7619.25,7619.5,644
2026-06-16T02:40:00Z,7619.25,7619.75,7618.25,7619.5,267
2026-06-16T02:45:00Z,7619.5,7620.25,7619.0,7619.25,425
2026-06-16T02:50:00Z,7619.25,7619.25,7616.5,7617.0,375
2026-06-16T02:55:00Z,7616.75,7618.25,7615.75,7617.5,431
2026-06-16T03:00:00Z,7617.75,7618.75,7617.0,7618.75,509
2026-06-16T03:05:00Z,7618.5,7620.5,7618.5,7619.0,463
2026-06-16T03:10:00Z,7619.25,7619.5,7617.25,7617.75,222
2026-06-16T03:15:00Z,7617.5,7620.25,7617.25,7620.25,406
2026-06-16T03:20:00Z,7620.0,7622.25,7619.5,7622.0,762
2026-06-16T03:25:00Z,7622.0,7623.5,7621.5,7621.75,615
2026-06-16T03:30:00Z,7621.5,7624.75,7621.0,7624.5,838
2026-06-16T03:35:00Z,7624.75,7627.5,7624.25,7626.75,818
2026-06-16T03:40:00Z,7626.5,7627.5,7626.0,7626.5,541
2026-06-16T03:45:00Z,7626.5,7626.75,7623.5,7624.75,456
2026-06-16T03:50:00Z,7624.5,7625.25,7621.5,7622.0,578
2026-06-16T03:55:00Z,7622.0,7622.75,7621.0,7622.25,307
2026-06-16T04:05:00Z,7621.5,7621.5,7620.75,7621.25,0
2026-06-16T04:10:00Z,7621.5,7622.25,7621.25,7621.75,217
2026-06-16T04:15:00Z,7622.0,7622.5,7619.25,7619.75,318
2026-06-16T04:20:00Z,7619.75,7622.0,7619.75,7621.25,298
2026-06-16T04:25:00Z,7621.25,7621.5,7620.0,7620.25,297
2026-06-16T04:30:00Z,7620.5,7621.0,7619.5,7620.0,301
2026-06-16T04:35:00Z,7619.75,7621.5,7619.25,7621.25,204
2026-06-16T04:40:00Z,7621.5,7622.0,7619.25,7619.5,346
2026-06-16T04:45:00Z,7619.5,7620.0,7617.0,7618.0,590
2026-06-16T04:50:00Z,7617.75,7617.75,7615.25,7616.0,660
2026-06-16T04:55:00Z,7615.5,7619.0,7615.0,7618.25,534
2026-06-16T05:00:00Z,7618.5,7621.5,7618.5,7621.0,449
2026-06-16T05:05:00Z,7621.0,7622.0,7619.75,7621.5,357
2026-06-16T05:10:00Z,7621.5,7624.75,7621.5,7623.0,461
2026-06-16T05:15:00Z,7623.0,7625.25,7622.75,7624.75,292
2026-06-16T05:20:00Z,7624.5,7624.75,7622.5,7622.75,448
2026-06-16T05:25:00Z,7622.5,7623.0,7621.5,7621.75,435
2026-06-16T05:30:00Z,7621.75,7622.5,7616.25,7616.25,764
2026-06-16T05:35:00Z,7616.25,7619.5,7616.0,7617.75,694
2026-06-16T05:40:00Z,7617.75,7618.75,7617.0,7617.75,296
2026-06-16T05:45:00Z,7617.75,7620.0,7617.75,7618.25,498
2026-06-16T05:50:00Z,7618.25,7620.5,7618.0,7619.0,337
2026-06-16T05:55:00Z,7619.0,7619.25,7617.5,7618.25,421
2026-06-16T06:00:00Z,7618.0,7621.75,7617.0,7621.25,837
2026-06-16T06:05:00Z,7621.25,7623.0,7621.0,7622.25,496
2026-06-16T06:10:00Z,7622.25,7624.0,7621.5,7623.0,562
2026-06-16T06:15:00Z,7623.0,7623.5,7621.0,7621.0,344
2026-06-16T06:20:00Z,7621.0,7621.5,7619.75,7621.5,473
2026-06-16T06:25:00Z,7621.5,7623.25,7621.5,7623.25,565
2026-06-16T06:30:00Z,7623.0,7624.0,7621.5,7622.25,389
2026-06-16T06:35:00Z,7622.25,7623.75,7621.5,7622.0,483
2026-06-16T06:40:00Z,7622.0,7623.0,7621.0,7621.25,374
2026-06-16T06:45:00Z,7621.0,7621.75,7619.75,7620.25,500
2026-06-16T06:50:00Z,7620.25,7622.5,7620.0,7622.25,375
2026-06-16T06:55:00Z,7622.25,7622.75,7621.0,7622.25,537
2026-06-16T07:00:00Z,7622.25,7625.0,7622.0,7622.5,1481
2026-06-16T07:05:00Z,7622.25,7626.25,7622.0,7625.25,1649
2026-06-16T07:10:00Z,7625.5,7626.25,7623.5,7623.75,924
2026-06-16T07:15:00Z,7623.75,7626.25,7623.5,7625.5,1199
2026-06-16T07:20:00Z,7625.25,7626.5,7623.75,7624.25,1240
2026-06-16T07:25:00Z,7624.25,7627.75,7624.25,7626.5,753
2026-06-16T07:30:00Z,7626.5,7627.5,7625.0,7625.5,840
2026-06-16T07:35:00Z,7625.75,7627.75,7625.5,7627.25,938
2026-06-16T07:40:00Z,7627.25,7627.75,7622.0,7622.25,1227
2026-06-16T07:45:00Z,7622.0,7623.0,7620.25,7621.25,1619
2026-06-16T07:50:00Z,7621.25,7624.5,7621.0,7623.75,1563
2026-06-16T07:55:00Z,7623.75,7625.0,7623.25,7624.5,1485
2026-06-16T08:00:00Z,7624.5,7627.0,7622.75,7626.5,2507
2026-06-16T08:05:00Z,7626.75,7630.25,7625.5,7629.0,2510
2026-06-16T08:10:00Z,7629.0,7630.25,7626.0,7626.75,2124
2026-06-16T08:15:00Z,7626.75,7628.5,7625.0,7626.5,1950
2026-06-16T08:20:00Z,7626.5,7626.5,7624.0,7625.0,1900
2026-06-16T08:25:00Z,7625.25,7626.25,7624.25,7626.25,1970
2026-06-16T08:30:00Z,7626.25,7627.5,7622.5,7623.5,2331
2026-06-16T08:35:00Z,7623.75,7624.5,7620.75,7621.5,1820
2026-06-16T08:40:00Z,7621.5,7623.5,7620.75,7623.25,1061
2026-06-16T08:45:00Z,7623.25,7623.25,7620.75,7622.25,1433
2026-06-16T08:50:00Z,7622.25,7628.0,7622.0,7627.25,2836
2026-06-16T08:55:00Z,7627.25,7628.75,7625.25,7626.5,2816
2026-06-16T09:00:00Z,7626.5,7627.75,7625.25,7627.25,2649
2026-06-16T09:05:00Z,7627.25,7628.75,7627.0,7628.25,1931
2026-06-16T09:10:00Z,7628.0,7628.25,7626.5,7627.0,1714
2026-06-16T09:15:00Z,7627.0,7627.5,7622.0,7622.25,1867
2026-06-16T09:20:00Z,7622.25,7624.5,7622.25,7624.5,2028
2026-06-16T09:25:00Z,7624.5,7624.75,7622.25,7622.75,2172
2026-06-16T09:30:00Z,7622.75,7625.0,7622.75,7624.25,1623
2026-06-16T09:35:00Z,7624.25,7624.75,7622.75,7623.5,1708
2026-06-16T09:40:00Z,7623.0,7623.25,7620.25,7621.25,2405
2026-06-16T09:45:00Z,7621.75,7622.0,7619.25,7619.75,1592
2026-06-16T09:50:00Z,7620.0,7622.25,7619.75,7622.0,1843
2026-06-16T09:55:00Z,7622.0,7622.25,7618.75,7620.25,1779
2026-06-16T10:00:00Z,7620.5,7622.75,7620.5,7622.25,1849
2026-06-16T10:05:00Z,7622.5,7624.75,7622.0,7624.75,1826
2026-06-16T10:10:00Z,7624.75,7625.5,7623.5,7625.5,1068
2026-06-16T10:15:00Z,7625.5,7625.75,7623.75,7623.75,2318
2026-06-16T10:20:00Z,7624.0,7625.5,7622.75,7625.0,1866
2026-06-16T10:25:00Z,7625.0,7627.25,7625.0,7626.0,1402
2026-06-16T10:30:00Z,7626.25,7627.0,7624.5,7626.25,1093
2026-06-16T10:35:00Z,7626.25,7628.25,7624.75,7628.0,953
2026-06-16T10:40:00Z,7628.0,7628.0,7626.5,7627.0,1726
2026-06-16T10:45:00Z,7627.0,7628.0,7626.25,7627.5,860
2026-06-16T10:50:00Z,7627.5,7630.0,7626.75,7629.25,1906
2026-06-16T10:55:00Z,7629.25,7631.0,7629.0,7630.75,1503
2026-06-16T11:00:00Z,7630.5,7632.25,7629.5,7631.25,5122
2026-06-16T11:05:00Z,7631.5,7632.25,7628.75,7629.5,3428
2026-06-16T11:10:00Z,7629.25,7632.0,7628.5,7631.0,5828
2026-06-16T11:15:00Z,7631.0,7633.5,7629.75,7633.25,1767
2026-06-16T11:20:00Z,7633.25,7634.25,7630.75,7631.75,2783
2026-06-16T11:25:00Z,7631.75,7632.75,7629.0,7632.0,2235
2026-06-16T11:30:00Z,7631.75,7633.25,7631.0,7631.75,1389
2026-06-16T11:35:00Z,7631.75,7631.75,7629.0,7631.5,2490
2026-06-16T11:40:00Z,7631.5,7633.5,7630.75,7633.0,1454
2026-06-16T11:45:00Z,7633.0,7634.5,7632.5,7632.75,2331
2026-06-16T11:50:00Z,7632.75,7633.5,7630.5,7630.75,3263
2026-06-16T11:55:00Z,7630.5,7631.75,7630.5,7631.25,1679
2026-06-16T12:00:00Z,7631.25,7633.25,7630.25,7630.75,3309
2026-06-16T12:05:00Z,7630.75,7634.5,7630.75,7633.75,5469
2026-06-16T12:10:00Z,7634.0,7634.75,7631.0,7631.25,2421
2026-06-16T12:15:00Z,7631.25,7631.25,7628.0,7629.0,2533
2026-06-16T12:20:00Z,7629.0,7629.0,7623.0,7623.25,4247
2026-06-16T12:25:00Z,7623.25,7626.5,7622.0,7625.25,5185
2026-06-16T12:30:00Z,7625.5,7626.5,7622.5,7626.5,5483
2026-06-16T12:35:00Z,7626.5,7627.0,7623.75,7625.25,5859
2026-06-16T12:40:00Z,7625.25,7625.75,7623.0,7624.0,3609
2026-06-16T12:45:00Z,7623.75,7625.5,7622.25,7624.25,3037
2026-06-16T12:50:00Z,7624.25,7627.5,7624.0,7626.75,3195
2026-06-16T12:55:00Z,7627.0,7628.75,7625.0,7625.25,4155
2026-06-16T13:00:00Z,7625.0,7627.25,7623.5,7625.75,4107
2026-06-16T13:05:00Z,7625.75,7625.75,7620.75,7621.5,3898
2026-06-16T13:10:00Z,7621.75,7625.0,7620.5,7624.25,5492
2026-06-16T13:15:00Z,7624.5,7626.75,7622.0,7626.25,6140
2026-06-16T13:20:00Z,7626.5,7628.0,7626.25,7627.75,5224
2026-06-16T13:25:00Z,7627.75,7630.75,7626.75,7628.0,9094
2026-06-16T13:30:00Z,7627.75,7636.75,7624.25,7634.5,38793
2026-06-16T13:35:00Z,7634.75,7636.5,7629.75,7629.75,26543
2026-06-16T13:40:00Z,7630.0,7635.25,7628.5,7630.5,24741
2026-06-16T13:45:00Z,7630.5,7636.25,7628.75,7633.5,26650
2026-06-16T13:50:00Z,7633.5,7635.25,7630.0,7631.25,21347
2026-06-16T13:55:00Z,7631.5,7632.5,7621.75,7622.75,27547
2026-06-16T14:00:00Z,7622.75,7629.5,7622.25,7628.25,26333
2026-06-16T14:05:00Z,7628.5,7632.75,7623.5,7632.75,22280
2026-06-16T14:10:00Z,7633.0,7634.0,7628.0,7630.5,21655
2026-06-16T14:15:00Z,7630.25,7632.75,7620.25,7621.75,25722
2026-06-16T14:20:00Z,7621.75,7625.25,7613.0,7617.25,31347
2026-06-16T14:25:00Z,7617.25,7621.25,7612.25,7612.25,27300
2026-06-16T14:30:00Z,7612.0,7612.5,7604.0,7606.75,37341
2026-06-16T14:35:00Z,7606.75,7617.75,7606.25,7617.75,25240
2026-06-16T14:40:00Z,7617.5,7621.5,7614.25,7614.25,22744
2026-06-16T14:45:00Z,7614.25,7616.0,7611.5,7612.75,20611
2026-06-16T14:50:00Z,7612.75,7619.0,7612.5,7614.0,26174
2026-06-16T14:55:00Z,7614.0,7615.75,7606.5,7611.0,21572
2026-06-16T15:00:00Z,7611.0,7616.25,7610.25,7615.0,18468
2026-06-16T15:05:00Z,7615.0,7618.0,7611.75,7616.0,17492
2026-06-16T15:10:00Z,7616.0,7619.25,7612.5,7616.0,18487
2026-06-16T15:15:00Z,7615.75,7618.25,7611.5,7611.75,15925
2026-06-16T15:20:00Z,7612.0,7614.25,7607.5,7611.0,23823
2026-06-16T15:25:00Z,7610.75,7612.75,7604.5,7608.0,23937
2026-06-16T15:30:00Z,7608.0,7614.75,7608.0,7613.5,20810
2026-06-16T15:35:00Z,7613.5,7616.25,7608.0,7610.0,17998
2026-06-16T15:40:00Z,7610.25,7611.75,7605.75,7606.75,20339
2026-06-16T15:45:00Z,7607.0,7608.5,7599.0,7604.5,25326
2026-06-16T15:50:00Z,7604.25,7614.75,7602.5,7614.0,25418
2026-06-16T15:55:00Z,7614.25,7616.75,7609.5,7610.0,23593
2026-06-16T16:00:00Z,7609.75,7619.0,7609.5,7615.75,18224
2026-06-16T16:05:00Z,7616.0,7619.5,7615.25,7617.75,15861
2026-06-16T16:10:00Z,7617.75,7622.25,7616.25,7619.0,16530
2026-06-16T16:15:00Z,7619.25,7621.25,7615.5,7618.75,11806
2026-06-16T16:20:00Z,7619.0,7621.75,7616.75,7617.75,11376
2026-06-16T16:25:00Z,7617.75,7618.75,7614.25,7616.25,13740
2026-06-16T16:30:00Z,7616.0,7617.0,7607.0,7607.25,14088
2026-06-16T16:35:00Z,7607.25,7611.0,7606.75,7610.25,12677
2026-06-16T16:40:00Z,7610.25,7615.0,7608.25,7613.25,15161
2026-06-16T16:45:00Z,7613.0,7615.0,7610.0,7610.5,11577
2026-06-16T16:50:00Z,7610.75,7613.75,7607.25,7608.75,12122
2026-06-16T16:55:00Z,7609.0,7610.75,7606.0,7610.5,12970
2026-06-16T17:00:00Z,7610.25,7610.5,7604.75,7607.75,12496
2026-06-16T17:05:00Z,7607.75,7608.0,7604.75,7607.5,8657
2026-06-16T17:10:00Z,7607.5,7611.5,7606.75,7609.25,11164
2026-06-16T17:15:00Z,7609.25,7611.25,7604.25,7604.5,8910
2026-06-16T17:20:00Z,7604.75,7607.5,7602.0,7607.0,14942
2026-06-16T17:25:00Z,7607.0,7608.25,7604.25,7605.75,7471
2026-06-16T17:30:00Z,7605.5,7606.75,7603.25,7605.0,10514
2026-06-16T17:35:00Z,7605.0,7605.75,7598.75,7600.75,9484
2026-06-16T17:40:00Z,7601.0,7606.0,7599.0,7603.75,11537
2026-06-16T17:45:00Z,7603.5,7605.75,7601.25,7605.5,12776
2026-06-16T17:50:00Z,7605.75,7610.0,7604.0,7609.75,12828
2026-06-16T17:55:00Z,7609.75,7611.5,7605.25,7605.75,11683
2026-06-16T18:00:00Z,7605.5,7607.5,7604.0,7606.25,10890
2026-06-16T18:05:00Z,7606.0,7607.0,7603.5,7604.25,8810
2026-06-16T18:10:00Z,7604.0,7606.25,7603.75,7604.5,10273
2026-06-16T18:15:00Z,7604.75,7605.5,7601.75,7603.5,17610
2026-06-16T18:20:00Z,7603.5,7606.0,7602.5,7604.25,8085
2026-06-16T18:25:00Z,7604.25,7607.5,7604.0,7605.25,8262
2026-06-16T18:30:00Z,7605.25,7606.25,7602.25,7602.75,9260
2026-06-16T18:35:00Z,7602.75,7606.5,7601.5,7604.75,10269
2026-06-16T18:40:00Z,7604.75,7606.0,7603.5,7605.0,6275
2026-06-16T18:45:00Z,7605.25,7606.75,7602.0,7602.0,6613
2026-06-16T18:50:00Z,7602.25,7604.0,7601.5,7602.5,5381
2026-06-16T18:55:00Z,7602.5,7604.5,7600.5,7602.0,9291
2026-06-16T19:00:00Z,7602.0,7603.0,7597.75,7601.5,12753
2026-06-16T19:05:00Z,7601.5,7601.75,7597.25,7598.0,9158
2026-06-16T19:10:00Z,7598.0,7599.25,7592.5,7593.75,14760
2026-06-16T19:15:00Z,7593.75,7594.25,7584.75,7594.0,21539
2026-06-16T19:20:00Z,7594.0,7599.0,7592.5,7598.25,13877
2026-06-16T19:25:00Z,7598.25,7600.0,7594.0,7596.25,13081
2026-06-16T19:30:00Z,7596.25,7597.25,7590.5,7590.75,14339
2026-06-16T19:35:00Z,7590.75,7595.0,7588.0,7588.75,12976
2026-06-16T19:40:00Z,7588.5,7594.5,7587.5,7594.25,14107
2026-06-16T19:45:00Z,7594.25,7595.0,7590.0,7592.5,16866
2026-06-16T19:50:00Z,7592.5,7597.75,7589.25,7595.25,26254
2026-06-16T19:55:00Z,7595.25,7596.75,7583.0,7588.0,99841
2026-06-16T20:00:00Z,7588.0,7589.0,7581.5,7583.75,33501
2026-06-16T20:05:00Z,7583.75,7587.0,7582.75,7582.75,6657
2026-06-16T20:10:00Z,7583.0,7583.5,7581.25,7582.0,6667
2026-06-16T20:15:00Z,7582.0,7582.5,7578.0,7579.5,4518
2026-06-16T20:20:00Z,7579.5,7583.75,7579.0,7583.25,3130
2026-06-16T20:25:00Z,7583.25,7584.75,7583.0,7583.0,1882
2026-06-16T20:30:00Z,7582.75,7583.75,7582.25,7583.0,1632
2026-06-16T20:35:00Z,7583.0,7584.25,7581.75,7584.0,1308
2026-06-16T20:40:00Z,7584.0,7585.75,7584.0,7584.75,1701
2026-06-16T20:45:00Z,7585.0,7585.75,7584.25,7585.0,1067
2026-06-16T20:50:00Z,7585.0,7585.25,7582.5,7583.0,1733
2026-06-16T20:55:00Z,7583.25,7583.75,7581.25,7583.0,2210
2026-06-16T22:00:00Z,7581.25,7590.5,7581.25,7586.25,0
2026-06-16T22:05:00Z,7586.5,7591.5,7586.0,7591.5,620
2026-06-16T22:10:00Z,7591.75,7593.0,7591.0,7591.75,605
2026-06-16T22:15:00Z,7591.75,7593.25,7591.25,7591.75,615
2026-06-16T22:20:00Z,7592.0,7595.5,7590.25,7594.5,979
2026-06-16T22:25:00Z,7594.5,7595.0,7593.5,7593.5,215
2026-06-16T22:30:00Z,7593.75,7596.75,7593.5,7595.75,676
2026-06-16T22:35:00Z,7595.75,7596.0,7594.5,7595.25,462
2026-06-16T22:40:00Z,7595.25,7595.5,7590.75,7593.75,566
2026-06-16T22:45:00Z,7593.5,7595.0,7592.75,7594.5,391
2026-06-16T22:50:00Z,7594.5,7596.5,7594.5,7596.5,407
2026-06-16T22:55:00Z,7596.5,7597.5,7595.5,7596.5,427
2026-06-16T23:00:00Z,7596.5,7596.75,7593.0,7594.25,427
2026-06-16T23:05:00Z,7594.5,7595.75,7593.0,7595.0,461
2026-06-16T23:10:00Z,7595.0,7595.0,7590.5,7593.75,481
2026-06-16T23:15:00Z,7593.5,7594.0,7592.25,7593.25,154
2026-06-16T23:20:00Z,7593.0,7593.0,7591.25,7592.25,320
2026-06-16T23:25:00Z,7592.5,7593.0,7591.5,7592.0,234
2026-06-16T23:30:00Z,7592.0,7593.75,7591.5,7593.0,233
2026-06-16T23:35:00Z,7593.25,7594.75,7590.75,7591.75,478
2026-06-16T23:40:00Z,7591.75,7592.5,7590.0,7592.25,523
2026-06-16T23:45:00Z,7591.75,7594.5,7590.25,7591.75,358
2026-06-16T23:50:00Z,7591.75,7593.25,7589.25,7593.25,656
2026-06-16T23:55:00Z,7593.0,7593.0,7590.25,7591.75,345
2026-06-17T00:00:00Z,7592.0,7598.75,7592.0,7596.75,1288
2026-06-17T00:05:00Z,7597.0,7597.5,7594.5,7596.75,761
2026-06-17T00:10:00Z,7597.0,7598.0,7594.75,7594.75,732
2026-06-17T00:15:00Z,7595.0,7599.5,7595.0,7596.25,1062
2026-06-17T00:20:00Z,7596.25,7597.5,7594.25,7596.5,445
2026-06-17T00:25:00Z,7596.5,7597.75,7596.0,7597.5,417
2026-06-17T00:30:00Z,7597.25,7599.75,7596.25,7599.0,604
2026-06-17T00:35:00Z,7598.75,7600.5,7598.25,7598.75,478
2026-06-17T00:40:00Z,7598.75,7600.0,7598.0,7598.25,297
2026-06-17T00:45:00Z,7598.25,7598.75,7595.75,7598.5,401
2026-06-17T00:50:00Z,7598.25,7598.25,7595.25,7596.5,562
2026-06-17T00:55:00Z,7596.75,7597.75,7596.0,7597.0,254
2026-06-17T01:00:00Z,7597.0,7600.5,7595.25,7600.0,884
2026-06-17T01:05:00Z,7599.75,7602.75,7599.25,7602.5,1017
2026-06-17T01:10:00Z,7602.25,7602.75,7601.0,7601.0,473
2026-06-17T01:15:00Z,7601.0,7602.5,7599.75,7602.5,623
2026-06-17T01:20:00Z,7602.25,7603.75,7601.5,7603.75,719
2026-06-17T01:25:00Z,7603.75,7604.25,7603.0,7603.25,450
2026-06-17T01:30:00Z,7603.25,7604.25,7602.25,7603.25,522
2026-06-17T01:35:00Z,7603.0,7604.25,7603.0,7604.0,483
2026-06-17T01:40:00Z,7604.0,7605.25,7602.0,7602.5,814
2026-06-17T01:45:00Z,7602.5,7604.75,7602.5,7603.0,746
2026-06-17T01:50:00Z,7603.25,7604.75,7603.25,7604.0,326
2026-06-17T01:55:00Z,7604.25,7605.5,7604.25,7605.5,568
2026-06-17T02:00:00Z,7605.25,7605.5,7604.0,7604.0,488
2026-06-17T02:05:00Z,7604.25,7604.5,7603.25,7604.0,773
2026-06-17T02:10:00Z,7603.75,7605.25,7603.5,7605.0,371
2026-06-17T02:15:00Z,7605.0,7605.0,7603.75,7604.0,833
2026-06-17T02:20:00Z,7604.25,7605.5,7604.0,7605.25,305
2026-06-17T02:25:00Z,7605.0,7605.75,7603.75,7604.0,619
2026-06-17T02:30:00Z,7603.75,7604.0,7602.25,7602.25,591
2026-06-17T02:35:00Z,7602.5,7603.25,7601.5,7601.75,344
2026-06-17T02:40:00Z,7601.75,7603.25,7601.5,7603.25,211
2026-06-17T02:45:00Z,7603.25,7603.5,7601.25,7602.0,340
2026-06-17T02:50:00Z,7602.25,7602.5,7601.25,7601.75,253
2026-06-17T02:55:00Z,7601.75,7603.25,7601.75,7602.5,232
2026-06-17T03:00:00Z,7602.5,7604.5,7602.5,7603.5,392
2026-06-17T03:05:00Z,7603.5,7605.25,7603.0,7603.5,359
2026-06-17T03:10:00Z,7603.5,7604.25,7601.0,7601.25,359
2026-06-17T03:15:00Z,7601.25,7601.75,7599.5,7600.5,402
2026-06-17T03:20:00Z,7600.5,7601.0,7598.75,7600.0,338
2026-06-17T03:25:00Z,7600.0,7601.5,7600.0,7601.0,196
2026-06-17T03:30:00Z,7601.0,7602.0,7600.25,7601.5,304
2026-06-17T03:35:00Z,7601.75,7602.5,7600.75,7602.25,239
2026-06-17T03:40:00Z,7602.25,7605.5,7602.0,7604.5,577
2026-06-17T03:45:00Z,7604.25,7605.5,7604.0,7605.0,264
2026-06-17T03:50:00Z,7604.75,7606.25,7604.5,7606.0,425
2026-06-17T03:55:00Z,7605.75,7606.25,7605.25,7606.0,198
2026-06-17T04:05:00Z,7605.25,7605.5,7604.75,7605.25,0
2026-06-17T04:10:00Z,7605.5,7605.75,7604.5,7604.75,317
2026-06-17T04:15:00Z,7604.75,7606.25,7604.5,7606.25,182
2026-06-17T04:20:00Z,7606.25,7606.5,7605.75,7606.0,295
2026-06-17T04:25:00Z,7606.25,7606.5,7605.25,7605.5,255
2026-06-17T04:30:00Z,7605.25,7606.0,7603.5,7603.75,237
2026-06-17T04:35:00Z,7603.75,7604.25,7602.75,7602.75,303
2026-06-17T04:40:00Z,7602.75,7603.5,7601.0,7601.5,591
2026-06-17T04:45:00Z,7601.5,7605.75,7601.5,7605.0,431
2026-06-17T04:50:00Z,7605.0,7606.0,7604.5,7606.0,236
2026-06-17T04:55:00Z,7605.75,7606.25,7605.25,7606.0,362
2026-06-17T05:00:00Z,7606.0,7607.5,7605.5,7607.0,674
2026-06-17T05:05:00Z,7607.0,7607.5,7605.75,7605.75,452
2026-06-17T05:10:00Z,7605.75,7606.25,7605.0,7605.5,354
2026-06-17T05:15:00Z,7605.5,7606.5,7605.0,7606.0,576
2026-06-17T05:20:00Z,7606.0,7607.0,7605.75,7606.25,533
2026-06-17T05:25:00Z,7606.25,7606.75,7604.0,7604.5,445
2026-06-17T05:30:00Z,7604.5,7605.75,7603.75,7605.25,717
2026-06-17T05:35:00Z,7605.5,7608.0,7605.25,7607.75,572
2026-06-17T05:40:00Z,7607.75,7607.75,7605.25,7605.75,508
2026-06-17T05:45:00Z,7605.75,7607.5,7605.25,7607.0,359
2026-06-17T05:50:00Z,7607.0,7607.25,7605.5,7605.5,247
2026-06-17T05:55:00Z,7605.25,7605.75,7603.0,7604.0,497
2026-06-17T06:00:00Z,7603.75,7606.25,7603.0,7605.75,621
2026-06-17T06:05:00Z,7605.75,7607.25,7604.75,7606.25,539
2026-06-17T06:10:00Z,7606.5,7606.75,7604.5,7605.5,496
2026-06-17T06:15:00Z,7605.5,7606.25,7604.75,7605.0,567
2026-06-17T06:20:00Z,7604.75,7605.5,7603.75,7604.25,916
2026-06-17T06:25:00Z,7604.25,7604.25,7602.25,7602.75,870
2026-06-17T06:30:00Z,7602.75,7606.5,7601.25,7606.25,1030
2026-06-17T06:35:00Z,7606.25,7607.0,7605.5,7607.0,1105
2026-06-17T06:40:00Z,7607.25,7608.0,7606.5,7608.0,550
2026-06-17T06:45:00Z,7608.0,7609.25,7608.0,7608.75,554
2026-06-17T06:50:00Z,7608.75,7608.75,7607.25,7607.25,573
2026-06-17T06:55:00Z,7607.5,7609.25,7607.0,7609.0,737
2026-06-17T07:00:00Z,7608.75,7611.0,7608.25,7609.25,1738
2026-06-17T07:05:00Z,7609.5,7610.75,7608.75,7610.5,1189
2026-06-17T07:10:00Z,7610.75,7612.0,7609.75,7611.75,1305
2026-06-17T07:15:00Z,7611.5,7612.5,7607.0,7607.5,1966
2026-06-17T07:20:00Z,7607.75,7608.0,7604.75,7605.0,864
2026-06-17T07:25:00Z,7605.0,7605.25,7603.5,7604.75,857
2026-06-17T07:30:00Z,7604.75,7606.75,7603.25,7604.25,1245
2026-06-17T07:35:00Z,7604.0,7607.25,7604.0,7607.0,826
2026-06-17T07:40:00Z,7607.0,7608.25,7606.0,7606.25,739
2026-06-17T07:45:00Z,7606.25,7606.5,7604.25,7604.75,892
2026-06-17T07:50:00Z,7604.5,7607.0,7604.5,7605.5,921
2026-06-17T07:55:00Z,7605.5,7607.0,7605.0,7605.75,1076
2026-06-17T08:00:00Z,7605.75,7608.25,7604.5,7605.5,1247
2026-06-17T08:05:00Z,7605.5,7608.0,7605.5,7607.25,1276
2026-06-17T08:10:00Z,7607.0,7607.0,7597.75,7598.5,2252
2026-06-17T08:15:00Z,7598.75,7601.25,7598.25,7599.0,1269
2026-06-17T08:20:00Z,7598.75,7601.0,7598.0,7600.5,974
2026-06-17T08:25:00Z,7600.25,7602.25,7599.25,7599.5,894
2026-06-17T08:30:00Z,7599.5,7600.5,7595.0,7597.5,1630
2026-06-17T08:35:00Z,7597.5,7598.25,7593.5,7593.75,1942
2026-06-17T08:40:00Z,7594.0,7597.0,7593.5,7594.0,1449
2026-06-17T08:45:00Z,7594.0,7594.5,7591.75,7591.75,1759
2026-06-17T08:50:00Z,7592.0,7597.5,7592.0,7597.0,1473
2026-06-17T08:55:00Z,7597.0,7600.0,7596.5,7599.75,1593
2026-06-17T09:00:00Z,7600.0,7601.0,7598.75,7599.75,1191
2026-06-17T09:05:00Z,7599.5,7600.25,7597.5,7597.75,1721
2026-06-17T09:10:00Z,7597.75,7598.25,7596.5,7598.0,580
2026-06-17T09:15:00Z,7598.25,7599.75,7597.5,7598.0,1288
2026-06-17T09:20:00Z,7597.75,7600.5,7597.25,7599.75,1218
2026-06-17T09:25:00Z,7599.75,7601.75,7599.5,7601.0,934
2026-06-17T09:30:00Z,7601.0,7602.75,7598.0,7598.25,1359
2026-06-17T09:35:00Z,7598.0,7598.75,7596.0,7597.25,707
2026-06-17T09:40:00Z,7597.25,7598.5,7596.5,7597.25,1017
2026-06-17T09:45:00Z,7597.25,7598.25,7594.75,7595.0,1358
2026-06-17T09:50:00Z,7595.0,7595.0,7590.75,7592.25,1409
2026-06-17T09:55:00Z,7592.25,7593.25,7590.5,7592.25,1439
2026-06-17T10:00:00Z,7592.25,7592.5,7587.5,7588.25,2378
2026-06-17T10:05:00Z,7588.25,7589.75,7585.25,7589.25,2753
2026-06-17T10:10:00Z,7589.25,7589.75,7586.75,7589.25,1317
2026-06-17T10:15:00Z,7589.0,7589.5,7586.75,7586.75,1585
2026-06-17T10:20:00Z,7586.75,7593.75,7586.75,7593.25,1232
2026-06-17T10:25:00Z,7593.5,7594.25,7591.5,7591.5,971
2026-06-17T10:30:00Z,7591.75,7592.75,7590.75,7591.25,954
2026-06-17T10:35:00Z,7591.25,7593.5,7590.5,7593.5,466
2026-06-17T10:40:00Z,7593.25,7595.75,7592.25,7595.75,691
2026-06-17T10:45:00Z,7595.75,7596.0,7594.0,7595.25,911
2026-06-17T10:50:00Z,7595.75,7598.25,7593.25,7593.75,1267
2026-06-17T10:55:00Z,7593.5,7594.5,7590.25,7591.0,1272
2026-06-17T11:00:00Z,7591.25,7593.25,7589.75,7592.5,1267
2026-06-17T11:05:00Z,7592.5,7596.5,7591.5,7594.5,1113
2026-06-17T11:10:00Z,7594.75,7596.25,7594.5,7595.75,597
2026-06-17T11:15:00Z,7595.5,7596.75,7594.75,7596.5,1151
2026-06-17T11:20:00Z,7596.75,7597.75,7595.5,7596.0,1067
2026-06-17T11:25:00Z,7596.25,7596.5,7593.5,7594.5,657
2026-06-17T11:30:00Z,7594.25,7594.5,7592.0,7593.5,1151
2026-06-17T11:35:00Z,7593.5,7593.5,7592.0,7592.5,786
2026-06-17T11:40:00Z,7592.5,7594.25,7589.0,7589.5,1760
2026-06-17T11:45:00Z,7589.5,7591.0,7585.5,7586.25,1860
2026-06-17T11:50:00Z,7586.5,7587.75,7585.0,7586.0,1926
2026-06-17T11:55:00Z,7585.75,7586.75,7583.0,7586.5,2662
2026-06-17T12:00:00Z,7586.75,7589.75,7586.25,7588.75,2020
2026-06-17T12:05:00Z,7589.0,7592.75,7588.25,7591.25,1895
2026-06-17T12:10:00Z,7591.5,7593.5,7590.5,7592.75,1629
2026-06-17T12:15:00Z,7592.75,7593.0,7589.5,7590.75,2152
2026-06-17T12:20:00Z,7590.75,7592.75,7589.25,7591.25,2224
2026-06-17T12:25:00Z,7591.25,7593.5,7589.75,7590.25,2154
2026-06-17T12:30:00Z,7590.25,7595.25,7590.0,7593.5,3228
2026-06-17T12:35:00Z,7593.5,7596.5,7591.75,7592.25,2397
2026-06-17T12:40:00Z,7592.25,7595.25,7590.0,7594.75,2455
2026-06-17T12:45:00Z,7594.5,7596.0,7593.5,7594.5,1671
2026-06-17T12:50:00Z,7594.75,7596.25,7594.25,7595.75,1333
2026-06-17T12:55:00Z,7595.75,7596.0,7592.75,7595.25,2398
2026-06-17T13:00:00Z,7595.25,7595.75,7593.25,7594.75,2368
2026-06-17T13:05:00Z,7594.75,7595.0,7591.0,7591.75,2101
2026-06-17T13:10:00Z,7592.0,7595.5,7591.75,7594.25,1932
2026-06-17T13:15:00Z,7594.25,7598.75,7594.0,7597.5,3372
2026-06-17T13:20:00Z,7597.75,7598.0,7596.0,7597.5,3097
2026-06-17T13:25:00Z,7597.25,7598.75,7590.25,7595.75,7403
2026-06-17T13:30:00Z,7595.75,7596.0,7584.75,7589.5,33435
2026-06-17T13:35:00Z,7589.5,7593.25,7585.0,7586.25,21994
2026-06-17T13:40:00Z,7586.5,7598.0,7583.25,7598.0,23291
2026-06-17T13:45:00Z,7598.0,7600.25,7593.75,7594.0,21207
2026-06-17T13:50:00Z,7593.75,7597.5,7591.5,7596.0,16598
2026-06-17T13:55:00Z,7596.0,7596.25,7581.0,7581.0,18880
2026-06-17T14:00:00Z,7581.25,7589.0,7578.5,7587.0,24598
2026-06-17T14:05:00Z,7587.0,7593.25,7582.25,7589.25,17217
2026-06-17T14:10:00Z,7589.25,7595.0,7585.25,7594.75,14645
2026-06-17T14:15:00Z,7594.75,7598.25,7593.25,7595.75,15570
2026-06-17T14:20:00Z,7595.75,7604.25,7593.75,7603.75,14740
2026-06-17T14:25:00Z,7603.75,7603.75,7597.25,7599.25,14766
2026-06-17T14:30:00Z,7599.25,7599.75,7586.25,7590.25,16100
2026-06-17T14:35:00Z,7590.0,7590.75,7582.25,7582.75,17369
2026-06-17T14:40:00Z,7582.75,7586.0,7574.0,7584.0,25091
2026-06-17T14:45:00Z,7584.0,7588.75,7560.5,7576.25,48118
2026-06-17T14:50:00Z,7576.0,7584.5,7572.5,7582.5,20060
2026-06-17T14:55:00Z,7582.5,7582.75,7571.25,7572.5,14292
2026-06-17T15:00:00Z,7572.25,7577.5,7571.0,7574.5,14526
2026-06-17T15:05:00Z,7574.5,7577.0,7568.0,7569.5,14271
2026-06-17T15:10:00Z,7569.25,7579.75,7569.25,7578.25,12337
2026-06-17T15:15:00Z,7578.25,7584.75,7575.5,7580.25,16391
2026-06-17T15:20:00Z,7580.25,7583.25,7578.25,7581.0,11963
2026-06-17T15:25:00Z,7581.0,7582.5,7578.25,7582.25,11049
2026-06-17T15:30:00Z,7582.0,7590.0,7580.0,7588.0,11169
2026-06-17T15:35:00Z,7588.0,7590.5,7585.25,7589.5,9566
2026-06-17T15:40:00Z,7589.5,7590.5,7584.25,7586.25,8595
2026-06-17T15:45:00Z,7586.25,7589.75,7585.5,7589.25,7953
2026-06-17T15:50:00Z,7589.5,7591.25,7585.75,7587.0,6695
2026-06-17T15:55:00Z,7586.75,7590.75,7585.75,7588.75,7467
2026-06-17T16:00:00Z,7589.0,7592.0,7589.0,7590.0,5709
2026-06-17T16:05:00Z,7590.0,7590.5,7587.5,7588.75,6032
2026-06-17T16:10:00Z,7588.75,7589.0,7585.5,7588.75,4630
2026-06-17T16:15:00Z,7588.75,7592.25,7587.0,7592.0,8404
2026-06-17T16:20:00Z,7592.0,7593.25,7590.0,7592.25,4434
2026-06-17T16:25:00Z,7592.25,7593.25,7590.0,7590.25,4849
2026-06-17T16:30:00Z,7590.25,7591.25,7585.5,7586.0,8769
2026-06-17T16:35:00Z,7586.0,7588.75,7584.25,7588.0,6716
2026-06-17T16:40:00Z,7588.0,7588.0,7581.75,7584.75,7108
2026-06-17T16:45:00Z,7585.0,7585.0,7581.75,7583.25,6804
2026-06-17T16:50:00Z,7583.0,7585.75,7582.0,7582.5,4897
2026-06-17T16:55:00Z,7582.75,7585.5,7581.5,7582.75,6082
2026-06-17T17:00:00Z,7582.5,7583.0,7575.75,7577.25,8541
2026-06-17T17:05:00Z,7577.25,7579.0,7568.5,7576.5,15830
2026-06-17T17:10:00Z,7576.5,7579.0,7574.75,7575.25,7632
2026-06-17T17:15:00Z,7575.0,7576.25,7572.0,7576.25,9572
2026-06-17T17:20:00Z,7576.0,7578.75,7573.0,7575.75,6822
2026-06-17T17:25:00Z,7575.75,7579.75,7574.25,7578.25,7304
2026-06-17T17:30:00Z,7578.25,7578.25,7572.5,7573.5,8147
2026-06-17T17:35:00Z,7573.5,7579.0,7572.75,7577.5,7161
2026-06-17T17:40:00Z,7577.5,7577.75,7573.75,7574.25,5254
2026-06-17T17:45:00Z,7574.25,7578.0,7573.0,7577.25,7356
2026-06-17T17:50:00Z,7577.25,7587.25,7576.5,7585.0,9856
2026-06-17T17:55:00Z,7584.75,7589.75,7582.5,7588.75,6829
2026-06-17T18:00:00Z,7588.25,7590.75,7531.25,7531.75,48449
2026-06-17T18:05:00Z,7531.75,7549.0,7514.5,7546.5,53883
2026-06-17T18:10:00Z,7546.5,7551.75,7539.75,7546.25,26308
2026-06-17T18:15:00Z,7546.0,7560.25,7545.75,7556.75,21558
2026-06-17T18:20:00Z,7556.75,7558.5,7540.0,7542.0,18963
2026-06-17T18:25:00Z,7542.0,7545.75,7533.75,7542.75,20900
2026-06-17T18:30:00Z,7542.5,7562.5,7535.75,7537.25,40919
2026-06-17T18:35:00Z,7537.25,7569.25,7537.25,7560.75,25148
2026-06-17T18:40:00Z,7561.0,7584.25,7557.0,7580.25,27725
2026-06-17T18:45:00Z,7580.25,7580.75,7566.25,7568.75,18154
2026-06-17T18:50:00Z,7568.5,7574.25,7562.0,7564.0,16538
2026-06-17T18:55:00Z,7564.0,7564.25,7531.5,7540.75,26092
2026-06-17T19:00:00Z,7540.5,7552.0,7536.5,7541.25,27660
2026-06-17T19:05:00Z,7541.25,7548.5,7536.25,7538.0,18599
2026-06-17T19:10:00Z,7538.0,7551.5,7524.25,7547.0,27232
2026-06-17T19:15:00Z,7547.0,7548.5,7521.25,7521.5,20130
2026-06-17T19:20:00Z,7521.5,7522.0,7497.25,7498.25,41504
2026-06-17T19:25:00Z,7498.25,7513.75,7497.25,7500.25,27107
2026-06-17T19:30:00Z,7500.25,7503.75,7488.0,7489.0,30833
2026-06-17T19:35:00Z,7489.0,7500.0,7472.25,7475.5,32780
2026-06-17T19:40:00Z,7475.25,7485.25,7473.25,7479.75,37050
2026-06-17T19:45:00Z,7479.75,7497.75,7478.5,7489.0,29601
2026-06-17T19:50:00Z,7488.75,7493.75,7474.0,7481.25,39004
2026-06-17T19:55:00Z,7481.25,7498.75,7480.0,7492.5,88099
2026-06-17T20:00:00Z,7492.25,7504.5,7492.0,7497.75,28919
2026-06-17T20:05:00Z,7497.75,7498.75,7492.75,7498.0,9325
2026-06-17T20:10:00Z,7498.25,7501.75,7490.25,7492.5,10844
2026-06-17T20:15:00Z,7492.5,7503.0,7490.0,7502.5,5392
2026-06-17T20:20:00Z,7502.75,7508.5,7502.75,7504.75,5108
2026-06-17T20:25:00Z,7505.0,7510.0,7504.0,7508.0,2251
2026-06-17T20:30:00Z,7508.25,7510.75,7505.75,7508.5,2895
2026-06-17T20:35:00Z,7508.5,7515.25,7508.25,7513.25,2795
2026-06-17T20:40:00Z,7513.25,7513.5,7509.5,7511.5,1638
2026-06-17T20:45:00Z,7511.25,7511.75,7508.75,7508.75,1639
2026-06-17T20:50:00Z,7509.0,7510.75,7507.25,7510.25,2202
2026-06-17T20:55:00Z,7510.25,7511.25,7508.75,7511.0,2464
2026-06-17T22:00:00Z,7512.5,7515.0,7504.25,7507.5,0
2026-06-17T22:05:00Z,7507.5,7517.25,7507.5,7517.0,1555
2026-06-17T22:10:00Z,7516.75,7521.75,7516.25,7519.75,1790
2026-06-17T22:15:00Z,7520.0,7521.75,7518.25,7519.25,901
2026-06-17T22:20:00Z,7519.25,7526.25,7519.25,7525.75,1823
2026-06-17T22:25:00Z,7525.75,7526.75,7523.25,7523.5,1442
2026-06-17T22:30:00Z,7523.25,7525.0,7522.25,7523.5,1060
2026-06-17T22:35:00Z,7523.5,7527.25,7523.5,7525.0,852
2026-06-17T22:40:00Z,7525.0,7525.5,7523.5,7524.25,293
2026-06-17T22:45:00Z,7524.0,7526.75,7524.0,7526.25,410
2026-06-17T22:50:00Z,7526.0,7527.5,7525.75,7527.5,480
2026-06-17T22:55:00Z,7527.75,7527.75,7525.25,7525.5,568
2026-06-17T23:00:00Z,7525.75,7527.75,7525.25,7527.5,361
2026-06-17T23:05:00Z,7527.5,7528.5,7524.25,7528.25,855
2026-06-17T23:10:00Z,7528.25,7531.75,7527.5,7531.75,907
2026-06-17T23:15:00Z,7531.5,7534.25,7531.0,7534.0,1113
2026-06-17T23:20:00Z,7534.25,7537.25,7534.0,7536.75,1322
2026-06-17T23:25:00Z,7536.75,7539.25,7536.75,7537.75,786
2026-06-17T23:30:00Z,7538.0,7539.5,7536.75,7538.5,769
2026-06-17T23:35:00Z,7538.5,7538.5,7534.25,7536.0,861
2026-06-17T23:40:00Z,7536.0,7536.25,7534.0,7535.25,416
2026-06-17T23:45:00Z,7535.5,7538.0,7534.5,7537.0,600
2026-06-17T23:50:00Z,7537.25,7539.5,7536.25,7538.25,584
2026-06-17T23:55:00Z,7538.25,7541.25,7537.25,7541.25,806
2026-06-18T00:00:00Z,7541.5,7550.5,7539.75,7549.5,3235
2026-06-18T00:05:00Z,7549.5,7558.0,7549.25,7555.5,2813
2026-06-18T00:10:00Z,7555.5,7559.25,7553.5,7558.75,2062
2026-06-18T00:15:00Z,7559.0,7560.5,7554.75,7554.75,2645
2026-06-18T00:20:00Z,7555.0,7556.0,7552.25,7553.0,1375
2026-06-18T00:25:00Z,7553.0,7553.0,7549.0,7552.75,1897
2026-06-18T00:30:00Z,7552.75,7557.75,7552.75,7556.25,1574
2026-06-18T00:35:00Z,7556.25,7558.0,7553.75,7557.75,944
2026-06-18T00:40:00Z,7557.75,7558.25,7554.0,7556.25,1156
2026-06-18T00:45:00Z,7556.25,7557.0,7553.25,7554.25,1011
2026-06-18T00:50:00Z,7554.0,7554.25,7548.0,7552.75,2203
2026-06-18T00:55:00Z,7552.75,7552.75,7549.0,7550.75,1351
2026-06-18T01:00:00Z,7550.75,7557.75,7550.0,7556.5,1405
2026-06-18T01:05:00Z,7556.25,7558.75,7555.5,7557.5,1046
2026-06-18T01:10:00Z,7557.75,7560.75,7557.0,7559.25,946
2026-06-18T01:15:00Z,7559.25,7559.75,7554.75,7556.5,958
2026-06-18T01:20:00Z,7556.5,7560.5,7556.25,7558.5,835
2026-06-18T01:25:00Z,7558.5,7561.25,7556.75,7556.75,988
2026-06-18T01:30:00Z,7557.25,7559.25,7556.75,7556.75,874
2026-06-18T01:35:00Z,7557.0,7557.5,7554.0,7555.0,1092
2026-06-18T01:40:00Z,7555.25,7557.0,7553.75,7554.75,729
2026-06-18T01:45:00Z,7554.75,7554.75,7550.25,7552.5,1261
2026-06-18T01:50:00Z,7552.75,7556.25,7552.0,7554.0,733
2026-06-18T01:55:00Z,7554.0,7554.75,7551.75,7553.0,615
2026-06-18T02:00:00Z,7553.0,7556.25,7552.0,7556.25,787
2026-06-18T02:05:00Z,7556.25,7558.25,7556.0,7557.75,583
2026-06-18T02:10:00Z,7557.5,7559.75,7556.25,7557.5,431
2026-06-18T02:15:00Z,7557.5,7558.0,7554.75,7555.0,431
2026-06-18T02:20:00Z,7555.0,7556.75,7554.5,7556.5,269
2026-06-18T02:25:00Z,7556.5,7556.5,7554.75,7555.5,280
2026-06-18T02:30:00Z,7555.75,7556.5,7553.25,7555.75,412
2026-06-18T02:35:00Z,7555.5,7556.75,7554.5,7556.5,280
2026-06-18T02:40:00Z,7556.25,7557.5,7556.0,7557.0,294
2026-06-18T02:45:00Z,7557.0,7557.75,7555.25,7556.75,444
2026-06-18T02:50:00Z,7556.75,7558.5,7556.25,7557.5,541
2026-06-18T02:55:00Z,7557.75,7557.75,7556.0,7556.75,304
2026-06-18T03:00:00Z,7556.5,7558.25,7556.5,7557.25,440
2026-06-18T03:05:00Z,7557.0,7557.75,7555.0,7555.0,580
2026-06-18T03:10:00Z,7555.0,7555.5,7552.5,7553.0,779
2026-06-18T03:15:00Z,7553.0,7554.25,7552.25,7554.0,517
2026-06-18T03:20:00Z,7553.75,7556.75,7553.75,7555.75,623
2026-06-18T03:25:00Z,7555.5,7557.5,7555.0,7556.5,317
2026-06-18T03:30:00Z,7556.75,7558.75,7554.75,7555.0,408
2026-06-18T03:35:00Z,7555.0,7555.0,7550.75,7551.75,555
2026-06-18T03:40:00Z,7551.75,7552.75,7550.25,7551.5,417
2026-06-18T03:45:00Z,7551.5,7554.0,7551.25,7554.0,519
2026-06-18T03:50:00Z,7554.0,7555.25,7553.25,7554.75,381
2026-06-18T03:55:00Z,7555.0,7556.5,7554.5,7555.0,313
2026-06-18T04:05:00Z,7552.5,7553.0,7552.25,7553.0,1046
2026-06-18T04:10:00Z,7553.25,7553.5,7549.25,7549.5,670
2026-06-18T04:15:00Z,7549.5,7551.5,7547.75,7548.0,634
2026-06-18T04:20:00Z,7547.75,7547.75,7545.5,7546.25,717
2026-06-18T04:25:00Z,7546.25,7547.75,7544.75,7546.75,762
2026-06-18T04:30:00Z,7546.5,7546.75,7543.5,7544.75,600
2026-06-18T04:35:00Z,7544.75,7546.0,7542.75,7543.0,528
2026-06-18T04:40:00Z,7542.75,7543.5,7540.5,7541.0,850
2026-06-18T04:45:00Z,7540.5,7542.5,7539.25,7542.25,730
2026-06-18T04:50:00Z,7542.25,7545.75,7541.75,7545.0,548
2026-06-18T04:55:00Z,7545.25,7546.25,7543.75,7544.75,397
2026-06-18T05:00:00Z,7545.0,7547.5,7542.75,7547.25,515
2026-06-18T05:05:00Z,7547.0,7548.0,7546.0,7546.5,567
2026-06-18T05:10:00Z,7546.75,7547.25,7544.0,7544.75,381
2026-06-18T05:15:00Z,7544.5,7549.25,7544.0,7548.5,582
2026-06-18T05:20:00Z,7548.5,7549.5,7547.75,7548.0,266
2026-06-18T05:25:00Z,7548.25,7549.25,7546.5,7548.25,444
2026-06-18T05:30:00Z,7548.5,7550.5,7547.75,7549.25,634
2026-06-18T05:35:00Z,7549.0,7549.5,7546.5,7547.5,483
2026-06-18T05:40:00Z,7547.75,7549.75,7547.5,7548.0,544
2026-06-18T05:45:00Z,7547.75,7548.0,7545.25,7545.75,331
2026-06-18T05:50:00Z,7545.75,7546.0,7544.25,7545.25,343
2026-06-18T05:55:00Z,7544.75,7547.0,7544.75,7546.5,426
2026-06-18T06:00:00Z,7546.25,7548.5,7543.5,7547.5,798
2026-06-18T06:05:00Z,7547.25,7547.5,7541.25,7542.0,780
2026-06-18T06:10:00Z,7541.75,7544.75,7541.25,7544.5,1226
2026-06-18T06:15:00Z,7544.5,7545.75,7541.0,7541.5,944
2026-06-18T06:20:00Z,7541.75,7546.25,7541.5,7544.5,700
2026-06-18T06:25:00Z,7544.75,7550.75,7543.25,7550.25,1151
2026-06-18T06:30:00Z,7550.25,7550.25,7546.75,7547.75,737
2026-06-18T06:35:00Z,7547.5,7547.75,7545.25,7546.75,1293
2026-06-18T06:40:00Z,7546.5,7546.75,7543.75,7546.5,624
2026-06-18T06:45:00Z,7546.75,7552.25,7546.5,7551.5,937
2026-06-18T06:50:00Z,7551.75,7551.75,7550.0,7551.0,487
2026-06-18T06:55:00Z,7551.0,7557.25,7551.0,7556.75,1921
2026-06-18T07:00:00Z,7556.5,7558.0,7555.25,7557.75,1923
2026-06-18T07:05:00Z,7557.75,7559.0,7556.0,7558.25,1491
2026-06-18T07:10:00Z,7558.25,7558.25,7550.25,7551.5,1668
2026-06-18T07:15:00Z,7551.5,7554.0,7550.5,7552.75,1282
2026-06-18T07:20:00Z,7553.0,7556.25,7552.75,7556.0,760
2026-06-18T07:25:00Z,7556.0,7559.25,7555.0,7558.75,1069
2026-06-18T07:30:00Z,7558.5,7558.5,7553.5,7556.5,1062
2026-06-18T07:35:00Z,7557.0,7558.0,7555.25,7556.25,1022
2026-06-18T07:40:00Z,7556.25,7557.0,7555.25,7556.75,673
2026-06-18T07:45:00Z,7556.75,7557.25,7554.5,7556.5,972
2026-06-18T07:50:00Z,7556.5,7556.75,7554.0,7554.5,892
2026-06-18T07:55:00Z,7554.5,7559.5,7554.25,7559.25,882
2026-06-18T08:00:00Z,7559.5,7563.5,7559.5,7562.0,2152
2026-06-18T08:05:00Z,7562.0,7568.0,7561.25,7567.5,3124
2026-06-18T08:10:00Z,7567.5,7568.25,7564.5,7565.25,1854
2026-06-18T08:15:00Z,7565.25,7566.0,7562.5,7562.75,1498
2026-06-18T08:20:00Z,7562.75,7563.5,7556.25,7557.5,1800
2026-06-18T08:25:00Z,7557.5,7557.75,7555.5,7556.5,1447
2026-06-18T08:30:00Z,7556.5,7558.5,7554.75,7557.0,1829
2026-06-18T08:35:00Z,7556.75,7558.5,7555.0,7558.0,804
2026-06-18T08:40:00Z,7558.25,7560.0,7557.0,7557.25,1094
2026-06-18T08:45:00Z,7557.25,7558.25,7554.25,7557.0,881
2026-06-18T08:50:00Z,7556.75,7556.75,7551.75,7553.0,1375
2026-06-18T08:55:00Z,7553.0,7554.0,7547.0,7547.75,1712
2026-06-18T09:00:00Z,7548.25,7552.0,7545.75,7552.0,1371
2026-06-18T09:05:00Z,7552.0,7553.0,7550.5,7551.0,1427
2026-06-18T09:10:00Z,7551.0,7553.75,7548.75,7553.0,890
2026-06-18T09:15:00Z,7553.25,7556.25,7553.25,7554.75,1373
2026-06-18T09:20:00Z,7554.5,7554.5,7551.75,7552.5,1001
2026-06-18T09:25:00Z,7552.5,7554.25,7552.25,7554.0,691
2026-06-18T09:30:00Z,7554.0,7555.25,7552.5,7553.75,1135
2026-06-18T09:35:00Z,7553.75,7558.5,7553.5,7558.25,921
2026-06-18T09:40:00Z,7558.25,7560.0,7557.5,7559.25,914
2026-06-18T09:45:00Z,7559.25,7563.75,7559.25,7562.75,1336
2026-06-18T09:50:00Z,7563.0,7563.75,7561.5,7562.25,1152
2026-06-18T09:55:00Z,7562.0,7564.0,7561.75,7563.25,1282
2026-06-18T10:00:00Z,7563.25,7563.5,7560.0,7560.75,1074
2026-06-18T10:05:00Z,7560.75,7562.5,7559.0,7560.0,1471
2026-06-18T10:10:00Z,7560.0,7563.5,7559.0,7563.25,1199
2026-06-18T10:15:00Z,7563.25,7564.25,7561.75,7563.5,964
2026-06-18T10:20:00Z,7563.5,7564.75,7560.5,7560.75,867
2026-06-18T10:25:00Z,7560.75,7563.25,7559.75,7560.75,1349
2026-06-18T10:30:00Z,7560.75,7563.25,7557.0,7558.0,1281
2026-06-18T10:35:00Z,7558.0,7559.0,7557.25,7557.25,901
2026-06-18T10:40:00Z,7557.25,7557.75,7552.0,7552.0,1716
2026-06-18T10:45:00Z,7552.25,7554.75,7551.5,7553.5,1130
2026-06-18T10:50:00Z,7553.25,7555.25,7552.0,7552.5,1300
2026-06-18T10:55:00Z,7552.5,7553.75,7552.25,7553.5,970
2026-06-18T11:00:00Z,7553.5,7554.75,7551.75,7553.0,1678
2026-06-18T11:05:00Z,7553.0,7553.25,7542.5,7544.25,3269
2026-06-18T11:10:00Z,7544.0,7544.75,7540.0,7544.25,2503
2026-06-18T11:15:00Z,7544.5,7545.0,7537.0,7538.5,2974
2026-06-18T11:20:00Z,7538.25,7540.25,7535.5,7539.0,2080
2026-06-18T11:25:00Z,7539.0,7542.75,7538.75,7541.5,1881
2026-06-18T11:30:00Z,7541.25,7543.75,7539.5,7541.75,1692
2026-06-18T11:35:00Z,7542.0,7542.5,7535.75,7537.25,1425
2026-06-18T11:40:00Z,7537.0,7539.25,7530.75,7538.0,2816
2026-06-18T11:45:00Z,7538.0,7539.75,7537.25,7539.0,1714
2026-06-18T11:50:00Z,7538.75,7543.75,7537.75,7542.0,2157
2026-06-18T11:55:00Z,7542.25,7543.25,7540.75,7543.25,1321
2026-06-18T12:00:00Z,7543.25,7545.5,7541.5,7544.0,2918
2026-06-18T12:05:00Z,7544.0,7544.25,7540.75,7541.5,2038
2026-06-18T12:10:00Z,7541.25,7548.25,7541.0,7546.5,2729
2026-06-18T12:15:00Z,7546.75,7548.0,7544.25,7547.5,2296
2026-06-18T12:20:00Z,7547.5,7553.75,7547.5,7553.25,3849
2026-06-18T12:25:00Z,7553.25,7555.5,7552.75,7555.0,3304
2026-06-18T12:30:00Z,7554.75,7560.0,7552.75,7554.0,3170
2026-06-18T12:35:00Z,7554.0,7558.25,7553.5,7554.0,2850
2026-06-18T12:40:00Z,7554.25,7559.75,7553.0,7555.5,3468
2026-06-18T12:45:00Z,7555.25,7560.0,7555.0,7559.5,2832
2026-06-18T12:50:00Z,7559.75,7560.25,7556.5,7559.5,3054
2026-06-18T12:55:00Z,7559.5,7565.0,7559.25,7560.5,3914
2026-06-18T13:00:00Z,7560.5,7560.75,7550.5,7551.5,7622
2026-06-18T13:05:00Z,7551.75,7557.0,7550.5,7554.5,8473
2026-06-18T13:10:00Z,7554.5,7562.75,7553.5,7561.75,6073
2026-06-18T13:15:00Z,7561.75,7566.25,7560.75,7563.75,5711
2026-06-18T13:20:00Z,7563.75,7567.75,7563.0,7565.5,5361
2026-06-18T13:25:00Z,7565.5,7579.75,7565.5,7577.0,25878
2026-06-18T13:30:00Z,7577.25,7581.5,7557.25,7557.75,52702
2026-06-18T13:35:00Z,7557.75,7559.25,7541.5,7544.0,39963
2026-06-18T13:40:00Z,7544.0,7549.0,7537.0,7538.25,26422
2026-06-18T13:45:00Z,7538.5,7550.0,7535.5,7549.25,26675
2026-06-18T13:50:00Z,7549.25,7554.75,7542.5,7543.0,24843
2026-06-18T13:55:00Z,7543.0,7547.5,7535.75,7544.0,21292
2026-06-18T14:00:00Z,7544.25,7550.5,7540.75,7545.75,22502
2026-06-18T14:05:00Z,7545.75,7558.25,7543.0,7554.5,19531
2026-06-18T14:10:00Z,7554.75,7555.5,7542.0,7545.25,16766
2026-06-18T14:15:00Z,7545.0,7561.5,7539.0,7558.25,20715
2026-06-18T14:20:00Z,7558.25,7566.25,7552.5,7561.25,20298
2026-06-18T14:25:00Z,7561.5,7563.5,7548.5,7550.5,18600
2026-06-18T14:30:00Z,7550.5,7555.5,7541.25,7555.5,20793
2026-06-18T14:35:00Z,7555.5,7563.5,7551.25,7562.5,18449
2026-06-18T14:40:00Z,7562.5,7564.5,7555.75,7558.5,17915
2026-06-18T14:45:00Z,7558.5,7570.75,7558.25,7568.5,14807
2026-06-18T14:50:00Z,7568.5,7568.5,7560.25,7564.25,15226
2026-06-18T14:55:00Z,7564.25,7570.5,7563.25,7566.25,9420
2026-06-18T15:00:00Z,7566.5,7567.5,7557.25,7562.5,14916
2026-06-18T15:05:00Z,7562.5,7564.5,7559.25,7561.5,9924
2026-06-18T15:10:00Z,7561.5,7568.75,7559.0,7559.0,12484
2026-06-18T15:15:00Z,7559.25,7561.5,7553.5,7554.75,12322
2026-06-18T15:20:00Z,7554.75,7559.25,7551.25,7553.75,12387
2026-06-18T15:25:00Z,7553.5,7559.75,7549.25,7551.75,13303
2026-06-18T15:30:00Z,7551.5,7556.25,7548.0,7553.5,16315
2026-06-18T15:35:00Z,7553.5,7553.75,7541.0,7546.75,15710
2026-06-18T15:40:00Z,7546.75,7551.5,7543.25,7546.0,11746
2026-06-18T15:45:00Z,7545.75,7551.0,7541.0,7549.5,12922
2026-06-18T15:50:00Z,7549.25,7561.75,7549.25,7557.75,12707
2026-06-18T15:55:00Z,7557.75,7563.25,7557.75,7560.5,11509
2026-06-18T16:00:00Z,7560.25,7563.75,7556.25,7557.5,11863
2026-06-18T16:05:00Z,7557.25,7562.75,7555.0,7558.75,9604
2026-06-18T16:10:00Z,7558.5,7561.5,7556.5,7559.75,7424
2026-06-18T16:15:00Z,7560.0,7562.0,7557.0,7559.5,7459
2026-06-18T16:20:00Z,7559.5,7566.75,7559.25,7561.75,8978
2026-06-18T16:25:00Z,7561.75,7565.25,7560.75,7564.0,5580
2026-06-18T16:30:00Z,7564.25,7564.25,7560.5,7563.0,6748
2026-06-18T16:35:00Z,7563.0,7570.5,7561.0,7569.5,10291
2026-06-18T16:40:00Z,7569.5,7570.25,7567.0,7567.75,6693
2026-06-18T16:45:00Z,7567.75,7568.5,7565.75,7567.0,6617
2026-06-18T16:50:00Z,7567.0,7567.25,7560.5,7561.75,8144
2026-06-18T16:55:00Z,7562.0,7564.25,7559.25,7564.0,7517
2026-06-18T17:00:00Z,7564.0,7570.0,7561.5,7569.75,6789
2026-06-18T17:05:00Z,7569.5,7574.5,7569.0,7572.0,9196
2026-06-18T17:10:00Z,7571.75,7575.25,7571.0,7573.25,6640
2026-06-18T17:15:00Z,7573.25,7579.0,7572.25,7577.25,8481
2026-06-18T17:20:00Z,7577.25,7578.5,7572.25,7572.25,7067
2026-06-18T17:25:00Z,7572.5,7573.75,7571.0,7572.75,6068
2026-06-18T17:30:00Z,7573.0,7577.0,7572.75,7575.0,6731
2026-06-18T17:35:00Z,7575.0,7575.0,7569.75,7570.25,5064
2026-06-18T17:40:00Z,7570.5,7572.25,7569.5,7570.5,6161
2026-06-18T17:45:00Z,7570.5,7571.75,7568.25,7569.5,4469
2026-06-18T17:50:00Z,7569.5,7572.75,7568.5,7569.25,4637
2026-06-18T17:55:00Z,7569.25,7569.5,7566.75,7567.0,5905
2026-06-18T18:00:00Z,7567.0,7568.0,7562.0,7563.25,9144
2026-06-18T18:05:00Z,7563.5,7565.5,7562.25,7563.25,6559
2026-06-18T18:10:00Z,7563.25,7566.75,7562.5,7563.75,5870
2026-06-18T18:15:00Z,7563.5,7565.5,7561.0,7563.5,7260
2026-06-18T18:20:00Z,7563.25,7566.75,7562.0,7564.25,6011
2026-06-18T18:25:00Z,7564.25,7566.0,7561.75,7562.75,5740
2026-06-18T18:30:00Z,7562.75,7563.5,7560.5,7561.75,6381
2026-06-18T18:35:00Z,7561.5,7562.25,7559.5,7560.25,6482
2026-06-18T18:40:00Z,7560.25,7563.25,7559.25,7562.75,5561
2026-06-18T18:45:00Z,7562.5,7566.0,7562.25,7565.75,6863
2026-06-18T18:50:00Z,7565.75,7567.25,7563.25,7564.5,7565
2026-06-18T18:55:00Z,7564.5,7565.75,7560.5,7561.5,7303
2026-06-18T19:00:00Z,7561.5,7562.25,7556.0,7557.25,9495
2026-06-18T19:05:00Z,7557.25,7558.25,7555.75,7556.25,7618
2026-06-18T19:10:00Z,7556.25,7556.5,7549.0,7552.25,13582
2026-06-18T19:15:00Z,7552.25,7556.5,7549.5,7556.0,9357
2026-06-18T19:20:00Z,7556.0,7559.25,7555.25,7556.25,7718
2026-06-18T19:25:00Z,7556.5,7560.0,7556.0,7557.75,6971
2026-06-18T19:30:00Z,7557.75,7560.0,7553.75,7559.5,11046
2026-06-18T19:35:00Z,7559.75,7567.5,7559.5,7567.25,13036
2026-06-18T19:40:00Z,7567.25,7571.75,7566.25,7571.25,14085
2026-06-18T19:45:00Z,7571.0,7573.0,7567.0,7568.75,17204
2026-06-18T19:50:00Z,7568.75,7578.0,7566.0,7574.5,31593
2026-06-18T19:55:00Z,7574.5,7580.75,7564.25,7564.5,125175
2026-06-18T20:00:00Z,7564.5,7572.5,7562.25,7572.5,31571
2026-06-18T20:05:00Z,7572.25,7576.25,7572.25,7573.5,11268
2026-06-18T20:10:00Z,7573.5,7577.5,7572.25,7576.5,6962
2026-06-18T20:15:00Z,7576.75,7579.5,7575.0,7579.25,4700
2026-06-18T20:20:00Z,7579.25,7583.0,7577.5,7577.5,4357
2026-06-18T20:25:00Z,7577.75,7580.0,7577.0,7577.5,2278
2026-06-18T20:30:00Z,7577.5,7579.5,7576.5,7576.75,1968
2026-06-18T20:35:00Z,7576.75,7577.5,7575.0,7575.75,1534
2026-06-18T20:40:00Z,7575.75,7576.0,7572.25,7573.0,1653
2026-06-18T20:45:00Z,7572.75,7573.25,7571.5,7572.25,1280
2026-06-18T20:50:00Z,7572.25,7572.75,7570.75,7572.0,1748
2026-06-18T20:55:00Z,7572.25,7575.25,7571.5,7574.75,1817
2026-06-18T22:00:00Z,7576.75,7580.0,7574.0,7575.25,0
2026-06-18T22:05:00Z,7575.5,7575.75,7572.0,7573.25,498
2026-06-18T22:10:00Z,7573.25,7574.75,7572.75,7573.25,360
2026-06-18T22:15:00Z,7573.0,7573.0,7568.5,7569.0,548
2026-06-18T22:20:00Z,7569.0,7569.0,7565.0,7565.75,508
2026-06-18T22:25:00Z,7565.75,7567.75,7565.25,7566.25,376
2026-06-18T22:30:00Z,7566.5,7566.5,7563.5,7563.75,335
2026-06-18T22:35:00Z,7563.75,7563.75,7561.25,7561.25,484
2026-06-18T22:40:00Z,7561.25,7562.75,7560.25,7561.75,537
2026-06-18T22:45:00Z,7561.75,7563.25,7559.5,7563.25,383
2026-06-18T22:50:00Z,7563.25,7564.0,7562.0,7562.75,337
2026-06-18T22:55:00Z,7563.0,7563.0,7561.0,7561.0,247
2026-06-18T23:00:00Z,7561.25,7564.0,7560.5,7562.5,364
2026-06-18T23:05:00Z,7562.25,7562.75,7560.5,7562.5,222
2026-06-18T23:10:00Z,7562.25,7564.0,7561.5,7561.5,254
2026-06-18T23:15:00Z,7561.5,7563.0,7561.25,7562.25,138
2026-06-18T23:20:00Z,7562.25,7566.0,7562.0,7564.5,312
2026-06-18T23:25:00Z,7564.25,7565.0,7563.0,7564.25,136
2026-06-18T23:30:00Z,7564.0,7565.25,7562.75,7564.75,233
2026-06-18T23:35:00Z,7564.5,7567.25,7564.0,7566.0,328
2026-06-18T23:40:00Z,7566.25,7566.5,7564.5,7565.75,129
2026-06-18T23:45:00Z,7565.5,7567.5,7564.75,7565.75,298
2026-06-18T23:50:00Z,7566.0,7567.75,7565.75,7567.5,259
2026-06-18T23:55:00Z,7567.25,7568.25,7565.75,7565.75,224
2026-06-19T00:00:00Z,7565.5,7565.75,7561.5,7563.0,724
2026-06-19T00:05:00Z,7563.25,7564.5,7559.0,7561.0,772
2026-06-19T00:10:00Z,7561.25,7561.75,7556.0,7557.25,748
2026-06-19T00:15:00Z,7557.5,7561.0,7557.0,7560.25,1092
2026-06-19T00:20:00Z,7560.25,7560.5,7556.5,7559.25,646
2026-06-19T00:25:00Z,7559.5,7561.75,7558.75,7559.5,508
2026-06-19T00:30:00Z,7559.75,7561.25,7559.5,7561.0,286
2026-06-19T00:35:00Z,7561.0,7561.0,7556.75,7558.75,437
2026-06-19T00:40:00Z,7558.75,7559.75,7557.75,7559.0,247
2026-06-19T00:45:00Z,7559.25,7560.25,7558.5,7559.5,312
2026-06-19T00:50:00Z,7559.5,7559.75,7558.5,7559.25,156
2026-06-19T00:55:00Z,7559.0,7559.25,7557.25,7558.25,194
2026-06-19T01:00:00Z,7558.25,7560.75,7556.5,7559.25,457
2026-06-19T01:05:00Z,7559.5,7559.5,7553.25,7553.5,1070
2026-06-19T01:10:00Z,7553.5,7554.25,7551.0,7552.5,1057
2026-06-19T01:15:00Z,7552.5,7554.5,7552.25,7554.5,412
2026-06-19T01:20:00Z,7554.5,7555.0,7552.75,7554.0,372
2026-06-19T01:25:00Z,7553.5,7556.0,7553.25,7555.0,316
2026-06-19T01:30:00Z,7555.0,7555.0,7551.0,7553.25,495
2026-06-19T01:35:00Z,7553.25,7553.5,7551.5,7552.0,273
2026-06-19T01:40:00Z,7552.0,7552.0,7550.0,7551.25,369
2026-06-19T01:45:00Z,7551.25,7552.75,7550.0,7550.75,310
2026-06-19T01:50:00Z,7550.5,7551.75,7548.25,7548.25,715
2026-06-19T01:55:00Z,7548.5,7549.25,7547.25,7547.75,407
2026-06-19T02:00:00Z,7547.5,7548.5,7546.0,7547.0,468
2026-06-19T02:05:00Z,7547.25,7547.5,7544.0,7545.75,685
2026-06-19T02:10:00Z,7546.0,7546.0,7544.0,7544.5,572
2026-06-19T02:15:00Z,7544.75,7544.75,7541.75,7542.5,1112
2026-06-19T02:20:00Z,7542.5,7546.75,7542.5,7545.75,511
2026-06-19T02:25:00Z,7545.75,7546.5,7545.0,7546.0,362
2026-06-19T02:30:00Z,7546.0,7547.25,7545.75,7546.5,180
2026-06-19T02:35:00Z,7546.25,7548.0,7546.25,7547.0,207
2026-06-19T02:40:00Z,7547.0,7549.25,7546.75,7548.75,318
2026-06-19T02:45:00Z,7548.5,7548.5,7546.75,7546.75,191
2026-06-19T02:50:00Z,7546.5,7546.75,7544.5,7546.5,291
2026-06-19T02:55:00Z,7546.5,7547.25,7546.0,7546.25,175
2026-06-19T03:00:00Z,7546.25,7548.5,7545.25,7545.5,412
2026-06-19T03:05:00Z,7545.25,7546.25,7544.75,7545.0,215
2026-06-19T03:10:00Z,7545.0,7546.0,7544.25,7544.25,233
2026-06-19T03:15:00Z,7544.0,7544.75,7539.25,7540.5,1360
2026-06-19T03:20:00Z,7540.25,7542.25,7539.0,7540.0,332
2026-06-19T03:25:00Z,7540.0,7540.0,7537.5,7539.0,444
2026-06-19T03:30:00Z,7538.5,7539.75,7536.75,7537.25,753
2026-06-19T03:35:00Z,7537.0,7541.0,7536.0,7540.5,850
2026-06-19T03:40:00Z,7540.75,7541.25,7537.75,7538.75,483
2026-06-19T03:45:00Z,7538.75,7539.25,7537.5,7538.0,450
2026-06-19T03:50:00Z,7538.25,7540.0,7537.75,7538.5,434
2026-06-19T03:55:00Z,7538.25,7539.0,7536.25,7536.75,466
2026-06-21T22:00:00Z,7543.25,7556.25,7540.0,7547.5,2523
2026-06-21T22:05:00Z,7547.75,7556.25,7532.25,7536.0,2024
2026-06-21T22:10:00Z,7536.25,7538.25,7528.0,7532.25,1825
2026-06-21T22:15:00Z,7532.5,7534.75,7526.0,7533.5,1225
2026-06-21T22:20:00Z,7533.75,7542.25,7532.75,7541.5,1261
2026-06-21T22:25:00Z,7541.5,7556.25,7539.5,7541.0,550
2026-06-21T22:30:00Z,7541.0,7556.25,7536.75,7537.75,645
2026-06-21T22:35:00Z,7538.0,7539.0,7536.25,7537.25,436
2026-06-21T22:40:00Z,7537.0,7542.25,7536.75,7541.5,561
2026-06-21T22:45:00Z,7541.25,7556.25,7540.5,7543.0,411
2026-06-21T22:50:00Z,7543.25,7556.25,7541.75,7543.0,258
2026-06-21T22:55:00Z,7542.75,7543.25,7537.0,7538.25,592
2026-06-21T23:00:00Z,7537.75,7538.0,7525.75,7528.5,2301
2026-06-21T23:05:00Z,7528.25,7531.75,7525.5,7530.25,933
2026-06-21T23:10:00Z,7530.25,7556.25,7525.0,7526.5,899
2026-06-21T23:15:00Z,7526.75,7556.25,7523.5,7525.5,1022
2026-06-21T23:20:00Z,7525.5,7528.75,7523.75,7528.25,468
2026-06-21T23:25:00Z,7528.25,7529.0,7524.5,7526.0,503
2026-06-21T23:30:00Z,7526.5,7527.25,7522.25,7523.25,647
2026-06-21T23:35:00Z,7523.25,7556.25,7516.0,7518.75,1244
2026-06-21T23:40:00Z,7518.5,7556.25,7515.5,7519.5,873
2026-06-21T23:45:00Z,7519.75,7521.25,7514.5,7515.0,755
2026-06-21T23:50:00Z,7515.25,7517.0,7513.0,7514.25,702
2026-06-21T23:55:00Z,7514.25,7516.25,7513.0,7516.0,486
2026-06-22T00:00:00Z,7515.75,7556.25,7514.5,7531.75,2665
2026-06-22T00:05:00Z,7531.5,7556.25,7530.25,7532.0,2433
2026-06-22T00:10:00Z,7532.25,7533.75,7527.75,7533.0,1356
2026-06-22T00:15:00Z,7533.25,7540.0,7531.25,7538.5,2507
2026-06-22T00:20:00Z,7538.75,7539.75,7534.75,7536.75,1133
2026-06-22T00:25:00Z,7536.5,7556.25,7535.75,7543.75,1841
2026-06-22T00:30:00Z,7543.75,7556.25,7540.75,7542.5,1281
2026-06-22T00:35:00Z,7542.25,7544.75,7541.25,7542.0,1068
2026-06-22T00:40:00Z,7542.0,7544.0,7540.5,7543.0,816
2026-06-22T00:45:00Z,7543.0,7546.0,7543.0,7545.0,1154
2026-06-22T00:50:00Z,7545.0,7556.25,7543.5,7545.5,814
2026-06-22T00:55:00Z,7545.5,7556.25,7545.25,7548.75,2331
2026-06-22T01:00:00Z,7549.0,7553.5,7549.0,7552.75,2678
2026-06-22T01:05:00Z,7553.0,7557.25,7552.5,7552.75,1992
2026-06-22T01:10:00Z,7553.0,7554.0,7551.25,7553.5,1033
2026-06-22T01:15:00Z,7553.5,7556.25,7551.5,7551.75,967
2026-06-22T01:20:00Z,7551.5,7556.25,7551.0,7554.25,942
2026-06-22T01:25:00Z,7554.5,7556.0,7553.75,7554.75,977
2026-06-22T01:30:00Z,7554.5,7554.5,7552.0,7553.75,1215
2026-06-22T01:35:00Z,7553.75,7555.75,7552.5,7555.25,717
2026-06-22T01:40:00Z,7555.25,7556.25,7552.75,7554.0,623
2026-06-22T01:45:00Z,7554.0,7556.25,7551.0,7552.25,1031
2026-06-22T01:50:00Z,7552.5,7554.0,7549.25,7550.0,821
2026-06-22T01:55:00Z,7550.0,7552.0,7548.75,7549.5,955
2026-06-22T02:00:00Z,7549.75,7550.75,7547.5,7548.5,1121
2026-06-22T02:05:00Z,7548.25,7556.25,7548.25,7548.75,1232
2026-06-22T02:10:00Z,7548.5,7556.25,7544.0,7544.25,1422
2026-06-22T02:15:00Z,7544.25,7546.5,7544.0,7545.5,834
2026-06-22T02:20:00Z,7545.25,7547.0,7544.0,7546.25,1038
2026-06-22T02:25:00Z,7546.25,7546.25,7542.25,7542.5,1271
2026-06-22T02:30:00Z,7542.25,7556.25,7540.5,7541.25,1187
2026-06-22T02:35:00Z,7541.5,7556.25,7539.75,7540.75,743
2026-06-22T02:40:00Z,7540.5,7541.25,7538.25,7540.0,986
2026-06-22T02:45:00Z,7540.0,7540.25,7537.25,7538.0,799
2026-06-22T02:50:00Z,7538.0,7540.25,7537.5,7539.5,742
2026-06-22T02:55:00Z,7539.5,7556.25,7538.0,7538.5,630
2026-06-22T03:00:00Z,7538.5,7556.25,7534.5,7537.75,2005
2026-06-22T03:05:00Z,7537.75,7538.5,7535.75,7536.25,616
2026-06-22T03:10:00Z,7536.25,7537.0,7535.0,7536.25,763
2026-06-22T03:15:00Z,7536.25,7540.25,7536.0,7539.5,1047
2026-06-22T03:20:00Z,7539.75,7556.25,7538.75,7540.5,860
2026-06-22T03:25:00Z,7540.5,7556.25,7539.25,7540.25,558
2026-06-22T03:30:00Z,7540.25,7542.25,7540.25,7541.5,612
2026-06-22T03:35:00Z,7541.25,7541.75,7540.0,7540.75,300
2026-06-22T03:40:00Z,7540.5,7541.25,7539.0,7540.0,297
2026-06-22T03:45:00Z,7540.0,7556.25,7539.75,7541.25,348
2026-06-22T03:50:00Z,7541.25,7556.25,7536.75,7537.0,729
2026-06-22T03:55:00Z,7536.75,7537.25,7533.5,7534.5,832
2026-06-22T04:00:00Z,7534.75,7535.0,7532.75,7533.75,549
2026-06-22T04:05:00Z,7533.5,7536.0,7533.5,7536.0,503
2026-06-22T04:10:00Z,7535.75,7536.5,7533.0,7533.0,371
2026-06-22T04:15:00Z,7533.25,7533.75,7532.25,7532.5,542
2026-06-22T04:20:00Z,7532.5,7534.25,7532.0,7532.5,470
2026-06-22T04:25:00Z,7532.5,7532.5,7530.0,7531.0,594
2026-06-22T04:30:00Z,7531.0,7532.5,7530.25,7532.25,503
2026-06-22T04:35:00Z,7532.25,7532.25,7528.75,7531.0,520
2026-06-22T04:40:00Z,7530.5,7531.5,7528.25,7529.75,770
2026-06-22T04:45:00Z,7529.75,7534.5,7529.0,7533.5,1380
2026-06-22T04:50:00Z,7533.25,7534.5,7532.5,7533.25,831
2026-06-22T04:55:00Z,7533.0,7535.5,7532.25,7534.75,625
2026-06-22T05:00:00Z,7534.75,7536.0,7534.0,7535.75,614
2026-06-22T05:05:00Z,7535.75,7544.0,7535.5,7543.5,2761
2026-06-22T05:10:00Z,7543.5,7546.5,7542.5,7545.25,1117
2026-06-22T05:15:00Z,7545.25,7547.0,7542.5,7543.25,1455
2026-06-22T05:20:00Z,7543.25,7545.0,7542.75,7545.0,516
2026-06-22T05:25:00Z,7545.0,7545.75,7544.25,7545.25,335
2026-06-22T05:30:00Z,7545.25,7545.75,7541.25,7543.5,702
2026-06-22T05:35:00Z,7543.25,7546.5,7543.25,7544.5,561
2026-06-22T05:40:00Z,7544.75,7545.75,7544.25,7545.0,414
2026-06-22T05:45:00Z,7545.0,7545.5,7543.25,7544.75,446
2026-06-22T05:50:00Z,7545.0,7547.25,7544.25,7546.0,475
2026-06-22T05:55:00Z,7546.0,7547.5,7545.75,7546.25,591
2026-06-22T06:00:00Z,7546.5,7549.25,7546.0,7549.0,2894
2026-06-22T06:05:00Z,7549.0,7552.25,7548.5,7551.75,2077
2026-06-22T06:10:00Z,7551.75,7553.5,7550.25,7552.75,977
2026-06-22T06:15:00Z,7552.75,7555.25,7552.0,7553.75,1490
2026-06-22T06:20:00Z,7553.75,7557.75,7552.75,7557.5,1075
2026-06-22T06:25:00Z,7557.5,7560.25,7556.75,7558.75,1797
2026-06-22T06:30:00Z,7558.5,7558.75,7554.5,7556.25,1165
2026-06-22T06:35:00Z,7556.25,7559.75,7555.5,7558.75,748
2026-06-22T06:40:00Z,7559.0,7561.75,7558.75,7560.75,741
2026-06-22T06:45:00Z,7560.75,7562.25,7559.5,7560.0,742
2026-06-22T06:50:00Z,7560.0,7562.0,7559.75,7561.75,438
2026-06-22T06:55:00Z,7561.75,7562.75,7561.0,7561.75,415
2026-06-22T07:00:00Z,7561.75,7565.75,7561.25,7565.5,1698
2026-06-22T07:05:00Z,7565.5,7566.25,7563.75,7564.25,1077
2026-06-22T07:10:00Z,7564.5,7565.5,7563.0,7564.0,799
2026-06-22T07:15:00Z,7564.25,7567.25,7564.0,7566.75,1010
2026-06-22T07:20:00Z,7567.0,7567.25,7564.5,7564.75,670
2026-06-22T07:25:00Z,7564.75,7566.75,7564.5,7566.75,766
2026-06-22T07:30:00Z,7566.5,7566.75,7564.25,7565.25,669
2026-06-22T07:35:00Z,7565.5,7567.25,7564.75,7565.0,800
2026-06-22T07:40:00Z,7565.0,7565.0,7562.0,7562.5,1073
2026-06-22T07:45:00Z,7562.25,7565.0,7562.0,7564.5,784
2026-06-22T07:50:00Z,7564.25,7564.75,7561.0,7561.25,866
2026-06-22T07:55:00Z,7561.25,7562.75,7560.5,7562.75,558
2026-06-22T08:00:00Z,7562.75,7563.75,7556.25,7557.0,1305
2026-06-22T08:05:00Z,7557.0,7558.0,7555.75,7556.25,1004
2026-06-22T08:10:00Z,7556.0,7557.25,7552.5,7556.0,995
2026-06-22T08:15:00Z,7556.25,7557.5,7553.25,7553.5,776
2026-06-22T08:20:00Z,7553.5,7556.25,7552.75,7555.75,903
2026-06-22T08:25:00Z,7555.75,7556.5,7554.25,7555.0,706
2026-06-22T08:30:00Z,7554.75,7556.25,7553.25,7555.75,683
2026-06-22T08:35:00Z,7555.75,7558.0,7555.25,7557.5,813
2026-06-22T08:40:00Z,7557.5,7560.25,7557.0,7560.0,512
2026-06-22T08:45:00Z,7559.75,7560.5,7555.75,7557.5,616
2026-06-22T08:50:00Z,7557.25,7559.25,7556.25,7559.0,616
2026-06-22T08:55:00Z,7559.25,7560.25,7558.25,7559.5,618
2026-06-22T09:00:00Z,7559.5,7562.75,7556.25,7562.75,717
2026-06-22T09:05:00Z,7563.0,7564.5,7561.5,7563.75,1127
2026-06-22T09:10:00Z,7563.75,7564.5,7561.0,7562.75,898
2026-06-22T09:15:00Z,7562.75,7563.0,7560.25,7561.0,736
2026-06-22T09:20:00Z,7560.75,7562.0,7560.0,7561.25,506
2026-06-22T09:25:00Z,7561.25,7562.5,7559.75,7560.5,505
2026-06-22T09:30:00Z,7560.5,7561.75,7558.25,7560.75,900
2026-06-22T09:35:00Z,7560.5,7560.75,7557.5,7557.5,550
2026-06-22T09:40:00Z,7557.5,7558.25,7555.5,7556.5,583
2026-06-22T09:45:00Z,7556.5,7558.0,7555.75,7556.25,524
2026-06-22T09:50:00Z,7556.25,7557.5,7555.5,7556.5,712
2026-06-22T09:55:00Z,7556.5,7557.75,7554.25,7554.75,925
2026-06-22T10:00:00Z,7554.75,7560.75,7554.75,7560.75,859
2026-06-22T10:05:00Z,7560.75,7564.75,7560.0,7563.25,892
2026-06-22T10:10:00Z,7563.25,7564.75,7563.0,7563.0,625
2026-06-22T10:15:00Z,7563.0,7564.5,7562.75,7563.5,552
2026-06-22T10:20:00Z,7563.5,7564.25,7563.0,7564.0,492
2026-06-22T10:25:00Z,7564.0,7564.5,7562.0,7563.0,497
2026-06-22T10:30:00Z,7563.0,7563.0,7558.75,7559.75,795
2026-06-22T10:35:00Z,7560.0,7561.0,7557.75,7558.0,672
2026-06-22T10:40:00Z,7557.75,7559.75,7557.0,7559.25,607
2026-06-22T10:45:00Z,7559.25,7562.5,7559.25,7561.75,633
2026-06-22T10:50:00Z,7561.75,7562.0,7558.5,7559.5,481
2026-06-22T10:55:00Z,7559.5,7559.75,7558.0,7558.75,503
2026-06-22T11:00:00Z,7558.75,7568.5,7558.5,7566.75,1975
2026-06-22T11:05:00Z,7567.0,7577.75,7566.5,7569.25,6000
2026-06-22T11:10:00Z,7569.0,7569.0,7560.0,7562.75,2114
2026-06-22T11:15:00Z,7562.5,7564.0,7561.25,7563.75,866
2026-06-22T11:20:00Z,7563.5,7563.75,7560.75,7563.0,890
2026-06-22T11:25:00Z,7562.75,7564.0,7561.5,7561.75,714
2026-06-22T11:30:00Z,7561.5,7565.5,7561.0,7563.75,1103
2026-06-22T11:35:00Z,7563.75,7565.75,7563.0,7565.25,1081
2026-06-22T11:40:00Z,7565.5,7565.5,7562.0,7563.25,1343
2026-06-22T11:45:00Z,7563.5,7564.5,7558.75,7564.5,1955
2026-06-22T11:50:00Z,7564.25,7564.5,7560.0,7561.5,1212
2026-06-22T11:55:00Z,7561.5,7565.25,7560.75,7563.5,1280
2026-06-22T12:00:00Z,7563.75,7567.0,7563.75,7566.5,1069
2026-06-22T12:05:00Z,7566.5,7569.0,7566.5,7568.75,1097
2026-06-22T12:10:00Z,7568.5,7570.0,7567.5,7569.75,1150
2026-06-22T12:15:00Z,7569.5,7570.25,7567.5,7568.75,822
2026-06-22T12:20:00Z,7568.75,7574.25,7568.75,7573.5,1816
2026-06-22T12:25:00Z,7573.5,7574.75,7571.75,7574.25,1881
2026-06-22T12:30:00Z,7574.25,7575.75,7572.25,7575.75,1585
2026-06-22T12:35:00Z,7575.5,7576.25,7573.0,7573.25,1806
2026-06-22T12:40:00Z,7573.25,7574.5,7570.25,7571.0,1652
2026-06-22T12:45:00Z,7571.0,7571.5,7569.0,7570.5,1981
2026-06-22T12:50:00Z,7570.5,7570.75,7568.25,7568.75,1378
2026-06-22T12:55:00Z,7568.75,7570.0,7567.5,7568.0,1587
2026-06-22T13:00:00Z,7568.0,7578.0,7568.0,7574.25,5879
2026-06-22T13:05:00Z,7574.0,7574.5,7569.25,7570.75,2668
2026-06-22T13:10:00Z,7570.5,7576.75,7569.75,7576.5,4095
2026-06-22T13:15:00Z,7576.5,7577.5,7573.0,7575.25,2100
2026-06-22T13:20:00Z,7575.25,7579.0,7574.75,7577.5,2134
2026-06-22T13:25:00Z,7577.75,7578.5,7572.25,7573.25,5103
2026-06-22T13:30:00Z,7573.0,7590.25,7571.5,7578.0,35405
2026-06-22T13:35:00Z,7578.25,7595.5,7576.75,7595.25,22732
2026-06-22T13:40:00Z,7595.5,7596.75,7576.0,7578.5,27696
2026-06-22T13:45:00Z,7578.75,7595.5,7576.75,7592.0,25034
2026-06-22T13:50:00Z,7592.0,7592.75,7586.5,7587.25,18966
2026-06-22T13:55:00Z,7587.5,7596.5,7584.25,7596.25,16086
2026-06-22T14:00:00Z,7596.25,7597.5,7591.0,7593.25,15592
2026-06-22T14:05:00Z,7593.5,7597.0,7590.5,7596.75,13999
2026-06-22T14:10:00Z,7596.5,7599.25,7589.0,7589.75,14383
2026-06-22T14:15:00Z,7590.0,7591.0,7579.25,7581.25,18610
2026-06-22T14:20:00Z,7581.25,7581.75,7569.75,7571.5,20636
2026-06-22T14:25:00Z,7571.5,7574.75,7560.25,7561.25,27524
2026-06-22T14:30:00Z,7561.25,7562.25,7546.25,7550.75,37948
2026-06-22T14:35:00Z,7550.75,7556.0,7545.5,7550.5,23567
2026-06-22T14:40:00Z,7550.5,7553.5,7540.0,7541.0,23021
2026-06-22T14:45:00Z,7541.0,7549.25,7540.5,7544.0,27646
2026-06-22T14:50:00Z,7544.0,7546.5,7532.0,7534.5,20677
2026-06-22T14:55:00Z,7534.25,7545.0,7527.25,7543.0,25044
2026-06-22T15:00:00Z,7542.75,7550.0,7541.25,7546.5,15214
2026-06-22T15:05:00Z,7546.25,7546.75,7536.25,7538.75,16764
2026-06-22T15:10:00Z,7538.75,7544.5,7536.25,7540.5,14864
2026-06-22T15:15:00Z,7540.5,7545.75,7535.5,7537.75,16831
2026-06-22T15:20:00Z,7537.75,7545.75,7534.75,7544.0,15890
2026-06-22T15:25:00Z,7544.0,7547.0,7537.75,7539.75,18035
2026-06-22T15:30:00Z,7539.75,7546.25,7537.5,7542.0,18292
2026-06-22T15:35:00Z,7542.25,7548.0,7540.5,7547.5,13358
2026-06-22T15:40:00Z,7547.75,7558.0,7547.75,7554.75,13275
2026-06-22T15:45:00Z,7555.0,7559.25,7539.0,7540.5,16743
2026-06-22T15:50:00Z,7540.75,7546.0,7540.5,7542.0,13026
2026-06-22T15:55:00Z,7542.0,7547.5,7540.25,7542.5,11636
2026-06-22T16:00:00Z,7542.5,7544.25,7532.25,7533.75,14668
2026-06-22T16:05:00Z,7533.5,7539.75,7532.5,7538.25,11481
2026-06-22T16:10:00Z,7538.25,7546.5,7537.75,7546.25,10900
2026-06-22T16:15:00Z,7546.25,7547.25,7541.0,7546.0,10111
2026-06-22T16:20:00Z,7546.0,7550.25,7540.0,7541.75,10653
2026-06-22T16:25:00Z,7541.75,7546.0,7540.0,7544.25,9937
2026-06-22T16:30:00Z,7544.5,7545.25,7539.0,7539.75,7666
2026-06-22T16:35:00Z,7539.75,7541.5,7537.0,7540.25,6869
2026-06-22T16:40:00Z,7540.5,7542.25,7536.75,7539.75,7950
2026-06-22T16:45:00Z,7540.0,7546.25,7538.0,7546.25,9630
2026-06-22T16:50:00Z,7546.0,7548.75,7545.0,7547.5,8140
2026-06-22T16:55:00Z,7547.25,7549.75,7543.0,7546.0,11356
2026-06-22T17:00:00Z,7546.25,7547.0,7542.25,7544.75,5999
2026-06-22T17:05:00Z,7544.5,7544.75,7535.5,7538.25,8499
2026-06-22T17:10:00Z,7538.25,7542.25,7537.75,7542.25,5533
2026-06-22T17:15:00Z,7542.0,7547.0,7542.0,7546.75,6829
2026-06-22T17:20:00Z,7546.5,7549.0,7543.25,7545.25,4992
2026-06-22T17:25:00Z,7545.25,7546.25,7542.75,7543.25,5193
2026-06-22T17:30:00Z,7543.25,7544.5,7539.0,7541.0,7043
2026-06-22T17:35:00Z,7540.75,7541.0,7535.5,7540.5,7099
2026-06-22T17:40:00Z,7540.25,7541.75,7538.5,7539.25,3933
2026-06-22T17:45:00Z,7539.5,7544.5,7538.25,7544.0,5938
2026-06-22T17:50:00Z,7544.0,7549.5,7543.0,7548.25,7002
2026-06-22T17:55:00Z,7548.25,7548.25,7542.75,7542.75,5398
2026-06-22T18:00:00Z,7543.0,7544.75,7538.5,7541.0,7366
2026-06-22T18:05:00Z,7540.75,7545.25,7540.75,7545.25,5132
2026-06-22T18:10:00Z,7545.0,7546.75,7542.75,7545.5,3947
2026-06-22T18:15:00Z,7545.5,7549.5,7545.5,7548.25,5226
2026-06-22T18:20:00Z,7548.5,7553.75,7547.75,7550.0,8895
2026-06-22T18:25:00Z,7550.0,7550.5,7544.25,7547.25,7134
2026-06-22T18:30:00Z,7547.25,7551.5,7545.0,7546.0,8224
2026-06-22T18:35:00Z,7546.25,7548.0,7544.75,7545.0,4961
2026-06-22T18:40:00Z,7545.0,7546.0,7540.5,7541.0,6525
2026-06-22T18:45:00Z,7541.0,7544.5,7539.75,7543.75,6644
2026-06-22T18:50:00Z,7543.75,7544.5,7533.0,7536.75,10248
2026-06-22T18:55:00Z,7536.5,7536.5,7531.5,7533.0,9160
2026-06-22T19:00:00Z,7533.0,7539.75,7532.5,7537.0,12138
2026-06-22T19:05:00Z,7537.0,7537.25,7528.5,7532.5,8926
2026-06-22T19:10:00Z,7532.75,7537.0,7531.0,7535.5,6358
2026-06-22T19:15:00Z,7535.5,7538.0,7533.75,7537.25,8069
2026-06-22T19:20:00Z,7537.25,7538.25,7532.5,7533.5,6502
2026-06-22T19:25:00Z,7533.5,7534.5,7530.25,7530.5,8709
2026-06-22T19:30:00Z,7530.25,7536.25,7530.25,7533.75,10195
2026-06-22T19:35:00Z,7533.5,7534.0,7531.25,7532.5,8845
2026-06-22T19:40:00Z,7532.25,7533.25,7528.0,7529.5,10557
2026-06-22T19:45:00Z,7529.5,7535.5,7528.75,7535.25,11932
2026-06-22T19:50:00Z,7535.25,7545.25,7533.25,7543.75,25068
2026-06-22T19:55:00Z,7543.75,7545.75,7535.75,7540.25,89299
2026-06-22T20:00:00Z,7540.25,7547.0,7539.0,7545.25,21105
2026-06-22T20:05:00Z,7545.25,7546.0,7542.5,7543.25,4097
2026-06-22T20:10:00Z,7543.25,7546.0,7542.25,7545.5,4602
2026-06-22T20:15:00Z,7545.25,7547.0,7543.75,7547.0,2347
2026-06-22T20:20:00Z,7546.75,7547.25,7544.75,7545.0,1577
2026-06-22T20:25:00Z,7545.0,7545.0,7541.0,7541.75,1858
2026-06-22T20:30:00Z,7541.5,7542.5,7541.0,7541.25,1102
2026-06-22T20:35:00Z,7541.0,7542.0,7540.5,7541.0,1020
2026-06-22T20:40:00Z,7541.0,7542.75,7541.0,7542.5,829
2026-06-22T20:45:00Z,7542.25,7542.5,7541.25,7542.0,1023
2026-06-22T20:50:00Z,7541.75,7542.0,7540.0,7541.0,885
2026-06-22T20:55:00Z,7541.0,7542.25,7539.5,7540.75,1219
2026-06-22T22:00:00Z,7541.25,7549.5,7539.75,7543.25,0
2026-06-22T22:05:00Z,7543.0,7544.25,7538.25,7542.5,981
2026-06-22T22:10:00Z,7542.5,7542.5,7540.5,7541.25,303
2026-06-22T22:15:00Z,7541.5,7541.75,7540.25,7541.5,222
2026-06-22T22:20:00Z,7541.5,7543.25,7540.5,7542.75,329
2026-06-22T22:25:00Z,7542.5,7543.0,7539.0,7540.25,525
2026-06-22T22:30:00Z,7540.0,7540.0,7534.25,7534.75,1257
2026-06-22T22:35:00Z,7535.0,7535.5,7530.0,7533.5,1141
2026-06-22T22:40:00Z,7533.75,7533.75,7529.5,7530.25,468
2026-06-22T22:45:00Z,7530.5,7532.0,7529.5,7532.0,489
2026-06-22T22:50:00Z,7532.0,7533.25,7530.5,7533.0,379
2026-06-22T22:55:00Z,7533.0,7533.75,7531.75,7532.0,419
2026-06-22T23:00:00Z,7532.0,7533.0,7529.5,7531.25,587
2026-06-22T23:05:00Z,7531.25,7531.75,7530.0,7531.5,247
2026-06-22T23:10:00Z,7531.75,7531.75,7528.0,7528.5,632
2026-06-22T23:15:00Z,7528.5,7528.75,7526.0,7526.75,809
2026-06-22T23:20:00Z,7526.75,7530.0,7526.0,7529.0,423
2026-06-22T23:25:00Z,7529.0,7531.25,7528.25,7531.0,394
2026-06-22T23:30:00Z,7531.0,7531.5,7529.25,7529.5,218
2026-06-22T23:35:00Z,7529.75,7531.0,7528.25,7528.75,322
2026-06-22T23:40:00Z,7529.0,7531.0,7528.5,7530.75,239
2026-06-22T23:45:00Z,7530.75,7531.5,7527.0,7528.25,620
2026-06-22T23:50:00Z,7527.75,7530.25,7526.5,7529.5,484
2026-06-22T23:55:00Z,7529.5,7532.25,7529.0,7532.0,424
2026-06-23T00:00:00Z,7531.75,7535.0,7530.25,7533.25,2088
2026-06-23T00:05:00Z,7533.0,7534.75,7530.0,7530.25,920
2026-06-23T00:10:00Z,7530.0,7530.75,7524.0,7524.75,1715
2026-06-23T00:15:00Z,7525.25,7529.0,7524.75,7525.0,1359
2026-06-23T00:20:00Z,7525.25,7525.5,7522.0,7523.25,2044
2026-06-23T00:25:00Z,7523.5,7527.25,7522.5,7525.5,1289
2026-06-23T00:30:00Z,7525.25,7530.5,7523.75,7529.5,1388
2026-06-23T00:35:00Z,7529.5,7534.25,7527.5,7533.25,977
2026-06-23T00:40:00Z,7533.5,7541.0,7532.25,7541.0,1399
2026-06-23T00:45:00Z,7541.0,7545.25,7538.5,7541.75,1882
2026-06-23T00:50:00Z,7542.25,7542.75,7539.25,7539.5,837
2026-06-23T00:55:00Z,7539.5,7541.5,7538.25,7540.25,605
2026-06-23T01:00:00Z,7540.25,7542.25,7538.25,7540.5,1368
2026-06-23T01:05:00Z,7540.75,7541.5,7537.25,7540.0,1022
2026-06-23T01:10:00Z,7540.0,7541.25,7536.5,7536.5,622
2026-06-23T01:15:00Z,7536.5,7538.0,7533.0,7534.25,1096
2026-06-23T01:20:00Z,7534.5,7536.25,7532.75,7533.0,783
2026-06-23T01:25:00Z,7533.25,7537.5,7533.25,7535.75,663
2026-06-23T01:30:00Z,7535.75,7536.75,7529.5,7529.75,1045
2026-06-23T01:35:00Z,7530.0,7530.0,7522.25,7525.75,2194
2026-06-23T01:40:00Z,7525.5,7528.5,7521.0,7522.25,1843
2026-06-23T01:45:00Z,7522.25,7522.25,7518.0,7519.25,2250
2026-06-23T01:50:00Z,7519.25,7522.25,7512.0,7520.75,3203
2026-06-23T01:55:00Z,7520.75,7525.5,7519.75,7522.25,1628
2026-06-23T02:00:00Z,7522.75,7525.0,7520.0,7524.0,1334
2026-06-23T02:05:00Z,7523.75,7523.75,7514.5,7516.25,1537
2026-06-23T02:10:00Z,7516.0,7519.75,7514.0,7519.0,1267
2026-06-23T02:15:00Z,7519.0,7522.25,7517.25,7520.75,1392
2026-06-23T02:20:00Z,7520.75,7522.25,7519.0,7519.75,630
2026-06-23T02:25:00Z,7520.0,7521.5,7519.0,7520.0,642
2026-06-23T02:30:00Z,7520.0,7520.25,7516.5,7517.0,654
2026-06-23T02:35:00Z,7517.0,7518.75,7516.25,7516.75,510
2026-06-23T02:40:00Z,7517.0,7518.25,7515.75,7517.5,626
2026-06-23T02:45:00Z,7517.5,7518.0,7512.5,7514.25,1019
2026-06-23T02:50:00Z,7514.25,7516.75,7513.5,7514.5,693
2026-06-23T02:55:00Z,7514.5,7516.5,7510.5,7512.75,1164
2026-06-23T03:00:00Z,7512.75,7513.75,7510.0,7511.5,1454
2026-06-23T03:05:00Z,7511.5,7511.5,7506.5,7506.75,1548
2026-06-23T03:10:00Z,7506.75,7508.25,7504.75,7506.25,2002
2026-06-23T03:15:00Z,7506.25,7508.0,7505.0,7505.5,790
2026-06-23T03:20:00Z,7505.75,7507.75,7505.25,7506.0,693
2026-06-23T03:25:00Z,7506.25,7508.75,7505.5,7507.5,865
2026-06-23T03:30:00Z,7507.5,7507.75,7503.75,7504.0,1192
2026-06-23T03:35:00Z,7504.0,7505.0,7498.75,7500.75,1962
2026-06-23T03:40:00Z,7500.75,7501.0,7496.5,7500.75,3129
2026-06-23T03:45:00Z,7500.25,7501.0,7497.0,7499.75,1073
2026-06-23T03:50:00Z,7499.75,7505.75,7499.75,7505.25,1696
2026-06-23T03:55:00Z,7505.25,7506.75,7504.25,7506.25,747
2026-06-23T04:05:00Z,7504.25,7504.25,7502.75,7503.25,2755
2026-06-23T04:10:00Z,7503.5,7504.0,7500.0,7501.75,933
2026-06-23T04:15:00Z,7501.75,7501.75,7495.5,7496.0,1226
2026-06-23T04:20:00Z,7496.25,7496.5,7493.5,7495.5,1156
2026-06-23T04:25:00Z,7495.5,7497.5,7494.75,7496.75,686
2026-06-23T04:30:00Z,7496.5,7496.75,7494.0,7494.75,647
2026-06-23T04:35:00Z,7494.5,7495.25,7492.25,7493.5,719
2026-06-23T04:40:00Z,7493.5,7493.75,7490.5,7492.0,837
2026-06-23T04:45:00Z,7492.25,7493.0,7490.5,7491.0,691
2026-06-23T04:50:00Z,7491.0,7491.25,7484.25,7485.75,1675
2026-06-23T04:55:00Z,7485.75,7485.75,7481.75,7483.25,1386
2026-06-23T05:00:00Z,7483.5,7487.25,7482.75,7486.75,1289
2026-06-23T05:05:00Z,7487.0,7487.75,7483.0,7483.5,1056
2026-06-23T05:10:00Z,7483.5,7488.0,7482.75,7483.25,1573
2026-06-23T05:15:00Z,7483.5,7484.5,7480.5,7481.25,1099
2026-06-23T05:20:00Z,7481.25,7484.25,7480.0,7480.25,1337
2026-06-23T05:25:00Z,7480.25,7481.0,7474.5,7476.75,2166
2026-06-23T05:30:00Z,7477.0,7477.5,7472.0,7474.0,2244
2026-06-23T05:35:00Z,7474.0,7474.5,7468.0,7470.0,2380
2026-06-23T05:40:00Z,7470.0,7473.75,7467.25,7473.25,1945
2026-06-23T05:45:00Z,7473.25,7476.0,7471.25,7474.25,2373
2026-06-23T05:50:00Z,7474.25,7476.0,7470.75,7471.25,1516
2026-06-23T05:55:00Z,7471.25,7472.0,7467.0,7468.75,1934
2026-06-23T06:00:00Z,7468.75,7472.0,7466.25,7470.5,2037
2026-06-23T06:05:00Z,7470.5,7472.5,7463.25,7464.5,2274
2026-06-23T06:10:00Z,7464.75,7466.25,7463.0,7465.25,1854
2026-06-23T06:15:00Z,7466.0,7468.5,7461.75,7463.0,2142
2026-06-23T06:20:00Z,7462.75,7463.25,7457.25,7459.0,2688
2026-06-23T06:25:00Z,7459.0,7459.5,7451.25,7454.75,4382
2026-06-23T06:30:00Z,7454.75,7458.75,7453.0,7456.0,2591
2026-06-23T06:35:00Z,7456.0,7456.75,7453.0,7454.25,1955
2026-06-23T06:40:00Z,7454.5,7457.25,7447.75,7450.5,2073
2026-06-23T06:45:00Z,7450.5,7455.25,7449.25,7452.25,1990
2026-06-23T06:50:00Z,7452.25,7453.5,7449.0,7450.5,1198
2026-06-23T06:55:00Z,7450.25,7451.75,7444.75,7447.25,2048
2026-06-23T07:00:00Z,7447.0,7448.75,7442.25,7447.0,3561
2026-06-23T07:05:00Z,7447.0,7455.0,7446.0,7454.75,2821
2026-06-23T07:10:00Z,7454.75,7455.5,7451.0,7452.0,2479
2026-06-23T07:15:00Z,7452.0,7453.0,7445.75,7446.75,1766
2026-06-23T07:20:00Z,7446.5,7449.75,7442.5,7443.75,1690
2026-06-23T07:25:00Z,7443.75,7447.0,7440.5,7446.75,1932
2026-06-23T07:30:00Z,7446.5,7447.0,7438.5,7445.0,2245
2026-06-23T07:35:00Z,7445.0,7445.75,7439.5,7445.5,2239
2026-06-23T07:40:00Z,7445.75,7447.25,7437.5,7439.5,2079
2026-06-23T07:45:00Z,7439.5,7441.25,7436.25,7438.25,2810
2026-06-23T07:50:00Z,7438.25,7438.5,7433.5,7436.0,2094
2026-06-23T07:55:00Z,7436.25,7436.25,7428.25,7433.5,3750
2026-06-23T08:00:00Z,7433.75,7434.75,7422.25,7426.5,6041
2026-06-23T08:05:00Z,7427.0,7435.0,7427.0,7434.0,2965
2026-06-23T08:10:00Z,7434.0,7435.0,7429.25,7429.75,2608
2026-06-23T08:15:00Z,7429.25,7430.75,7424.75,7424.75,2727
2026-06-23T08:20:00Z,7425.0,7428.5,7421.75,7425.25,2861
2026-06-23T08:25:00Z,7425.25,7427.25,7422.5,7424.5,2538
2026-06-23T08:30:00Z,7424.75,7433.0,7424.25,7432.25,2879
2026-06-23T08:35:00Z,7432.25,7435.0,7430.5,7432.0,2099
2026-06-23T08:40:00Z,7431.75,7438.5,7431.75,7434.5,2638
2026-06-23T08:45:00Z,7434.5,7434.5,7423.5,7427.25,2795
2026-06-23T08:50:00Z,7427.0,7431.5,7425.5,7430.25,2026
2026-06-23T08:55:00Z,7430.25,7432.25,7427.5,7430.5,1764
2026-06-23T09:00:00Z,7430.75,7436.5,7429.5,7434.5,2531
2026-06-23T09:05:00Z,7434.25,7438.0,7431.75,7432.75,1878
2026-06-23T09:10:00Z,7432.5,7439.5,7431.25,7438.25,2199
2026-06-23T09:15:00Z,7438.0,7439.0,7434.75,7438.5,1314
2026-06-23T09:20:00Z,7438.25,7445.0,7437.75,7444.0,2638
2026-06-23T09:25:00Z,7444.0,7446.25,7441.5,7445.0,3125
2026-06-23T09:30:00Z,7445.0,7445.5,7440.0,7441.25,1719
2026-06-23T09:35:00Z,7441.5,7442.75,7439.5,7439.75,1536
2026-06-23T09:40:00Z,7440.0,7442.25,7438.5,7440.0,1386
2026-06-23T09:45:00Z,7440.0,7443.5,7438.0,7443.25,1113
2026-06-23T09:50:00Z,7443.0,7445.5,7440.75,7444.0,1466
2026-06-23T09:55:00Z,7444.0,7446.0,7442.75,7444.5,1299
2026-06-23T10:00:00Z,7444.5,7449.5,7443.25,7447.5,2607
2026-06-23T10:05:00Z,7447.75,7448.5,7442.5,7444.25,1435
2026-06-23T10:10:00Z,7443.75,7444.75,7441.0,7442.5,1177
2026-06-23T10:15:00Z,7442.25,7447.0,7442.0,7446.75,1609
2026-06-23T10:20:00Z,7446.75,7449.75,7443.75,7444.25,2835
2026-06-23T10:25:00Z,7444.25,7444.25,7439.25,7440.0,1365
2026-06-23T10:30:00Z,7439.75,7439.75,7433.25,7433.75,4556
2026-06-23T10:35:00Z,7433.5,7435.5,7430.25,7432.75,2243
2026-06-23T10:40:00Z,7432.5,7433.25,7427.25,7431.5,2384
2026-06-23T10:45:00Z,7431.5,7436.75,7431.5,7433.25,1901
2026-06-23T10:50:00Z,7433.5,7435.25,7430.5,7434.75,1755
2026-06-23T10:55:00Z,7434.75,7437.75,7433.75,7436.75,1484
2026-06-23T11:00:00Z,7436.5,7441.5,7435.0,7435.0,3151
2026-06-23T11:05:00Z,7434.75,7438.0,7432.5,7435.75,1882
2026-06-23T11:10:00Z,7435.75,7443.0,7435.75,7442.5,1899
2026-06-23T11:15:00Z,7442.5,7443.0,7438.5,7441.0,1742
2026-06-23T11:20:00Z,7441.0,7448.5,7436.0,7442.5,4938
2026-06-23T11:25:00Z,7442.5,7443.5,7437.25,7440.25,2602
2026-06-23T11:30:00Z,7440.0,7444.25,7438.25,7442.0,1912
2026-06-23T11:35:00Z,7442.25,7448.5,7438.75,7444.5,2647
2026-06-23T11:40:00Z,7444.75,7449.5,7444.25,7449.0,2910
2026-06-23T11:45:00Z,7449.0,7451.0,7446.25,7448.5,2929
2026-06-23T11:50:00Z,7448.25,7453.0,7446.25,7453.0,3028
2026-06-23T11:55:00Z,7453.0,7453.5,7450.0,7450.75,3263
2026-06-23T12:00:00Z,7450.75,7454.5,7449.0,7452.0,3037
2026-06-23T12:05:00Z,7452.0,7452.0,7447.25,7448.75,2395
2026-06-23T12:10:00Z,7448.75,7451.5,7444.25,7446.5,3305
2026-06-23T12:15:00Z,7446.5,7447.25,7440.25,7443.5,2865
2026-06-23T12:20:00Z,7443.5,7443.5,7436.25,7437.5,3242
2026-06-23T12:25:00Z,7437.5,7438.5,7432.5,7437.25,3780
2026-06-23T12:30:00Z,7437.25,7440.5,7428.0,7428.0,4084
2026-06-23T12:35:00Z,7428.0,7432.75,7427.5,7431.5,3041
2026-06-23T12:40:00Z,7431.5,7436.5,7430.75,7433.25,3488
2026-06-23T12:45:00Z,7433.25,7435.25,7429.75,7432.25,3300
2026-06-23T12:50:00Z,7432.25,7435.5,7430.0,7430.0,2458
2026-06-23T12:55:00Z,7430.0,7434.5,7429.75,7432.75,2358
2026-06-23T13:00:00Z,7432.5,7434.0,7430.0,7433.0,3470
2026-06-23T13:05:00Z,7433.0,7434.5,7431.25,7432.5,3667
2026-06-23T13:10:00Z,7432.5,7436.0,7429.5,7434.0,4367
2026-06-23T13:15:00Z,7433.75,7434.25,7427.5,7430.5,3412
2026-06-23T13:20:00Z,7430.5,7432.75,7428.75,7430.5,2966
2026-06-23T13:25:00Z,7430.5,7430.5,7423.75,7429.5,10924
2026-06-23T13:30:00Z,7429.5,7434.5,7415.25,7432.5,52511
2026-06-23T13:35:00Z,7432.75,7439.5,7416.75,7437.0,39117
2026-06-23T13:40:00Z,7436.75,7447.0,7430.5,7442.5,27344
2026-06-23T13:45:00Z,7442.25,7463.5,7438.25,7457.75,35535
2026-06-23T13:50:00Z,7457.75,7465.75,7457.25,7460.0,28187
2026-06-23T13:55:00Z,7459.75,7466.5,7454.75,7465.25,29459
2026-06-23T14:00:00Z,7465.25,7478.25,7463.75,7474.75,31445
2026-06-23T14:05:00Z,7474.75,7480.5,7470.75,7478.75,24173
2026-06-23T14:10:00Z,7478.75,7485.25,7476.25,7484.0,26589
2026-06-23T14:15:00Z,7484.0,7487.5,7480.0,7486.25,20764
2026-06-23T14:20:00Z,7486.25,7491.0,7479.5,7483.0,23519
2026-06-23T14:25:00Z,7483.0,7484.75,7475.75,7483.75,22611
2026-06-23T14:30:00Z,7483.75,7486.0,7472.25,7476.0,21417
2026-06-23T14:35:00Z,7476.0,7482.5,7470.0,7470.5,20825
2026-06-23T14:40:00Z,7470.5,7476.0,7466.25,7468.25,22726
2026-06-23T14:45:00Z,7468.25,7470.25,7461.5,7467.75,21985
2026-06-23T14:50:00Z,7467.75,7474.0,7462.25,7466.0,19406
2026-06-23T14:55:00Z,7466.0,7467.75,7459.75,7464.75,15553
2026-06-23T15:00:00Z,7464.75,7468.5,7458.5,7459.75,17777
2026-06-23T15:05:00Z,7459.75,7461.25,7450.5,7454.0,18518
2026-06-23T15:10:00Z,7454.25,7456.75,7451.0,7455.25,13145
2026-06-23T15:15:00Z,7455.25,7457.0,7445.5,7446.75,15348
2026-06-23T15:20:00Z,7446.5,7449.5,7439.75,7440.0,15034
2026-06-23T15:25:00Z,7440.0,7443.0,7436.25,7440.0,19530
2026-06-23T15:30:00Z,7439.75,7446.75,7438.0,7443.5,17301
2026-06-23T15:35:00Z,7443.75,7449.25,7436.75,7438.75,16741
2026-06-23T15:40:00Z,7438.75,7445.75,7435.75,7444.25,15100
2026-06-23T15:45:00Z,7444.0,7449.25,7441.75,7444.75,13136
2026-06-23T15:50:00Z,7445.0,7456.5,7443.25,7453.0,15038
2026-06-23T15:55:00Z,7453.0,7455.75,7447.5,7453.75,11644
2026-06-23T16:00:00Z,7454.0,7462.0,7452.5,7461.0,13171
2026-06-23T16:05:00Z,7461.0,7466.75,7459.75,7466.25,13897
2026-06-23T16:10:00Z,7466.25,7471.5,7466.25,7469.25,10292
2026-06-23T16:15:00Z,7469.5,7471.25,7464.0,7464.5,10819
2026-06-23T16:20:00Z,7464.75,7469.25,7460.75,7468.25,10164
2026-06-23T16:25:00Z,7468.25,7470.5,7465.25,7469.0,7257
2026-06-23T16:30:00Z,7469.0,7470.0,7464.5,7465.75,7871
2026-06-23T16:35:00Z,7466.0,7470.75,7465.0,7470.0,7320
2026-06-23T16:40:00Z,7470.25,7475.25,7470.25,7474.0,9672
2026-06-23T16:45:00Z,7474.0,7474.75,7466.25,7469.0,8210
2026-06-23T16:50:00Z,7469.0,7469.25,7464.5,7468.5,8983
2026-06-23T16:55:00Z,7468.75,7472.0,7465.25,7469.75,9078
2026-06-23T17:00:00Z,7469.75,7470.25,7461.5,7462.75,8416
2026-06-23T17:05:00Z,7462.75,7465.5,7460.5,7464.75,7274
2026-06-23T17:10:00Z,7464.75,7473.0,7464.5,7469.0,10614
2026-06-23T17:15:00Z,7468.75,7471.25,7464.5,7466.75,9028
2026-06-23T17:20:00Z,7466.75,7476.5,7466.25,7474.5,9339
2026-06-23T17:25:00Z,7474.25,7475.0,7470.25,7471.0,8797
2026-06-23T17:30:00Z,7470.75,7473.25,7466.0,7473.25,9717
2026-06-23T17:35:00Z,7473.25,7475.75,7470.25,7471.25,7081
2026-06-23T17:40:00Z,7471.0,7472.5,7466.25,7467.25,6328
2026-06-23T17:45:00Z,7467.25,7470.5,7466.0,7468.5,7499
2026-06-23T17:50:00Z,7468.5,7469.0,7455.5,7456.25,12197
2026-06-23T17:55:00Z,7456.0,7457.5,7452.5,7453.25,11836
2026-06-23T18:00:00Z,7453.25,7461.25,7451.75,7456.25,13802
2026-06-23T18:05:00Z,7456.0,7457.0,7448.75,7453.25,9106
2026-06-23T18:10:00Z,7453.5,7456.0,7452.5,7453.75,8687
2026-06-23T18:15:00Z,7453.75,7455.75,7450.25,7451.5,8710
2026-06-23T18:20:00Z,7451.5,7454.5,7447.75,7453.0,9475
2026-06-23T18:25:00Z,7453.0,7453.0,7448.75,7449.75,8167
2026-06-23T18:30:00Z,7449.5,7451.0,7446.5,7447.0,8210
2026-06-23T18:35:00Z,7446.75,7448.5,7444.25,7445.0,8275
2026-06-23T18:40:00Z,7445.0,7445.0,7433.0,7433.75,18789
2026-06-23T18:45:00Z,7433.75,7435.75,7430.25,7435.25,17623
2026-06-23T18:50:00Z,7435.5,7441.25,7428.75,7433.0,16832
2026-06-23T18:55:00Z,7432.75,7438.25,7429.25,7436.0,12247
2026-06-23T19:00:00Z,7436.0,7446.5,7433.75,7446.0,15322
2026-06-23T19:05:00Z,7445.75,7452.25,7438.5,7440.5,18065
2026-06-23T19:10:00Z,7440.75,7445.25,7438.0,7441.0,10903
2026-06-23T19:15:00Z,7441.0,7442.5,7434.0,7434.25,10496
2026-06-23T19:20:00Z,7434.25,7448.5,7433.5,7444.5,15247
2026-06-23T19:25:00Z,7444.75,7449.75,7442.75,7446.75,15578
2026-06-23T19:30:00Z,7446.75,7449.25,7440.25,7446.75,13597
2026-06-23T19:35:00Z,7446.75,7448.5,7442.75,7442.75,14826
2026-06-23T19:40:00Z,7443.0,7444.25,7438.25,7442.0,14121
2026-06-23T19:45:00Z,7442.25,7444.5,7436.25,7444.25,16217
2026-06-23T19:50:00Z,7444.25,7453.0,7442.0,7452.5,29827
2026-06-23T19:55:00Z,7452.75,7452.75,7433.0,7434.75,103388
2026-06-23T20:00:00Z,7434.75,7437.0,7431.5,7436.0,26440
2026-06-23T20:05:00Z,7435.75,7442.25,7435.5,7439.75,7431
2026-06-23T20:10:00Z,7439.5,7441.25,7438.0,7438.75,5152
2026-06-23T20:15:00Z,7438.5,7439.0,7435.25,7437.75,3236
2026-06-23T20:20:00Z,7437.75,7440.75,7437.0,7440.25,1598
2026-06-23T20:25:00Z,7440.25,7442.0,7439.5,7441.0,1769
2026-06-23T20:30:00Z,7440.75,7443.0,7439.5,7442.0,1390
2026-06-23T20:35:00Z,7442.25,7443.0,7439.75,7439.75,1027
2026-06-23T20:40:00Z,7439.75,7441.5,7438.25,7440.25,1099
2026-06-23T20:45:00Z,7440.5,7441.75,7439.25,7440.0,952
2026-06-23T20:50:00Z,7440.25,7441.5,7439.75,7441.25,1622
2026-06-23T20:55:00Z,7441.0,7446.75,7441.0,7445.5,2171
2026-06-23T22:00:00Z,7449.25,7451.75,7443.75,7446.25,0
2026-06-23T22:05:00Z,7446.0,7450.75,7444.75,7450.25,738
2026-06-23T22:10:00Z,7449.75,7452.25,7448.75,7449.0,655
2026-06-23T22:15:00Z,7449.0,7452.0,7446.0,7448.0,862
2026-06-23T22:20:00Z,7447.75,7448.5,7438.25,7438.25,1380
2026-06-23T22:25:00Z,7438.25,7440.0,7436.75,7436.75,1220
2026-06-23T22:30:00Z,7437.0,7440.75,7432.5,7433.5,1283
2026-06-23T22:35:00Z,7433.5,7434.5,7431.0,7433.25,1007
2026-06-23T22:40:00Z,7433.25,7434.5,7429.25,7430.5,913
2026-06-23T22:45:00Z,7430.5,7434.0,7430.5,7434.0,514
2026-06-23T22:50:00Z,7434.0,7435.5,7432.0,7434.25,693
2026-06-23T22:55:00Z,7434.0,7436.25,7434.0,7434.75,678
2026-06-23T23:00:00Z,7435.0,7435.5,7428.0,7428.75,1075
2026-06-23T23:05:00Z,7429.0,7429.25,7420.25,7426.5,3013
2026-06-23T23:10:00Z,7426.5,7434.5,7425.75,7433.0,1172
2026-06-23T23:15:00Z,7433.25,7436.0,7432.5,7434.25,635
2026-06-23T23:20:00Z,7434.75,7437.25,7433.5,7437.25,459
2026-06-23T23:25:00Z,7437.25,7438.25,7435.0,7435.75,509
2026-06-23T23:30:00Z,7436.0,7437.0,7430.5,7430.75,732
2026-06-23T23:35:00Z,7430.75,7431.5,7427.5,7428.5,931
2026-06-23T23:40:00Z,7428.5,7433.75,7427.75,7433.5,906
2026-06-23T23:45:00Z,7433.5,7450.75,7433.25,7446.5,3143
2026-06-23T23:50:00Z,7446.75,7448.75,7444.25,7445.25,981
2026-06-23T23:55:00Z,7445.0,7447.25,7444.25,7446.75,774
2026-06-24T00:00:00Z,7446.75,7455.5,7445.0,7445.5,2556
2026-06-24T00:05:00Z,7445.25,7456.75,7443.5,7455.0,2405
2026-06-24T00:10:00Z,7455.0,7459.75,7452.0,7454.25,2720
2026-06-24T00:15:00Z,7454.0,7458.75,7453.0,7456.5,2192
2026-06-24T00:20:00Z,7456.25,7456.5,7449.25,7450.0,1571
2026-06-24T00:25:00Z,7450.0,7455.0,7448.5,7454.75,1226
2026-06-24T00:30:00Z,7455.0,7458.0,7453.25,7456.75,1453
2026-06-24T00:35:00Z,7456.75,7458.25,7453.5,7456.0,1042
2026-06-24T00:40:00Z,7455.75,7458.25,7453.5,7456.5,887
2026-06-24T00:45:00Z,7456.25,7458.25,7453.25,7455.0,1026
2026-06-24T00:50:00Z,7454.75,7456.75,7451.25,7452.0,975
2026-06-24T00:55:00Z,7451.75,7453.75,7448.75,7453.5,1365
2026-06-24T01:00:00Z,7453.75,7454.75,7446.0,7447.25,1958
2026-06-24T01:05:00Z,7447.25,7453.25,7446.0,7447.75,1947
2026-06-24T01:10:00Z,7447.75,7452.0,7447.0,7451.75,1137
2026-06-24T01:15:00Z,7451.75,7451.75,7442.5,7444.0,1688
2026-06-24T01:20:00Z,7444.0,7451.5,7442.5,7451.0,1408
2026-06-24T01:25:00Z,7451.0,7452.75,7448.5,7451.0,969
2026-06-24T01:30:00Z,7451.0,7453.0,7450.0,7451.75,1115
2026-06-24T01:35:00Z,7451.5,7451.5,7448.0,7450.0,1005
2026-06-24T01:40:00Z,7450.0,7454.25,7448.75,7452.0,1288
2026-06-24T01:45:00Z,7452.0,7453.0,7449.0,7450.5,938
2026-06-24T01:50:00Z,7450.25,7453.75,7449.5,7453.75,898
2026-06-24T01:55:00Z,7454.0,7454.0,7449.5,7451.25,1052
2026-06-24T02:00:00Z,7451.0,7453.25,7449.25,7451.5,945
2026-06-24T02:05:00Z,7451.5,7451.75,7447.25,7451.0,891
2026-06-24T02:10:00Z,7451.25,7453.25,7450.0,7451.5,727
2026-06-24T02:15:00Z,7451.25,7451.75,7445.75,7448.75,910
2026-06-24T02:20:00Z,7448.75,7449.5,7442.75,7444.75,834
2026-06-24T02:25:00Z,7444.5,7448.75,7444.5,7448.0,817
2026-06-24T02:30:00Z,7448.25,7450.5,7446.0,7446.25,736
2026-06-24T02:35:00Z,7446.25,7446.75,7439.0,7441.25,1838
2026-06-24T02:40:00Z,7441.5,7443.75,7438.75,7440.25,1250
2026-06-24T02:45:00Z,7440.25,7441.0,7434.25,7436.0,1448
2026-06-24T02:50:00Z,7436.0,7436.75,7432.25,7434.0,1273
2026-06-24T02:55:00Z,7434.0,7435.5,7429.75,7430.25,1216
2026-06-24T03:00:00Z,7430.0,7434.75,7429.75,7430.0,2013
2026-06-24T03:05:00Z,7430.0,7436.75,7426.75,7435.75,1797
2026-06-24T03:10:00Z,7435.75,7446.25,7435.5,7445.0,2089
2026-06-24T03:15:00Z,7444.75,7444.75,7438.0,7438.25,1139
2026-06-24T03:20:00Z,7438.5,7441.0,7436.25,7437.5,734
2026-06-24T03:25:00Z,7437.5,7448.25,7437.5,7448.0,1118
2026-06-24T03:30:00Z,7447.75,7451.0,7447.0,7449.0,985
2026-06-24T03:35:00Z,7449.25,7451.75,7446.0,7447.75,995
2026-06-24T03:40:00Z,7447.5,7450.0,7445.75,7447.5,1033
2026-06-24T03:45:00Z,7447.5,7448.25,7444.25,7445.0,711
2026-06-24T03:50:00Z,7445.0,7447.0,7443.5,7445.25,609
2026-06-24T03:55:00Z,7445.25,7447.5,7444.25,7447.5,288
2026-06-24T04:05:00Z,7440.0,7442.0,7439.5,7441.5,1370
2026-06-24T04:10:00Z,7441.5,7443.0,7438.0,7439.75,447
2026-06-24T04:15:00Z,7439.75,7441.5,7436.25,7436.5,647
2026-06-24T04:20:00Z,7436.5,7438.75,7434.75,7435.75,838
2026-06-24T04:25:00Z,7435.5,7438.75,7435.5,7436.75,401
2026-06-24T04:30:00Z,7437.0,7444.25,7437.0,7444.0,1015
2026-06-24T04:35:00Z,7443.75,7449.0,7442.0,7448.0,756
2026-06-24T04:40:00Z,7447.75,7450.5,7447.0,7448.25,506
2026-06-24T04:45:00Z,7448.25,7450.5,7447.75,7449.5,740
2026-06-24T04:50:00Z,7449.75,7451.5,7448.25,7449.75,622
2026-06-24T04:55:00Z,7449.5,7451.5,7448.25,7449.5,543
2026-06-24T05:00:00Z,7449.75,7451.5,7448.5,7450.75,791
2026-06-24T05:05:00Z,7450.75,7452.5,7447.5,7451.75,885
2026-06-24T05:10:00Z,7451.5,7453.25,7450.25,7451.5,751
2026-06-24T05:15:00Z,7451.5,7456.25,7450.0,7455.75,1026
2026-06-24T05:20:00Z,7455.5,7456.75,7454.0,7456.5,729
2026-06-24T05:25:00Z,7456.5,7457.5,7453.75,7454.25,817
2026-06-24T05:30:00Z,7454.25,7457.75,7453.75,7454.25,873
2026-06-24T05:35:00Z,7454.5,7459.25,7454.25,7458.5,867
2026-06-24T05:40:00Z,7458.5,7458.5,7453.5,7454.25,695
2026-06-24T05:45:00Z,7454.0,7455.0,7451.75,7452.5,637
2026-06-24T05:50:00Z,7451.75,7452.0,7449.75,7450.5,385
2026-06-24T05:55:00Z,7450.25,7451.25,7449.75,7450.25,427
2026-06-24T06:00:00Z,7450.25,7450.5,7445.75,7446.25,777
2026-06-24T06:05:00Z,7446.25,7450.25,7446.0,7449.75,584
2026-06-24T06:10:00Z,7449.75,7453.75,7449.5,7452.0,675
2026-06-24T06:15:00Z,7452.0,7452.5,7447.5,7448.5,515
2026-06-24T06:20:00Z,7448.5,7448.5,7445.25,7447.5,622
2026-06-24T06:25:00Z,7447.0,7448.75,7445.5,7447.0,842
2026-06-24T06:30:00Z,7447.5,7451.5,7446.75,7451.25,812
2026-06-24T06:35:00Z,7451.0,7453.75,7450.0,7450.25,770
2026-06-24T06:40:00Z,7450.0,7451.25,7449.5,7450.0,533
2026-06-24T06:45:00Z,7450.0,7450.25,7448.25,7449.0,688
2026-06-24T06:50:00Z,7449.25,7451.75,7449.0,7450.5,550
2026-06-24T06:55:00Z,7450.5,7451.25,7448.5,7448.75,540
2026-06-24T07:00:00Z,7449.0,7450.75,7442.75,7445.75,2154
2026-06-24T07:05:00Z,7445.75,7449.75,7443.5,7446.5,1666
2026-06-24T07:10:00Z,7446.75,7450.0,7446.0,7447.75,998
2026-06-24T07:15:00Z,7448.0,7449.25,7444.75,7446.5,1342
2026-06-24T07:20:00Z,7446.5,7450.5,7444.75,7448.25,851
2026-06-24T07:25:00Z,7448.0,7448.0,7444.5,7444.5,993
2026-06-24T07:30:00Z,7444.5,7448.0,7444.25,7446.25,769
2026-06-24T07:35:00Z,7446.5,7446.5,7439.75,7444.5,1770
2026-06-24T07:40:00Z,7444.75,7450.75,7443.25,7450.25,1653
2026-06-24T07:45:00Z,7450.0,7452.75,7449.5,7451.5,1116
2026-06-24T07:50:00Z,7451.5,7451.5,7444.75,7446.0,937
2026-06-24T07:55:00Z,7446.25,7447.5,7442.0,7442.75,882
2026-06-24T08:00:00Z,7443.0,7450.75,7442.5,7450.5,1695
2026-06-24T08:05:00Z,7450.5,7452.5,7448.0,7448.75,1672
2026-06-24T08:10:00Z,7448.75,7452.25,7446.75,7452.25,1337
2026-06-24T08:15:00Z,7451.75,7453.0,7448.0,7448.5,1106
2026-06-24T08:20:00Z,7448.25,7449.75,7446.25,7447.75,1324
2026-06-24T08:25:00Z,7447.75,7448.5,7445.75,7448.5,837
2026-06-24T08:30:00Z,7448.5,7453.25,7447.0,7450.75,1095
2026-06-24T08:35:00Z,7450.75,7451.75,7447.0,7447.5,1030
2026-06-24T08:40:00Z,7447.5,7450.0,7447.0,7449.0,520
2026-06-24T08:45:00Z,7449.0,7449.25,7445.0,7445.0,709
2026-06-24T08:50:00Z,7445.25,7447.5,7445.0,7446.75,747
2026-06-24T08:55:00Z,7447.0,7447.75,7445.75,7447.5,625
2026-06-24T09:00:00Z,7447.5,7449.25,7444.25,7445.0,1285
2026-06-24T09:05:00Z,7445.25,7448.25,7444.5,7447.0,873
2026-06-24T09:10:00Z,7447.0,7452.25,7446.0,7451.25,829
2026-06-24T09:15:00Z,7451.25,7451.5,7443.0,7446.5,1333
2026-06-24T09:20:00Z,7446.75,7449.0,7446.0,7448.25,852
2026-06-24T09:25:00Z,7448.0,7449.75,7446.0,7447.0,913
2026-06-24T09:30:00Z,7446.75,7448.25,7445.5,7447.5,1077
2026-06-24T09:35:00Z,7447.25,7447.5,7444.0,7444.25,929
2026-06-24T09:40:00Z,7444.25,7444.25,7440.75,7441.25,1286
2026-06-24T09:45:00Z,7441.25,7444.5,7439.25,7444.25,1340
2026-06-24T09:50:00Z,7444.25,7448.75,7444.25,7446.0,835
2026-06-24T09:55:00Z,7446.25,7448.25,7446.0,7447.75,710
2026-06-24T10:00:00Z,7447.75,7447.75,7442.25,7445.25,1379
2026-06-24T10:05:00Z,7445.5,7447.5,7444.0,7445.75,1283
2026-06-24T10:10:00Z,7445.75,7448.0,7443.75,7447.75,643
2026-06-24T10:15:00Z,7447.5,7450.0,7447.0,7448.0,1136
2026-06-24T10:20:00Z,7448.25,7449.5,7447.0,7447.5,825
2026-06-24T10:25:00Z,7447.25,7450.5,7447.25,7450.5,460
2026-06-24T10:30:00Z,7450.5,7453.0,7449.75,7452.75,1551
2026-06-24T10:35:00Z,7452.5,7453.75,7452.0,7452.0,1150
2026-06-24T10:40:00Z,7452.0,7458.25,7451.75,7455.25,2678
2026-06-24T10:45:00Z,7455.25,7456.25,7452.0,7452.75,1000
2026-06-24T10:50:00Z,7452.75,7452.75,7448.5,7449.5,665
2026-06-24T10:55:00Z,7449.5,7450.5,7447.5,7449.0,1277
2026-06-24T11:00:00Z,7449.0,7455.75,7448.5,7453.25,1705
2026-06-24T11:05:00Z,7453.25,7453.75,7449.0,7449.25,774
2026-06-24T11:10:00Z,7449.5,7451.0,7448.0,7448.0,955
2026-06-24T11:15:00Z,7448.25,7449.25,7445.75,7446.25,1397
2026-06-24T11:20:00Z,7446.5,7449.0,7443.75,7448.75,1521
2026-06-24T11:25:00Z,7449.0,7449.25,7446.5,7447.5,937
2026-06-24T11:30:00Z,7447.75,7453.0,7447.5,7451.5,1545
2026-06-24T11:35:00Z,7451.5,7459.0,7451.25,7456.25,2702
2026-06-24T11:40:00Z,7456.25,7456.75,7453.75,7455.25,937
2026-06-24T11:45:00Z,7455.25,7464.25,7454.5,7463.25,2486
2026-06-24T11:50:00Z,7463.25,7465.0,7460.75,7463.75,3211
2026-06-24T11:55:00Z,7463.75,7464.0,7460.0,7463.75,1716
2026-06-24T12:00:00Z,7463.75,7464.5,7458.5,7462.0,4294
2026-06-24T12:05:00Z,7462.0,7463.0,7458.5,7460.5,1430
2026-06-24T12:10:00Z,7460.25,7462.75,7458.5,7460.25,1852
2026-06-24T12:15:00Z,7460.25,7465.5,7457.0,7465.5,2150
2026-06-24T12:20:00Z,7465.25,7466.75,7462.75,7464.25,1836
2026-06-24T12:25:00Z,7464.25,7467.25,7462.25,7465.0,2140
2026-06-24T12:30:00Z,7464.75,7467.25,7459.25,7459.5,1627
2026-06-24T12:35:00Z,7459.5,7460.0,7455.0,7457.0,2201
2026-06-24T12:40:00Z,7456.75,7457.25,7452.75,7454.0,1837
2026-06-24T12:45:00Z,7454.0,7455.5,7450.5,7451.75,2053
2026-06-24T12:50:00Z,7451.75,7451.75,7449.0,7450.5,2189
2026-06-24T12:55:00Z,7450.25,7451.5,7447.75,7450.5,2345
2026-06-24T13:00:00Z,7450.5,7455.75,7449.25,7449.75,4926
2026-06-24T13:05:00Z,7449.75,7452.0,7445.0,7446.75,4286
2026-06-24T13:10:00Z,7446.75,7447.25,7442.0,7442.75,4063
2026-06-24T13:15:00Z,7443.0,7447.0,7442.0,7446.75,3471
2026-06-24T13:20:00Z,7446.75,7449.25,7438.75,7445.5,7312
2026-06-24T13:25:00Z,7445.5,7449.25,7443.75,7447.25,7504
2026-06-24T13:30:00Z,7447.25,7466.75,7438.25,7463.5,45085
2026-06-24T13:35:00Z,7463.5,7468.0,7456.25,7458.5,26733
2026-06-24T13:40:00Z,7458.5,7460.5,7442.25,7452.75,30592
2026-06-24T13:45:00Z,7452.5,7457.75,7437.75,7450.0,33472
2026-06-24T13:50:00Z,7450.0,7472.25,7449.75,7468.25,30590
2026-06-24T13:55:00Z,7468.25,7468.75,7453.25,7454.75,22426
2026-06-24T14:00:00Z,7454.5,7459.0,7447.75,7450.5,25820
2026-06-24T14:05:00Z,7450.5,7460.5,7447.75,7453.0,25861
2026-06-24T14:10:00Z,7453.0,7457.75,7447.0,7451.25,22945
2026-06-24T14:15:00Z,7451.0,7455.0,7442.5,7444.0,19396
2026-06-24T14:20:00Z,7444.25,7460.25,7436.5,7458.5,30563
2026-06-24T14:25:00Z,7458.5,7466.0,7455.5,7461.0,20307
2026-06-24T14:30:00Z,7461.0,7469.0,7460.75,7465.5,18279
2026-06-24T14:35:00Z,7465.75,7468.0,7458.25,7458.75,16302
2026-06-24T14:40:00Z,7459.0,7473.5,7457.5,7472.75,19358
2026-06-24T14:45:00Z,7472.75,7486.0,7471.75,7479.5,26487
2026-06-24T14:50:00Z,7479.75,7487.25,7479.75,7480.75,17906
2026-06-24T14:55:00Z,7481.0,7494.25,7478.0,7493.75,20080
2026-06-24T15:00:00Z,7493.75,7496.5,7488.0,7490.0,21703
2026-06-24T15:05:00Z,7490.0,7490.75,7479.25,7481.0,17571
2026-06-24T15:10:00Z,7481.0,7485.25,7476.25,7481.75,17783
2026-06-24T15:15:00Z,7481.75,7490.75,7480.5,7489.0,13190
2026-06-24T15:20:00Z,7489.0,7490.5,7483.5,7484.25,12464
2026-06-24T15:25:00Z,7484.25,7493.75,7478.25,7493.75,17951
2026-06-24T15:30:00Z,7493.5,7496.5,7485.75,7489.25,17092
2026-06-24T15:35:00Z,7489.25,7492.25,7483.25,7485.75,12463
2026-06-24T15:40:00Z,7485.5,7487.5,7478.25,7481.75,14183
2026-06-24T15:45:00Z,7481.75,7483.75,7474.5,7483.25,16409
2026-06-24T15:50:00Z,7483.25,7489.75,7483.25,7485.25,11849
2026-06-24T15:55:00Z,7485.0,7487.25,7478.0,7480.25,10375
2026-06-24T16:00:00Z,7480.25,7483.0,7475.75,7477.5,13042
2026-06-24T16:05:00Z,7477.5,7481.25,7474.5,7478.0,11612
2026-06-24T16:10:00Z,7478.0,7485.5,7476.0,7481.25,11777
2026-06-24T16:15:00Z,7481.5,7485.0,7478.0,7480.0,8483
2026-06-24T16:20:00Z,7480.0,7484.25,7477.0,7483.0,7886
2026-06-24T16:25:00Z,7483.0,7483.0,7476.75,7477.75,8063
2026-06-24T16:30:00Z,7477.75,7477.75,7471.5,7473.25,12633
2026-06-24T16:35:00Z,7473.25,7476.0,7461.25,7461.75,17321
2026-06-24T16:40:00Z,7461.75,7462.25,7455.0,7459.75,24556
2026-06-24T16:45:00Z,7459.5,7461.75,7455.5,7459.25,15356
2026-06-24T16:50:00Z,7459.5,7464.5,7454.0,7454.0,12194
2026-06-24T16:55:00Z,7454.0,7456.25,7450.75,7453.0,10144
2026-06-24T17:00:00Z,7453.0,7461.25,7451.25,7460.25,9216
2026-06-24T17:05:00Z,7460.25,7460.75,7442.5,7445.5,12822
2026-06-24T17:10:00Z,7445.75,7450.0,7442.25,7444.0,14329
2026-06-24T17:15:00Z,7444.0,7447.75,7431.0,7433.75,20988
2026-06-24T17:20:00Z,7433.75,7434.25,7426.0,7426.75,19274
2026-06-24T17:25:00Z,7426.75,7428.25,7415.75,7416.75,20455
2026-06-24T17:30:00Z,7416.75,7422.25,7407.75,7418.25,29496
2026-06-24T17:35:00Z,7418.5,7424.5,7412.0,7420.25,18568
2026-06-24T17:40:00Z,7420.25,7423.5,7413.25,7414.75,14628
2026-06-24T17:45:00Z,7414.75,7421.75,7410.25,7420.0,15711
2026-06-24T17:50:00Z,7420.0,7421.75,7416.25,7421.0,11674
2026-06-24T17:55:00Z,7421.25,7427.25,7412.5,7414.0,15407
2026-06-24T18:00:00Z,7414.25,7425.25,7413.0,7421.5,16045
2026-06-24T18:05:00Z,7421.5,7429.5,7421.25,7426.0,14318
2026-06-24T18:10:00Z,7426.0,7427.5,7421.0,7424.75,12797
2026-06-24T18:15:00Z,7424.75,7435.75,7424.75,7433.75,17796
2026-06-24T18:20:00Z,7433.75,7439.75,7431.75,7439.75,15547
2026-06-24T18:25:00Z,7439.5,7443.25,7437.75,7440.0,14582
2026-06-24T18:30:00Z,7440.0,7442.25,7436.0,7439.0,13180
2026-06-24T18:35:00Z,7439.0,7439.5,7431.25,7432.75,11542
2026-06-24T18:40:00Z,7432.75,7434.25,7425.25,7429.25,12858
2026-06-24T18:45:00Z,7429.25,7429.25,7410.75,7414.25,15942
2026-06-24T18:50:00Z,7414.0,7418.25,7408.25,7417.75,21339
2026-06-24T18:55:00Z,7417.5,7424.5,7412.5,7415.5,16172
2026-06-24T19:00:00Z,7415.5,7425.25,7409.5,7422.0,18371
2026-06-24T19:05:00Z,7422.25,7422.25,7404.75,7409.5,18561
2026-06-24T19:10:00Z,7409.25,7413.25,7404.25,7412.25,14241
2026-06-24T19:15:00Z,7412.25,7413.25,7407.75,7412.0,10861
2026-06-24T19:20:00Z,7412.0,7414.75,7408.75,7414.75,10531
2026-06-24T19:25:00Z,7414.75,7419.75,7413.75,7416.25,13043
2026-06-24T19:30:00Z,7416.0,7418.5,7411.25,7413.25,16845
2026-06-24T19:35:00Z,7413.5,7416.25,7410.0,7414.0,12931
2026-06-24T19:40:00Z,7414.0,7417.25,7405.25,7411.0,15591
2026-06-24T19:45:00Z,7411.25,7418.5,7410.5,7417.25,16118
2026-06-24T19:50:00Z,7417.0,7427.5,7411.25,7426.75,27969
2026-06-24T19:55:00Z,7426.75,7431.5,7417.75,7428.25,78107
2026-06-24T20:00:00Z,7428.0,7451.25,7421.25,7450.75,31961
2026-06-24T20:05:00Z,7450.5,7465.25,7450.0,7459.75,17901
2026-06-24T20:10:00Z,7459.75,7464.5,7457.0,7463.5,8048
2026-06-24T20:15:00Z,7463.75,7465.0,7460.75,7462.75,4273
2026-06-24T20:20:00Z,7462.5,7473.25,7462.25,7472.75,5889
2026-06-24T20:25:00Z,7472.75,7474.0,7469.25,7470.5,4651
2026-06-24T20:30:00Z,7470.5,7475.0,7468.0,7468.0,3509
2026-06-24T20:35:00Z,7468.0,7473.5,7468.0,7473.25,2655
2026-06-24T20:40:00Z,7473.25,7480.0,7472.5,7479.25,3320
2026-06-24T20:45:00Z,7479.25,7482.25,7477.0,7479.25,3918
2026-06-24T20:50:00Z,7479.25,7479.25,7475.25,7477.5,2959
2026-06-24T20:55:00Z,7477.5,7478.75,7474.75,7477.5,2379
2026-06-24T22:00:00Z,7476.25,7486.75,7476.25,7477.75,0
2026-06-24T22:05:00Z,7477.75,7478.25,7472.25,7474.0,1176
2026-06-24T22:10:00Z,7474.0,7477.5,7472.25,7473.0,954
2026-06-24T22:15:00Z,7473.0,7473.25,7470.75,7471.25,744
2026-06-24T22:20:00Z,7471.0,7475.25,7470.5,7471.0,822
2026-06-24T22:25:00Z,7471.25,7471.75,7468.25,7468.5,1084
2026-06-24T22:30:00Z,7468.5,7471.25,7468.0,7469.5,774
2026-06-24T22:35:00Z,7469.5,7470.25,7468.0,7468.75,729
2026-06-24T22:40:00Z,7468.75,7471.5,7467.0,7470.75,916
2026-06-24T22:45:00Z,7470.75,7471.0,7466.5,7466.75,558
2026-06-24T22:50:00Z,7466.75,7469.5,7466.75,7467.5,568
2026-06-24T22:55:00Z,7467.5,7467.5,7465.75,7466.25,435
2026-06-24T23:00:00Z,7466.5,7468.25,7465.25,7467.25,704
2026-06-24T23:05:00Z,7467.25,7468.25,7466.5,7467.0,450
2026-06-24T23:10:00Z,7467.0,7468.75,7464.0,7464.75,743
2026-06-24T23:15:00Z,7465.0,7465.5,7464.0,7464.25,426
2026-06-24T23:20:00Z,7464.5,7468.75,7464.5,7468.25,422
2026-06-24T23:25:00Z,7468.25,7470.75,7468.0,7468.25,453
2026-06-24T23:30:00Z,7468.5,7471.25,7468.0,7471.25,307
2026-06-24T23:35:00Z,7471.25,7475.5,7471.0,7473.75,718
2026-06-24T23:40:00Z,7474.0,7475.75,7473.0,7474.25,522
2026-06-24T23:45:00Z,7474.5,7478.5,7471.5,7472.75,1211
2026-06-24T23:50:00Z,7472.75,7473.5,7469.75,7473.25,456
2026-06-24T23:55:00Z,7473.25,7474.0,7470.25,7471.75,407
2026-06-25T00:00:00Z,7472.0,7472.75,7465.5,7467.25,1472
2026-06-25T00:05:00Z,7467.0,7469.75,7464.75,7468.75,1548
2026-06-25T00:10:00Z,7469.0,7473.0,7467.5,7471.25,1047
2026-06-25T00:15:00Z,7471.0,7472.25,7468.0,7469.5,794
2026-06-25T00:20:00Z,7469.25,7471.25,7467.5,7468.75,608
2026-06-25T00:25:00Z,7468.5,7468.5,7464.5,7466.0,814
2026-06-25T00:30:00Z,7466.25,7467.0,7460.25,7461.5,1491
2026-06-25T00:35:00Z,7461.5,7462.25,7458.75,7459.75,920
2026-06-25T00:40:00Z,7459.75,7460.25,7454.0,7457.0,1652
2026-06-25T00:45:00Z,7457.0,7458.5,7453.5,7454.25,1237
2026-06-25T00:50:00Z,7454.25,7460.5,7454.25,7458.75,1096
2026-06-25T00:55:00Z,7459.25,7459.5,7453.0,7454.5,851
2026-06-25T01:00:00Z,7455.0,7459.0,7452.5,7453.0,1150
2026-06-25T01:05:00Z,7453.0,7455.75,7452.25,7455.0,767
2026-06-25T01:10:00Z,7454.75,7457.0,7454.25,7455.75,574
2026-06-25T01:15:00Z,7455.75,7458.25,7454.25,7458.0,812
2026-06-25T01:20:00Z,7458.0,7460.0,7457.5,7458.25,647
2026-06-25T01:25:00Z,7458.25,7459.25,7455.75,7456.25,499
2026-06-25T01:30:00Z,7456.75,7461.0,7455.75,7460.75,664
2026-06-25T01:35:00Z,7460.5,7466.5,7460.5,7464.0,979
2026-06-25T01:40:00Z,7463.75,7464.5,7460.25,7460.75,986
2026-06-25T01:45:00Z,7460.75,7462.5,7459.5,7462.5,480
2026-06-25T01:50:00Z,7462.75,7464.5,7461.0,7463.75,834
2026-06-25T01:55:00Z,7463.75,7465.0,7460.0,7460.25,595
2026-06-25T02:00:00Z,7460.0,7464.5,7458.25,7463.25,716
2026-06-25T02:05:00Z,7463.25,7465.0,7459.75,7461.25,675
2026-06-25T02:10:00Z,7461.0,7461.0,7454.0,7455.25,1511
2026-06-25T02:15:00Z,7455.5,7459.5,7452.75,7459.5,957
2026-06-25T02:20:00Z,7459.25,7463.0,7458.0,7459.5,560
2026-06-25T02:25:00Z,7459.5,7462.25,7458.5,7461.25,407
2026-06-25T02:30:00Z,7461.25,7462.75,7459.75,7462.25,359
2026-06-25T02:35:00Z,7462.0,7463.5,7460.75,7461.75,354
2026-06-25T02:40:00Z,7461.75,7462.0,7458.5,7459.75,363
2026-06-25T02:45:00Z,7459.5,7460.75,7458.75,7460.25,268
2026-06-25T02:50:00Z,7460.25,7461.5,7459.0,7461.5,326
2026-06-25T02:55:00Z,7461.5,7464.0,7460.5,7463.25,344
2026-06-25T03:00:00Z,7463.5,7467.25,7462.25,7465.75,710
2026-06-25T03:05:00Z,7465.5,7467.25,7463.75,7463.75,344
2026-06-25T03:10:00Z,7464.0,7464.75,7462.5,7464.0,428
2026-06-25T03:15:00Z,7464.0,7467.0,7460.25,7466.5,1004
2026-06-25T03:20:00Z,7466.25,7468.25,7465.5,7467.25,460
2026-06-25T03:25:00Z,7467.0,7467.5,7465.5,7466.5,284
2026-06-25T03:30:00Z,7466.5,7469.5,7466.25,7467.0,809
2026-06-25T03:35:00Z,7466.75,7466.75,7464.5,7466.25,396
2026-06-25T03:40:00Z,7466.0,7466.25,7464.0,7465.0,363
2026-06-25T03:45:00Z,7465.0,7467.5,7464.25,7467.0,269
2026-06-25T03:50:00Z,7467.0,7469.0,7466.0,7468.75,324
2026-06-25T03:55:00Z,7468.75,7469.75,7468.25,7469.5,411
2026-06-25T04:05:00Z,7466.5,7467.75,7466.5,7467.5,824
2026-06-25T04:10:00Z,7467.5,7468.0,7465.25,7465.25,367
2026-06-25T04:15:00Z,7465.25,7466.0,7462.5,7464.5,615
2026-06-25T04:20:00Z,7464.25,7467.0,7464.25,7465.0,521
2026-06-25T04:25:00Z,7464.75,7465.0,7463.75,7463.75,270
2026-06-25T04:30:00Z,7464.0,7464.0,7460.0,7461.25,463
2026-06-25T04:35:00Z,7461.25,7464.5,7459.75,7463.75,458
2026-06-25T04:40:00Z,7463.75,7466.5,7462.25,7466.5,316
2026-06-25T04:45:00Z,7466.75,7467.75,7465.5,7465.75,520
2026-06-25T04:50:00Z,7466.0,7467.75,7466.0,7466.75,298
2026-06-25T04:55:00Z,7466.5,7466.75,7463.0,7464.5,369
2026-06-25T05:00:00Z,7464.25,7468.25,7464.25,7467.75,382
2026-06-25T05:05:00Z,7468.0,7470.5,7468.0,7469.5,440
2026-06-25T05:10:00Z,7469.75,7470.0,7468.25,7469.5,357
2026-06-25T05:15:00Z,7469.75,7471.0,7468.5,7469.0,407
2026-06-25T05:20:00Z,7469.0,7472.5,7468.5,7471.75,502
2026-06-25T05:25:00Z,7471.75,7474.0,7471.25,7473.75,636
2026-06-25T05:30:00Z,7473.25,7474.5,7472.5,7474.25,609
2026-06-25T05:35:00Z,7474.75,7475.0,7472.75,7473.75,891
2026-06-25T05:40:00Z,7473.75,7476.5,7473.75,7474.5,952
2026-06-25T05:45:00Z,7474.5,7474.5,7471.5,7472.25,745
2026-06-25T05:50:00Z,7472.25,7473.5,7471.25,7472.0,630
2026-06-25T05:55:00Z,7471.75,7472.75,7470.75,7472.0,517
2026-06-25T06:00:00Z,7472.0,7475.0,7472.0,7472.0,743
2026-06-25T06:05:00Z,7472.25,7475.0,7471.0,7474.25,652
2026-06-25T06:10:00Z,7474.5,7478.5,7474.0,7477.5,888
2026-06-25T06:15:00Z,7477.5,7480.75,7476.75,7480.0,997
2026-06-25T06:20:00Z,7480.0,7481.0,7479.0,7480.5,633
2026-06-25T06:25:00Z,7480.25,7482.25,7479.25,7480.0,878
2026-06-25T06:30:00Z,7480.0,7481.25,7479.0,7481.0,992
2026-06-25T06:35:00Z,7481.25,7482.25,7479.5,7480.25,484
2026-06-25T06:40:00Z,7480.0,7480.75,7478.0,7479.25,381
2026-06-25T06:45:00Z,7479.25,7481.25,7478.5,7479.0,493
2026-06-25T06:50:00Z,7479.0,7480.25,7477.0,7477.25,551
2026-06-25T06:55:00Z,7477.5,7479.25,7477.25,7477.75,377
2026-06-25T07:00:00Z,7478.0,7481.75,7478.0,7481.0,1323
2026-06-25T07:05:00Z,7481.25,7484.0,7481.0,7482.75,1584
2026-06-25T07:10:00Z,7482.75,7483.25,7481.0,7481.75,768
2026-06-25T07:15:00Z,7481.75,7485.5,7481.5,7484.5,850
2026-06-25T07:20:00Z,7485.0,7488.75,7485.0,7487.25,1863
2026-06-25T07:25:00Z,7487.5,7488.0,7485.25,7485.75,813
2026-06-25T07:30:00Z,7486.0,7487.0,7484.75,7486.0,503
2026-06-25T07:35:00Z,7485.75,7487.25,7483.25,7487.0,648
2026-06-25T07:40:00Z,7487.0,7488.5,7486.75,7487.0,611
2026-06-25T07:45:00Z,7487.0,7487.25,7485.0,7485.75,522
2026-06-25T07:50:00Z,7485.75,7486.25,7484.75,7485.0,514
2026-06-25T07:55:00Z,7485.25,7488.25,7484.5,7488.0,542
2026-06-25T08:00:00Z,7488.25,7491.25,7485.5,7487.25,1702
2026-06-25T08:05:00Z,7487.25,7490.0,7487.0,7488.0,1100
2026-06-25T08:10:00Z,7487.75,7489.5,7483.5,7483.75,1024
2026-06-25T08:15:00Z,7483.5,7483.75,7480.25,7482.75,895
2026-06-25T08:20:00Z,7482.75,7484.0,7481.5,7482.75,693
2026-06-25T08:25:00Z,7482.75,7485.25,7482.25,7483.75,790
2026-06-25T08:30:00Z,7483.5,7485.0,7482.25,7482.25,644
2026-06-25T08:35:00Z,7482.25,7485.5,7482.25,7485.0,483
2026-06-25T08:40:00Z,7485.0,7485.0,7481.25,7481.5,850
2026-06-25T08:45:00Z,7481.25,7482.25,7479.0,7480.75,1124
2026-06-25T08:50:00Z,7481.0,7481.0,7476.75,7478.25,840
2026-06-25T08:55:00Z,7478.25,7479.0,7475.5,7477.0,642
2026-06-25T09:00:00Z,7477.0,7480.5,7476.25,7480.0,911
2026-06-25T09:05:00Z,7479.75,7482.5,7479.75,7479.75,591
2026-06-25T09:10:00Z,7479.75,7482.75,7479.25,7480.25,673
2026-06-25T09:15:00Z,7480.0,7481.75,7477.0,7477.0,777
2026-06-25T09:20:00Z,7477.0,7478.75,7476.75,7478.75,513
2026-06-25T09:25:00Z,7478.5,7480.0,7477.0,7479.0,768
2026-06-25T09:30:00Z,7479.0,7481.75,7478.5,7480.5,871
2026-06-25T09:35:00Z,7480.25,7482.75,7480.25,7482.25,383
2026-06-25T09:40:00Z,7482.25,7482.5,7480.75,7481.75,392
2026-06-25T09:45:00Z,7481.5,7482.25,7480.75,7482.0,422
2026-06-25T09:50:00Z,7482.0,7484.5,7481.5,7484.0,889
2026-06-25T09:55:00Z,7483.75,7484.0,7479.75,7480.75,480
2026-06-25T10:00:00Z,7480.5,7482.5,7479.75,7482.5,602
2026-06-25T10:05:00Z,7482.5,7484.75,7482.0,7484.5,705
2026-06-25T10:10:00Z,7484.5,7486.0,7483.75,7486.0,545
2026-06-25T10:15:00Z,7486.0,7486.75,7484.75,7485.75,486
2026-06-25T10:20:00Z,7485.5,7485.5,7483.5,7485.25,444
2026-06-25T10:25:00Z,7485.0,7486.5,7484.75,7486.25,441
2026-06-25T10:30:00Z,7486.25,7487.0,7484.25,7484.75,559
2026-06-25T10:35:00Z,7484.5,7487.5,7483.75,7485.5,448
2026-06-25T10:40:00Z,7485.75,7486.0,7481.75,7482.5,602
2026-06-25T10:45:00Z,7482.0,7483.75,7480.0,7483.5,417
2026-06-25T10:50:00Z,7483.5,7486.0,7483.5,7484.75,387
2026-06-25T10:55:00Z,7484.75,7485.75,7481.75,7483.75,573
2026-06-25T11:00:00Z,7483.75,7487.0,7483.75,7485.5,960
2026-06-25T11:05:00Z,7485.5,7485.5,7481.0,7482.0,659
2026-06-25T11:10:00Z,7482.0,7482.75,7480.0,7480.5,1053
2026-06-25T11:15:00Z,7480.25,7481.0,7478.5,7478.75,1198
2026-06-25T11:20:00Z,7478.75,7479.25,7473.5,7474.0,1392
2026-06-25T11:25:00Z,7474.0,7475.5,7472.5,7473.75,1095
2026-06-25T11:30:00Z,7473.75,7476.75,7472.25,7475.5,1324
2026-06-25T11:35:00Z,7475.5,7477.5,7474.25,7476.75,1168
2026-06-25T11:40:00Z,7476.75,7479.0,7476.0,7477.75,735
2026-06-25T11:45:00Z,7477.5,7480.5,7476.25,7476.5,865
2026-06-25T11:50:00Z,7476.5,7478.5,7474.25,7474.5,1323
2026-06-25T11:55:00Z,7474.5,7476.75,7473.0,7476.0,1639
2026-06-25T12:00:00Z,7475.75,7477.0,7474.75,7476.75,991
2026-06-25T12:05:00Z,7477.0,7482.75,7477.0,7481.0,1860
2026-06-25T12:10:00Z,7480.75,7480.75,7475.25,7476.75,1633
2026-06-25T12:15:00Z,7476.75,7479.5,7474.5,7476.0,1755
2026-06-25T12:20:00Z,7476.0,7476.25,7472.5,7475.5,1024
2026-06-25T12:25:00Z,7475.5,7476.5,7473.75,7474.5,1146
2026-06-25T12:30:00Z,7474.25,7496.0,7474.0,7489.5,9193
2026-06-25T12:35:00Z,7489.5,7492.5,7485.75,7487.5,4202
2026-06-25T12:40:00Z,7487.5,7489.5,7483.25,7485.25,3612
2026-06-25T12:45:00Z,7485.25,7492.75,7485.25,7489.0,2429
2026-06-25T12:50:00Z,7489.25,7490.25,7487.25,7489.25,1692
2026-06-25T12:55:00Z,7489.25,7489.25,7484.75,7487.0,1418
2026-06-25T13:00:00Z,7487.0,7488.75,7482.75,7484.0,2787
2026-06-25T13:05:00Z,7483.75,7484.75,7481.5,7481.75,2816
2026-06-25T13:10:00Z,7482.0,7484.25,7480.5,7483.5,2754
2026-06-25T13:15:00Z,7483.75,7483.75,7480.0,7481.75,2388
2026-06-25T13:20:00Z,7481.75,7483.25,7479.25,7481.25,2962
2026-06-25T13:25:00Z,7481.5,7488.25,7481.5,7485.75,8301
2026-06-25T13:30:00Z,7485.75,7490.5,7464.5,7469.75,45437
2026-06-25T13:35:00Z,7469.5,7477.0,7465.5,7466.5,28473
2026-06-25T13:40:00Z,7466.25,7467.75,7436.25,7438.75,39932
2026-06-25T13:45:00Z,7439.0,7444.0,7410.5,7424.5,62803
2026-06-25T13:50:00Z,7424.5,7432.0,7399.5,7401.5,49791
2026-06-25T13:55:00Z,7401.5,7407.0,7390.5,7393.25,53419
2026-06-25T14:00:00Z,7393.25,7430.25,7392.5,7427.75,51780
2026-06-25T14:05:00Z,7427.75,7445.75,7427.75,7444.75,44627
2026-06-25T14:10:00Z,7445.0,7454.25,7436.25,7437.25,42331
2026-06-25T14:15:00Z,7437.25,7453.0,7427.5,7452.25,33376
2026-06-25T14:20:00Z,7452.0,7462.0,7441.25,7446.5,31822
2026-06-25T14:25:00Z,7446.25,7455.75,7444.25,7451.0,21098
2026-06-25T14:30:00Z,7450.75,7467.75,7449.25,7460.5,23997
2026-06-25T14:35:00Z,7460.5,7465.5,7452.25,7463.0,16389
2026-06-25T14:40:00Z,7463.0,7464.0,7444.25,7450.75,17556
2026-06-25T14:45:00Z,7450.75,7463.0,7444.0,7460.5,14733
2026-06-25T14:50:00Z,7460.25,7475.75,7457.25,7474.5,18607
2026-06-25T14:55:00Z,7474.5,7474.5,7446.75,7449.5,23184
2026-06-25T15:00:00Z,7449.25,7459.5,7445.5,7458.75,14482
2026-06-25T15:05:00Z,7458.75,7462.25,7441.5,7444.0,16294
2026-06-25T15:10:00Z,7444.25,7445.5,7422.75,7426.0,17960
2026-06-25T15:15:00Z,7426.0,7435.0,7414.25,7432.75,20917
2026-06-25T15:20:00Z,7432.5,7444.75,7426.0,7441.5,15249
2026-06-25T15:25:00Z,7441.5,7445.0,7433.75,7439.25,11921
2026-06-25T15:30:00Z,7439.25,7451.5,7437.5,7438.25,15229
2026-06-25T15:35:00Z,7438.5,7446.0,7438.25,7438.25,8221
2026-06-25T15:40:00Z,7438.25,7445.5,7435.5,7443.75,8497
2026-06-25T15:45:00Z,7443.75,7454.75,7439.0,7440.25,9521
2026-06-25T15:50:00Z,7440.25,7446.0,7436.75,7442.5,7042
2026-06-25T15:55:00Z,7442.5,7446.0,7436.25,7437.5,6630
2026-06-25T16:00:00Z,7437.75,7440.5,7432.5,7438.0,8216
2026-06-25T16:05:00Z,7438.0,7450.5,7436.0,7449.75,9025
2026-06-25T16:10:00Z,7449.75,7458.25,7448.5,7453.5,10155
2026-06-25T16:15:00Z,7453.5,7458.75,7450.25,7451.25,10549
2026-06-25T16:20:00Z,7451.25,7453.75,7438.5,7440.5,11320
2026-06-25T16:25:00Z,7440.75,7442.25,7435.25,7437.75,8530
2026-06-25T16:30:00Z,7437.75,7438.25,7425.0,7429.25,12553
2026-06-25T16:35:00Z,7429.25,7431.25,7422.0,7422.75,9761
2026-06-25T16:40:00Z,7422.75,7425.0,7415.75,7417.75,10711
2026-06-25T16:45:00Z,7417.75,7424.0,7409.75,7423.0,16902
2026-06-25T16:50:00Z,7422.75,7425.75,7417.5,7422.0,9975
2026-06-25T16:55:00Z,7422.25,7422.5,7415.5,7420.25,6585
2026-06-25T17:00:00Z,7420.25,7425.0,7419.5,7419.75,5528
2026-06-25T17:05:00Z,7419.75,7423.5,7416.5,7421.75,4867
2026-06-25T17:10:00Z,7422.0,7432.5,7422.0,7427.25,8589
2026-06-25T17:15:00Z,7427.25,7438.0,7420.0,7420.0,10382
2026-06-25T17:20:00Z,7420.25,7426.25,7415.75,7424.0,9011
2026-06-25T17:25:00Z,7424.0,7431.75,7423.5,7427.75,7810
2026-06-25T17:30:00Z,7427.75,7430.5,7421.0,7424.25,6663
2026-06-25T17:35:00Z,7424.5,7430.75,7423.5,7428.25,6545
2026-06-25T17:40:00Z,7428.25,7433.0,7420.25,7421.5,7641
2026-06-25T17:45:00Z,7421.5,7421.75,7411.25,7413.25,8701
2026-06-25T17:50:00Z,7413.25,7423.0,7410.75,7420.5,7913
2026-06-25T17:55:00Z,7420.5,7431.0,7418.25,7429.5,8970
2026-06-25T18:00:00Z,7429.5,7431.0,7408.25,7414.25,17068
2026-06-25T18:05:00Z,7414.75,7431.25,7411.75,7429.25,12279
2026-06-25T18:10:00Z,7429.5,7435.5,7424.25,7427.5,11308
2026-06-25T18:15:00Z,7427.75,7449.75,7425.0,7443.75,14455
2026-06-25T18:20:00Z,7443.75,7448.25,7437.5,7444.5,10756
2026-06-25T18:25:00Z,7444.5,7456.75,7444.5,7454.25,11174
2026-06-25T18:30:00Z,7454.25,7454.5,7435.25,7435.5,12652
2026-06-25T18:35:00Z,7435.5,7442.75,7431.25,7440.0,10974
2026-06-25T18:40:00Z,7440.0,7440.75,7434.0,7434.75,6309
2026-06-25T18:45:00Z,7434.75,7434.75,7422.25,7431.0,9504
2026-06-25T18:50:00Z,7431.0,7439.5,7429.25,7432.5,7154
2026-06-25T18:55:00Z,7432.5,7436.5,7430.5,7434.5,5803
2026-06-25T19:00:00Z,7434.25,7435.0,7422.75,7425.5,7218
2026-06-25T19:05:00Z,7425.25,7428.0,7423.25,7426.25,7152
2026-06-25T19:10:00Z,7426.25,7427.75,7418.75,7419.25,7750
2026-06-25T19:15:00Z,7419.5,7422.25,7414.25,7418.25,9987
2026-06-25T19:20:00Z,7418.25,7422.75,7416.0,7422.5,9351
2026-06-25T19:25:00Z,7422.5,7424.75,7416.25,7419.75,8602
2026-06-25T19:30:00Z,7419.5,7420.75,7413.5,7417.5,10206
2026-06-25T19:35:00Z,7417.25,7417.5,7412.75,7416.75,10100
2026-06-25T19:40:00Z,7416.75,7419.25,7411.5,7415.75,11807
2026-06-25T19:45:00Z,7415.5,7416.5,7409.5,7413.5,13623
2026-06-25T19:50:00Z,7413.5,7422.25,7409.0,7421.25,18246
2026-06-25T19:55:00Z,7421.25,7430.0,7414.5,7428.75,73725
2026-06-25T20:00:00Z,7428.75,7451.75,7427.75,7440.25,35271
2026-06-25T20:05:00Z,7440.5,7443.75,7438.0,7438.5,6582
2026-06-25T20:10:00Z,7438.5,7438.5,7436.25,7438.25,4355
2026-06-25T20:15:00Z,7438.25,7447.5,7438.0,7447.0,6256
2026-06-25T20:20:00Z,7446.75,7454.5,7445.75,7448.25,4277
2026-06-25T20:25:00Z,7448.5,7449.25,7446.0,7446.75,1816
2026-06-25T20:30:00Z,7446.75,7447.0,7441.25,7445.5,2693
2026-06-25T20:35:00Z,7445.5,7445.75,7441.25,7441.5,1026
2026-06-25T20:40:00Z,7441.25,7442.5,7440.0,7440.5,1276
2026-06-25T20:45:00Z,7440.5,7441.0,7436.75,7437.75,1109
2026-06-25T20:50:00Z,7437.75,7438.25,7434.25,7434.5,1257
2026-06-25T20:55:00Z,7434.25,7436.0,7432.0,7433.75,1487
2026-06-25T22:00:00Z,7431.0,7435.75,7425.75,7426.5,0
2026-06-25T22:05:00Z,7426.5,7427.25,7423.25,7423.25,704
2026-06-25T22:10:00Z,7423.25,7423.25,7416.75,7420.5,1179
2026-06-25T22:15:00Z,7420.75,7425.75,7419.25,7420.25,685
2026-06-25T22:20:00Z,7420.5,7423.25,7417.75,7422.5,638
2026-06-25T22:25:00Z,7422.25,7422.5,7416.5,7417.25,576
2026-06-25T22:30:00Z,7417.25,7419.75,7416.0,7419.5,616
2026-06-25T22:35:00Z,7419.5,7422.25,7418.75,7421.25,393
2026-06-25T22:40:00Z,7420.75,7422.75,7420.0,7422.25,237
2026-06-25T22:45:00Z,7422.25,7422.75,7419.25,7420.5,262
2026-06-25T22:50:00Z,7421.0,7425.25,7420.0,7425.0,380
2026-06-25T22:55:00Z,7425.25,7426.5,7423.25,7425.25,298
2026-06-25T23:00:00Z,7425.25,7427.25,7424.5,7426.75,290
2026-06-25T23:05:00Z,7426.5,7427.0,7424.5,7425.25,288
2026-06-25T23:10:00Z,7425.5,7433.75,7425.5,7433.25,727
2026-06-25T23:15:00Z,7433.5,7449.0,7432.0,7446.75,1611
2026-06-25T23:20:00Z,7447.25,7454.0,7446.5,7449.5,2085
2026-06-25T23:25:00Z,7449.5,7454.25,7449.5,7449.75,1111
2026-06-25T23:30:00Z,7450.0,7451.25,7444.0,7444.75,1576
2026-06-25T23:35:00Z,7444.75,7445.0,7436.75,7437.25,1691
2026-06-25T23:40:00Z,7437.0,7437.25,7430.25,7430.75,1089
2026-06-25T23:45:00Z,7430.5,7430.75,7422.0,7423.0,1360
2026-06-25T23:50:00Z,7423.0,7423.0,7417.5,7421.75,1506
2026-06-25T23:55:00Z,7421.75,7423.75,7417.25,7423.75,805
2026-06-26T00:00:00Z,7423.75,7430.75,7419.75,7428.25,1400
2026-06-26T00:05:00Z,7428.75,7434.25,7427.75,7433.5,1003
2026-06-26T00:10:00Z,7433.25,7433.5,7427.0,7432.0,716
2026-06-26T00:15:00Z,7432.25,7434.75,7427.0,7427.25,844
2026-06-26T00:20:00Z,7427.5,7431.0,7426.25,7426.75,577
2026-06-26T00:25:00Z,7426.25,7430.0,7420.5,7429.5,1329
2026-06-26T00:30:00Z,7429.25,7430.5,7422.75,7424.75,999
2026-06-26T00:35:00Z,7425.0,7427.75,7421.75,7425.75,583
2026-06-26T00:40:00Z,7425.75,7429.75,7424.0,7426.0,761
2026-06-26T00:45:00Z,7426.0,7429.25,7425.25,7425.75,444
2026-06-26T00:50:00Z,7425.5,7428.75,7421.25,7422.25,622
2026-06-26T00:55:00Z,7422.0,7425.0,7418.75,7421.25,1048
2026-06-26T01:00:00Z,7421.75,7427.25,7418.5,7418.5,885
2026-06-26T01:05:00Z,7418.75,7420.0,7411.25,7418.0,1537
2026-06-26T01:10:00Z,7418.75,7425.0,7418.75,7421.75,579
2026-06-26T01:15:00Z,7422.0,7427.75,7421.25,7425.5,808
2026-06-26T01:20:00Z,7425.5,7427.0,7423.25,7423.75,382
2026-06-26T01:25:00Z,7423.75,7424.0,7416.5,7417.5,612
2026-06-26T01:30:00Z,7417.75,7418.75,7406.75,7408.75,1478
2026-06-26T01:35:00Z,7408.75,7410.25,7406.25,7408.75,991
2026-06-26T01:40:00Z,7408.5,7409.0,7402.0,7403.0,1640
2026-06-26T01:45:00Z,7403.0,7407.25,7397.75,7406.5,2324
2026-06-26T01:50:00Z,7406.75,7407.5,7402.0,7402.5,891
2026-06-26T01:55:00Z,7402.5,7402.75,7395.0,7399.75,1518
2026-06-26T02:00:00Z,7399.75,7401.5,7396.0,7396.25,1393
2026-06-26T02:05:00Z,7397.0,7401.25,7395.75,7396.75,748
2026-06-26T02:10:00Z,7396.5,7397.25,7391.75,7394.25,1381
2026-06-26T02:15:00Z,7394.25,7397.0,7392.0,7392.5,1061
2026-06-26T02:20:00Z,7392.5,7394.0,7388.5,7388.5,1482
2026-06-26T02:25:00Z,7388.5,7391.0,7386.0,7388.75,1740
2026-06-26T02:30:00Z,7389.0,7390.0,7383.0,7384.75,1575
2026-06-26T02:35:00Z,7384.75,7385.75,7379.0,7384.75,2118
2026-06-26T02:40:00Z,7384.75,7384.75,7378.25,7381.5,1173
2026-06-26T02:45:00Z,7381.5,7381.5,7371.75,7373.0,3018
2026-06-26T02:50:00Z,7373.5,7376.75,7369.0,7370.5,1799
2026-06-26T02:55:00Z,7370.5,7372.25,7366.5,7370.75,2046
2026-06-26T03:00:00Z,7371.25,7371.25,7365.25,7368.0,1567
2026-06-26T03:05:00Z,7368.25,7369.0,7365.5,7367.25,944
2026-06-26T03:10:00Z,7367.0,7371.75,7365.75,7369.5,1464
2026-06-26T03:15:00Z,7369.0,7371.75,7367.5,7370.25,881
2026-06-26T03:20:00Z,7370.25,7370.5,7365.25,7367.5,695
2026-06-26T03:25:00Z,7367.5,7370.25,7367.0,7368.5,727
2026-06-26T03:30:00Z,7368.25,7368.5,7363.0,7364.25,1170
2026-06-26T03:35:00Z,7364.0,7364.75,7357.25,7362.75,2123
2026-06-26T03:40:00Z,7363.25,7369.5,7361.5,7369.5,1584
2026-06-26T03:45:00Z,7369.5,7370.75,7366.75,7367.25,984
2026-06-26T03:50:00Z,7367.25,7377.25,7367.0,7376.75,1538
2026-06-26T03:55:00Z,7376.5,7381.25,7375.75,7381.0,1116
2026-06-26T04:05:00Z,7383.25,7384.0,7381.25,7381.25,3280
2026-06-26T04:10:00Z,7381.0,7384.25,7380.25,7381.0,642
2026-06-26T04:15:00Z,7381.25,7385.0,7380.5,7381.0,752
2026-06-26T04:20:00Z,7381.25,7382.0,7374.25,7374.25,1395
2026-06-26T04:25:00Z,7374.0,7377.5,7371.5,7376.5,1177
2026-06-26T04:30:00Z,7376.75,7380.0,7370.25,7370.5,906
2026-06-26T04:35:00Z,7371.0,7372.75,7369.75,7370.0,756
2026-06-26T04:40:00Z,7370.0,7373.5,7369.0,7373.0,758
2026-06-26T04:45:00Z,7373.25,7373.25,7368.0,7369.0,633
2026-06-26T04:50:00Z,7369.25,7370.25,7365.75,7368.25,851
2026-06-26T04:55:00Z,7368.0,7368.25,7366.25,7367.75,585
2026-06-26T05:00:00Z,7367.75,7371.75,7365.75,7366.5,924
2026-06-26T05:05:00Z,7366.75,7370.5,7364.5,7367.75,967
2026-06-26T05:10:00Z,7367.75,7376.75,7367.75,7376.75,1051
2026-06-26T05:15:00Z,7376.5,7379.25,7374.5,7376.5,976
2026-06-26T05:20:00Z,7376.5,7377.0,7373.5,7374.5,602
2026-06-26T05:25:00Z,7374.5,7380.25,7374.25,7378.75,987
2026-06-26T05:30:00Z,7378.75,7382.75,7378.75,7381.5,1189
2026-06-26T05:35:00Z,7381.0,7382.75,7374.75,7375.0,1344
2026-06-26T05:40:00Z,7375.0,7375.0,7367.75,7367.75,1615
2026-06-26T05:45:00Z,7368.0,7369.5,7365.25,7369.5,1149
2026-06-26T05:50:00Z,7369.75,7375.75,7369.0,7374.5,1502
2026-06-26T05:55:00Z,7374.5,7375.5,7371.5,7372.0,919
2026-06-26T06:00:00Z,7372.25,7375.5,7371.75,7373.5,1272
2026-06-26T06:05:00Z,7373.5,7374.0,7369.0,7370.25,991
2026-06-26T06:10:00Z,7370.25,7376.5,7369.25,7375.75,1359
2026-06-26T06:15:00Z,7376.0,7379.5,7375.75,7376.5,1233
2026-06-26T06:20:00Z,7376.5,7381.75,7376.25,7381.25,1251
2026-06-26T06:25:00Z,7381.25,7388.0,7379.75,7386.5,1826
2026-06-26T06:30:00Z,7386.75,7391.0,7384.0,7389.75,1787
2026-06-26T06:35:00Z,7389.5,7393.0,7389.5,7391.0,982
2026-06-26T06:40:00Z,7391.0,7395.75,7389.25,7395.25,926
2026-06-26T06:45:00Z,7395.25,7404.5,7394.25,7398.5,1937
2026-06-26T06:50:00Z,7398.5,7408.0,7396.75,7407.0,1483
2026-06-26T06:55:00Z,7406.75,7409.5,7402.5,7404.0,1732
2026-06-26T07:00:00Z,7404.0,7406.25,7398.25,7398.5,1701
2026-06-26T07:05:00Z,7398.75,7399.25,7395.0,7395.0,1292
2026-06-26T07:10:00Z,7395.0,7403.0,7394.75,7402.25,1029
2026-06-26T07:15:00Z,7402.5,7407.0,7401.25,7404.25,1759
2026-06-26T07:20:00Z,7404.5,7408.25,7401.25,7408.0,992
2026-06-26T07:25:00Z,7408.25,7409.75,7404.0,7409.25,1060
2026-06-26T07:30:00Z,7409.5,7413.75,7409.25,7411.5,1644
2026-06-26T07:35:00Z,7411.5,7412.75,7408.5,7412.25,1003
2026-06-26T07:40:00Z,7412.25,7412.25,7406.5,7406.75,731
2026-06-26T07:45:00Z,7406.75,7407.25,7404.5,7406.25,873
2026-06-26T07:50:00Z,7406.25,7411.75,7405.75,7411.5,741
2026-06-26T07:55:00Z,7412.0,7412.0,7409.75,7410.75,624
2026-06-26T08:00:00Z,7411.0,7416.0,7404.75,7404.75,2313
2026-06-26T08:05:00Z,7405.0,7410.0,7401.0,7407.0,1940
2026-06-26T08:10:00Z,7407.0,7408.25,7401.75,7402.75,1344
2026-06-26T08:15:00Z,7402.75,7406.75,7401.25,7402.0,741
2026-06-26T08:20:00Z,7402.0,7406.0,7400.25,7405.0,934
2026-06-26T08:25:00Z,7404.75,7409.5,7403.75,7407.75,993
2026-06-26T08:30:00Z,7407.5,7407.75,7398.5,7400.25,1501
2026-06-26T08:35:00Z,7400.25,7402.25,7398.5,7400.5,851
2026-06-26T08:40:00Z,7400.75,7403.0,7397.25,7397.75,674
2026-06-26T08:45:00Z,7397.5,7398.75,7391.25,7392.0,1384
2026-06-26T08:50:00Z,7392.0,7393.75,7385.0,7386.0,1470
2026-06-26T08:55:00Z,7386.0,7389.5,7382.75,7388.5,1520
2026-06-26T09:00:00Z,7388.75,7389.5,7383.5,7384.5,1338
2026-06-26T09:05:00Z,7384.5,7388.25,7383.5,7384.75,1204
2026-06-26T09:10:00Z,7384.75,7390.0,7382.25,7388.5,1026
2026-06-26T09:15:00Z,7388.25,7389.75,7382.5,7385.75,1790
2026-06-26T09:20:00Z,7385.75,7386.25,7380.25,7381.75,1462
2026-06-26T09:25:00Z,7381.75,7385.0,7380.5,7383.5,1335
2026-06-26T09:30:00Z,7383.5,7386.0,7379.75,7385.5,1368
2026-06-26T09:35:00Z,7385.75,7389.5,7384.25,7387.25,1038
2026-06-26T09:40:00Z,7387.5,7395.5,7387.5,7392.25,1170
2026-06-26T09:45:00Z,7392.25,7396.75,7390.5,7393.75,1303
2026-06-26T09:50:00Z,7393.75,7394.5,7387.75,7388.0,967
2026-06-26T09:55:00Z,7388.25,7388.25,7384.25,7385.25,1035
2026-06-26T10:00:00Z,7385.5,7386.25,7376.5,7380.0,1776
2026-06-26T10:05:00Z,7380.0,7385.75,7379.5,7385.25,906
2026-06-26T10:10:00Z,7385.25,7388.75,7383.75,7387.0,555
2026-06-26T10:15:00Z,7387.0,7389.5,7384.75,7384.75,661
2026-06-26T10:20:00Z,7384.5,7385.5,7381.0,7382.0,754
2026-06-26T10:25:00Z,7381.25,7387.0,7381.0,7386.25,495
2026-06-26T10:30:00Z,7386.25,7389.25,7384.25,7387.75,874
2026-06-26T10:35:00Z,7387.75,7388.25,7383.75,7384.5,959
2026-06-26T10:40:00Z,7384.25,7387.25,7383.5,7385.25,475
2026-06-26T10:45:00Z,7385.0,7388.75,7384.75,7386.25,730
2026-06-26T10:50:00Z,7386.5,7387.75,7383.0,7386.5,578
2026-06-26T10:55:00Z,7386.5,7387.25,7384.25,7386.5,684
2026-06-26T11:00:00Z,7386.5,7391.5,7383.25,7390.0,1769
2026-06-26T11:05:00Z,7390.0,7393.25,7387.5,7390.5,1120
2026-06-26T11:10:00Z,7390.5,7394.75,7389.25,7390.5,1368
2026-06-26T11:15:00Z,7390.75,7390.75,7386.5,7387.25,906
2026-06-26T11:20:00Z,7386.75,7389.75,7384.0,7387.0,969
2026-06-26T11:25:00Z,7387.0,7388.5,7385.0,7386.5,769
2026-06-26T11:30:00Z,7386.5,7389.0,7386.0,7387.5,898
2026-06-26T11:35:00Z,7387.0,7390.5,7386.0,7387.25,909
2026-06-26T11:40:00Z,7387.25,7390.75,7384.75,7385.75,1088
2026-06-26T11:45:00Z,7385.75,7389.0,7384.5,7388.0,891
2026-06-26T11:50:00Z,7388.0,7388.0,7377.75,7378.75,1522
2026-06-26T11:55:00Z,7378.75,7385.5,7378.75,7384.5,1517
2026-06-26T12:00:00Z,7384.75,7390.75,7383.0,7390.0,1379
2026-06-26T12:05:00Z,7390.0,7396.5,7389.75,7396.25,2438
2026-06-26T12:10:00Z,7395.75,7401.25,7393.25,7398.25,2023
2026-06-26T12:15:00Z,7398.5,7403.75,7396.5,7397.5,2271
2026-06-26T12:20:00Z,7397.75,7398.5,7390.5,7390.5,2096
2026-06-26T12:25:00Z,7390.5,7395.5,7390.0,7394.75,1387
2026-06-26T12:30:00Z,7394.5,7397.25,7391.5,7392.5,1617
2026-06-26T12:35:00Z,7392.25,7392.5,7385.25,7386.25,2626
2026-06-26T12:40:00Z,7386.25,7388.0,7383.5,7384.0,2619
2026-06-26T12:45:00Z,7384.25,7385.75,7381.0,7383.5,3331
2026-06-26T12:50:00Z,7383.25,7386.75,7380.25,7385.25,2636
2026-06-26T12:55:00Z,7385.25,7386.5,7383.25,7384.0,1735
2026-06-26T13:00:00Z,7384.0,7385.0,7378.75,7380.5,4376
2026-06-26T13:05:00Z,7380.25,7381.25,7375.25,7375.75,3390
2026-06-26T13:10:00Z,7375.75,7378.25,7373.5,7377.0,3480
2026-06-26T13:15:00Z,7376.75,7378.25,7364.75,7374.0,9495
2026-06-26T13:20:00Z,7374.25,7382.5,7372.0,7380.0,8331
2026-06-26T13:25:00Z,7379.75,7383.0,7377.0,7381.0,7091
2026-06-26T13:30:00Z,7381.0,7388.25,7360.0,7370.25,38994
2026-06-26T13:35:00Z,7370.25,7383.0,7367.25,7373.0,27156
2026-06-26T13:40:00Z,7372.75,7386.25,7368.75,7384.25,22464
2026-06-26T13:45:00Z,7384.25,7390.25,7371.25,7378.5,26971
2026-06-26T13:50:00Z,7378.75,7388.75,7377.25,7385.75,18151
2026-06-26T13:55:00Z,7386.0,7405.75,7384.0,7401.5,22282
2026-06-26T14:00:00Z,7401.25,7415.75,7398.75,7415.0,21959
2026-06-26T14:05:00Z,7415.0,7424.75,7414.25,7423.0,21679
2026-06-26T14:10:00Z,7423.0,7428.0,7417.25,7425.5,19544
2026-06-26T14:15:00Z,7425.5,7429.5,7418.0,7419.75,16480
2026-06-26T14:20:00Z,7420.0,7436.25,7418.25,7428.0,18331
2026-06-26T14:25:00Z,7428.0,7433.0,7426.0,7428.5,12781
2026-06-26T14:30:00Z,7428.75,7433.0,7424.0,7427.25,13000
2026-06-26T14:35:00Z,7427.5,7428.0,7415.0,7415.25,12813
2026-06-26T14:40:00Z,7415.25,7424.5,7409.25,7415.25,16923
2026-06-26T14:45:00Z,7415.25,7427.5,7413.75,7422.25,13059
2026-06-26T14:50:00Z,7422.25,7426.0,7415.25,7419.0,11658
2026-06-26T14:55:00Z,7418.75,7423.5,7411.75,7418.0,11047
2026-06-26T15:00:00Z,7418.0,7428.0,7418.0,7421.75,12073
2026-06-26T15:05:00Z,7422.0,7425.25,7416.0,7424.5,9559
2026-06-26T15:10:00Z,7424.25,7426.0,7412.75,7414.25,8942
2026-06-26T15:15:00Z,7414.5,7426.25,7409.5,7424.25,16437
2026-06-26T15:20:00Z,7424.25,7432.5,7422.0,7431.75,14064
2026-06-26T15:25:00Z,7431.5,7440.75,7430.5,7440.75,13413
2026-06-26T15:30:00Z,7440.5,7450.0,7437.5,7439.0,22318
2026-06-26T15:35:00Z,7439.25,7453.75,7439.25,7451.75,13472
2026-06-26T15:40:00Z,7451.75,7459.5,7449.25,7456.5,13254
2026-06-26T15:45:00Z,7456.5,7458.5,7449.0,7449.5,11649
2026-06-26T15:50:00Z,7449.5,7454.25,7435.0,7439.0,20735
2026-06-26T15:55:00Z,7439.25,7452.5,7437.5,7447.5,10585
2026-06-26T16:00:00Z,7447.75,7449.0,7444.75,7447.25,8321
2026-06-26T16:05:00Z,7447.0,7448.0,7434.5,7436.25,8252
2026-06-26T16:10:00Z,7436.0,7438.75,7431.25,7434.75,7905
2026-06-26T16:15:00Z,7434.75,7440.25,7431.25,7433.75,8375
2026-06-26T16:20:00Z,7433.75,7435.25,7420.75,7425.75,17710
2026-06-26T16:25:00Z,7425.5,7429.75,7424.25,7427.25,7508
2026-06-26T16:30:00Z,7427.25,7440.5,7427.25,7440.0,8643
2026-06-26T16:35:00Z,7440.0,7441.5,7435.5,7437.75,6190
2026-06-26T16:40:00Z,7437.75,7439.75,7433.25,7433.75,5387
2026-06-26T16:45:00Z,7433.75,7437.75,7432.0,7437.25,5449
2026-06-26T16:50:00Z,7437.25,7442.75,7436.5,7439.5,6186
2026-06-26T16:55:00Z,7439.75,7439.75,7436.0,7438.25,4310
2026-06-26T17:00:00Z,7438.25,7445.75,7435.0,7442.75,6920
2026-06-26T17:05:00Z,7442.75,7451.75,7442.5,7450.0,7639
2026-06-26T17:10:00Z,7449.75,7452.25,7442.75,7444.5,5541
2026-06-26T17:15:00Z,7444.5,7445.25,7436.5,7438.0,5177
2026-06-26T17:20:00Z,7437.75,7439.75,7432.75,7434.0,6303
2026-06-26T17:25:00Z,7433.75,7443.25,7431.25,7440.75,6866
2026-06-26T17:30:00Z,7440.75,7447.75,7437.5,7439.5,7852
2026-06-26T17:35:00Z,7439.5,7439.75,7433.25,7433.75,4768
2026-06-26T17:40:00Z,7433.5,7439.0,7429.25,7436.0,7449
2026-06-26T17:45:00Z,7436.0,7437.75,7431.75,7432.0,4335
2026-06-26T17:50:00Z,7432.25,7436.75,7431.25,7434.5,4926
2026-06-26T17:55:00Z,7434.25,7434.5,7427.75,7430.0,5620
2026-06-26T18:00:00Z,7430.25,7437.5,7429.5,7435.75,6391
2026-06-26T18:05:00Z,7436.0,7439.5,7433.75,7435.0,6099
2026-06-26T18:10:00Z,7434.75,7438.0,7432.0,7433.75,5217
2026-06-26T18:15:00Z,7434.0,7435.75,7425.5,7427.5,7509
2026-06-26T18:20:00Z,7427.25,7430.25,7425.5,7428.75,8236
2026-06-26T18:25:00Z,7428.5,7430.0,7420.25,7421.25,9613
2026-06-26T18:30:00Z,7421.5,7429.75,7420.75,7427.75,9214
2026-06-26T18:35:00Z,7427.5,7428.0,7420.75,7422.25,6794
2026-06-26T18:40:00Z,7422.0,7424.5,7420.5,7420.75,6158
2026-06-26T18:45:00Z,7420.75,7420.75,7410.0,7412.75,13039
2026-06-26T18:50:00Z,7413.0,7413.25,7408.75,7410.25,11995
2026-06-26T18:55:00Z,7410.25,7414.0,7405.25,7409.0,11279
2026-06-26T19:00:00Z,7408.75,7413.5,7406.75,7407.0,10545
2026-06-26T19:05:00Z,7407.25,7417.5,7406.5,7416.25,10440
2026-06-26T19:10:00Z,7416.0,7421.0,7412.75,7420.75,9554
2026-06-26T19:15:00Z,7420.5,7422.75,7417.0,7420.75,10991
2026-06-26T19:20:00Z,7420.5,7422.0,7411.0,7416.0,13424
2026-06-26T19:25:00Z,7415.75,7418.0,7414.25,7415.0,9194
2026-06-26T19:30:00Z,7415.25,7421.25,7410.5,7419.25,10760
2026-06-26T19:35:00Z,7419.5,7420.75,7415.5,7416.0,8352
2026-06-26T19:40:00Z,7416.25,7426.75,7415.75,7426.0,10437
2026-06-26T19:45:00Z,7426.0,7431.75,7420.5,7423.75,15548
2026-06-26T19:50:00Z,7423.5,7429.5,7418.5,7425.0,24642
2026-06-26T19:55:00Z,7424.75,7429.25,7369.75,7375.5,106918
2026-06-26T20:00:00Z,7379.75,7408.75,7368.5,7400.0,51812
2026-06-26T20:05:00Z,7399.75,7403.25,7392.75,7400.5,16591
2026-06-26T20:10:00Z,7400.75,7413.5,7398.75,7412.25,12004
2026-06-26T20:15:00Z,7412.5,7417.25,7410.25,7413.25,5823
2026-06-26T20:20:00Z,7413.0,7418.5,7410.75,7417.75,5650
2026-06-26T20:25:00Z,7417.75,7421.0,7415.5,7415.75,5977
2026-06-26T20:30:00Z,7415.5,7416.75,7400.25,7408.5,5823
2026-06-26T20:35:00Z,7408.25,7411.75,7397.25,7404.0,6245
2026-06-26T20:40:00Z,7403.75,7404.0,7397.5,7399.75,3502
2026-06-26T20:45:00Z,7400.0,7401.75,7396.0,7400.0,3683
2026-06-26T20:50:00Z,7400.25,7404.25,7399.75,7402.5,2629
2026-06-26T20:55:00Z,7402.5,7404.75,7395.25,7401.75,4566
2026-06-28T22:10:00Z,7431.0,7437.75,7428.5,7435.25,1162
2026-06-28T22:15:00Z,7435.25,7435.5,7431.25,7432.0,835
2026-06-28T22:20:00Z,7431.75,7437.0,7427.0,7433.5,1509
2026-06-28T22:25:00Z,7433.5,7437.5,7432.0,7434.75,817
2026-06-28T22:30:00Z,7435.0,7438.5,7434.25,7435.0,1066
2026-06-28T22:35:00Z,7434.75,7437.5,7434.25,7435.0,503
2026-06-28T22:40:00Z,7435.0,7438.25,7434.25,7437.75,481
2026-06-28T22:45:00Z,7437.75,7438.5,7436.0,7437.5,328
2026-06-28T22:50:00Z,7437.5,7437.75,7434.0,7434.75,300
2026-06-28T22:55:00Z,7435.25,7436.25,7434.0,7434.5,283
2026-06-28T23:00:00Z,7434.5,7440.75,7432.5,7438.75,839
2026-06-28T23:05:00Z,7439.0,7447.5,7437.5,7447.5,1762
2026-06-28T23:10:00Z,7447.0,7448.5,7445.0,7446.25,886
2026-06-28T23:15:00Z,7446.5,7449.75,7444.25,7448.0,759
2026-06-28T23:20:00Z,7448.25,7451.5,7448.0,7449.0,699
2026-06-28T23:25:00Z,7449.0,7450.25,7448.5,7449.5,286
2026-06-28T23:30:00Z,7449.5,7452.75,7449.25,7451.0,618
2026-06-28T23:35:00Z,7451.0,7453.5,7450.25,7453.0,422
2026-06-28T23:40:00Z,7453.0,7453.5,7451.0,7452.0,669
2026-06-28T23:45:00Z,7452.0,7455.75,7449.5,7451.75,1310
2026-06-28T23:50:00Z,7451.75,7452.0,7448.75,7449.25,689
2026-06-28T23:55:00Z,7449.25,7450.75,7447.0,7447.25,996
2026-06-29T00:00:00Z,7447.5,7447.5,7432.75,7436.5,3833
2026-06-29T00:05:00Z,7436.75,7439.0,7432.5,7436.0,1398
2026-06-29T00:10:00Z,7436.25,7442.5,7435.0,7436.25,1209
2026-06-29T00:15:00Z,7436.25,7438.5,7427.75,7433.0,2096
2026-06-29T00:20:00Z,7432.75,7433.25,7423.25,7425.25,1962
2026-06-29T00:25:00Z,7425.25,7428.25,7422.75,7423.0,1650
2026-06-29T00:30:00Z,7423.25,7428.5,7422.5,7426.75,2069
2026-06-29T00:35:00Z,7426.5,7429.25,7424.0,7426.75,1318
2026-06-29T00:40:00Z,7426.75,7436.25,7426.25,7435.5,1393
2026-06-29T00:45:00Z,7434.75,7434.75,7423.0,7427.0,1450
2026-06-29T00:50:00Z,7427.0,7432.25,7426.75,7432.0,1057
2026-06-29T00:55:00Z,7432.25,7440.25,7432.25,7438.5,1212
2026-06-29T01:00:00Z,7438.5,7440.75,7430.5,7433.25,1467
2026-06-29T01:05:00Z,7433.25,7439.5,7433.25,7434.5,798
2026-06-29T01:10:00Z,7434.75,7437.25,7434.0,7436.75,575
2026-06-29T01:15:00Z,7437.0,7437.25,7427.0,7430.25,1011
2026-06-29T01:20:00Z,7429.75,7436.25,7428.25,7433.5,1060
2026-06-29T01:25:00Z,7434.0,7436.5,7428.5,7429.25,887
2026-06-29T01:30:00Z,7429.5,7432.0,7426.75,7429.25,1073
2026-06-29T01:35:00Z,7429.25,7440.25,7428.5,7438.75,1636
2026-06-29T01:40:00Z,7438.5,7443.0,7438.5,7440.5,1049
2026-06-29T01:45:00Z,7440.25,7441.25,7434.75,7437.25,886
2026-06-29T01:50:00Z,7437.75,7439.5,7435.75,7437.75,656
2026-06-29T01:55:00Z,7437.75,7441.75,7436.75,7438.5,916
2026-06-29T02:00:00Z,7438.75,7439.75,7433.5,7434.25,853
2026-06-29T02:05:00Z,7434.25,7435.75,7428.75,7429.75,900
2026-06-29T02:10:00Z,7429.75,7431.25,7421.75,7422.75,1305
2026-06-29T02:15:00Z,7422.5,7429.25,7420.75,7428.75,1103
2026-06-29T02:20:00Z,7428.75,7435.75,7428.75,7434.5,792
2026-06-29T02:25:00Z,7434.25,7441.0,7433.25,7439.75,942
2026-06-29T02:30:00Z,7440.0,7441.0,7438.0,7439.75,816
2026-06-29T02:35:00Z,7439.0,7443.75,7438.5,7441.75,685
2026-06-29T02:40:00Z,7441.5,7443.5,7440.5,7441.5,505
2026-06-29T02:45:00Z,7441.75,7443.0,7440.5,7442.5,466
2026-06-29T02:50:00Z,7442.5,7443.0,7440.0,7440.25,463
2026-06-29T02:55:00Z,7440.5,7442.5,7440.25,7440.5,390
2026-06-29T03:00:00Z,7440.75,7448.0,7440.75,7446.75,1327
2026-06-29T03:05:00Z,7446.75,7450.0,7446.25,7447.75,1362
2026-06-29T03:10:00Z,7448.0,7448.0,7444.25,7444.5,739
2026-06-29T03:15:00Z,7444.5,7445.0,7443.5,7444.5,435
2026-06-29T03:20:00Z,7444.5,7446.25,7443.0,7444.25,562
2026-06-29T03:25:00Z,7444.0,7446.5,7443.25,7444.75,610
2026-06-29T03:30:00Z,7444.5,7446.0,7439.5,7440.25,939
2026-06-29T03:35:00Z,7440.5,7440.5,7434.0,7436.5,929
2026-06-29T03:40:00Z,7436.5,7438.5,7435.25,7436.75,494
2026-06-29T03:45:00Z,7436.75,7445.5,7436.0,7444.75,763
2026-06-29T03:50:00Z,7444.75,7452.75,7444.75,7449.0,1328
2026-06-29T03:55:00Z,7449.0,7451.5,7447.0,7450.25,596
2026-06-29T04:00:00Z,7450.25,7450.5,7447.25,7447.75,601
2026-06-29T04:05:00Z,7447.75,7448.5,7444.75,7447.25,668
2026-06-29T04:10:00Z,7447.0,7447.25,7444.75,7445.25,347
2026-06-29T04:15:00Z,7445.25,7445.5,7442.75,7443.5,424
2026-06-29T04:20:00Z,7443.5,7445.5,7441.5,7445.0,456
2026-06-29T04:25:00Z,7445.25,7448.0,7443.5,7444.25,578
2026-06-29T04:30:00Z,7444.5,7446.0,7441.75,7443.0,424
2026-06-29T04:35:00Z,7442.75,7445.25,7441.25,7442.75,433
2026-06-29T04:40:00Z,7442.75,7443.0,7439.75,7441.5,582
2026-06-29T04:45:00Z,7441.75,7443.0,7440.0,7443.0,430
2026-06-29T04:50:00Z,7443.0,7445.25,7441.5,7444.5,359
2026-06-29T04:55:00Z,7444.25,7444.25,7440.75,7442.0,372
2026-06-29T05:00:00Z,7442.25,7444.25,7439.5,7441.25,606
2026-06-29T05:05:00Z,7441.0,7443.5,7439.0,7441.75,464
2026-06-29T05:10:00Z,7442.0,7445.0,7439.0,7444.5,581
2026-06-29T05:15:00Z,7444.75,7447.25,7440.5,7442.0,783
2026-06-29T05:20:00Z,7442.0,7444.0,7441.25,7443.0,344
2026-06-29T05:25:00Z,7443.0,7445.0,7441.5,7442.75,478
2026-06-29T05:30:00Z,7442.5,7449.25,7442.0,7449.25,946
2026-06-29T05:35:00Z,7449.0,7450.0,7445.25,7447.75,760
2026-06-29T05:40:00Z,7448.0,7453.75,7447.5,7453.0,1268
2026-06-29T05:45:00Z,7453.25,7453.25,7451.0,7451.5,962
2026-06-29T05:50:00Z,7451.25,7457.25,7450.0,7456.5,1598
2026-06-29T05:55:00Z,7456.5,7458.5,7454.75,7457.25,1431
2026-06-29T06:00:00Z,7457.0,7457.75,7447.75,7449.5,1893
2026-06-29T06:05:00Z,7449.75,7449.75,7446.0,7447.5,1018
2026-06-29T06:10:00Z,7447.75,7448.5,7445.5,7447.75,889
2026-06-29T06:15:00Z,7447.75,7449.0,7447.0,7447.75,718
2026-06-29T06:20:00Z,7447.5,7450.75,7446.75,7450.25,805
2026-06-29T06:25:00Z,7450.5,7452.25,7449.0,7450.75,840
2026-06-29T06:30:00Z,7451.0,7454.0,7449.5,7453.75,1009
2026-06-29T06:35:00Z,7454.0,7454.75,7450.0,7451.5,608
2026-06-29T06:40:00Z,7451.5,7453.75,7451.0,7451.75,665
2026-06-29T06:45:00Z,7451.75,7452.0,7449.0,7449.25,574
2026-06-29T06:50:00Z,7449.5,7450.0,7447.0,7447.0,829
2026-06-29T06:55:00Z,7446.75,7447.0,7444.25,7446.25,934
2026-06-29T07:00:00Z,7446.5,7446.75,7436.5,7440.75,2497
2026-06-29T07:05:00Z,7440.5,7442.0,7437.5,7441.25,1640
2026-06-29T07:10:00Z,7441.75,7443.0,7437.25,7442.75,1103
2026-06-29T07:15:00Z,7442.75,7447.5,7442.75,7445.5,902
2026-06-29T07:20:00Z,7445.25,7448.5,7444.25,7447.5,1021
2026-06-29T07:25:00Z,7447.5,7451.75,7446.25,7450.25,972
2026-06-29T07:30:00Z,7450.25,7450.5,7446.75,7448.75,795
2026-06-29T07:35:00Z,7448.5,7452.5,7446.75,7452.5,696
2026-06-29T07:40:00Z,7452.5,7453.25,7450.25,7450.75,858
2026-06-29T07:45:00Z,7450.5,7452.75,7448.25,7449.5,1403
2026-06-29T07:50:00Z,7449.75,7451.75,7449.0,7450.0,514
2026-06-29T07:55:00Z,7449.5,7451.5,7449.0,7451.5,472
2026-06-29T08:00:00Z,7451.25,7458.75,7450.25,7455.75,2017
2026-06-29T08:05:00Z,7455.5,7459.75,7455.0,7458.0,1322
2026-06-29T08:10:00Z,7458.0,7459.0,7456.5,7458.0,734
2026-06-29T08:15:00Z,7457.75,7463.75,7455.25,7460.5,2096
2026-06-29T08:20:00Z,7460.25,7461.0,7457.75,7459.25,885
2026-06-29T08:25:00Z,7459.25,7461.75,7455.75,7456.25,772
2026-06-29T08:30:00Z,7456.25,7460.75,7455.5,7460.0,820
2026-06-29T08:35:00Z,7460.0,7461.75,7455.75,7456.5,695
2026-06-29T08:40:00Z,7456.75,7456.75,7454.0,7455.0,951
2026-06-29T08:45:00Z,7454.75,7457.5,7453.75,7455.25,570
2026-06-29T08:50:00Z,7455.25,7456.5,7452.5,7453.0,508
2026-06-29T08:55:00Z,7453.0,7453.25,7450.75,7451.5,778
2026-06-29T09:00:00Z,7451.25,7453.75,7450.5,7453.0,735
2026-06-29T09:05:00Z,7452.75,7453.75,7451.0,7453.0,607
2026-06-29T09:10:00Z,7452.75,7454.75,7451.0,7453.75,777
2026-06-29T09:15:00Z,7453.5,7456.25,7452.25,7455.5,672
2026-06-29T09:20:00Z,7455.5,7456.5,7454.5,7456.5,837
2026-06-29T09:25:00Z,7456.25,7458.75,7455.25,7457.75,1042
2026-06-29T09:30:00Z,7458.0,7459.25,7456.25,7456.5,769
2026-06-29T09:35:00Z,7456.5,7457.0,7454.25,7456.0,633
2026-06-29T09:40:00Z,7455.75,7456.0,7453.75,7455.5,577
2026-06-29T09:45:00Z,7455.25,7456.25,7453.75,7454.5,460
2026-06-29T09:50:00Z,7454.5,7455.5,7447.5,7451.0,2574
2026-06-29T09:55:00Z,7451.0,7455.25,7450.5,7454.5,1077
2026-06-29T10:00:00Z,7454.75,7459.5,7454.75,7458.0,1376
2026-06-29T10:05:00Z,7457.75,7460.5,7456.0,7460.25,768
2026-06-29T10:10:00Z,7460.5,7461.0,7456.0,7456.75,731
2026-06-29T10:15:00Z,7456.75,7456.75,7452.5,7455.25,970
2026-06-29T10:20:00Z,7455.25,7456.5,7454.25,7455.0,487
2026-06-29T10:25:00Z,7455.0,7460.25,7454.0,7460.0,777
2026-06-29T10:30:00Z,7460.25,7462.5,7459.25,7461.0,930
2026-06-29T10:35:00Z,7461.25,7465.0,7459.25,7463.5,1434
2026-06-29T10:40:00Z,7463.75,7464.0,7461.5,7461.75,741
2026-06-29T10:45:00Z,7461.75,7462.25,7455.75,7461.5,1460
2026-06-29T10:50:00Z,7461.75,7463.0,7461.0,7462.5,682
2026-06-29T10:55:00Z,7462.75,7466.75,7461.75,7466.0,2244
2026-06-29T11:00:00Z,7466.0,7469.5,7465.25,7469.0,2688
2026-06-29T11:05:00Z,7469.0,7470.5,7467.25,7467.25,1644
2026-06-29T11:10:00Z,7467.0,7467.25,7462.75,7463.25,1009
2026-06-29T11:15:00Z,7463.25,7464.25,7459.5,7460.0,1040
2026-06-29T11:20:00Z,7460.25,7461.75,7458.0,7460.25,1244
2026-06-29T11:25:00Z,7460.25,7463.5,7460.0,7462.0,531
2026-06-29T11:30:00Z,7462.0,7473.75,7460.25,7465.5,3934
2026-06-29T11:35:00Z,7465.5,7467.0,7463.5,7463.75,764
2026-06-29T11:40:00Z,7463.75,7466.5,7463.0,7464.5,1031
2026-06-29T11:45:00Z,7464.5,7467.75,7464.5,7466.25,898
2026-06-29T11:50:00Z,7466.25,7468.75,7464.25,7465.0,819
2026-06-29T11:55:00Z,7465.25,7465.75,7462.5,7463.5,1206
2026-06-29T12:00:00Z,7463.5,7465.5,7461.5,7464.25,1268
2026-06-29T12:05:00Z,7464.25,7465.5,7462.5,7465.0,959
2026-06-29T12:10:00Z,7465.25,7467.75,7465.0,7466.0,1054
2026-06-29T12:15:00Z,7466.0,7469.25,7465.0,7466.75,1273
2026-06-29T12:20:00Z,7466.75,7467.5,7464.0,7464.75,995
2026-06-29T12:25:00Z,7464.75,7467.75,7464.75,7465.5,1133
2026-06-29T12:30:00Z,7465.5,7467.25,7461.0,7467.0,2117
2026-06-29T12:35:00Z,7467.0,7467.75,7460.25,7461.0,1702
2026-06-29T12:40:00Z,7460.75,7461.75,7455.25,7459.25,2683
2026-06-29T12:45:00Z,7459.25,7462.25,7457.5,7458.75,1533
2026-06-29T12:50:00Z,7458.75,7461.25,7457.75,7460.0,1674
2026-06-29T12:55:00Z,7460.0,7464.0,7459.75,7464.0,1204
2026-06-29T13:00:00Z,7464.0,7466.75,7463.75,7464.25,2337
2026-06-29T13:05:00Z,7464.5,7466.25,7463.0,7464.0,2028
2026-06-29T13:10:00Z,7464.0,7468.25,7463.5,7467.5,1989
2026-06-29T13:15:00Z,7467.5,7468.75,7466.5,7466.5,2506
2026-06-29T13:20:00Z,7466.75,7467.25,7458.25,7459.25,3312
2026-06-29T13:25:00Z,7459.5,7460.25,7455.0,7457.0,6301
2026-06-29T13:30:00Z,7457.0,7479.0,7444.5,7478.25,50339
2026-06-29T13:35:00Z,7478.0,7478.25,7460.25,7471.25,32794
2026-06-29T13:40:00Z,7471.5,7483.5,7464.25,7483.5,25305
2026-06-29T13:45:00Z,7483.5,7488.25,7478.5,7479.0,29156
2026-06-29T13:50:00Z,7479.25,7490.0,7474.0,7479.5,25554
2026-06-29T13:55:00Z,7479.5,7480.75,7453.75,7458.5,38572
2026-06-29T14:00:00Z,7458.5,7460.75,7448.25,7450.0,39242
2026-06-29T14:05:00Z,7450.0,7450.75,7435.25,7439.5,35052
2026-06-29T14:10:00Z,7439.5,7442.5,7415.5,7415.75,35714
2026-06-29T14:15:00Z,7415.5,7428.25,7409.0,7425.75,39515
2026-06-29T14:20:00Z,7426.0,7434.75,7421.5,7430.25,26115
2026-06-29T14:25:00Z,7430.25,7450.75,7430.0,7449.25,27913
2026-06-29T14:30:00Z,7449.5,7465.75,7448.0,7463.0,34849
2026-06-29T14:35:00Z,7462.75,7466.5,7457.75,7460.5,26491
2026-06-29T14:40:00Z,7460.75,7467.75,7457.25,7459.75,21599
2026-06-29T14:45:00Z,7459.75,7460.25,7447.75,7455.75,23830
2026-06-29T14:50:00Z,7455.5,7472.5,7455.0,7469.0,21782
2026-06-29T14:55:00Z,7468.75,7469.0,7460.5,7468.0,17160
2026-06-29T15:00:00Z,7468.0,7469.5,7461.25,7462.75,16622
2026-06-29T15:05:00Z,7462.75,7464.75,7459.25,7461.25,12444
2026-06-29T15:10:00Z,7461.25,7464.0,7454.75,7464.0,16894
2026-06-29T15:15:00Z,7464.25,7467.0,7458.5,7459.0,10012
2026-06-29T15:20:00Z,7459.0,7464.5,7453.0,7456.5,12594
2026-06-29T15:25:00Z,7456.75,7467.75,7454.75,7467.0,11054
2026-06-29T15:30:00Z,7467.0,7469.5,7464.75,7465.75,13772
2026-06-29T15:35:00Z,7465.5,7471.0,7461.5,7469.75,11187
2026-06-29T15:40:00Z,7470.0,7474.75,7466.75,7474.25,11328
2026-06-29T15:45:00Z,7474.5,7474.5,7467.5,7469.0,13360
2026-06-29T15:50:00Z,7469.0,7471.75,7467.5,7470.5,9253
2026-06-29T15:55:00Z,7470.5,7475.75,7468.0,7475.0,8964
2026-06-29T16:00:00Z,7475.25,7479.5,7474.75,7479.0,13246
2026-06-29T16:05:00Z,7479.25,7481.75,7476.5,7478.25,12251
2026-06-29T16:10:00Z,7478.5,7480.0,7474.75,7475.5,7736
2026-06-29T16:15:00Z,7475.25,7478.0,7474.75,7476.0,6349
2026-06-29T16:20:00Z,7476.25,7478.25,7474.0,7478.25,6998
2026-06-29T16:25:00Z,7478.0,7479.0,7473.0,7473.75,6193
2026-06-29T16:30:00Z,7474.0,7475.75,7470.0,7471.5,8019
2026-06-29T16:35:00Z,7471.5,7474.75,7470.25,7474.75,6900
2026-06-29T16:40:00Z,7474.5,7476.25,7473.25,7475.5,6169
2026-06-29T16:45:00Z,7475.5,7476.5,7472.0,7475.0,5355
2026-06-29T16:50:00Z,7475.25,7480.0,7474.25,7479.25,7791
2026-06-29T16:55:00Z,7479.0,7479.5,7476.5,7477.25,5131
2026-06-29T17:00:00Z,7477.25,7481.25,7477.25,7480.75,5285
2026-06-29T17:05:00Z,7480.75,7484.5,7480.5,7483.75,6036
2026-06-29T17:10:00Z,7483.5,7492.75,7483.25,7490.5,11128
2026-06-29T17:15:00Z,7490.5,7493.25,7489.25,7491.5,10261
2026-06-29T17:20:00Z,7491.5,7494.75,7485.5,7485.75,11940
2026-06-29T17:25:00Z,7485.75,7492.25,7485.0,7491.75,8195
2026-06-29T17:30:00Z,7491.75,7496.75,7490.0,7493.25,10148
2026-06-29T17:35:00Z,7493.0,7494.75,7490.0,7493.25,6164
2026-06-29T17:40:00Z,7493.25,7494.75,7492.75,7493.0,5499
2026-06-29T17:45:00Z,7493.25,7496.25,7491.25,7495.0,6027
2026-06-29T17:50:00Z,7495.25,7498.75,7494.0,7495.75,7264
2026-06-29T17:55:00Z,7495.75,7497.25,7491.75,7494.0,5988
2026-06-29T18:00:00Z,7494.0,7498.0,7492.25,7496.25,7672
2026-06-29T18:05:00Z,7496.0,7498.0,7494.5,7495.25,5417
2026-06-29T18:10:00Z,7495.0,7497.25,7494.25,7495.75,4732
2026-06-29T18:15:00Z,7495.75,7496.25,7493.5,7494.0,5368
2026-06-29T18:20:00Z,7494.0,7495.75,7491.75,7494.0,5703
2026-06-29T18:25:00Z,7494.0,7494.0,7491.25,7492.0,5121
2026-06-29T18:30:00Z,7492.25,7497.25,7491.5,7496.25,6889
2026-06-29T18:35:00Z,7496.25,7499.5,7495.25,7498.0,7103
2026-06-29T18:40:00Z,7498.0,7500.75,7496.75,7499.75,7220
2026-06-29T18:45:00Z,7500.0,7502.0,7498.75,7499.5,6909
2026-06-29T18:50:00Z,7499.5,7499.75,7496.75,7498.5,5771
2026-06-29T18:55:00Z,7498.5,7499.0,7495.5,7496.75,6158
2026-06-29T19:00:00Z,7497.0,7499.25,7494.75,7496.0,6777
2026-06-29T19:05:00Z,7495.75,7499.25,7495.0,7497.5,6967
2026-06-29T19:10:00Z,7497.5,7497.75,7494.75,7495.5,6629
2026-06-29T19:15:00Z,7495.25,7497.5,7493.0,7495.75,7373
2026-06-29T19:20:00Z,7495.75,7500.5,7495.75,7499.0,8124
2026-06-29T19:25:00Z,7499.0,7499.75,7497.75,7498.0,6652
2026-06-29T19:30:00Z,7498.0,7498.5,7493.5,7494.0,8171
2026-06-29T19:35:00Z,7494.0,7496.75,7493.75,7496.25,5911
2026-06-29T19:40:00Z,7496.25,7498.75,7493.5,7495.5,9823
2026-06-29T19:45:00Z,7495.5,7497.5,7495.0,7497.25,8300
2026-06-29T19:50:00Z,7497.25,7499.5,7491.5,7492.5,19277
2026-06-29T19:55:00Z,7492.5,7505.0,7492.0,7496.75,91794
2026-06-29T20:00:00Z,7497.0,7499.0,7491.75,7495.25,28834
2026-06-29T20:05:00Z,7495.0,7496.75,7494.25,7495.75,5571
2026-06-29T20:10:00Z,7495.75,7498.5,7495.25,7497.5,4785
2026-06-29T20:15:00Z,7497.5,7498.25,7496.5,7498.0,2180
2026-06-29T20:20:00Z,7498.0,7500.0,7497.25,7498.75,1726
2026-06-29T20:25:00Z,7498.5,7499.5,7497.0,7497.25,1261
2026-06-29T20:30:00Z,7497.25,7497.5,7495.5,7495.75,753
2026-06-29T20:35:00Z,7495.75,7496.0,7492.5,7493.25,1420
2026-06-29T20:40:00Z,7493.25,7494.0,7492.5,7493.75,698
2026-06-29T20:45:00Z,7493.75,7493.75,7491.25,7493.25,1168
2026-06-29T20:50:00Z,7493.25,7494.5,7493.0,7493.75,1502
2026-06-29T20:55:00Z,7493.5,7495.75,7493.0,7493.5,1561
2026-06-29T22:00:00Z,7495.5,7496.75,7490.5,7493.25,0
2026-06-29T22:05:00Z,7493.5,7496.5,7491.5,7495.0,821
2026-06-29T22:10:00Z,7495.25,7497.5,7493.5,7494.0,517
2026-06-29T22:15:00Z,7494.25,7495.75,7493.0,7495.5,228
2026-06-29T22:20:00Z,7495.5,7496.75,7494.75,7494.75,329
2026-06-29T22:25:00Z,7494.75,7495.75,7493.5,7494.25,305
2026-06-29T22:30:00Z,7494.25,7494.25,7491.5,7492.25,490
2026-06-29T22:35:00Z,7492.5,7493.25,7492.0,7493.0,187
2026-06-29T22:40:00Z,7492.75,7497.0,7492.25,7495.75,773
2026-06-29T22:45:00Z,7495.75,7496.0,7494.25,7495.0,276
2026-06-29T22:50:00Z,7494.75,7494.75,7493.5,7494.5,225
2026-06-29T22:55:00Z,7494.5,7495.0,7493.25,7494.5,164
2026-06-29T23:00:00Z,7494.5,7495.75,7493.75,7495.75,155
2026-06-29T23:05:00Z,7495.5,7498.5,7495.25,7498.0,320
2026-06-29T23:10:00Z,7498.0,7498.75,7495.5,7496.25,470
2026-06-29T23:15:00Z,7496.5,7497.25,7495.5,7496.25,145
2026-06-29T23:20:00Z,7496.0,7497.0,7495.25,7495.75,120
2026-06-29T23:25:00Z,7495.5,7497.25,7495.5,7496.25,160
2026-06-29T23:30:00Z,7496.0,7498.5,7495.0,7498.25,348
2026-06-29T23:35:00Z,7498.0,7498.25,7496.5,7496.5,231
2026-06-29T23:40:00Z,7496.5,7497.75,7495.75,7496.25,254
2026-06-29T23:45:00Z,7496.0,7496.5,7492.25,7493.5,598
2026-06-29T23:50:00Z,7493.75,7494.5,7491.75,7493.5,343
2026-06-29T23:55:00Z,7493.25,7497.0,7493.25,7495.5,301
2026-06-30T00:00:00Z,7495.5,7496.25,7491.25,7495.75,1094
2026-06-30T00:05:00Z,7496.0,7500.5,7495.5,7496.25,1014
2026-06-30T00:10:00Z,7496.25,7501.0,7495.0,7499.5,688
2026-06-30T00:15:00Z,7499.25,7501.0,7497.5,7498.25,636
2026-06-30T00:20:00Z,7498.25,7498.75,7494.25,7496.0,672
2026-06-30T00:25:00Z,7496.0,7496.5,7489.25,7490.75,1132
2026-06-30T00:30:00Z,7490.75,7491.5,7481.75,7486.25,1897
2026-06-30T00:35:00Z,7486.0,7487.75,7484.0,7486.75,857
2026-06-30T00:40:00Z,7487.0,7488.75,7484.0,7484.75,1117
2026-06-30T00:45:00Z,7484.75,7490.5,7483.75,7490.25,980
2026-06-30T00:50:00Z,7490.0,7492.75,7488.25,7492.25,829
2026-06-30T00:55:00Z,7492.5,7493.0,7491.0,7492.5,527
2026-06-30T01:00:00Z,7492.75,7494.0,7487.0,7488.5,1032
2026-06-30T01:05:00Z,7488.75,7488.75,7485.75,7486.0,856
2026-06-30T01:10:00Z,7486.25,7487.25,7484.0,7486.25,744
2026-06-30T01:15:00Z,7486.25,7489.5,7484.75,7489.0,860
2026-06-30T01:20:00Z,7489.25,7491.5,7487.5,7490.0,737
2026-06-30T01:25:00Z,7490.0,7499.0,7489.25,7499.0,1307
2026-06-30T01:30:00Z,7499.0,7501.5,7497.0,7497.75,1521
2026-06-30T01:35:00Z,7498.0,7498.0,7492.0,7494.5,983
2026-06-30T01:40:00Z,7494.5,7498.5,7494.5,7497.5,701
2026-06-30T01:45:00Z,7497.25,7498.25,7493.5,7496.25,732
2026-06-30T01:50:00Z,7496.5,7498.25,7495.25,7497.25,390
2026-06-30T01:55:00Z,7497.25,7498.75,7497.0,7498.25,350
2026-06-30T02:00:00Z,7498.25,7498.5,7493.75,7494.75,679
2026-06-30T02:05:00Z,7495.0,7495.5,7493.0,7494.75,531
2026-06-30T02:10:00Z,7494.5,7494.5,7491.5,7492.0,570
2026-06-30T02:15:00Z,7492.25,7493.0,7488.25,7490.25,878
2026-06-30T02:20:00Z,7490.25,7494.75,7489.75,7494.5,500
2026-06-30T02:25:00Z,7494.25,7495.5,7493.25,7494.0,531
2026-06-30T02:30:00Z,7494.0,7496.25,7493.25,7494.0,616
2026-06-30T02:35:00Z,7494.25,7494.75,7493.25,7494.25,237
2026-06-30T02:40:00Z,7494.5,7494.75,7492.0,7492.5,392
2026-06-30T02:45:00Z,7492.5,7494.75,7492.0,7494.5,351
2026-06-30T02:50:00Z,7494.25,7494.75,7493.25,7494.0,264
2026-06-30T02:55:00Z,7494.0,7494.75,7490.75,7491.5,463
2026-06-30T03:00:00Z,7491.25,7492.25,7490.25,7491.75,543
2026-06-30T03:05:00Z,7491.75,7494.75,7491.5,7494.5,405
2026-06-30T03:10:00Z,7494.5,7494.75,7493.0,7493.25,203
2026-06-30T03:15:00Z,7493.25,7496.5,7493.25,7495.75,411
2026-06-30T03:20:00Z,7495.75,7496.25,7494.25,7494.5,419
2026-06-30T03:25:00Z,7494.25,7497.25,7493.75,7496.5,439
2026-06-30T03:30:00Z,7496.5,7499.25,7495.5,7498.5,579
2026-06-30T03:35:00Z,7498.5,7503.0,7497.75,7502.5,1246
2026-06-30T03:40:00Z,7502.5,7504.5,7501.75,7503.75,834
2026-06-30T03:45:00Z,7503.75,7504.5,7502.5,7504.25,614
2026-06-30T03:50:00Z,7504.5,7507.0,7503.5,7503.75,824
2026-06-30T03:55:00Z,7503.5,7503.5,7501.5,7502.5,610
2026-06-30T04:05:00Z,7506.25,7506.25,7505.5,7505.75,1513
2026-06-30T04:10:00Z,7506.0,7507.0,7505.5,7506.75,250
2026-06-30T04:15:00Z,7506.75,7507.0,7505.75,7506.25,253
2026-06-30T04:20:00Z,7506.25,7508.0,7506.0,7507.0,504
2026-06-30T04:25:00Z,7507.0,7509.0,7506.75,7508.75,572
2026-06-30T04:30:00Z,7509.0,7510.0,7507.75,7510.0,930
2026-06-30T04:35:00Z,7510.0,7513.0,7510.0,7512.75,936
2026-06-30T04:40:00Z,7512.5,7513.25,7511.75,7513.0,640
2026-06-30T04:45:00Z,7513.0,7513.5,7510.25,7511.5,595
2026-06-30T04:50:00Z,7511.75,7512.5,7510.0,7511.25,576
2026-06-30T04:55:00Z,7511.0,7512.25,7510.5,7510.75,303
2026-06-30T05:00:00Z,7510.75,7515.0,7510.75,7512.5,1236
2026-06-30T05:05:00Z,7512.25,7513.0,7511.75,7511.75,328
2026-06-30T05:10:00Z,7511.5,7512.75,7511.0,7512.75,422
2026-06-30T05:15:00Z,7512.5,7513.0,7510.25,7510.75,460
2026-06-30T05:20:00Z,7511.0,7513.25,7510.5,7512.75,475
2026-06-30T05:25:00Z,7513.0,7513.25,7508.0,7508.5,1234
2026-06-30T05:30:00Z,7508.75,7508.75,7505.0,7505.75,1206
2026-06-30T05:35:00Z,7505.5,7506.5,7503.75,7506.0,847
2026-06-30T05:40:00Z,7506.0,7509.0,7506.0,7506.5,924
2026-06-30T05:45:00Z,7506.75,7508.5,7506.25,7508.5,350
2026-06-30T05:50:00Z,7508.75,7510.5,7507.75,7509.75,679
2026-06-30T05:55:00Z,7509.75,7511.0,7509.0,7510.25,541
2026-06-30T06:00:00Z,7510.25,7511.5,7509.0,7510.25,1026
2026-06-30T06:05:00Z,7510.0,7510.25,7507.5,7507.75,709
2026-06-30T06:10:00Z,7508.0,7510.25,7507.25,7508.5,1013
2026-06-30T06:15:00Z,7508.5,7508.5,7506.5,7507.0,695
2026-06-30T06:20:00Z,7506.75,7506.75,7504.75,7505.75,996
2026-06-30T06:25:00Z,7505.5,7508.75,7502.75,7508.0,1520
2026-06-30T06:30:00Z,7508.0,7508.5,7501.5,7503.0,1455
2026-06-30T06:35:00Z,7503.0,7505.5,7502.5,7504.0,977
2026-06-30T06:40:00Z,7504.25,7505.25,7502.75,7503.0,376
2026-06-30T06:45:00Z,7502.75,7507.25,7502.25,7507.25,885
2026-06-30T06:50:00Z,7507.0,7507.25,7505.75,7506.25,449
2026-06-30T06:55:00Z,7506.5,7508.75,7506.0,7508.75,530
2026-06-30T07:00:00Z,7508.75,7511.5,7507.25,7510.25,1976
2026-06-30T07:05:00Z,7510.25,7512.75,7508.25,7508.75,1062
2026-06-30T07:10:00Z,7508.5,7508.5,7505.25,7506.0,1107
2026-06-30T07:15:00Z,7505.75,7507.75,7505.0,7505.25,1254
2026-06-30T07:20:00Z,7505.25,7508.75,7504.5,7508.25,805
2026-06-30T07:25:00Z,7508.25,7509.5,7507.25,7507.75,522
2026-06-30T07:30:00Z,7507.75,7509.5,7507.0,7507.75,777
2026-06-30T07:35:00Z,7508.0,7510.0,7507.25,7507.25,692
2026-06-30T07:40:00Z,7507.5,7508.5,7506.75,7507.0,610
2026-06-30T07:45:00Z,7507.25,7507.25,7504.0,7505.75,1211
2026-06-30T07:50:00Z,7505.5,7505.5,7501.0,7503.75,1210
2026-06-30T07:55:00Z,7503.75,7504.25,7501.5,7502.0,722
2026-06-30T08:00:00Z,7501.75,7508.75,7501.25,7505.0,2009
2026-06-30T08:05:00Z,7505.0,7508.25,7504.5,7505.75,1026
2026-06-30T08:10:00Z,7505.75,7508.0,7502.75,7502.75,1049
2026-06-30T08:15:00Z,7502.75,7503.75,7499.5,7503.5,1327
2026-06-30T08:20:00Z,7503.5,7508.0,7503.25,7508.0,1152
2026-06-30T08:25:00Z,7508.0,7509.0,7506.5,7508.75,731
2026-06-30T08:30:00Z,7508.5,7510.25,7502.0,7502.5,1271
2026-06-30T08:35:00Z,7502.5,7503.0,7497.5,7498.0,1846
2026-06-30T08:40:00Z,7497.75,7499.25,7495.0,7498.5,1379
2026-06-30T08:45:00Z,7498.75,7499.0,7494.75,7495.75,1214
2026-06-30T08:50:00Z,7496.0,7500.75,7494.0,7500.75,1338
2026-06-30T08:55:00Z,7500.75,7503.0,7500.0,7501.75,882
2026-06-30T09:00:00Z,7502.0,7504.5,7500.5,7504.0,1019
2026-06-30T09:05:00Z,7503.75,7504.25,7501.5,7501.75,586
2026-06-30T09:10:00Z,7501.75,7504.5,7501.0,7503.75,642
2026-06-30T09:15:00Z,7503.75,7505.75,7503.5,7504.5,906
2026-06-30T09:20:00Z,7504.75,7505.0,7503.0,7503.5,746
2026-06-30T09:25:00Z,7503.75,7504.75,7502.5,7502.75,596
2026-06-30T09:30:00Z,7502.75,7503.25,7498.75,7499.5,816
2026-06-30T09:35:00Z,7499.25,7504.0,7499.25,7503.75,703
2026-06-30T09:40:00Z,7504.0,7505.5,7503.5,7504.75,576
2026-06-30T09:45:00Z,7504.5,7508.0,7504.5,7507.5,789
2026-06-30T09:50:00Z,7507.75,7508.25,7506.25,7507.0,768
2026-06-30T09:55:00Z,7507.0,7508.0,7505.75,7506.0,419
2026-06-30T10:00:00Z,7506.25,7506.75,7504.0,7505.25,1014
2026-06-30T10:05:00Z,7505.0,7508.75,7505.0,7507.25,633
2026-06-30T10:10:00Z,7507.25,7507.25,7505.0,7507.25,991
2026-06-30T10:15:00Z,7506.75,7508.5,7506.75,7508.0,681
2026-06-30T10:20:00Z,7507.75,7508.75,7506.0,7506.25,553
2026-06-30T10:25:00Z,7506.25,7508.5,7506.25,7508.25,707
2026-06-30T10:30:00Z,7508.25,7509.25,7506.0,7506.5,913
2026-06-30T10:35:00Z,7506.25,7506.75,7504.25,7506.0,542
2026-06-30T10:40:00Z,7505.75,7508.0,7505.5,7507.0,507
2026-06-30T10:45:00Z,7507.0,7510.75,7505.5,7509.75,711
2026-06-30T10:50:00Z,7509.75,7511.25,7508.75,7510.75,831
2026-06-30T10:55:00Z,7510.75,7515.0,7510.0,7513.25,1282
2026-06-30T11:00:00Z,7513.0,7514.75,7511.25,7514.0,1454
2026-06-30T11:05:00Z,7514.25,7517.0,7514.25,7515.75,1489
2026-06-30T11:10:00Z,7515.75,7517.0,7514.75,7516.5,1523
2026-06-30T11:15:00Z,7516.75,7517.5,7514.75,7515.0,1277
2026-06-30T11:20:00Z,7515.25,7515.75,7511.5,7511.75,1102
2026-06-30T11:25:00Z,7511.5,7512.25,7509.0,7511.5,1506
2026-06-30T11:30:00Z,7511.75,7512.75,7509.75,7511.0,1049
2026-06-30T11:35:00Z,7511.0,7512.25,7510.0,7511.0,796
2026-06-30T11:40:00Z,7510.75,7515.25,7510.75,7514.25,1056
2026-06-30T11:45:00Z,7514.25,7517.5,7514.0,7516.75,1244
2026-06-30T11:50:00Z,7516.75,7517.5,7513.0,7513.5,2163
2026-06-30T11:55:00Z,7513.5,7513.5,7510.0,7510.5,1098
2026-06-30T12:00:00Z,7510.75,7511.0,7504.25,7505.25,3287
2026-06-30T12:05:00Z,7505.25,7506.25,7503.0,7504.25,2333
2026-06-30T12:10:00Z,7504.25,7507.75,7501.5,7502.75,2454
2026-06-30T12:15:00Z,7502.5,7503.25,7500.25,7501.75,2061
2026-06-30T12:20:00Z,7501.75,7502.5,7497.5,7499.0,2416
2026-06-30T12:25:00Z,7499.0,7499.75,7495.75,7496.0,2524
2026-06-30T12:30:00Z,7496.0,7497.5,7491.5,7494.25,4030
2026-06-30T12:35:00Z,7494.25,7498.0,7494.0,7498.0,2664
2026-06-30T12:40:00Z,7498.0,7500.75,7497.0,7499.5,2389
2026-06-30T12:45:00Z,7499.5,7501.0,7498.0,7500.75,1776
2026-06-30T12:50:00Z,7500.75,7502.0,7499.5,7500.25,1852
2026-06-30T12:55:00Z,7500.0,7500.75,7496.25,7497.0,2524
2026-06-30T13:00:00Z,7497.0,7498.75,7494.75,7495.25,3354
2026-06-30T13:05:00Z,7495.5,7498.25,7494.25,7495.5,3152
2026-06-30T13:10:00Z,7495.75,7499.5,7495.5,7496.5,2431
2026-06-30T13:15:00Z,7496.5,7498.0,7495.25,7497.25,3064
2026-06-30T13:20:00Z,7497.0,7498.0,7492.25,7492.75,2203
2026-06-30T13:25:00Z,7492.75,7500.5,7492.75,7500.25,6261
2026-06-30T13:30:00Z,7500.0,7506.75,7495.75,7500.25,29261
2026-06-30T13:35:00Z,7500.25,7508.0,7498.25,7501.75,21964
2026-06-30T13:40:00Z,7501.5,7510.5,7499.25,7506.0,18999
2026-06-30T13:45:00Z,7506.0,7510.25,7503.5,7507.0,15811
2026-06-30T13:50:00Z,7507.0,7522.0,7505.75,7518.75,22602
2026-06-30T13:55:00Z,7518.75,7528.0,7518.5,7526.75,15683
2026-06-30T14:00:00Z,7526.75,7532.75,7515.5,7532.5,25227
2026-06-30T14:05:00Z,7532.5,7532.5,7521.0,7522.75,16704
2026-06-30T14:10:00Z,7523.0,7526.25,7519.0,7523.75,15962
2026-06-30T14:15:00Z,7523.5,7526.25,7520.5,7523.25,13869
2026-06-30T14:20:00Z,7523.25,7532.25,7522.0,7530.5,11924
2026-06-30T14:25:00Z,7530.5,7533.5,7527.5,7532.5,11197
2026-06-30T14:30:00Z,7532.5,7541.5,7532.0,7541.25,15828
2026-06-30T14:35:00Z,7541.25,7541.75,7531.0,7533.5,14786
2026-06-30T14:40:00Z,7533.25,7537.25,7529.0,7535.75,13452
2026-06-30T14:45:00Z,7535.5,7535.75,7523.75,7526.25,15059
2026-06-30T14:50:00Z,7526.0,7530.0,7520.25,7521.0,14847
2026-06-30T14:55:00Z,7521.0,7524.5,7516.75,7520.5,17876
2026-06-30T15:00:00Z,7520.5,7530.75,7520.0,7529.25,15666
2026-06-30T15:05:00Z,7529.25,7532.75,7525.5,7531.75,10197
2026-06-30T15:10:00Z,7532.0,7536.75,7530.75,7535.75,9897
2026-06-30T15:15:00Z,7535.5,7536.25,7531.0,7533.0,9717
2026-06-30T15:20:00Z,7533.0,7540.0,7533.0,7539.25,10408
2026-06-30T15:25:00Z,7539.25,7541.5,7537.75,7540.5,10412
2026-06-30T15:30:00Z,7540.5,7542.5,7538.25,7542.25,10327
2026-06-30T15:35:00Z,7542.25,7542.75,7536.25,7537.0,9555
2026-06-30T15:40:00Z,7537.0,7540.25,7535.5,7537.75,6832
2026-06-30T15:45:00Z,7537.75,7544.5,7537.75,7541.5,8605
2026-06-30T15:50:00Z,7541.5,7545.0,7540.0,7544.0,8919
2026-06-30T15:55:00Z,7544.0,7547.75,7543.25,7545.75,10230
2026-06-30T16:00:00Z,7545.5,7549.5,7545.25,7548.0,8298
2026-06-30T16:05:00Z,7548.25,7552.25,7547.75,7548.5,8809
2026-06-30T16:10:00Z,7548.5,7551.0,7548.0,7550.5,6424
2026-06-30T16:15:00Z,7550.5,7555.25,7549.5,7551.75,8601
2026-06-30T16:20:00Z,7551.75,7553.0,7550.0,7552.0,5707
2026-06-30T16:25:00Z,7552.0,7552.0,7550.0,7550.5,5245
2026-06-30T16:30:00Z,7550.75,7551.75,7548.75,7549.75,6639
2026-06-30T16:35:00Z,7549.75,7552.0,7548.75,7551.75,4579
2026-06-30T16:40:00Z,7552.0,7553.75,7551.0,7553.0,5034
2026-06-30T16:45:00Z,7553.25,7555.75,7552.25,7555.25,7082
2026-06-30T16:50:00Z,7555.5,7558.25,7554.0,7557.25,8716
2026-06-30T16:55:00Z,7557.0,7557.75,7554.25,7555.75,6275
2026-06-30T17:00:00Z,7555.75,7559.25,7555.5,7557.5,7268
2026-06-30T17:05:00Z,7557.75,7558.5,7556.0,7556.5,5368
2026-06-30T17:10:00Z,7556.75,7557.0,7553.25,7553.75,5555
2026-06-30T17:15:00Z,7553.5,7555.0,7552.5,7554.0,5311
2026-06-30T17:20:00Z,7554.0,7556.25,7553.0,7554.25,5272
2026-06-30T17:25:00Z,7554.25,7554.75,7550.75,7552.25,6722
2026-06-30T17:30:00Z,7552.5,7554.0,7550.25,7553.25,5472
2026-06-30T17:35:00Z,7553.0,7553.5,7548.5,7549.25,5514
2026-06-30T17:40:00Z,7549.25,7553.5,7549.0,7553.5,4948
2026-06-30T17:45:00Z,7553.5,7554.0,7550.5,7551.25,5072
2026-06-30T17:50:00Z,7551.0,7553.5,7550.25,7551.75,4400
2026-06-30T17:55:00Z,7552.0,7553.0,7551.25,7552.0,3240
2026-06-30T18:00:00Z,7552.25,7556.0,7551.0,7554.0,7105
2026-06-30T18:05:00Z,7554.25,7555.25,7550.5,7554.0,6388
2026-06-30T18:10:00Z,7553.75,7555.75,7553.25,7555.0,4235
2026-06-30T18:15:00Z,7555.25,7557.25,7554.25,7556.75,5168
2026-06-30T18:20:00Z,7557.0,7558.25,7556.0,7556.0,5332
2026-06-30T18:25:00Z,7556.25,7556.5,7554.5,7555.25,5504
2026-06-30T18:30:00Z,7555.5,7556.0,7553.25,7554.25,4935
2026-06-30T18:35:00Z,7554.25,7556.0,7554.0,7554.75,3887
2026-06-30T18:40:00Z,7554.75,7558.25,7554.75,7557.25,5183
2026-06-30T18:45:00Z,7557.0,7561.0,7555.75,7560.75,7484
2026-06-30T18:50:00Z,7560.75,7561.75,7557.25,7558.5,7062
2026-06-30T18:55:00Z,7558.75,7560.75,7558.25,7558.75,5618
2026-06-30T19:00:00Z,7558.75,7561.25,7558.25,7559.5,6141
2026-06-30T19:05:00Z,7559.75,7563.25,7558.5,7562.25,7437
2026-06-30T19:10:00Z,7562.25,7565.0,7560.5,7564.5,7496
2026-06-30T19:15:00Z,7564.5,7567.75,7563.25,7563.5,10263
2026-06-30T19:20:00Z,7563.75,7565.25,7562.0,7563.5,8805
2026-06-30T19:25:00Z,7563.25,7564.0,7560.25,7561.5,8834
2026-06-30T19:30:00Z,7561.5,7562.0,7558.5,7558.75,10802
2026-06-30T19:35:00Z,7558.5,7559.0,7554.25,7556.25,13470
2026-06-30T19:40:00Z,7556.0,7558.25,7554.75,7558.0,11141
2026-06-30T19:45:00Z,7558.0,7560.25,7554.75,7555.5,13583
2026-06-30T19:50:00Z,7555.25,7561.0,7553.25,7560.25,25789
2026-06-30T19:55:00Z,7560.25,7564.0,7544.5,7545.0,184004
2026-06-30T20:00:00Z,7544.75,7552.5,7540.75,7551.5,43717
2026-06-30T20:05:00Z,7551.5,7553.25,7548.0,7550.0,9991
2026-06-30T20:10:00Z,7550.0,7550.0,7542.0,7545.25,11864
2026-06-30T20:15:00Z,7545.25,7547.0,7542.5,7543.75,3591
2026-06-30T20:20:00Z,7543.75,7544.0,7541.0,7542.75,2868
2026-06-30T20:25:00Z,7542.75,7543.5,7542.0,7542.5,1555
2026-06-30T20:30:00Z,7542.75,7543.75,7541.5,7542.0,1583
2026-06-30T20:35:00Z,7542.0,7542.5,7541.0,7541.5,1124
2026-06-30T20:40:00Z,7541.5,7541.5,7540.5,7540.75,1192
2026-06-30T20:45:00Z,7540.5,7541.0,7538.5,7539.5,1903
2026-06-30T20:50:00Z,7539.5,7541.0,7538.5,7540.5,1550
2026-06-30T20:55:00Z,7540.5,7543.0,7540.0,7542.0,1838
2026-06-30T22:00:00Z,7543.25,7546.75,7540.5,7545.0,0
2026-06-30T22:05:00Z,7545.0,7547.25,7545.0,7547.0,768
2026-06-30T22:10:00Z,7547.0,7547.0,7543.25,7546.5,734
2026-06-30T22:15:00Z,7546.5,7550.25,7546.25,7550.0,1203
2026-06-30T22:20:00Z,7549.75,7550.75,7549.0,7549.75,693
2026-06-30T22:25:00Z,7549.75,7550.75,7549.0,7550.25,478
2026-06-30T22:30:00Z,7550.0,7550.0,7547.25,7547.5,493
2026-06-30T22:35:00Z,7547.25,7548.0,7546.5,7547.25,380
2026-06-30T22:40:00Z,7547.25,7548.0,7547.0,7547.5,163
2026-06-30T22:45:00Z,7547.25,7547.5,7544.5,7545.25,504
2026-06-30T22:50:00Z,7545.25,7545.25,7541.75,7542.25,849
2026-06-30T22:55:00Z,7542.5,7544.25,7542.25,7543.25,600
2026-06-30T23:00:00Z,7543.5,7544.5,7542.25,7542.75,787
2026-06-30T23:05:00Z,7543.0,7545.75,7542.0,7545.0,795
2026-06-30T23:10:00Z,7545.0,7545.25,7543.25,7543.75,161
2026-06-30T23:15:00Z,7543.5,7545.0,7542.5,7544.5,222
2026-06-30T23:20:00Z,7544.75,7545.25,7543.75,7545.0,145
2026-06-30T23:25:00Z,7544.75,7546.5,7543.5,7544.25,306
2026-06-30T23:30:00Z,7544.0,7546.75,7543.75,7546.75,194
2026-06-30T23:35:00Z,7546.75,7546.75,7544.25,7545.5,268
2026-06-30T23:40:00Z,7546.0,7546.25,7544.75,7544.75,189
2026-06-30T23:45:00Z,7545.0,7547.0,7543.5,7545.0,446
2026-06-30T23:50:00Z,7545.0,7545.75,7542.5,7542.75,334
2026-06-30T23:55:00Z,7543.0,7545.5,7542.0,7544.75,364
2026-07-01T00:00:00Z,7545.0,7547.5,7543.75,7546.0,1257
2026-07-01T00:05:00Z,7546.0,7546.75,7543.25,7544.5,1069
2026-07-01T00:10:00Z,7544.75,7546.0,7543.5,7544.25,545
2026-07-01T00:15:00Z,7544.5,7546.0,7543.0,7543.75,683
2026-07-01T00:20:00Z,7543.75,7545.5,7541.75,7544.0,834
2026-07-01T00:25:00Z,7543.75,7546.0,7542.75,7545.25,721
2026-07-01T00:30:00Z,7545.5,7548.25,7545.25,7547.5,829
2026-07-01T00:35:00Z,7547.75,7548.0,7545.75,7547.25,694
2026-07-01T00:40:00Z,7547.5,7548.75,7547.0,7547.5,341
2026-07-01T00:45:00Z,7547.5,7549.25,7547.0,7549.25,439
2026-07-01T00:50:00Z,7549.0,7549.25,7545.5,7545.75,667
2026-07-01T00:55:00Z,7546.0,7547.75,7544.75,7545.0,657
2026-07-01T01:00:00Z,7545.0,7545.75,7539.75,7540.0,1450
2026-07-01T01:05:00Z,7540.0,7541.5,7538.75,7539.25,1137
2026-07-01T01:10:00Z,7539.0,7539.75,7534.75,7539.5,2041
2026-07-01T01:15:00Z,7539.5,7540.75,7534.5,7537.25,1368
2026-07-01T01:20:00Z,7537.25,7539.0,7535.75,7537.0,753
2026-07-01T01:25:00Z,7537.0,7537.75,7535.75,7536.75,620
2026-07-01T01:30:00Z,7536.75,7538.75,7534.0,7535.0,1201
2026-07-01T01:35:00Z,7535.0,7537.5,7534.75,7536.0,723
2026-07-01T01:40:00Z,7536.0,7536.25,7534.5,7535.25,481
2026-07-01T01:45:00Z,7535.25,7536.25,7532.5,7533.75,796
2026-07-01T01:50:00Z,7533.75,7534.25,7531.75,7533.75,885
2026-07-01T01:55:00Z,7533.75,7535.5,7532.5,7532.5,784
2026-07-01T02:00:00Z,7532.75,7533.25,7530.5,7531.0,1212
2026-07-01T02:05:00Z,7531.0,7531.0,7525.25,7527.0,2297
2026-07-01T02:10:00Z,7527.0,7527.25,7522.0,7524.0,2139
2026-07-01T02:15:00Z,7523.75,7526.5,7517.5,7525.5,2982
2026-07-01T02:20:00Z,7525.75,7527.25,7524.25,7526.25,755
2026-07-01T02:25:00Z,7526.5,7528.0,7525.25,7528.0,796
2026-07-01T02:30:00Z,7528.0,7529.25,7526.0,7526.25,886
2026-07-01T02:35:00Z,7526.25,7528.25,7526.25,7528.0,469
2026-07-01T02:40:00Z,7528.0,7531.0,7527.5,7530.25,1005
2026-07-01T02:45:00Z,7530.5,7530.5,7528.75,7529.25,779
2026-07-01T02:50:00Z,7529.0,7529.75,7527.0,7529.5,725
2026-07-01T02:55:00Z,7529.5,7529.5,7528.25,7529.0,399
2026-07-01T03:00:00Z,7529.0,7530.5,7528.5,7529.75,574
2026-07-01T03:05:00Z,7529.5,7531.5,7529.0,7531.25,795
2026-07-01T03:10:00Z,7531.25,7533.25,7531.25,7532.75,766
2026-07-01T03:15:00Z,7532.5,7533.25,7528.5,7530.5,992
2026-07-01T03:20:00Z,7530.5,7530.75,7527.75,7528.25,613
2026-07-01T03:25:00Z,7528.0,7528.25,7526.75,7527.5,519
2026-07-01T03:30:00Z,7527.75,7528.5,7526.25,7528.0,464
2026-07-01T03:35:00Z,7527.75,7531.75,7527.75,7531.25,571
2026-07-01T03:40:00Z,7531.5,7532.0,7529.0,7529.5,647
2026-07-01T03:45:00Z,7529.25,7532.75,7529.25,7532.5,349
2026-07-01T03:50:00Z,7532.5,7534.0,7532.5,7532.75,508
2026-07-01T03:55:00Z,7532.75,7533.0,7531.5,7532.25,251
2026-07-01T04:05:00Z,7530.5,7530.75,7530.0,7530.0,1184
2026-07-01T04:10:00Z,7530.25,7530.75,7527.75,7528.0,400
2026-07-01T04:15:00Z,7528.0,7528.5,7527.25,7528.25,475
2026-07-01T04:20:00Z,7528.25,7529.5,7527.25,7528.5,437
2026-07-01T04:25:00Z,7528.25,7531.0,7527.75,7530.0,428
2026-07-01T04:30:00Z,7530.0,7530.5,7529.5,7530.25,341
2026-07-01T04:35:00Z,7530.0,7530.0,7527.5,7528.5,346
2026-07-01T04:40:00Z,7528.5,7531.75,7528.0,7531.0,493
2026-07-01T04:45:00Z,7530.75,7534.0,7530.75,7533.0,893
2026-07-01T04:50:00Z,7533.0,7534.75,7533.0,7534.25,625
2026-07-01T04:55:00Z,7534.5,7534.75,7529.5,7530.5,685
2026-07-01T05:00:00Z,7530.25,7531.5,7528.75,7530.0,532
2026-07-01T05:05:00Z,7530.25,7532.75,7530.0,7531.25,317
2026-07-01T05:10:00Z,7531.25,7531.25,7530.0,7530.25,348
2026-07-01T05:15:00Z,7530.25,7531.25,7529.75,7530.75,340
2026-07-01T05:20:00Z,7530.5,7531.0,7527.5,7529.75,615
2026-07-01T05:25:00Z,7529.5,7529.5,7527.75,7528.5,459
2026-07-01T05:30:00Z,7528.25,7529.5,7527.5,7528.75,521
2026-07-01T05:35:00Z,7528.5,7529.0,7526.25,7528.25,696
2026-07-01T05:40:00Z,7528.5,7530.25,7527.75,7528.5,746
2026-07-01T05:45:00Z,7528.25,7530.0,7526.25,7526.25,576
2026-07-01T05:50:00Z,7526.25,7528.5,7526.0,7527.75,533
2026-07-01T05:55:00Z,7527.5,7528.75,7527.25,7527.5,241
2026-07-01T06:00:00Z,7527.25,7530.0,7524.75,7525.5,1171
2026-07-01T06:05:00Z,7525.5,7527.75,7525.25,7527.25,1044
2026-07-01T06:10:00Z,7527.25,7529.25,7526.0,7526.75,1120
2026-07-01T06:15:00Z,7526.5,7527.75,7525.5,7526.0,947
2026-07-01T06:20:00Z,7526.0,7527.0,7525.25,7525.75,1018
2026-07-01T06:25:00Z,7525.5,7526.25,7521.75,7525.75,1917
2026-07-01T06:30:00Z,7525.75,7527.25,7525.0,7525.25,737
2026-07-01T06:35:00Z,7525.5,7526.5,7524.5,7525.75,661
2026-07-01T06:40:00Z,7525.75,7527.0,7524.75,7526.75,702
2026-07-01T06:45:00Z,7526.75,7529.0,7526.0,7528.5,787
2026-07-01T06:50:00Z,7528.5,7528.5,7525.25,7525.25,1000
2026-07-01T06:55:00Z,7525.5,7525.5,7522.75,7524.25,1349
2026-07-01T07:00:00Z,7524.5,7525.25,7520.25,7522.25,1658
2026-07-01T07:05:00Z,7522.5,7522.75,7519.0,7519.5,2094
2026-07-01T07:10:00Z,7519.5,7519.5,7514.0,7515.5,2987
2026-07-01T07:15:00Z,7515.5,7517.0,7510.5,7514.75,3822
2026-07-01T07:20:00Z,7514.75,7519.75,7511.5,7518.5,2033
2026-07-01T07:25:00Z,7518.75,7520.25,7517.75,7518.5,752
2026-07-01T07:30:00Z,7518.75,7521.75,7517.5,7521.25,850
2026-07-01T07:35:00Z,7521.25,7522.0,7519.5,7521.5,895
2026-07-01T07:40:00Z,7521.5,7521.75,7519.25,7519.5,702
2026-07-01T07:45:00Z,7519.5,7522.25,7518.0,7522.0,953
2026-07-01T07:50:00Z,7522.0,7522.5,7519.0,7521.75,798
2026-07-01T07:55:00Z,7522.0,7524.25,7521.75,7523.0,885
2026-07-01T08:00:00Z,7522.75,7523.5,7520.0,7520.25,2157
2026-07-01T08:05:00Z,7520.25,7524.75,7519.25,7523.75,1392
2026-07-01T08:10:00Z,7523.75,7525.25,7522.5,7524.25,1102
2026-07-01T08:15:00Z,7524.0,7526.5,7523.5,7525.5,751
2026-07-01T08:20:00Z,7525.5,7526.25,7522.75,7524.25,790
2026-07-01T08:25:00Z,7524.25,7525.75,7522.75,7523.75,866
2026-07-01T08:30:00Z,7523.75,7526.25,7522.0,7525.25,911
2026-07-01T08:35:00Z,7525.25,7526.25,7524.0,7525.75,731
2026-07-01T08:40:00Z,7525.75,7528.25,7524.75,7527.75,817
2026-07-01T08:45:00Z,7527.5,7527.5,7525.0,7525.5,640
2026-07-01T08:50:00Z,7525.5,7529.0,7525.0,7528.5,618
2026-07-01T08:55:00Z,7528.75,7529.25,7527.25,7529.0,699
2026-07-01T09:00:00Z,7528.75,7528.75,7524.0,7524.25,835
2026-07-01T09:05:00Z,7524.5,7526.5,7524.0,7524.25,692
2026-07-01T09:10:00Z,7524.5,7526.75,7522.0,7525.75,896
2026-07-01T09:15:00Z,7525.5,7526.25,7525.0,7525.75,559
2026-07-01T09:20:00Z,7525.75,7526.75,7525.0,7525.5,737
2026-07-01T09:25:00Z,7525.25,7525.75,7523.25,7525.75,495
2026-07-01T09:30:00Z,7525.75,7527.5,7524.75,7527.0,546
2026-07-01T09:35:00Z,7527.0,7527.5,7526.5,7527.0,345
2026-07-01T09:40:00Z,7527.25,7527.75,7526.5,7527.0,478
2026-07-01T09:45:00Z,7527.25,7529.25,7527.25,7528.5,515
2026-07-01T09:50:00Z,7528.5,7530.0,7527.75,7529.5,882
2026-07-01T09:55:00Z,7529.5,7531.25,7529.25,7531.0,745
2026-07-01T10:00:00Z,7531.0,7532.0,7530.0,7530.25,806
2026-07-01T10:05:00Z,7530.25,7530.25,7528.25,7529.25,584
2026-07-01T10:10:00Z,7529.25,7529.25,7526.25,7528.25,965
2026-07-01T10:15:00Z,7528.5,7532.25,7528.5,7532.0,1243
2026-07-01T10:20:00Z,7532.25,7534.75,7532.25,7534.5,1189
2026-07-01T10:25:00Z,7534.25,7535.25,7533.5,7534.75,1036
2026-07-01T10:30:00Z,7534.75,7535.5,7534.0,7535.5,755
2026-07-01T10:35:00Z,7535.75,7536.75,7535.0,7536.0,841
2026-07-01T10:40:00Z,7536.0,7536.5,7531.25,7534.25,1651
2026-07-01T10:45:00Z,7534.25,7534.75,7533.5,7534.75,596
2026-07-01T10:50:00Z,7534.75,7536.75,7534.25,7536.0,801
2026-07-01T10:55:00Z,7536.0,7537.5,7535.5,7536.25,1164
2026-07-01T11:00:00Z,7536.0,7539.5,7535.75,7538.5,1362
2026-07-01T11:05:00Z,7538.5,7539.75,7538.0,7538.75,1033
2026-07-01T11:10:00Z,7538.5,7539.75,7536.75,7537.5,1076
2026-07-01T11:15:00Z,7537.5,7539.0,7537.0,7537.5,1025
2026-07-01T11:20:00Z,7537.25,7538.0,7536.0,7536.75,727
2026-07-01T11:25:00Z,7536.75,7537.75,7535.5,7536.0,621
2026-07-01T11:30:00Z,7536.0,7536.25,7534.75,7534.75,852
2026-07-01T11:35:00Z,7534.75,7535.5,7533.0,7534.75,908
2026-07-01T11:40:00Z,7534.75,7535.75,7531.75,7535.25,1220
2026-07-01T11:45:00Z,7535.5,7536.25,7532.75,7532.75,987
2026-07-01T11:50:00Z,7532.75,7533.25,7530.0,7530.5,1858
2026-07-01T11:55:00Z,7530.5,7531.75,7530.25,7530.75,1439
2026-07-01T12:00:00Z,7531.0,7532.75,7527.25,7528.0,1957
2026-07-01T12:05:00Z,7527.75,7530.5,7527.25,7530.5,1300
2026-07-01T12:10:00Z,7530.5,7533.75,7530.0,7532.5,1564
2026-07-01T12:15:00Z,7532.75,7537.0,7532.75,7536.75,2085
2026-07-01T12:20:00Z,7536.75,7538.25,7535.5,7537.5,1443
2026-07-01T12:25:00Z,7537.5,7537.5,7535.75,7535.75,1376
2026-07-01T12:30:00Z,7535.75,7538.75,7527.75,7528.25,4466
2026-07-01T12:35:00Z,7528.0,7531.25,7526.25,7527.25,5220
2026-07-01T12:40:00Z,7527.0,7531.25,7524.75,7528.0,4503
2026-07-01T12:45:00Z,7528.0,7529.0,7525.75,7528.0,3932
2026-07-01T12:50:00Z,7528.0,7531.5,7526.25,7527.25,3766
2026-07-01T12:55:00Z,7527.5,7532.0,7525.75,7528.5,4188
2026-07-01T13:00:00Z,7528.5,7534.75,7528.5,7529.75,4417
2026-07-01T13:05:00Z,7529.5,7530.0,7524.75,7525.25,5250
2026-07-01T13:10:00Z,7525.25,7527.75,7524.0,7527.5,4934
2026-07-01T13:15:00Z,7527.25,7540.0,7527.0,7535.0,7777
2026-07-01T13:20:00Z,7535.0,7538.75,7534.5,7537.5,4851
2026-07-01T13:25:00Z,7537.75,7538.0,7528.75,7532.0,10565
2026-07-01T13:30:00Z,7532.0,7534.0,7507.5,7508.75,52387
2026-07-01T13:35:00Z,7508.75,7516.75,7505.75,7513.5,38225
2026-07-01T13:40:00Z,7513.5,7520.0,7510.0,7515.0,29088
2026-07-01T13:45:00Z,7515.0,7524.0,7511.25,7519.75,24878
2026-07-01T13:50:00Z,7520.0,7532.5,7519.25,7530.75,20407
2026-07-01T13:55:00Z,7530.5,7536.75,7528.0,7536.25,16434
2026-07-01T14:00:00Z,7536.75,7539.5,7533.0,7537.5,19409
2026-07-01T14:05:00Z,7537.25,7546.5,7536.75,7544.5,17275
2026-07-01T14:10:00Z,7544.25,7552.25,7543.5,7549.75,20392
2026-07-01T14:15:00Z,7549.75,7552.0,7546.75,7550.75,16151
2026-07-01T14:20:00Z,7550.75,7553.5,7549.75,7551.5,13386
2026-07-01T14:25:00Z,7551.5,7553.75,7550.25,7551.75,11363
2026-07-01T14:30:00Z,7551.75,7552.5,7543.25,7546.5,17858
2026-07-01T14:35:00Z,7546.5,7552.75,7543.25,7552.5,12457
2026-07-01T14:40:00Z,7552.5,7554.5,7548.0,7549.75,11566
2026-07-01T14:45:00Z,7549.75,7550.25,7540.25,7548.0,17745
2026-07-01T14:50:00Z,7548.0,7554.0,7547.25,7552.25,12194
2026-07-01T14:55:00Z,7552.25,7553.5,7547.0,7553.5,11791
2026-07-01T15:00:00Z,7553.5,7563.0,7552.5,7561.5,16992
2026-07-01T15:05:00Z,7561.25,7564.75,7557.75,7560.25,17455
2026-07-01T15:10:00Z,7560.5,7564.5,7558.5,7564.5,9151
2026-07-01T15:15:00Z,7564.25,7570.5,7564.0,7568.75,13802
2026-07-01T15:20:00Z,7568.75,7574.75,7568.5,7573.0,15717
2026-07-01T15:25:00Z,7573.0,7578.0,7572.0,7577.5,13896
2026-07-01T15:30:00Z,7577.5,7578.5,7570.5,7570.75,15150
2026-07-01T15:35:00Z,7570.75,7573.0,7567.5,7570.75,11691
2026-07-01T15:40:00Z,7570.75,7573.5,7569.25,7572.75,7732
2026-07-01T15:45:00Z,7572.5,7573.75,7568.25,7569.0,8769
2026-07-01T15:50:00Z,7569.0,7573.0,7568.0,7569.75,8346
2026-07-01T15:55:00Z,7569.5,7573.25,7568.25,7572.5,7015
2026-07-01T16:00:00Z,7572.5,7576.0,7571.5,7572.5,9462
2026-07-01T16:05:00Z,7572.75,7575.5,7571.0,7573.25,7478
2026-07-01T16:10:00Z,7573.5,7576.0,7571.75,7575.75,6670
2026-07-01T16:15:00Z,7575.5,7576.5,7573.0,7575.75,7618
2026-07-01T16:20:00Z,7575.5,7579.0,7574.25,7577.25,8113
2026-07-01T16:25:00Z,7577.0,7578.25,7574.0,7574.5,6557
2026-07-01T16:30:00Z,7574.5,7576.75,7574.0,7575.0,5514
2026-07-01T16:35:00Z,7575.0,7575.0,7569.75,7570.0,6426
2026-07-01T16:40:00Z,7570.0,7571.5,7567.25,7570.5,9448
2026-07-01T16:45:00Z,7570.5,7572.75,7567.5,7567.5,6751
2026-07-01T16:50:00Z,7567.5,7569.75,7563.25,7565.0,10701
2026-07-01T16:55:00Z,7565.0,7565.75,7557.5,7559.75,10173
2026-07-01T17:00:00Z,7559.75,7563.75,7558.25,7559.5,10962
2026-07-01T17:05:00Z,7559.5,7560.0,7554.75,7559.5,11255
2026-07-01T17:10:00Z,7559.25,7563.25,7557.0,7562.5,8226
2026-07-01T17:15:00Z,7562.75,7565.5,7561.75,7565.25,6507
2026-07-01T17:20:00Z,7565.25,7567.25,7564.75,7566.5,5897
2026-07-01T17:25:00Z,7566.5,7568.5,7563.5,7564.0,6131
2026-07-01T17:30:00Z,7564.0,7566.25,7561.25,7562.75,6045
2026-07-01T17:35:00Z,7562.75,7565.25,7561.0,7564.0,5162
2026-07-01T17:40:00Z,7564.0,7564.75,7559.25,7559.25,4844
2026-07-01T17:45:00Z,7559.5,7561.25,7557.5,7558.75,5327
2026-07-01T17:50:00Z,7559.0,7562.0,7557.0,7560.5,5313
2026-07-01T17:55:00Z,7560.75,7560.75,7556.25,7556.75,5936
2026-07-01T18:00:00Z,7556.75,7561.5,7556.0,7561.25,7341
2026-07-01T18:05:00Z,7561.25,7561.5,7557.25,7559.5,5196
2026-07-01T18:10:00Z,7559.5,7559.75,7555.5,7555.5,6349
2026-07-01T18:15:00Z,7555.5,7557.25,7551.5,7556.75,9583
2026-07-01T18:20:00Z,7556.75,7559.5,7555.5,7559.0,5830
2026-07-01T18:25:00Z,7559.0,7560.25,7556.0,7556.0,3984
2026-07-01T18:30:00Z,7556.0,7557.5,7554.75,7556.75,5015
2026-07-01T18:35:00Z,7556.75,7558.5,7555.5,7557.25,4550
2026-07-01T18:40:00Z,7557.25,7558.0,7555.25,7556.5,4746
2026-07-01T18:45:00Z,7556.5,7557.0,7551.25,7554.25,8290
2026-07-01T18:50:00Z,7554.0,7554.75,7549.25,7549.5,9781
2026-07-01T18:55:00Z,7549.5,7554.0,7549.25,7553.5,7356
2026-07-01T19:00:00Z,7553.5,7558.0,7552.75,7557.75,9012
2026-07-01T19:05:00Z,7557.5,7561.75,7557.25,7561.0,8535
2026-07-01T19:10:00Z,7561.0,7561.25,7557.25,7558.5,7646
2026-07-01T19:15:00Z,7558.25,7560.75,7557.75,7559.0,6825
2026-07-01T19:20:00Z,7559.0,7560.0,7557.5,7559.5,6213
2026-07-01T19:25:00Z,7559.75,7559.75,7553.5,7553.75,10260
2026-07-01T19:30:00Z,7553.75,7557.5,7553.75,7555.5,8785
2026-07-01T19:35:00Z,7555.5,7555.75,7551.5,7552.5,9060
2026-07-01T19:40:00Z,7552.5,7553.0,7548.5,7550.5,13564
2026-07-01T19:45:00Z,7550.5,7550.75,7547.0,7549.25,9415
2026-07-01T19:50:00Z,7549.25,7552.5,7543.0,7546.75,20815
2026-07-01T19:55:00Z,7546.75,7547.5,7536.5,7541.75,92764
2026-07-01T20:00:00Z,7542.0,7543.0,7529.0,7532.0,28284
2026-07-01T20:05:00Z,7532.25,7535.0,7529.75,7533.25,10088
2026-07-01T20:10:00Z,7533.25,7537.25,7532.75,7535.25,6955
2026-07-01T20:15:00Z,7535.0,7535.5,7531.25,7532.25,3917
2026-07-01T20:20:00Z,7532.25,7534.75,7531.25,7534.25,2519
2026-07-01T20:25:00Z,7534.5,7535.25,7531.5,7532.25,2915
2026-07-01T20:30:00Z,7532.25,7533.0,7528.75,7529.75,2353
2026-07-01T20:35:00Z,7529.75,7529.75,7525.75,7529.75,2685
2026-07-01T20:40:00Z,7529.5,7530.5,7529.25,7530.5,1589
2026-07-01T20:45:00Z,7530.5,7531.5,7529.75,7530.5,1472
2026-07-01T20:50:00Z,7530.5,7531.75,7528.75,7529.75,1099
2026-07-01T20:55:00Z,7530.0,7534.0,7529.75,7532.75,1708
2026-07-01T22:00:00Z,7536.0,7538.75,7531.75,7534.0,0
2026-07-01T22:05:00Z,7533.75,7538.25,7532.5,7535.5,830
2026-07-01T22:10:00Z,7535.75,7535.75,7532.0,7532.0,339
2026-07-01T22:15:00Z,7532.0,7534.0,7532.0,7534.0,274
2026-07-01T22:20:00Z,7534.25,7538.0,7534.0,7538.0,717
2026-07-01T22:25:00Z,7537.75,7538.75,7537.25,7538.0,217
2026-07-01T22:30:00Z,7537.75,7540.0,7537.25,7539.5,454
2026-07-01T22:35:00Z,7539.25,7540.0,7538.5,7539.0,246
2026-07-01T22:40:00Z,7539.25,7540.0,7538.5,7538.75,384
2026-07-01T22:45:00Z,7539.0,7539.0,7536.25,7537.0,339
2026-07-01T22:50:00Z,7537.0,7537.75,7535.75,7536.75,203
2026-07-01T22:55:00Z,7536.75,7541.0,7536.75,7540.0,532
2026-07-01T23:00:00Z,7540.25,7540.5,7538.0,7538.5,308
2026-07-01T23:05:00Z,7538.0,7538.75,7536.5,7537.25,263
2026-07-01T23:10:00Z,7537.5,7538.0,7535.75,7536.25,281
2026-07-01T23:15:00Z,7536.5,7536.75,7535.5,7536.25,250
2026-07-01T23:20:00Z,7536.25,7537.5,7536.0,7536.0,252
2026-07-01T23:25:00Z,7536.0,7537.5,7536.0,7537.25,136
2026-07-01T23:30:00Z,7537.75,7537.75,7535.5,7535.5,205
2026-07-01T23:35:00Z,7535.25,7538.0,7534.25,7537.25,395
2026-07-01T23:40:00Z,7537.25,7537.75,7536.25,7537.5,176
2026-07-01T23:45:00Z,7537.5,7537.5,7530.0,7530.25,958
2026-07-01T23:50:00Z,7530.25,7535.5,7529.0,7534.0,930
2026-07-01T23:55:00Z,7534.25,7535.5,7533.0,7534.75,395
2026-07-02T00:00:00Z,7534.75,7534.75,7522.75,7523.25,2451
2026-07-02T00:05:00Z,7523.0,7528.75,7522.75,7528.5,1269
2026-07-02T00:10:00Z,7528.75,7532.75,7527.5,7529.0,1093
2026-07-02T00:15:00Z,7529.25,7530.75,7526.75,7527.0,1032
2026-07-02T00:20:00Z,7527.25,7535.25,7526.75,7534.75,931
2026-07-02T00:25:00Z,7534.75,7536.75,7532.5,7536.5,761
2026-07-02T00:30:00Z,7536.5,7537.0,7533.75,7535.25,470
2026-07-02T00:35:00Z,7535.5,7538.75,7535.0,7535.75,834
2026-07-02T00:40:00Z,7536.0,7536.5,7529.75,7530.5,842
2026-07-02T00:45:00Z,7530.25,7536.25,7529.5,7535.75,927
2026-07-02T00:50:00Z,7535.75,7540.75,7534.25,7540.75,1112
2026-07-02T00:55:00Z,7540.5,7541.75,7539.5,7541.0,943
2026-07-02T01:00:00Z,7541.25,7545.25,7540.0,7545.0,1420
2026-07-02T01:05:00Z,7545.25,7549.25,7544.5,7548.25,1724
2026-07-02T01:10:00Z,7548.25,7549.5,7547.5,7549.5,1183
2026-07-02T01:15:00Z,7549.25,7549.75,7546.25,7549.25,1128
2026-07-02T01:20:00Z,7549.25,7550.0,7548.5,7549.75,600
2026-07-02T01:25:00Z,7549.75,7550.75,7547.5,7550.0,1074
2026-07-02T01:30:00Z,7550.0,7553.25,7549.5,7550.75,1278
2026-07-02T01:35:00Z,7550.75,7554.5,7550.0,7554.5,892
2026-07-02T01:40:00Z,7554.25,7555.0,7553.0,7554.0,764
2026-07-02T01:45:00Z,7553.75,7556.25,7552.25,7554.5,688
2026-07-02T01:50:00Z,7554.5,7555.25,7552.75,7553.25,531
2026-07-02T01:55:00Z,7553.25,7553.75,7552.0,7552.75,516
2026-07-02T02:00:00Z,7552.75,7553.5,7551.25,7553.25,535
2026-07-02T02:05:00Z,7553.25,7555.5,7552.75,7554.75,609
2026-07-02T02:10:00Z,7554.75,7557.0,7553.75,7556.75,618
2026-07-02T02:15:00Z,7557.0,7558.0,7555.75,7556.25,647
2026-07-02T02:20:00Z,7556.25,7556.5,7553.5,7553.75,590
2026-07-02T02:25:00Z,7553.75,7556.0,7553.75,7554.5,580
2026-07-02T02:30:00Z,7554.75,7556.75,7553.25,7556.75,611
2026-07-02T02:35:00Z,7556.5,7556.75,7555.0,7555.25,354
2026-07-02T02:40:00Z,7555.5,7556.75,7555.0,7556.0,578
2026-07-02T02:45:00Z,7556.0,7557.75,7555.75,7556.0,395
2026-07-02T02:50:00Z,7556.0,7557.0,7555.25,7556.0,539
2026-07-02T02:55:00Z,7556.0,7557.5,7555.75,7557.0,384
2026-07-02T03:00:00Z,7557.25,7558.0,7555.25,7555.5,282
2026-07-02T03:05:00Z,7555.5,7555.75,7552.5,7552.75,828
2026-07-02T03:10:00Z,7552.75,7554.75,7552.25,7554.25,540
2026-07-02T03:15:00Z,7554.0,7554.75,7552.75,7553.0,230
2026-07-02T03:20:00Z,7553.5,7553.75,7550.25,7551.25,636
2026-07-02T03:25:00Z,7551.25,7553.25,7549.75,7552.0,476
2026-07-02T03:30:00Z,7552.25,7557.25,7551.5,7556.25,1218
2026-07-02T03:35:00Z,7556.25,7557.25,7553.25,7554.25,544
2026-07-02T03:40:00Z,7554.25,7554.75,7551.25,7553.0,512
2026-07-02T03:45:00Z,7552.75,7553.25,7551.0,7553.25,445
2026-07-02T03:50:00Z,7553.25,7555.5,7552.25,7554.75,460
2026-07-02T03:55:00Z,7554.75,7556.25,7554.0,7554.5,309
2026-07-02T04:05:00Z,7552.25,7552.75,7551.5,7552.0,823
2026-07-02T04:10:00Z,7552.0,7552.0,7549.0,7549.25,482
2026-07-02T04:15:00Z,7549.25,7550.0,7548.25,7548.25,454
2026-07-02T04:20:00Z,7548.5,7549.25,7547.0,7549.25,521
2026-07-02T04:25:00Z,7549.25,7551.0,7548.5,7549.75,496
2026-07-02T04:30:00Z,7549.75,7549.75,7544.75,7545.25,576
2026-07-02T04:35:00Z,7545.25,7545.75,7543.5,7544.0,591
2026-07-02T04:40:00Z,7544.25,7544.25,7542.25,7542.5,543
2026-07-02T04:45:00Z,7542.5,7544.75,7541.25,7543.5,681
2026-07-02T04:50:00Z,7543.5,7547.0,7543.25,7546.75,638
2026-07-02T04:55:00Z,7546.75,7549.5,7546.5,7548.25,525
2026-07-02T05:00:00Z,7548.5,7550.5,7546.0,7550.0,590
2026-07-02T05:05:00Z,7550.25,7553.25,7550.0,7553.0,589
2026-07-02T05:10:00Z,7553.0,7553.5,7551.5,7552.5,445
2026-07-02T05:15:00Z,7552.25,7554.25,7552.0,7554.0,486
2026-07-02T05:20:00Z,7553.75,7555.0,7553.25,7553.5,473
2026-07-02T05:25:00Z,7553.5,7553.5,7549.5,7549.75,703
2026-07-02T05:30:00Z,7550.0,7550.0,7546.75,7546.75,876
2026-07-02T05:35:00Z,7547.0,7547.25,7543.0,7543.0,718
2026-07-02T05:40:00Z,7543.0,7545.0,7541.75,7542.75,879
2026-07-02T05:45:00Z,7543.0,7544.0,7541.25,7542.0,672
2026-07-02T05:50:00Z,7542.25,7544.75,7542.25,7543.0,643
2026-07-02T05:55:00Z,7543.0,7544.75,7542.25,7542.75,464
2026-07-02T06:00:00Z,7542.75,7544.5,7539.5,7539.75,1047
2026-07-02T06:05:00Z,7540.0,7541.0,7536.25,7536.75,1234
2026-07-02T06:10:00Z,7536.75,7537.25,7533.5,7533.75,1028
2026-07-02T06:15:00Z,7533.5,7537.5,7533.25,7536.75,1373
2026-07-02T06:20:00Z,7536.5,7538.25,7535.75,7536.5,815
2026-07-02T06:25:00Z,7536.5,7538.25,7533.5,7534.0,1071
2026-07-02T06:30:00Z,7534.0,7540.0,7533.75,7538.5,1372
2026-07-02T06:35:00Z,7538.75,7539.75,7537.0,7537.5,561
2026-07-02T06:40:00Z,7537.5,7538.0,7534.0,7535.5,585
2026-07-02T06:45:00Z,7535.75,7536.0,7529.0,7529.25,1433
2026-07-02T06:50:00Z,7529.0,7530.5,7526.25,7529.0,1357
2026-07-02T06:55:00Z,7529.0,7533.75,7529.0,7530.5,1054
2026-07-02T07:00:00Z,7530.5,7532.25,7527.75,7528.5,1754
2026-07-02T07:05:00Z,7528.5,7528.75,7524.25,7525.0,2137
2026-07-02T07:10:00Z,7525.0,7527.25,7520.25,7521.0,2077
2026-07-02T07:15:00Z,7521.25,7525.75,7520.25,7524.0,1889
2026-07-02T07:20:00Z,7524.0,7525.5,7522.25,7523.0,1133
2026-07-02T07:25:00Z,7522.75,7525.75,7520.5,7525.0,980
2026-07-02T07:30:00Z,7525.0,7527.25,7524.5,7526.5,1088
2026-07-02T07:35:00Z,7526.75,7528.75,7525.25,7528.5,858
2026-07-02T07:40:00Z,7528.5,7536.75,7528.5,7536.0,1458
2026-07-02T07:45:00Z,7535.75,7536.25,7533.5,7535.5,949
2026-07-02T07:50:00Z,7535.25,7536.25,7533.0,7533.75,934
2026-07-02T07:55:00Z,7533.5,7533.75,7530.5,7531.0,831
2026-07-02T08:00:00Z,7531.0,7532.0,7527.5,7531.25,1656
2026-07-02T08:05:00Z,7531.25,7534.25,7526.5,7528.25,1577
2026-07-02T08:10:00Z,7528.25,7528.75,7522.5,7524.5,1373
2026-07-02T08:15:00Z,7524.75,7529.75,7524.0,7529.75,1082
2026-07-02T08:20:00Z,7529.75,7535.0,7528.5,7534.5,1015
2026-07-02T08:25:00Z,7534.5,7538.0,7534.0,7536.0,983
2026-07-02T08:30:00Z,7535.75,7541.0,7534.75,7540.75,1830
2026-07-02T08:35:00Z,7540.75,7543.0,7540.25,7541.0,1413
2026-07-02T08:40:00Z,7541.25,7541.75,7538.5,7539.5,934
2026-07-02T08:45:00Z,7539.5,7542.0,7538.75,7542.0,595
2026-07-02T08:50:00Z,7542.25,7545.0,7541.75,7542.5,1231
2026-07-02T08:55:00Z,7542.75,7543.25,7540.5,7542.25,845
2026-07-02T09:00:00Z,7542.25,7542.5,7537.75,7538.0,655
2026-07-02T09:05:00Z,7538.0,7538.25,7534.5,7535.75,813
2026-07-02T09:10:00Z,7536.0,7538.0,7535.5,7537.25,852
2026-07-02T09:15:00Z,7537.25,7538.0,7535.5,7535.75,743
2026-07-02T09:20:00Z,7535.75,7538.25,7535.75,7537.0,551
2026-07-02T09:25:00Z,7537.0,7538.25,7535.0,7537.75,584
2026-07-02T09:30:00Z,7537.75,7541.75,7537.25,7539.5,1728
2026-07-02T09:35:00Z,7539.5,7542.25,7538.75,7541.5,660
2026-07-02T09:40:00Z,7541.25,7542.25,7540.25,7540.75,572
2026-07-02T09:45:00Z,7540.5,7540.5,7536.5,7538.75,632
2026-07-02T09:50:00Z,7539.0,7540.25,7538.0,7538.75,378
2026-07-02T09:55:00Z,7538.5,7538.5,7536.0,7537.25,548
2026-07-02T10:00:00Z,7537.25,7537.25,7532.0,7532.5,1016
2026-07-02T10:05:00Z,7532.5,7536.0,7531.75,7534.5,810
2026-07-02T10:10:00Z,7534.5,7535.75,7533.5,7534.0,435
2026-07-02T10:15:00Z,7534.0,7536.5,7533.25,7536.5,683
2026-07-02T10:20:00Z,7536.75,7537.0,7534.75,7535.75,625
2026-07-02T10:25:00Z,7535.75,7538.5,7535.75,7537.5,699
2026-07-02T10:30:00Z,7537.75,7542.5,7537.5,7541.25,880
2026-07-02T10:35:00Z,7541.5,7543.75,7540.75,7543.25,949
2026-07-02T10:40:00Z,7543.25,7543.75,7541.0,7541.5,683
2026-07-02T10:45:00Z,7541.75,7541.75,7539.25,7540.0,617
2026-07-02T10:50:00Z,7540.0,7542.0,7539.25,7541.5,533
2026-07-02T10:55:00Z,7541.5,7544.25,7540.5,7543.0,792
2026-07-02T11:00:00Z,7543.0,7544.25,7540.0,7540.25,1475
2026-07-02T11:05:00Z,7540.25,7541.0,7538.5,7540.5,799
2026-07-02T11:10:00Z,7540.25,7543.25,7540.0,7543.0,670
2026-07-02T11:15:00Z,7543.0,7543.75,7539.25,7541.0,755
2026-07-02T11:20:00Z,7541.25,7543.5,7539.25,7542.5,713
2026-07-02T11:25:00Z,7542.75,7544.25,7542.25,7543.0,843
2026-07-02T11:30:00Z,7543.0,7544.0,7541.75,7541.75,859
2026-07-02T11:35:00Z,7541.75,7546.75,7541.75,7546.5,979
2026-07-02T11:40:00Z,7546.5,7547.75,7543.25,7547.25,1293
2026-07-02T11:45:00Z,7547.25,7549.5,7547.0,7547.0,1321
2026-07-02T11:50:00Z,7547.0,7548.75,7543.75,7543.75,1393
2026-07-02T11:55:00Z,7543.75,7546.0,7543.5,7543.5,785
2026-07-02T12:00:00Z,7543.5,7548.5,7541.0,7547.75,1476
2026-07-02T12:05:00Z,7547.75,7549.5,7546.5,7548.75,2015
2026-07-02T12:10:00Z,7548.75,7552.0,7547.5,7550.5,2009
2026-07-02T12:15:00Z,7550.75,7553.25,7550.25,7551.5,2346
2026-07-02T12:20:00Z,7551.5,7554.75,7551.0,7554.5,2390
2026-07-02T12:25:00Z,7554.75,7557.0,7549.5,7555.5,3069
2026-07-02T12:30:00Z,7556.75,7575.25,7555.25,7570.75,12520
2026-07-02T12:35:00Z,7570.5,7576.75,7568.75,7572.25,7923
2026-07-02T12:40:00Z,7572.0,7574.0,7568.0,7570.0,5385
2026-07-02T12:45:00Z,7569.75,7573.75,7569.25,7571.25,4967
2026-07-02T12:50:00Z,7571.0,7572.75,7565.25,7566.0,4829
2026-07-02T12:55:00Z,7565.75,7566.25,7557.5,7561.75,6043
2026-07-02T13:00:00Z,7561.75,7565.5,7552.5,7561.5,9728
2026-07-02T13:05:00Z,7561.5,7561.75,7553.5,7554.25,4274
2026-07-02T13:10:00Z,7554.5,7557.75,7553.25,7554.5,3694
2026-07-02T13:15:00Z,7554.5,7559.75,7552.5,7558.75,4309
2026-07-02T13:20:00Z,7558.75,7560.75,7557.75,7558.75,3545
2026-07-02T13:25:00Z,7559.0,7561.5,7553.5,7555.25,7236
2026-07-02T13:30:00Z,7555.0,7568.0,7551.5,7566.0,40144
2026-07-02T13:35:00Z,7566.0,7573.0,7560.5,7568.75,28139
2026-07-02T13:40:00Z,7568.75,7583.5,7566.75,7578.5,31627
2026-07-02T13:45:00Z,7578.5,7588.5,7576.0,7585.25,23551
2026-07-02T13:50:00Z,7585.25,7593.75,7582.75,7585.75,24625
2026-07-02T13:55:00Z,7586.0,7588.75,7581.5,7588.75,15516
2026-07-02T14:00:00Z,7588.75,7592.0,7585.25,7588.75,17375
2026-07-02T14:05:00Z,7589.0,7591.0,7582.5,7583.75,17285
2026-07-02T14:10:00Z,7583.75,7593.5,7577.5,7591.0,20703
2026-07-02T14:15:00Z,7591.0,7593.0,7582.25,7587.75,21087
2026-07-02T14:20:00Z,7587.5,7588.75,7575.75,7577.25,25445
2026-07-02T14:25:00Z,7577.25,7579.0,7556.5,7559.75,36832
2026-07-02T14:30:00Z,7559.75,7574.25,7555.75,7563.5,32211
2026-07-02T14:35:00Z,7563.25,7572.0,7558.5,7565.25,24876
2026-07-02T14:40:00Z,7565.25,7567.25,7543.75,7549.25,36566
2026-07-02T14:45:00Z,7549.25,7557.75,7543.5,7553.25,31731
2026-07-02T14:50:00Z,7553.25,7557.75,7540.25,7545.25,27147
2026-07-02T14:55:00Z,7545.0,7557.5,7544.5,7557.25,21162
2026-07-02T15:00:00Z,7557.25,7559.0,7541.0,7541.25,21986
2026-07-02T15:05:00Z,7541.5,7544.25,7522.5,7534.25,35896
2026-07-02T15:10:00Z,7534.5,7546.25,7530.75,7541.25,23049
2026-07-02T15:15:00Z,7541.25,7544.5,7524.75,7527.0,24739
2026-07-02T15:20:00Z,7527.0,7540.0,7524.0,7539.75,26445
2026-07-02T15:25:00Z,7540.0,7541.0,7529.0,7529.25,22237
2026-07-02T15:30:00Z,7529.0,7543.0,7528.0,7541.0,18831
2026-07-02T15:35:00Z,7541.25,7547.5,7539.75,7542.5,17033
2026-07-02T15:40:00Z,7542.75,7546.0,7533.25,7533.5,15741
2026-07-02T15:45:00Z,7533.25,7537.75,7527.75,7529.0,14494
2026-07-02T15:50:00Z,7529.0,7529.25,7520.75,7526.5,17161
2026-07-02T15:55:00Z,7526.5,7530.0,7521.0,7526.75,14881
2026-07-02T16:00:00Z,7527.0,7529.5,7517.0,7523.75,16200
2026-07-02T16:05:00Z,7523.5,7526.5,7518.25,7519.75,11034
2026-07-02T16:10:00Z,7519.75,7527.0,7518.5,7525.0,12246
2026-07-02T16:15:00Z,7525.25,7526.5,7519.5,7520.5,10198
2026-07-02T16:20:00Z,7520.5,7521.0,7513.75,7514.5,13687
2026-07-02T16:25:00Z,7514.75,7520.5,7514.5,7515.75,13921
2026-07-02T16:30:00Z,7515.75,7516.0,7508.75,7508.75,14878
2026-07-02T16:35:00Z,7508.75,7511.75,7501.25,7506.75,19147
2026-07-02T16:40:00Z,7506.75,7513.75,7506.0,7512.25,16782
2026-07-02T16:45:00Z,7512.25,7512.75,7507.5,7509.75,11555
2026-07-02T16:50:00Z,7509.75,7513.5,7505.75,7509.0,11508
2026-07-02T16:55:00Z,7509.25,7509.25,7498.0,7501.5,13488
2026-07-02T17:00:00Z,7501.5,7503.0,7485.0,7488.25,20700
2026-07-02T17:05:00Z,7488.25,7499.5,7483.25,7495.0,20105
2026-07-02T17:10:00Z,7495.0,7499.25,7492.25,7497.5,9908
2026-07-02T17:15:00Z,7497.25,7501.75,7493.5,7494.5,11599
2026-07-02T17:20:00Z,7494.5,7499.0,7492.5,7493.25,9252
2026-07-02T17:25:00Z,7493.25,7496.25,7491.25,7495.0,6904
2026-07-02T17:30:00Z,7495.0,7500.75,7493.5,7493.75,11056
2026-07-02T17:35:00Z,7493.75,7495.5,7485.75,7487.0,11030
2026-07-02T17:40:00Z,7487.0,7491.75,7483.5,7490.75,11543
2026-07-02T17:45:00Z,7490.75,7491.0,7481.5,7485.75,10564
2026-07-02T17:50:00Z,7485.75,7490.5,7483.0,7489.0,9512
2026-07-02T17:55:00Z,7489.25,7490.0,7479.5,7482.0,9694
2026-07-02T18:00:00Z,7482.25,7489.25,7480.0,7489.0,10702
2026-07-02T18:05:00Z,7489.0,7504.5,7488.25,7504.25,16882
2026-07-02T18:10:00Z,7504.0,7508.75,7501.0,7501.75,13315
2026-07-02T18:15:00Z,7501.75,7503.5,7493.5,7496.25,11986
2026-07-02T18:20:00Z,7496.25,7502.75,7496.25,7501.0,7917
2026-07-02T18:25:00Z,7501.0,7506.75,7499.25,7506.5,8024
2026-07-02T18:30:00Z,7506.5,7512.75,7505.75,7508.75,13571
2026-07-02T18:35:00Z,7509.0,7512.5,7508.0,7511.25,8127
2026-07-02T18:40:00Z,7511.5,7513.0,7509.5,7510.5,7135
2026-07-02T18:45:00Z,7510.25,7512.5,7505.0,7511.75,9903
2026-07-02T18:50:00Z,7511.75,7514.75,7508.25,7508.25,8939
2026-07-02T18:55:00Z,7508.25,7510.25,7505.25,7509.0,8671
2026-07-02T19:00:00Z,7509.25,7510.75,7494.25,7495.75,14053
2026-07-02T19:05:00Z,7495.5,7500.25,7491.75,7497.5,15819
2026-07-02T19:10:00Z,7497.75,7501.75,7494.25,7499.5,9815
2026-07-02T19:15:00Z,7499.75,7501.0,7494.25,7496.75,7683
2026-07-02T19:20:00Z,7496.75,7497.75,7494.25,7495.0,7549
2026-07-02T19:25:00Z,7494.75,7505.5,7493.5,7502.5,12126
2026-07-02T19:30:00Z,7502.5,7508.0,7500.5,7507.75,10380
2026-07-02T19:35:00Z,7507.75,7510.75,7504.75,7510.25,10507
2026-07-02T19:40:00Z,7510.25,7513.0,7507.0,7511.75,8909
2026-07-02T19:45:00Z,7511.75,7513.0,7508.75,7512.0,12432
2026-07-02T19:50:00Z,7512.0,7523.5,7512.0,7523.25,29011
2026-07-02T19:55:00Z,7523.0,7534.0,7520.75,7526.5,88510
2026-07-02T20:00:00Z,7526.5,7527.25,7520.5,7520.75,32592
2026-07-02T20:05:00Z,7520.5,7523.0,7517.75,7522.5,7790
2026-07-02T20:10:00Z,7522.5,7525.5,7520.5,7524.25,4801
2026-07-02T20:15:00Z,7524.25,7525.25,7522.75,7522.75,2309
2026-07-02T20:20:00Z,7522.75,7523.75,7520.0,7520.25,1920
2026-07-02T20:25:00Z,7520.25,7523.25,7520.0,7520.75,1123
2026-07-02T20:30:00Z,7521.25,7523.25,7520.0,7523.0,1325
2026-07-02T20:35:00Z,7523.0,7524.75,7521.5,7522.0,1144
2026-07-02T20:40:00Z,7522.25,7522.25,7519.25,7519.5,1033
2026-07-02T20:45:00Z,7519.75,7521.75,7519.25,7521.25,1625
2026-07-02T20:50:00Z,7521.5,7522.25,7520.75,7521.0,1050
2026-07-02T20:55:00Z,7521.0,7524.5,7520.5,7523.0,2518
2026-07-02T22:00:00Z,7523.75,7528.5,7523.75,7527.25,0
2026-07-02T22:05:00Z,7527.0,7529.25,7524.25,7528.5,386
2026-07-02T22:10:00Z,7528.5,7529.0,7527.5,7528.5,270
2026-07-02T22:15:00Z,7528.75,7530.75,7528.5,7529.75,329
2026-07-02T22:20:00Z,7529.75,7531.5,7529.25,7531.0,256
2026-07-02T22:25:00Z,7530.5,7531.25,7528.5,7529.0,278
2026-07-02T22:30:00Z,7529.0,7531.5,7527.25,7531.25,289
2026-07-02T22:35:00Z,7531.25,7534.5,7530.5,7534.0,473
2026-07-02T22:40:00Z,7534.0,7535.5,7533.5,7535.0,288
2026-07-02T22:45:00Z,7535.25,7535.5,7534.0,7534.0,179
2026-07-02T22:50:00Z,7533.75,7533.75,7532.75,7533.75,286
2026-07-02T22:55:00Z,7534.0,7536.0,7533.75,7535.5,355
2026-07-02T23:00:00Z,7535.25,7536.0,7533.5,7533.75,307
2026-07-02T23:05:00Z,7533.75,7534.25,7531.75,7532.25,374
2026-07-02T23:10:00Z,7532.5,7532.75,7529.25,7529.75,465
2026-07-02T23:15:00Z,7529.75,7532.5,7529.5,7530.5,515
2026-07-02T23:20:00Z,7530.5,7536.0,7530.25,7535.75,491
2026-07-02T23:25:00Z,7535.5,7537.0,7535.0,7536.0,406
2026-07-02T23:30:00Z,7536.25,7537.75,7534.5,7537.0,430
2026-07-02T23:35:00Z,7537.25,7537.75,7534.0,7535.0,326
2026-07-02T23:40:00Z,7534.75,7536.25,7533.25,7533.25,315
2026-07-02T23:45:00Z,7533.5,7537.25,7532.75,7536.5,449
2026-07-02T23:50:00Z,7536.5,7537.25,7533.75,7536.5,321
2026-07-02T23:55:00Z,7536.25,7536.5,7535.0,7536.25,204
2026-07-03T00:00:00Z,7536.0,7540.25,7530.75,7534.5,1323
2026-07-03T00:05:00Z,7534.25,7535.75,7529.25,7529.5,729
2026-07-03T00:10:00Z,7529.25,7537.5,7527.25,7537.0,807
2026-07-03T00:15:00Z,7536.75,7537.75,7531.75,7534.25,698
2026-07-03T00:20:00Z,7534.25,7536.75,7532.25,7533.5,431
2026-07-03T00:25:00Z,7533.75,7535.0,7530.0,7531.25,432
2026-07-03T00:30:00Z,7531.0,7531.25,7527.5,7528.75,579
2026-07-03T00:35:00Z,7528.75,7537.0,7528.0,7533.5,737
2026-07-03T00:40:00Z,7533.25,7534.5,7529.75,7531.25,491
2026-07-03T00:45:00Z,7531.25,7533.0,7529.0,7532.25,460
2026-07-03T00:50:00Z,7532.25,7533.25,7528.5,7530.75,461
2026-07-03T00:55:00Z,7531.0,7531.5,7527.75,7529.75,729
2026-07-03T01:00:00Z,7530.25,7540.75,7529.5,7540.5,953
2026-07-03T01:05:00Z,7540.25,7550.25,7539.75,7548.0,2544
2026-07-03T01:10:00Z,7547.5,7548.5,7545.0,7547.5,1094
2026-07-03T01:15:00Z,7547.5,7549.25,7544.75,7546.25,853
2026-07-03T01:20:00Z,7546.75,7550.0,7546.5,7549.5,783
2026-07-03T01:25:00Z,7549.25,7549.75,7547.5,7547.75,499
2026-07-03T01:30:00Z,7547.75,7550.0,7546.0,7549.75,849
2026-07-03T01:35:00Z,7550.0,7550.75,7547.0,7549.0,769
2026-07-03T01:40:00Z,7549.25,7550.75,7548.5,7550.0,654
2026-07-03T01:45:00Z,7550.0,7550.5,7548.0,7550.0,592
2026-07-03T01:50:00Z,7549.75,7550.5,7547.75,7550.0,636
2026-07-03T01:55:00Z,7550.0,7550.75,7548.75,7549.25,474
2026-07-03T02:00:00Z,7549.5,7550.75,7548.75,7550.0,450
2026-07-03T02:05:00Z,7549.75,7553.0,7549.75,7552.25,647
2026-07-03T02:10:00Z,7552.5,7552.75,7549.0,7549.0,686
2026-07-03T02:15:00Z,7549.25,7551.5,7548.75,7549.25,460
2026-07-03T02:20:00Z,7549.5,7551.5,7549.0,7551.25,303
2026-07-03T02:25:00Z,7551.25,7552.75,7551.0,7552.5,360
2026-07-03T02:30:00Z,7552.25,7552.75,7550.75,7551.0,368
2026-07-03T02:35:00Z,7550.75,7551.25,7549.0,7549.75,471
2026-07-03T02:40:00Z,7550.0,7550.25,7548.25,7550.0,416
2026-07-03T02:45:00Z,7550.0,7552.0,7550.0,7552.0,365
2026-07-03T02:50:00Z,7552.0,7552.5,7551.0,7551.5,349
2026-07-03T02:55:00Z,7551.75,7553.25,7551.25,7552.75,282
2026-07-03T03:00:00Z,7552.5,7552.5,7551.0,7551.5,305
2026-07-03T03:05:00Z,7551.5,7552.75,7550.25,7550.75,334
2026-07-03T03:10:00Z,7550.75,7551.75,7549.75,7551.75,262
2026-07-03T03:15:00Z,7551.75,7552.5,7551.25,7552.0,177
2026-07-03T03:20:00Z,7552.0,7553.0,7551.75,7552.0,152
2026-07-03T03:25:00Z,7551.75,7554.0,7551.25,7554.0,329
2026-07-03T03:30:00Z,7554.25,7555.25,7552.25,7552.5,539
2026-07-03T03:35:00Z,7552.75,7553.25,7550.0,7550.0,262
2026-07-03T03:40:00Z,7549.75,7550.25,7548.25,7548.5,307
2026-07-03T03:45:00Z,7548.5,7552.25,7548.0,7552.25,317
2026-07-03T03:50:00Z,7551.75,7552.5,7551.0,7551.5,193
2026-07-03T03:55:00Z,7552.0,7554.25,7552.0,7554.25,263
2026-07-05T22:00:00Z,7562.25,7568.75,7554.25,7554.75,1687
2026-07-05T22:05:00Z,7554.5,7558.0,7551.5,7555.0,1000
2026-07-05T22:10:00Z,7555.25,7557.25,7554.0,7557.25,597
2026-07-05T22:15:00Z,7557.5,7559.5,7556.0,7559.0,516
2026-07-05T22:20:00Z,7558.75,7562.5,7558.25,7561.5,710
2026-07-05T22:25:00Z,7561.25,7562.25,7557.0,7561.5,293
2026-07-05T22:30:00Z,7561.5,7565.0,7557.0,7564.75,523
2026-07-05T22:35:00Z,7564.75,7566.0,7563.75,7565.5,430
2026-07-05T22:40:00Z,7565.75,7566.0,7563.75,7565.5,550
2026-07-05T22:45:00Z,7565.5,7567.75,7557.0,7567.25,424
2026-07-05T22:50:00Z,7567.25,7567.25,7557.0,7557.0,461
2026-07-05T22:55:00Z,7564.25,7564.5,7562.0,7563.0,313
2026-07-05T23:00:00Z,7562.75,7563.5,7560.75,7563.0,378
2026-07-05T23:05:00Z,7563.25,7565.0,7563.25,7563.75,203
2026-07-05T23:10:00Z,7563.5,7568.75,7557.0,7568.0,954
2026-07-05T23:15:00Z,7568.0,7569.0,7557.0,7567.75,367
2026-07-05T23:20:00Z,7567.75,7567.75,7565.25,7565.75,207
2026-07-05T23:25:00Z,7565.5,7566.25,7564.75,7565.25,294
2026-07-05T23:30:00Z,7565.25,7568.75,7564.75,7567.25,394
2026-07-05T23:35:00Z,7567.25,7567.5,7557.0,7566.0,133
2026-07-05T23:40:00Z,7566.0,7566.5,7557.0,7565.5,207
2026-07-05T23:45:00Z,7565.25,7567.75,7564.0,7567.25,452
2026-07-05T23:50:00Z,7567.0,7569.75,7566.75,7568.0,724
2026-07-05T23:55:00Z,7568.0,7570.75,7566.75,7569.75,981
2026-07-06T00:00:00Z,7570.0,7570.5,7557.0,7566.25,2103
2026-07-06T00:05:00Z,7566.75,7570.0,7557.0,7569.0,1026
2026-07-06T00:10:00Z,7568.75,7570.0,7566.0,7570.0,556
2026-07-06T00:15:00Z,7569.75,7574.25,7569.0,7569.5,1701
2026-07-06T00:20:00Z,7569.25,7570.0,7565.75,7567.0,734
2026-07-06T00:25:00Z,7567.0,7567.75,7557.0,7560.0,1376
2026-07-06T00:30:00Z,7559.75,7564.5,7557.0,7562.5,1842
2026-07-06T00:35:00Z,7562.5,7566.0,7560.5,7565.25,714
2026-07-06T00:40:00Z,7565.0,7567.5,7564.25,7566.25,866
2026-07-06T00:45:00Z,7566.25,7570.5,7566.25,7567.75,771
2026-07-06T00:50:00Z,7567.75,7569.5,7557.0,7567.5,955
2026-07-06T00:55:00Z,7567.5,7568.75,7557.0,7566.0,679
2026-07-06T01:00:00Z,7565.5,7566.25,7562.75,7563.0,694
2026-07-06T01:05:00Z,7562.75,7564.25,7560.75,7562.75,718
2026-07-06T01:10:00Z,7562.75,7564.5,7560.0,7563.0,670
2026-07-06T01:15:00Z,7563.0,7563.75,7557.0,7563.0,564
2026-07-06T01:20:00Z,7563.25,7564.5,7557.0,7557.75,766
2026-07-06T01:25:00Z,7557.75,7558.25,7552.75,7556.25,1370
2026-07-06T01:30:00Z,7556.5,7560.75,7556.25,7559.5,837
2026-07-06T01:35:00Z,7559.25,7560.25,7557.75,7560.0,489
2026-07-06T01:40:00Z,7560.0,7561.5,7557.0,7557.5,610
2026-07-06T01:45:00Z,7557.0,7557.0,7552.0,7552.25,838
2026-07-06T01:50:00Z,7552.5,7553.25,7550.25,7551.0,1012
2026-07-06T01:55:00Z,7551.0,7555.0,7549.75,7553.5,972
2026-07-06T02:00:00Z,7553.5,7555.75,7552.25,7555.25,908
2026-07-06T02:05:00Z,7555.0,7557.0,7551.5,7551.75,685
2026-07-06T02:10:00Z,7551.75,7557.0,7548.25,7548.75,770
2026-07-06T02:15:00Z,7549.0,7550.25,7546.5,7548.0,1009
2026-07-06T02:20:00Z,7548.0,7550.75,7547.25,7549.25,488
2026-07-06T02:25:00Z,7549.5,7550.0,7546.75,7547.0,630
2026-07-06T02:30:00Z,7547.25,7557.0,7543.5,7545.25,1098
2026-07-06T02:35:00Z,7545.25,7557.0,7543.25,7543.5,624
2026-07-06T02:40:00Z,7543.25,7543.75,7541.0,7541.75,918
2026-07-06T02:45:00Z,7541.75,7544.25,7541.25,7542.5,548
2026-07-06T02:50:00Z,7542.5,7543.25,7540.5,7543.0,546
2026-07-06T02:55:00Z,7543.25,7557.0,7541.75,7544.25,646
2026-07-06T03:00:00Z,7544.25,7557.0,7542.25,7545.25,688
2026-07-06T03:05:00Z,7545.25,7545.25,7544.0,7545.0,429
2026-07-06T03:10:00Z,7545.0,7547.0,7541.5,7544.25,1294
2026-07-06T03:15:00Z,7544.5,7546.0,7543.0,7543.75,552
2026-07-06T03:20:00Z,7543.5,7557.0,7542.75,7544.25,343
2026-07-06T03:25:00Z,7544.75,7557.0,7544.0,7546.0,276
2026-07-06T03:30:00Z,7546.0,7547.25,7543.75,7546.5,811
2026-07-06T03:35:00Z,7546.5,7548.0,7545.5,7545.75,477
2026-07-06T03:40:00Z,7545.75,7546.25,7541.75,7542.0,597
2026-07-06T03:45:00Z,7541.75,7557.0,7539.75,7540.25,720
2026-07-06T03:50:00Z,7540.25,7557.0,7538.25,7538.75,1037
2026-07-06T03:55:00Z,7538.75,7541.5,7538.25,7541.25,329
2026-07-06T04:00:00Z,7542.0,7543.25,7539.75,7543.0,705
2026-07-06T04:05:00Z,7543.0,7544.0,7540.75,7541.75,431
2026-07-06T04:10:00Z,7541.75,7546.75,7541.75,7546.5,513
2026-07-06T04:15:00Z,7546.75,7547.5,7545.5,7547.0,468
2026-07-06T04:20:00Z,7546.75,7547.75,7546.25,7547.5,348
2026-07-06T04:25:00Z,7547.5,7548.5,7546.5,7547.75,324
2026-07-06T04:30:00Z,7547.75,7550.0,7547.0,7547.25,689
2026-07-06T04:35:00Z,7547.25,7549.75,7547.25,7549.5,567
2026-07-06T04:40:00Z,7549.25,7551.5,7548.25,7550.75,506
2026-07-06T04:45:00Z,7550.75,7551.5,7549.5,7550.0,383
2026-07-06T04:50:00Z,7550.0,7551.25,7549.75,7551.25,435
2026-07-06T04:55:00Z,7551.25,7552.75,7551.0,7552.25,502
2026-07-06T05:00:00Z,7552.5,7552.75,7549.25,7549.75,507
2026-07-06T05:05:00Z,7549.5,7554.25,7549.25,7551.75,808
2026-07-06T05:10:00Z,7551.5,7554.0,7551.0,7552.75,503
2026-07-06T05:15:00Z,7552.75,7554.5,7552.5,7554.25,454
2026-07-06T05:20:00Z,7554.25,7554.5,7549.25,7550.5,699
2026-07-06T05:25:00Z,7550.0,7551.5,7548.5,7548.75,503
2026-07-06T05:30:00Z,7549.0,7549.0,7545.0,7545.75,589
2026-07-06T05:35:00Z,7545.75,7548.5,7545.75,7547.5,469
2026-07-06T05:40:00Z,7547.5,7552.0,7547.5,7550.5,769
2026-07-06T05:45:00Z,7550.5,7550.75,7548.25,7548.75,378
2026-07-06T05:50:00Z,7549.0,7552.5,7548.5,7551.75,599
2026-07-06T05:55:00Z,7551.75,7552.0,7549.5,7550.0,364
2026-07-06T06:00:00Z,7550.0,7552.0,7549.5,7550.75,655
2026-07-06T06:05:00Z,7550.75,7551.75,7548.75,7548.75,566
2026-07-06T06:10:00Z,7548.5,7549.25,7546.25,7546.75,336
2026-07-06T06:15:00Z,7546.75,7548.75,7546.5,7547.75,352
2026-07-06T06:20:00Z,7547.5,7549.5,7546.75,7549.0,368
2026-07-06T06:25:00Z,7549.0,7552.0,7548.5,7551.0,463
2026-07-06T06:30:00Z,7550.75,7553.75,7550.25,7553.0,611
2026-07-06T06:35:00Z,7553.25,7554.5,7553.0,7554.0,553
2026-07-06T06:40:00Z,7554.0,7555.75,7554.0,7554.75,648
2026-07-06T06:45:00Z,7554.75,7554.75,7552.5,7553.75,337
2026-07-06T06:50:00Z,7553.75,7555.0,7552.5,7553.25,259
2026-07-06T06:55:00Z,7553.5,7554.75,7553.0,7554.5,342
2026-07-06T07:00:00Z,7554.25,7555.75,7552.5,7555.75,776
2026-07-06T07:05:00Z,7555.75,7557.75,7555.25,7556.25,900
2026-07-06T07:10:00Z,7556.25,7557.5,7555.25,7556.25,965
2026-07-06T07:15:00Z,7556.5,7559.0,7556.5,7558.75,576
2026-07-06T07:20:00Z,7558.75,7558.75,7555.75,7556.5,408
2026-07-06T07:25:00Z,7556.5,7557.0,7554.75,7555.25,500
2026-07-06T07:30:00Z,7555.5,7558.25,7554.75,7558.25,529
2026-07-06T07:35:00Z,7558.25,7558.75,7556.5,7557.5,358
2026-07-06T07:40:00Z,7557.75,7563.0,7557.75,7562.5,835
2026-07-06T07:45:00Z,7562.5,7562.75,7561.25,7562.25,639
2026-07-06T07:50:00Z,7562.25,7562.75,7561.5,7562.5,443
2026-07-06T07:55:00Z,7562.5,7563.5,7561.5,7563.0,501
2026-07-06T08:00:00Z,7563.0,7566.0,7562.0,7564.25,1618
2026-07-06T08:05:00Z,7564.25,7566.75,7563.75,7565.25,928
2026-07-06T08:10:00Z,7565.25,7565.75,7558.75,7560.5,1338
2026-07-06T08:15:00Z,7560.5,7560.75,7556.25,7560.75,774
2026-07-06T08:20:00Z,7561.0,7562.0,7559.75,7561.5,600
2026-07-06T08:25:00Z,7561.75,7562.75,7561.0,7562.25,543
2026-07-06T08:30:00Z,7562.0,7562.25,7559.25,7559.25,723
2026-07-06T08:35:00Z,7559.5,7560.25,7558.0,7559.75,456
2026-07-06T08:40:00Z,7559.75,7562.5,7559.75,7561.25,387
2026-07-06T08:45:00Z,7561.75,7561.75,7559.75,7561.25,327
2026-07-06T08:50:00Z,7561.25,7562.0,7560.5,7561.5,276
2026-07-06T08:55:00Z,7561.25,7563.5,7560.75,7562.75,507
2026-07-06T09:00:00Z,7562.75,7563.0,7560.5,7560.75,720
2026-07-06T09:05:00Z,7561.0,7563.0,7560.5,7561.25,479
2026-07-06T09:10:00Z,7561.25,7561.25,7558.75,7560.0,514
2026-07-06T09:15:00Z,7560.0,7561.5,7559.25,7559.5,383
2026-07-06T09:20:00Z,7559.5,7561.75,7559.0,7561.25,440
2026-07-06T09:25:00Z,7561.25,7562.75,7561.0,7562.25,447
2026-07-06T09:30:00Z,7562.25,7562.5,7559.0,7560.5,389
2026-07-06T09:35:00Z,7560.5,7562.25,7560.5,7561.75,294
2026-07-06T09:40:00Z,7561.75,7562.25,7560.25,7560.25,261
2026-07-06T09:45:00Z,7560.25,7560.25,7557.25,7557.75,461
2026-07-06T09:50:00Z,7557.75,7565.0,7557.75,7564.75,1537
2026-07-06T09:55:00Z,7564.75,7565.5,7563.75,7565.0,699
2026-07-06T10:00:00Z,7565.0,7566.5,7562.25,7562.5,1036
2026-07-06T10:05:00Z,7562.25,7562.5,7560.5,7560.75,687
2026-07-06T10:10:00Z,7560.75,7564.75,7560.5,7564.75,356
2026-07-06T10:15:00Z,7564.75,7565.75,7564.25,7565.25,414
2026-07-06T10:20:00Z,7565.25,7566.0,7563.25,7563.25,353
2026-07-06T10:25:00Z,7563.5,7563.75,7562.25,7562.75,388
2026-07-06T10:30:00Z,7562.75,7565.25,7562.5,7565.25,400
2026-07-06T10:35:00Z,7564.75,7565.75,7563.75,7564.75,321
2026-07-06T10:40:00Z,7564.75,7564.75,7560.75,7560.75,440
2026-07-06T10:45:00Z,7560.75,7561.75,7559.25,7561.25,471
2026-07-06T10:50:00Z,7561.0,7562.0,7560.5,7561.75,402
2026-07-06T10:55:00Z,7561.75,7563.0,7561.5,7563.0,327
2026-07-06T11:00:00Z,7563.0,7565.25,7560.0,7560.0,1141
2026-07-06T11:05:00Z,7560.25,7560.75,7558.25,7558.75,664
2026-07-06T11:10:00Z,7558.75,7560.25,7558.5,7560.0,495
2026-07-06T11:15:00Z,7560.25,7561.0,7559.25,7561.0,509
2026-07-06T11:20:00Z,7561.0,7563.0,7560.0,7560.0,648
2026-07-06T11:25:00Z,7560.0,7562.0,7559.75,7560.0,685
2026-07-06T11:30:00Z,7560.0,7562.25,7559.5,7562.25,640
2026-07-06T11:35:00Z,7562.5,7562.5,7560.25,7560.75,598
2026-07-06T11:40:00Z,7560.75,7561.25,7559.5,7561.0,530
2026-07-06T11:45:00Z,7561.0,7563.0,7560.25,7561.25,838
2026-07-06T11:50:00Z,7561.5,7561.5,7557.5,7558.25,1018
2026-07-06T11:55:00Z,7558.25,7560.75,7556.25,7556.5,1271
2026-07-06T12:00:00Z,7556.5,7563.25,7555.5,7562.5,2850
2026-07-06T12:05:00Z,7562.5,7563.25,7560.25,7562.75,1344
2026-07-06T12:10:00Z,7563.0,7563.25,7561.5,7562.5,1335
2026-07-06T12:15:00Z,7562.75,7564.5,7562.25,7563.75,1986
2026-07-06T12:20:00Z,7563.75,7563.75,7556.25,7556.25,1703
2026-07-06T12:25:00Z,7556.25,7558.5,7556.0,7558.25,1245
2026-07-06T12:30:00Z,7558.5,7559.75,7556.5,7557.25,1427
2026-07-06T12:35:00Z,7557.5,7563.5,7556.75,7561.75,2486
2026-07-06T12:40:00Z,7561.75,7562.0,7558.25,7559.0,1685
2026-07-06T12:45:00Z,7559.0,7560.5,7559.0,7559.75,829
2026-07-06T12:50:00Z,7560.0,7562.75,7559.5,7562.5,1164
2026-07-06T12:55:00Z,7562.75,7562.75,7561.0,7562.75,864
2026-07-06T13:00:00Z,7562.75,7563.5,7556.5,7558.0,2482
2026-07-06T13:05:00Z,7558.0,7558.25,7556.5,7556.75,1494
2026-07-06T13:10:00Z,7556.5,7558.25,7555.0,7555.25,2182
2026-07-06T13:15:00Z,7555.5,7556.25,7552.75,7553.75,2590
2026-07-06T13:20:00Z,7553.75,7555.5,7551.75,7553.75,2706
2026-07-06T13:25:00Z,7553.75,7564.75,7553.75,7564.75,5599
2026-07-06T13:30:00Z,7564.75,7573.0,7559.25,7570.25,35449
2026-07-06T13:35:00Z,7570.0,7570.0,7552.5,7561.5,22470
2026-07-06T13:40:00Z,7561.5,7565.75,7555.5,7565.0,16345
2026-07-06T13:45:00Z,7565.0,7569.75,7561.5,7568.0,16207
2026-07-06T13:50:00Z,7567.75,7574.0,7560.75,7567.25,18499
2026-07-06T13:55:00Z,7567.25,7568.25,7561.75,7564.0,11927
2026-07-06T14:00:00Z,7564.25,7568.75,7558.5,7562.5,14635
2026-07-06T14:05:00Z,7562.25,7569.25,7559.0,7566.75,12974
2026-07-06T14:10:00Z,7567.0,7573.5,7564.75,7573.0,12785
2026-07-06T14:15:00Z,7572.75,7573.75,7568.5,7570.75,13752
2026-07-06T14:20:00Z,7570.75,7577.75,7569.25,7575.75,15939
2026-07-06T14:25:00Z,7575.5,7579.0,7574.75,7578.75,14235
2026-07-06T14:30:00Z,7578.5,7581.0,7575.5,7576.0,14096
2026-07-06T14:35:00Z,7576.25,7577.75,7573.5,7576.0,10405
2026-07-06T14:40:00Z,7575.75,7577.0,7570.0,7576.0,13749
2026-07-06T14:45:00Z,7575.75,7577.75,7574.0,7576.5,7859
2026-07-06T14:50:00Z,7576.5,7580.0,7575.0,7578.25,8883
2026-07-06T14:55:00Z,7578.0,7582.25,7576.25,7582.0,10339
2026-07-06T15:00:00Z,7582.25,7583.5,7579.0,7581.0,12571
2026-07-06T15:05:00Z,7581.0,7582.5,7579.25,7582.25,8224
2026-07-06T15:10:00Z,7582.25,7583.5,7577.5,7580.5,10546
2026-07-06T15:15:00Z,7580.75,7580.75,7575.25,7579.25,9989
2026-07-06T15:20:00Z,7579.25,7582.75,7576.5,7582.25,8278
2026-07-06T15:25:00Z,7582.25,7587.25,7581.5,7587.0,12015
2026-07-06T15:30:00Z,7587.0,7589.0,7585.25,7585.5,12673
2026-07-06T15:35:00Z,7585.5,7586.25,7582.75,7585.5,7159
2026-07-06T15:40:00Z,7585.5,7587.5,7584.75,7587.5,6257
2026-07-06T15:45:00Z,7587.5,7588.75,7585.75,7588.0,5374
2026-07-06T15:50:00Z,7588.0,7589.0,7585.25,7585.5,6134
2026-07-06T15:55:00Z,7585.5,7588.75,7585.5,7587.5,5506
2026-07-06T16:00:00Z,7587.5,7588.0,7585.5,7587.0,4739
2026-07-06T16:05:00Z,7587.0,7589.5,7586.25,7588.25,5221
2026-07-06T16:10:00Z,7588.5,7590.25,7587.5,7588.75,5679
2026-07-06T16:15:00Z,7588.75,7589.75,7587.5,7589.25,4143
2026-07-06T16:20:00Z,7589.25,7590.5,7587.5,7588.25,4999
2026-07-06T16:25:00Z,7588.0,7588.5,7584.75,7585.5,5591
2026-07-06T16:30:00Z,7585.75,7586.75,7583.75,7585.5,5313
2026-07-06T16:35:00Z,7585.5,7585.75,7583.0,7585.25,4050
2026-07-06T16:40:00Z,7585.25,7586.75,7584.75,7586.5,3768
2026-07-06T16:45:00Z,7586.25,7589.75,7584.75,7589.25,5388
2026-07-06T16:50:00Z,7589.5,7590.25,7585.25,7585.25,5209
2026-07-06T16:55:00Z,7585.5,7586.5,7582.75,7583.75,6105
2026-07-06T17:00:00Z,7583.75,7589.0,7583.25,7587.75,7050
2026-07-06T17:05:00Z,7588.0,7594.75,7588.0,7593.0,11246
2026-07-06T17:10:00Z,7593.0,7594.25,7591.25,7592.75,6201
2026-07-06T17:15:00Z,7592.75,7593.75,7589.0,7590.0,5059
2026-07-06T17:20:00Z,7590.0,7590.5,7587.25,7589.0,5856
2026-07-06T17:25:00Z,7589.0,7590.25,7585.25,7586.0,5487
2026-07-06T17:30:00Z,7586.0,7586.75,7580.75,7582.25,9791
2026-07-06T17:35:00Z,7582.25,7584.25,7580.75,7582.25,7897
2026-07-06T17:40:00Z,7582.25,7582.25,7575.25,7579.5,12694
2026-07-06T17:45:00Z,7579.5,7583.0,7577.25,7582.0,7825
2026-07-06T17:50:00Z,7582.0,7584.25,7579.25,7579.5,6489
2026-07-06T17:55:00Z,7579.5,7580.5,7578.0,7580.0,6561
2026-07-06T18:00:00Z,7580.0,7586.5,7580.0,7585.75,8996
2026-07-06T18:05:00Z,7585.75,7590.0,7585.0,7588.5,7378
2026-07-06T18:10:00Z,7588.5,7589.5,7587.0,7589.0,4353
2026-07-06T18:15:00Z,7589.0,7594.25,7589.0,7592.25,9034
2026-07-06T18:20:00Z,7592.5,7593.75,7591.0,7593.5,4670
2026-07-06T18:25:00Z,7593.5,7595.0,7591.5,7592.0,7245
2026-07-06T18:30:00Z,7592.0,7594.0,7589.75,7590.0,6330
2026-07-06T18:35:00Z,7590.0,7591.75,7588.75,7589.5,4498
2026-07-06T18:40:00Z,7589.5,7592.5,7589.5,7591.25,4593
2026-07-06T18:45:00Z,7591.25,7595.5,7590.75,7595.0,7405
2026-07-06T18:50:00Z,7595.0,7597.0,7594.25,7597.0,6298
2026-07-06T18:55:00Z,7597.0,7599.0,7595.5,7598.25,7105
2026-07-06T19:00:00Z,7598.25,7600.0,7595.25,7597.0,8992
2026-07-06T19:05:00Z,7597.25,7598.25,7595.0,7596.0,6729
2026-07-06T19:10:00Z,7595.75,7597.75,7595.0,7596.25,5409
2026-07-06T19:15:00Z,7596.25,7599.75,7595.0,7599.25,7209
2026-07-06T19:20:00Z,7599.25,7602.5,7598.0,7601.25,8032
2026-07-06T19:25:00Z,7601.0,7601.75,7599.25,7600.75,6452
2026-07-06T19:30:00Z,7600.75,7601.0,7597.5,7598.5,9187
2026-07-06T19:35:00Z,7598.5,7599.75,7595.5,7598.0,8548
2026-07-06T19:40:00Z,7597.75,7598.75,7596.0,7598.5,6785
2026-07-06T19:45:00Z,7598.5,7600.5,7597.25,7597.5,8910
2026-07-06T19:50:00Z,7597.75,7598.5,7591.0,7591.25,23626
2026-07-06T19:55:00Z,7591.25,7593.75,7587.75,7593.5,76569
2026-07-06T20:00:00Z,7593.5,7595.5,7591.25,7593.0,19837
2026-07-06T20:05:00Z,7593.0,7596.75,7592.0,7596.25,4621
2026-07-06T20:10:00Z,7596.0,7597.5,7594.5,7596.5,3758
2026-07-06T20:15:00Z,7596.25,7598.25,7596.25,7597.5,2102
2026-07-06T20:20:00Z,7597.25,7597.5,7595.5,7596.0,1499
2026-07-06T20:25:00Z,7596.0,7596.25,7594.0,7595.5,1947
2026-07-06T20:30:00Z,7595.75,7597.0,7595.5,7596.75,1201
2026-07-06T20:35:00Z,7596.5,7596.75,7595.0,7596.0,599
2026-07-06T20:40:00Z,7596.0,7597.0,7595.5,7596.5,567
2026-07-06T20:45:00Z,7596.75,7597.5,7594.5,7595.0,998
2026-07-06T20:50:00Z,7595.0,7596.0,7594.0,7595.5,983
2026-07-06T20:55:00Z,7595.5,7598.75,7595.0,7596.75,1182
2026-07-06T22:00:00Z,7597.0,7599.5,7596.25,7598.75,0
2026-07-06T22:05:00Z,7598.75,7598.75,7596.0,7597.5,383
2026-07-06T22:10:00Z,7597.75,7599.75,7597.5,7599.25,358
2026-07-06T22:15:00Z,7599.5,7600.75,7598.75,7599.5,249
2026-07-06T22:20:00Z,7599.75,7601.25,7599.75,7600.25,249
2026-07-06T22:25:00Z,7600.25,7600.25,7598.5,7598.75,473
2026-07-06T22:30:00Z,7598.75,7600.5,7597.5,7599.5,304
2026-07-06T22:35:00Z,7599.5,7600.5,7598.5,7599.0,246
2026-07-06T22:40:00Z,7599.25,7601.0,7598.5,7599.0,217
2026-07-06T22:45:00Z,7598.75,7598.75,7595.0,7596.25,511
2026-07-06T22:50:00Z,7596.25,7596.75,7594.25,7595.0,323
2026-07-06T22:55:00Z,7595.0,7595.25,7592.5,7594.0,650
2026-07-06T23:00:00Z,7593.75,7598.0,7593.5,7597.0,404
2026-07-06T23:05:00Z,7596.75,7597.25,7595.0,7596.25,239
2026-07-06T23:10:00Z,7596.25,7597.25,7595.5,7596.0,214
2026-07-06T23:15:00Z,7595.5,7595.5,7592.0,7592.25,484
2026-07-06T23:20:00Z,7592.25,7593.75,7591.75,7593.0,401
2026-07-06T23:25:00Z,7593.25,7594.0,7592.0,7593.0,229
2026-07-06T23:30:00Z,7593.0,7593.75,7591.25,7591.75,196
2026-07-06T23:35:00Z,7591.75,7592.5,7591.25,7591.5,173
2026-07-06T23:40:00Z,7591.25,7591.75,7590.0,7590.25,548
2026-07-06T23:45:00Z,7590.25,7590.25,7586.75,7587.25,1377
2026-07-06T23:50:00Z,7587.25,7587.25,7585.0,7585.25,1263
2026-07-06T23:55:00Z,7585.5,7586.5,7584.25,7585.75,613
2026-07-07T00:00:00Z,7585.5,7588.5,7583.25,7587.75,1323
2026-07-07T00:05:00Z,7587.5,7590.5,7586.75,7589.0,880
2026-07-07T00:10:00Z,7588.75,7588.75,7584.75,7586.0,942
2026-07-07T00:15:00Z,7586.25,7589.75,7585.25,7589.5,1138
2026-07-07T00:20:00Z,7589.75,7594.0,7589.0,7593.0,1796
2026-07-07T00:25:00Z,7593.25,7595.0,7588.75,7590.25,1379
2026-07-07T00:30:00Z,7590.25,7591.0,7587.25,7587.5,922
2026-07-07T00:35:00Z,7587.5,7588.25,7583.5,7585.25,1140
2026-07-07T00:40:00Z,7585.25,7588.0,7584.0,7587.0,1150
2026-07-07T00:45:00Z,7587.0,7589.0,7585.0,7587.5,944
2026-07-07T00:50:00Z,7587.5,7589.0,7586.25,7588.75,516
2026-07-07T00:55:00Z,7588.75,7589.5,7584.75,7585.0,793
2026-07-07T01:00:00Z,7585.25,7586.75,7583.75,7585.0,864
2026-07-07T01:05:00Z,7585.0,7587.25,7584.75,7586.25,675
2026-07-07T01:10:00Z,7586.25,7587.25,7584.75,7585.0,592
2026-07-07T01:15:00Z,7585.0,7586.0,7584.0,7584.75,554
2026-07-07T01:20:00Z,7584.75,7584.75,7582.0,7582.5,961
2026-07-07T01:25:00Z,7582.25,7583.0,7580.75,7581.75,1178
2026-07-07T01:30:00Z,7581.75,7583.25,7579.25,7582.5,1422
2026-07-07T01:35:00Z,7582.5,7585.75,7582.25,7584.75,903
2026-07-07T01:40:00Z,7584.75,7586.0,7583.0,7586.0,722
2026-07-07T01:45:00Z,7586.0,7588.0,7586.0,7587.25,826
2026-07-07T01:50:00Z,7587.25,7589.0,7586.25,7588.25,643
2026-07-07T01:55:00Z,7588.0,7588.0,7582.75,7583.25,757
2026-07-07T02:00:00Z,7583.5,7585.25,7582.25,7585.0,627
2026-07-07T02:05:00Z,7584.75,7587.25,7584.0,7586.0,485
2026-07-07T02:10:00Z,7586.25,7586.75,7585.25,7586.0,217
2026-07-07T02:15:00Z,7586.0,7587.0,7585.0,7586.0,396
2026-07-07T02:20:00Z,7586.0,7586.0,7583.0,7583.25,574
2026-07-07T02:25:00Z,7583.5,7583.75,7582.25,7582.5,320
2026-07-07T02:30:00Z,7582.25,7582.25,7579.75,7580.0,868
2026-07-07T02:35:00Z,7580.25,7583.0,7580.0,7582.5,526
2026-07-07T02:40:00Z,7582.5,7583.25,7581.25,7582.5,432
2026-07-07T02:45:00Z,7582.25,7582.25,7580.25,7580.75,358
2026-07-07T02:50:00Z,7581.0,7581.5,7579.75,7581.25,1002
2026-07-07T02:55:00Z,7581.25,7581.5,7578.75,7579.0,828
2026-07-07T03:00:00Z,7579.25,7582.25,7578.75,7582.0,686
2026-07-07T03:05:00Z,7582.0,7583.25,7580.5,7582.75,645
2026-07-07T03:10:00Z,7582.75,7582.75,7579.5,7580.0,742
2026-07-07T03:15:00Z,7579.75,7580.25,7578.0,7579.0,817
2026-07-07T03:20:00Z,7579.25,7579.5,7576.75,7577.25,978
2026-07-07T03:25:00Z,7577.25,7578.5,7574.75,7575.25,1329
2026-07-07T03:30:00Z,7575.25,7576.5,7573.25,7575.25,1558
2026-07-07T03:35:00Z,7575.25,7577.0,7575.0,7576.0,735
2026-07-07T03:40:00Z,7576.0,7576.0,7574.5,7574.5,631
2026-07-07T03:45:00Z,7574.5,7574.5,7571.0,7572.25,1430
2026-07-07T03:50:00Z,7572.25,7573.0,7570.75,7571.5,727
2026-07-07T03:55:00Z,7571.5,7573.75,7570.75,7573.25,766
2026-07-07T04:05:00Z,7574.0,7574.25,7573.5,7573.75,1429
2026-07-07T04:10:00Z,7573.75,7574.0,7571.5,7571.75,562
2026-07-07T04:15:00Z,7571.75,7572.25,7569.75,7570.75,796
2026-07-07T04:20:00Z,7570.75,7571.0,7569.25,7569.75,478
2026-07-07T04:25:00Z,7570.0,7571.5,7569.25,7571.25,588
2026-07-07T04:30:00Z,7571.5,7573.0,7570.5,7571.0,741
2026-07-07T04:35:00Z,7571.0,7571.0,7567.5,7569.25,1096
2026-07-07T04:40:00Z,7569.0,7570.25,7568.75,7568.75,423
2026-07-07T04:45:00Z,7568.75,7569.25,7567.5,7568.0,335
2026-07-07T04:50:00Z,7568.25,7569.25,7567.25,7567.75,595
2026-07-07T04:55:00Z,7568.0,7569.0,7566.5,7568.5,714
2026-07-07T05:00:00Z,7568.75,7568.75,7566.5,7567.0,482
2026-07-07T05:05:00Z,7567.0,7567.75,7564.75,7565.5,780
2026-07-07T05:10:00Z,7565.5,7566.5,7565.0,7565.25,735
2026-07-07T05:15:00Z,7565.25,7566.5,7564.25,7564.75,856
2026-07-07T05:20:00Z,7564.5,7566.5,7564.25,7565.5,927
2026-07-07T05:25:00Z,7565.5,7566.25,7563.0,7566.0,1263
2026-07-07T05:30:00Z,7566.0,7570.75,7566.0,7569.25,1665
2026-07-07T05:35:00Z,7569.0,7571.0,7568.75,7570.5,968
2026-07-07T05:40:00Z,7570.25,7572.25,7570.25,7570.75,897
2026-07-07T05:45:00Z,7571.0,7571.25,7568.75,7569.25,717
2026-07-07T05:50:00Z,7569.0,7572.5,7569.0,7572.25,925
2026-07-07T05:55:00Z,7572.25,7575.0,7572.25,7573.5,1254
2026-07-07T06:00:00Z,7573.25,7574.5,7572.0,7572.5,883
2026-07-07T06:05:00Z,7572.75,7572.75,7569.25,7569.75,753
2026-07-07T06:10:00Z,7569.75,7570.0,7567.0,7567.75,765
2026-07-07T06:15:00Z,7567.75,7569.75,7567.5,7568.25,672
2026-07-07T06:20:00Z,7568.25,7571.75,7567.5,7571.0,1971
2026-07-07T06:25:00Z,7571.0,7572.0,7570.0,7570.75,475
2026-07-07T06:30:00Z,7570.75,7571.0,7569.0,7570.75,797
2026-07-07T06:35:00Z,7570.75,7573.0,7570.25,7571.5,509
2026-07-07T06:40:00Z,7572.0,7573.5,7572.0,7573.5,465
2026-07-07T06:45:00Z,7573.25,7573.5,7570.5,7571.0,469
2026-07-07T06:50:00Z,7571.0,7573.5,7570.5,7573.25,274
2026-07-07T06:55:00Z,7573.25,7574.5,7573.0,7573.5,541
2026-07-07T07:00:00Z,7573.75,7576.0,7571.25,7575.75,1796
2026-07-07T07:05:00Z,7575.75,7576.75,7574.75,7575.0,1280
2026-07-07T07:10:00Z,7575.0,7577.75,7573.5,7576.5,1184
2026-07-07T07:15:00Z,7576.5,7579.0,7576.25,7577.25,1083
2026-07-07T07:20:00Z,7577.25,7579.75,7576.5,7578.0,908
2026-07-07T07:25:00Z,7578.25,7580.0,7577.5,7579.25,748
2026-07-07T07:30:00Z,7579.0,7579.5,7577.75,7578.25,692
2026-07-07T07:35:00Z,7578.5,7578.5,7576.75,7577.25,607
2026-07-07T07:40:00Z,7577.5,7578.25,7577.0,7577.0,368
2026-07-07T07:45:00Z,7577.0,7578.0,7576.0,7576.5,652
2026-07-07T07:50:00Z,7576.25,7577.0,7573.75,7574.0,938
2026-07-07T07:55:00Z,7574.0,7574.0,7571.75,7572.25,781
2026-07-07T08:00:00Z,7572.25,7573.75,7571.25,7572.75,1396
2026-07-07T08:05:00Z,7572.75,7573.0,7571.5,7572.5,840
2026-07-07T08:10:00Z,7572.75,7578.5,7572.75,7578.0,1310
2026-07-07T08:15:00Z,7577.75,7580.5,7577.25,7579.75,1074
2026-07-07T08:20:00Z,7579.5,7581.75,7578.25,7580.5,834
2026-07-07T08:25:00Z,7580.5,7581.75,7579.75,7581.75,676
2026-07-07T08:30:00Z,7581.75,7582.75,7580.0,7580.75,821
2026-07-07T08:35:00Z,7580.75,7582.0,7579.75,7581.5,817
2026-07-07T08:40:00Z,7581.75,7582.75,7580.75,7581.0,729
2026-07-07T08:45:00Z,7581.0,7582.25,7580.75,7582.0,596
2026-07-07T08:50:00Z,7582.0,7582.25,7578.5,7579.5,931
2026-07-07T08:55:00Z,7579.25,7580.25,7578.25,7578.75,872
2026-07-07T09:00:00Z,7578.75,7579.5,7576.25,7579.5,828
2026-07-07T09:05:00Z,7579.5,7581.5,7578.75,7580.25,767
2026-07-07T09:10:00Z,7580.5,7582.75,7579.75,7582.25,535
2026-07-07T09:15:00Z,7582.5,7583.5,7581.5,7582.0,656
2026-07-07T09:20:00Z,7582.0,7582.75,7581.0,7581.5,338
2026-07-07T09:25:00Z,7581.5,7582.5,7580.0,7580.25,471
2026-07-07T09:30:00Z,7580.25,7581.0,7579.25,7579.25,740
2026-07-07T09:35:00Z,7579.25,7581.5,7578.0,7580.75,982
2026-07-07T09:40:00Z,7581.0,7582.5,7580.75,7581.5,594
2026-07-07T09:45:00Z,7581.75,7582.25,7579.75,7581.25,588
2026-07-07T09:50:00Z,7581.25,7582.75,7580.0,7582.0,638
2026-07-07T09:55:00Z,7581.75,7582.75,7581.5,7581.75,499
2026-07-07T10:00:00Z,7582.0,7584.25,7581.75,7583.75,1119
2026-07-07T10:05:00Z,7583.75,7584.5,7581.0,7581.75,923
2026-07-07T10:10:00Z,7581.75,7582.25,7578.25,7579.25,1171
2026-07-07T10:15:00Z,7579.25,7583.25,7579.0,7582.75,1325
2026-07-07T10:20:00Z,7582.5,7583.25,7580.75,7582.25,673
2026-07-07T10:25:00Z,7582.0,7583.0,7581.25,7581.5,544
2026-07-07T10:30:00Z,7581.25,7581.25,7579.25,7579.25,577
2026-07-07T10:35:00Z,7579.5,7579.75,7578.25,7579.0,712
2026-07-07T10:40:00Z,7579.0,7579.5,7578.25,7578.75,509
2026-07-07T10:45:00Z,7579.0,7579.75,7577.0,7577.25,613
2026-07-07T10:50:00Z,7577.0,7577.25,7573.25,7576.5,3538
2026-07-07T10:55:00Z,7576.25,7578.0,7576.0,7577.5,1025
2026-07-07T11:00:00Z,7577.5,7578.0,7572.0,7574.5,2159
2026-07-07T11:05:00Z,7574.75,7575.5,7572.75,7573.75,961
2026-07-07T11:10:00Z,7573.5,7575.0,7572.25,7574.0,1041
2026-07-07T11:15:00Z,7573.75,7577.5,7573.75,7577.0,1567
2026-07-07T11:20:00Z,7577.25,7577.75,7576.75,7577.25,790
2026-07-07T11:25:00Z,7577.25,7578.25,7575.75,7575.75,1143
2026-07-07T11:30:00Z,7575.75,7575.75,7573.25,7573.75,2361
2026-07-07T11:35:00Z,7573.5,7575.0,7572.5,7574.5,836
2026-07-07T11:40:00Z,7574.75,7575.5,7573.25,7575.25,989
2026-07-07T11:45:00Z,7575.25,7577.5,7575.0,7577.5,1733
2026-07-07T11:50:00Z,7577.5,7578.25,7573.5,7575.25,1772
2026-07-07T11:55:00Z,7575.25,7579.5,7575.0,7579.0,1988
2026-07-07T12:00:00Z,7579.0,7580.0,7578.0,7579.0,1751
2026-07-07T12:05:00Z,7578.75,7583.75,7578.25,7583.0,3882
2026-07-07T12:10:00Z,7582.75,7585.75,7582.75,7583.5,2401
2026-07-07T12:15:00Z,7583.5,7583.5,7579.5,7580.75,2550
2026-07-07T12:20:00Z,7580.5,7581.75,7578.75,7581.25,1664
2026-07-07T12:25:00Z,7581.0,7584.25,7581.0,7583.5,1719
2026-07-07T12:30:00Z,7583.5,7584.0,7580.75,7581.5,1221
2026-07-07T12:35:00Z,7581.25,7584.5,7581.25,7583.75,1279
2026-07-07T12:40:00Z,7584.0,7587.0,7583.25,7585.5,3219
2026-07-07T12:45:00Z,7585.5,7586.25,7581.5,7582.0,2658
2026-07-07T12:50:00Z,7582.0,7583.0,7579.25,7579.25,2141
2026-07-07T12:55:00Z,7579.5,7581.0,7578.75,7580.75,2099
2026-07-07T13:00:00Z,7580.75,7580.75,7577.25,7577.75,2441
2026-07-07T13:05:00Z,7577.5,7581.5,7575.75,7579.25,3229
2026-07-07T13:10:00Z,7579.25,7581.25,7577.5,7580.75,1468
2026-07-07T13:15:00Z,7580.75,7583.25,7578.75,7582.25,3358
2026-07-07T13:20:00Z,7582.25,7582.5,7578.25,7580.0,3371
2026-07-07T13:25:00Z,7580.0,7581.75,7578.25,7580.75,4941
2026-07-07T13:30:00Z,7580.75,7587.5,7571.75,7572.5,33389
2026-07-07T13:35:00Z,7572.75,7577.5,7569.75,7572.75,22551
2026-07-07T13:40:00Z,7572.75,7580.5,7569.0,7580.0,19089
2026-07-07T13:45:00Z,7580.0,7580.75,7573.25,7574.75,16533
2026-07-07T13:50:00Z,7574.5,7577.25,7565.25,7567.25,17061
2026-07-07T13:55:00Z,7567.25,7568.75,7560.5,7566.25,19554
2026-07-07T14:00:00Z,7566.25,7570.0,7560.0,7563.5,22936
2026-07-07T14:05:00Z,7563.5,7567.75,7559.0,7560.75,18940
2026-07-07T14:10:00Z,7560.5,7560.75,7547.5,7548.0,25012
2026-07-07T14:15:00Z,7548.0,7553.0,7542.5,7552.75,26341
2026-07-07T14:20:00Z,7552.75,7555.25,7543.75,7544.0,19750
2026-07-07T14:25:00Z,7544.25,7545.0,7538.5,7544.5,24174
2026-07-07T14:30:00Z,7544.5,7547.75,7540.25,7541.0,17480
2026-07-07T14:35:00Z,7541.0,7543.0,7536.0,7536.0,17188
2026-07-07T14:40:00Z,7536.25,7539.0,7529.5,7535.0,20239
2026-07-07T14:45:00Z,7535.0,7542.25,7534.0,7539.25,16713
2026-07-07T14:50:00Z,7539.5,7545.0,7537.25,7543.5,13957
2026-07-07T14:55:00Z,7543.5,7546.5,7541.5,7542.25,11152
2026-07-07T15:00:00Z,7542.0,7543.25,7536.5,7541.0,12971
2026-07-07T15:05:00Z,7541.0,7544.25,7538.75,7543.25,8740
2026-07-07T15:10:00Z,7543.25,7544.5,7537.75,7538.0,8937
2026-07-07T15:15:00Z,7537.75,7538.25,7534.5,7536.75,10074
2026-07-07T15:20:00Z,7536.75,7540.5,7535.0,7536.0,9939
2026-07-07T15:25:00Z,7536.25,7541.0,7534.75,7540.5,9067
2026-07-07T15:30:00Z,7540.75,7541.5,7536.25,7536.25,8239
2026-07-07T15:35:00Z,7536.25,7539.5,7533.5,7533.75,8671
2026-07-07T15:40:00Z,7533.75,7541.5,7531.25,7541.25,11976
2026-07-07T15:45:00Z,7541.25,7549.25,7541.0,7543.5,16897
2026-07-07T15:50:00Z,7543.25,7550.25,7543.25,7547.25,8203
2026-07-07T15:55:00Z,7547.5,7551.25,7545.0,7551.0,7349
2026-07-07T16:00:00Z,7551.0,7555.5,7549.75,7554.0,13055
2026-07-07T16:05:00Z,7554.0,7558.25,7549.75,7552.25,12113
2026-07-07T16:10:00Z,7552.25,7559.0,7552.25,7557.75,10440
2026-07-07T16:15:00Z,7558.0,7559.5,7555.75,7558.0,10365
2026-07-07T16:20:00Z,7557.75,7566.0,7557.75,7562.75,17384
2026-07-07T16:25:00Z,7563.0,7567.25,7562.25,7565.0,10679
2026-07-07T16:30:00Z,7565.25,7567.5,7561.75,7563.25,11912
2026-07-07T16:35:00Z,7563.25,7566.0,7559.75,7565.5,8521
2026-07-07T16:40:00Z,7565.5,7567.0,7563.0,7566.0,5778
2026-07-07T16:45:00Z,7566.25,7568.75,7566.0,7568.0,7135
2026-07-07T16:50:00Z,7568.0,7568.75,7565.0,7565.5,5908
2026-07-07T16:55:00Z,7565.5,7567.5,7562.75,7567.5,6385
2026-07-07T17:00:00Z,7567.25,7569.25,7566.25,7569.25,6207
2026-07-07T17:05:00Z,7569.25,7571.25,7568.25,7569.25,7161
2026-07-07T17:10:00Z,7569.0,7569.25,7565.0,7565.75,5572
2026-07-07T17:15:00Z,7565.75,7566.0,7561.75,7564.0,7378
2026-07-07T17:20:00Z,7563.75,7569.25,7563.0,7567.75,6358
2026-07-07T17:25:00Z,7567.5,7568.5,7565.75,7566.25,4909
2026-07-07T17:30:00Z,7566.25,7569.5,7566.0,7568.0,5968
2026-07-07T17:35:00Z,7568.0,7569.75,7565.75,7568.75,4736
2026-07-07T17:40:00Z,7568.5,7570.25,7566.75,7568.75,4461
2026-07-07T17:45:00Z,7568.75,7569.0,7565.0,7566.25,5509
2026-07-07T17:50:00Z,7566.25,7568.0,7564.0,7565.5,4257
2026-07-07T17:55:00Z,7565.5,7569.25,7564.75,7569.25,4019
2026-07-07T18:00:00Z,7569.25,7570.25,7566.25,7568.5,5298
2026-07-07T18:05:00Z,7568.5,7569.5,7565.5,7566.75,4031
2026-07-07T18:10:00Z,7567.0,7569.25,7566.5,7567.25,4463
2026-07-07T18:15:00Z,7567.25,7569.0,7566.0,7567.75,5522
2026-07-07T18:20:00Z,7567.75,7570.5,7566.75,7569.0,5946
2026-07-07T18:25:00Z,7569.0,7570.25,7566.25,7567.5,5623
2026-07-07T18:30:00Z,7567.25,7568.25,7563.0,7564.5,7841
2026-07-07T18:35:00Z,7564.25,7567.75,7562.75,7566.75,5679
2026-07-07T18:40:00Z,7566.75,7567.0,7561.5,7564.75,6798
2026-07-07T18:45:00Z,7564.75,7566.0,7554.0,7559.25,13108
2026-07-07T18:50:00Z,7559.25,7560.0,7552.25,7555.25,16254
2026-07-07T18:55:00Z,7555.25,7556.75,7551.5,7552.5,10404
2026-07-07T19:00:00Z,7552.5,7554.5,7545.5,7549.25,18815
2026-07-07T19:05:00Z,7549.5,7552.75,7543.75,7544.75,12572
2026-07-07T19:10:00Z,7544.5,7547.25,7542.25,7545.0,12075
2026-07-07T19:15:00Z,7544.75,7545.75,7537.0,7543.75,16459
2026-07-07T19:20:00Z,7543.5,7547.75,7541.25,7547.75,11993
2026-07-07T19:25:00Z,7547.5,7548.25,7542.5,7544.25,10072
2026-07-07T19:30:00Z,7544.0,7550.0,7543.75,7548.75,14532
2026-07-07T19:35:00Z,7549.0,7549.0,7543.75,7544.75,9135
2026-07-07T19:40:00Z,7545.0,7545.25,7541.25,7542.75,9241
2026-07-07T19:45:00Z,7543.0,7548.25,7542.5,7547.5,13813
2026-07-07T19:50:00Z,7547.5,7555.0,7547.5,7554.75,17427
2026-07-07T19:55:00Z,7554.75,7556.75,7548.0,7553.25,65730
2026-07-07T20:00:00Z,7553.0,7554.0,7549.25,7553.0,19337
2026-07-07T20:05:00Z,7553.0,7554.5,7550.5,7554.0,5342
2026-07-07T20:10:00Z,7554.0,7554.0,7550.75,7552.0,3071
2026-07-07T20:15:00Z,7552.0,7552.5,7546.5,7549.75,3179
2026-07-07T20:20:00Z,7549.75,7550.5,7549.0,7550.0,1637
2026-07-07T20:25:00Z,7550.25,7551.5,7549.75,7550.75,1303
2026-07-07T20:30:00Z,7550.75,7551.75,7550.25,7550.75,945
2026-07-07T20:35:00Z,7551.0,7552.75,7551.0,7552.25,918
2026-07-07T20:40:00Z,7552.25,7553.0,7551.75,7551.75,899
2026-07-07T20:45:00Z,7552.0,7552.25,7551.0,7551.75,840
2026-07-07T20:50:00Z,7551.5,7553.0,7550.75,7552.5,873
2026-07-07T20:55:00Z,7552.75,7553.0,7551.25,7551.75,1118
2026-07-07T22:00:00Z,7545.0,7547.5,7537.5,7544.25,0
2026-07-07T22:05:00Z,7544.5,7547.25,7543.25,7544.75,817
2026-07-07T22:10:00Z,7545.0,7546.75,7543.75,7545.75,532
2026-07-07T22:15:00Z,7545.75,7547.75,7545.5,7547.0,416
2026-07-07T22:20:00Z,7547.0,7547.25,7546.0,7547.0,511
2026-07-07T22:25:00Z,7546.75,7546.75,7544.5,7546.75,361
2026-07-07T22:30:00Z,7546.5,7548.0,7545.0,7547.75,393
2026-07-07T22:35:00Z,7547.75,7548.5,7546.5,7547.0,302
2026-07-07T22:40:00Z,7547.25,7547.5,7545.0,7545.5,505
2026-07-07T22:45:00Z,7545.5,7547.75,7544.25,7547.25,720
2026-07-07T22:50:00Z,7547.25,7547.25,7546.75,7546.75,24
2026-07-07T23:00:00Z,7551.25,7551.25,7545.0,7546.25,1007
2026-07-07T23:05:00Z,7546.5,7549.25,7546.25,7546.75,671
2026-07-07T23:10:00Z,7547.0,7547.75,7544.5,7547.25,432
2026-07-07T23:15:00Z,7547.25,7553.25,7547.0,7552.5,753
2026-07-07T23:20:00Z,7552.5,7552.75,7550.25,7550.75,367
2026-07-07T23:25:00Z,7550.75,7552.0,7550.25,7551.75,312
2026-07-07T23:30:00Z,7551.75,7552.75,7549.5,7550.0,321
2026-07-07T23:35:00Z,7549.75,7549.75,7545.0,7546.75,701
2026-07-07T23:40:00Z,7546.5,7546.75,7543.75,7544.25,468
2026-07-07T23:45:00Z,7544.5,7546.5,7541.25,7543.25,941
2026-07-07T23:50:00Z,7543.5,7544.0,7539.75,7541.0,610
2026-07-07T23:55:00Z,7541.25,7541.75,7538.0,7539.0,819
2026-07-08T00:00:00Z,7538.75,7540.75,7533.25,7540.75,2249
2026-07-08T00:05:00Z,7540.75,7548.25,7540.5,7547.25,2013
2026-07-08T00:10:00Z,7546.75,7549.5,7544.75,7547.75,1368
2026-07-08T00:15:00Z,7547.5,7552.25,7545.25,7548.75,1443
2026-07-08T00:20:00Z,7548.75,7555.5,7546.75,7555.0,1179
2026-07-08T00:25:00Z,7555.0,7556.0,7549.0,7552.5,1736
2026-07-08T00:30:00Z,7552.25,7553.25,7548.5,7549.75,1129
2026-07-08T00:35:00Z,7549.75,7556.25,7548.0,7555.75,884
2026-07-08T00:40:00Z,7555.75,7559.75,7555.25,7559.0,1512
2026-07-08T00:45:00Z,7559.25,7561.25,7557.25,7558.5,1640
2026-07-08T00:50:00Z,7558.5,7560.0,7558.25,7559.0,769
2026-07-08T00:55:00Z,7558.75,7562.0,7558.75,7561.75,894
2026-07-08T01:00:00Z,7561.75,7562.5,7560.25,7560.25,1329
2026-07-08T01:05:00Z,7560.25,7560.5,7556.5,7557.75,994
2026-07-08T01:10:00Z,7558.0,7563.0,7558.0,7562.5,850
2026-07-08T01:15:00Z,7562.5,7562.75,7559.75,7560.75,586
2026-07-08T01:20:00Z,7560.75,7560.75,7557.0,7557.75,517
2026-07-08T01:25:00Z,7558.0,7559.25,7555.5,7556.5,540
2026-07-08T01:30:00Z,7556.75,7558.0,7554.25,7555.25,777
2026-07-08T01:35:00Z,7555.25,7555.75,7550.5,7553.75,1351
2026-07-08T01:40:00Z,7553.5,7555.25,7552.0,7554.25,867
2026-07-08T01:45:00Z,7554.0,7558.25,7554.0,7556.75,796
2026-07-08T01:50:00Z,7557.0,7557.75,7552.5,7552.75,539
2026-07-08T01:55:00Z,7552.75,7554.5,7551.75,7553.0,643
2026-07-08T02:00:00Z,7553.25,7553.75,7548.75,7550.0,893
2026-07-08T02:05:00Z,7550.0,7550.75,7547.5,7549.75,874
2026-07-08T02:10:00Z,7550.0,7550.75,7547.25,7548.0,527
2026-07-08T02:15:00Z,7548.0,7550.25,7546.5,7549.75,704
2026-07-08T02:20:00Z,7549.75,7551.0,7547.5,7550.75,559
2026-07-08T02:25:00Z,7550.75,7553.25,7548.5,7548.75,1013
2026-07-08T02:30:00Z,7548.75,7549.5,7546.25,7548.0,527
2026-07-08T02:35:00Z,7548.0,7548.75,7546.75,7548.5,456
2026-07-08T02:40:00Z,7548.75,7552.25,7548.25,7552.25,514
2026-07-08T02:45:00Z,7552.5,7555.0,7552.5,7553.75,572
2026-07-08T02:50:00Z,7553.75,7554.25,7551.5,7553.5,569
2026-07-08T02:55:00Z,7553.75,7554.25,7551.5,7553.0,283
2026-07-08T03:00:00Z,7553.25,7555.75,7553.25,7555.5,598
2026-07-08T03:05:00Z,7555.5,7556.25,7554.0,7555.5,372
2026-07-08T03:10:00Z,7555.75,7557.75,7555.25,7556.75,614
2026-07-08T03:15:00Z,7556.5,7557.5,7555.0,7555.25,361
2026-07-08T03:20:00Z,7555.25,7558.25,7555.0,7557.75,427
2026-07-08T03:25:00Z,7557.75,7560.25,7557.75,7559.75,509
2026-07-08T03:30:00Z,7559.75,7561.5,7558.0,7558.75,731
2026-07-08T03:35:00Z,7558.75,7559.25,7557.5,7558.25,321
2026-07-08T03:40:00Z,7558.5,7558.5,7555.25,7555.5,414
2026-07-08T03:45:00Z,7555.75,7556.25,7554.25,7555.75,351
2026-07-08T03:50:00Z,7556.0,7556.75,7554.25,7555.0,267
2026-07-08T03:55:00Z,7554.75,7555.25,7554.0,7554.75,294
2026-07-08T04:05:00Z,7553.75,7554.75,7553.5,7554.25,979
2026-07-08T04:10:00Z,7554.0,7554.25,7550.75,7552.25,494
2026-07-08T04:15:00Z,7552.25,7552.75,7551.25,7551.75,430
2026-07-08T04:20:00Z,7551.5,7556.25,7551.0,7555.5,610
2026-07-08T04:25:00Z,7555.5,7555.75,7553.5,7553.75,262
2026-07-08T04:30:00Z,7554.0,7554.25,7549.75,7551.0,700
2026-07-08T04:35:00Z,7551.25,7552.0,7548.75,7550.25,588
2026-07-08T04:40:00Z,7550.25,7552.5,7549.75,7551.25,398
2026-07-08T04:45:00Z,7551.25,7553.0,7550.0,7550.5,420
2026-07-08T04:50:00Z,7550.25,7550.75,7548.25,7548.5,475
2026-07-08T04:55:00Z,7548.25,7551.5,7547.0,7551.25,648
2026-07-08T05:00:00Z,7551.5,7553.75,7549.75,7551.0,629
2026-07-08T05:05:00Z,7551.25,7554.75,7551.0,7553.0,500
2026-07-08T05:10:00Z,7552.75,7552.75,7550.5,7550.5,466
2026-07-08T05:15:00Z,7550.75,7553.25,7548.75,7551.0,479
2026-07-08T05:20:00Z,7551.0,7551.75,7547.75,7548.0,421
2026-07-08T05:25:00Z,7548.0,7550.25,7547.0,7548.0,578
2026-07-08T05:30:00Z,7548.25,7548.25,7542.75,7545.5,1104
2026-07-08T05:35:00Z,7545.25,7546.5,7544.0,7544.5,613
2026-07-08T05:40:00Z,7544.5,7547.5,7543.5,7544.25,737
2026-07-08T05:45:00Z,7544.25,7544.5,7538.75,7539.25,1141
2026-07-08T05:50:00Z,7539.0,7542.25,7538.75,7542.0,1533
2026-07-08T05:55:00Z,7542.25,7545.5,7542.0,7543.5,659
2026-07-08T06:00:00Z,7543.75,7544.25,7541.25,7543.25,928
2026-07-08T06:05:00Z,7543.5,7544.25,7541.75,7543.25,762
2026-07-08T06:10:00Z,7543.5,7543.75,7539.75,7541.5,688
2026-07-08T06:15:00Z,7541.5,7543.5,7540.75,7541.5,696
2026-07-08T06:20:00Z,7541.5,7544.25,7539.0,7544.25,1108
2026-07-08T06:25:00Z,7544.25,7545.0,7540.0,7540.0,740
2026-07-08T06:30:00Z,7540.0,7541.25,7535.75,7536.75,1542
2026-07-08T06:35:00Z,7536.75,7537.0,7535.25,7535.5,756
2026-07-08T06:40:00Z,7535.75,7537.5,7533.75,7534.0,1206
2026-07-08T06:45:00Z,7534.0,7538.0,7532.75,7537.25,1734
2026-07-08T06:50:00Z,7537.5,7541.5,7537.5,7540.25,1021
2026-07-08T06:55:00Z,7540.25,7540.25,7537.5,7539.25,575
2026-07-08T07:00:00Z,7539.25,7540.25,7533.25,7534.75,2021
2026-07-08T07:05:00Z,7535.0,7535.5,7532.0,7534.25,1538
2026-07-08T07:10:00Z,7534.5,7537.5,7533.75,7535.5,1395
2026-07-08T07:15:00Z,7535.5,7537.5,7532.5,7534.75,1082
2026-07-08T07:20:00Z,7535.0,7539.75,7533.5,7539.5,1128
2026-07-08T07:25:00Z,7539.5,7541.75,7539.0,7541.5,876
2026-07-08T07:30:00Z,7541.5,7543.0,7541.0,7542.5,146
2026-07-08T07:40:00Z,7551.25,7551.25,7541.0,7544.75,3693
2026-07-08T07:45:00Z,7545.0,7545.5,7543.0,7543.75,914
2026-07-08T07:50:00Z,7543.75,7544.0,7540.75,7542.5,683
2026-07-08T07:55:00Z,7542.0,7542.25,7540.5,7541.5,490
2026-07-08T08:00:00Z,7541.5,7542.5,7537.25,7537.75,1299
2026-07-08T08:05:00Z,7538.0,7542.75,7536.5,7542.25,1385
2026-07-08T08:10:00Z,7541.75,7546.75,7541.25,7545.75,1291
2026-07-08T08:15:00Z,7545.75,7546.5,7515.75,7521.25,12480
2026-07-08T08:20:00Z,7521.25,7525.25,7505.0,7505.5,8064
2026-07-08T08:25:00Z,7505.5,7506.0,7496.5,7497.25,9663
2026-07-08T08:30:00Z,7497.0,7498.75,7488.0,7496.5,8783
2026-07-08T08:35:00Z,7496.75,7498.75,7480.75,7481.75,8334
2026-07-08T08:40:00Z,7482.0,7487.5,7477.5,7486.5,7341
2026-07-08T08:45:00Z,7486.75,7491.25,7484.75,7487.25,6090
2026-07-08T08:50:00Z,7487.5,7494.5,7485.5,7489.5,3657
2026-07-08T08:55:00Z,7489.5,7494.25,7479.0,7480.75,3920
2026-07-08T09:00:00Z,7480.75,7483.5,7476.25,7478.5,3828
2026-07-08T09:05:00Z,7478.75,7479.25,7472.25,7473.75,3296
2026-07-08T09:10:00Z,7473.75,7478.0,7468.5,7468.75,4224
2026-07-08T09:15:00Z,7468.75,7476.25,7468.75,7475.5,3891
2026-07-08T09:20:00Z,7475.25,7477.5,7472.75,7472.75,3080
2026-07-08T09:25:00Z,7472.5,7476.0,7470.5,7474.75,1874
2026-07-08T09:30:00Z,7474.5,7480.0,7473.5,7479.25,2403
2026-07-08T09:35:00Z,7479.0,7483.75,7476.25,7479.0,2965
2026-07-08T09:40:00Z,7479.25,7479.75,7473.5,7479.25,3068
2026-07-08T09:45:00Z,7479.25,7480.0,7474.25,7478.0,1611
2026-07-08T09:50:00Z,7478.0,7480.25,7475.25,7477.0,1633
2026-07-08T09:55:00Z,7477.0,7477.5,7473.0,7474.5,2434
2026-07-08T10:00:00Z,7474.75,7478.0,7471.25,7473.0,3236
2026-07-08T10:05:00Z,7473.0,7473.75,7469.5,7472.5,2662
2026-07-08T10:10:00Z,7472.5,7473.5,7469.0,7473.25,3056
2026-07-08T10:15:00Z,7473.5,7477.25,7470.5,7476.75,2033
2026-07-08T10:20:00Z,7477.0,7479.5,7475.25,7476.75,2086
2026-07-08T10:25:00Z,7476.25,7481.5,7476.25,7481.0,1963
2026-07-08T10:30:00Z,7480.75,7487.0,7477.25,7483.25,3962
2026-07-08T10:35:00Z,7483.75,7487.75,7483.5,7486.75,2452
2026-07-08T10:40:00Z,7486.75,7488.75,7486.0,7487.75,1399
2026-07-08T10:45:00Z,7487.75,7490.0,7484.75,7486.25,1910
2026-07-08T10:50:00Z,7486.5,7489.5,7486.0,7487.25,1694
2026-07-08T10:55:00Z,7487.25,7490.5,7485.25,7485.75,2171
2026-07-08T11:00:00Z,7485.5,7487.75,7481.5,7484.5,3577
2026-07-08T11:05:00Z,7484.5,7489.0,7483.25,7484.5,1952
2026-07-08T11:10:00Z,7485.0,7485.75,7481.0,7485.0,1560
2026-07-08T11:15:00Z,7485.0,7487.0,7482.5,7486.0,1260
2026-07-08T11:20:00Z,7486.0,7486.25,7479.5,7481.25,2089
2026-07-08T11:25:00Z,7481.25,7484.25,7481.0,7482.75,1145
2026-07-08T11:30:00Z,7482.75,7488.25,7480.5,7488.0,2149
2026-07-08T11:35:00Z,7488.25,7490.75,7484.75,7485.5,2036
2026-07-08T11:40:00Z,7485.5,7506.5,7484.0,7498.0,9830
2026-07-08T11:45:00Z,7498.0,7501.75,7495.25,7497.25,4228
2026-07-08T11:50:00Z,7497.5,7500.0,7493.5,7499.5,2428
2026-07-08T11:55:00Z,7499.5,7504.5,7496.75,7498.5,3631
2026-07-08T12:00:00Z,7498.5,7501.25,7492.5,7500.75,4016
2026-07-08T12:05:00Z,7501.0,7512.0,7500.75,7509.75,4527
2026-07-08T12:10:00Z,7510.0,7511.75,7507.5,7508.0,2484
2026-07-08T12:15:00Z,7508.0,7510.25,7506.5,7509.75,2029
2026-07-08T12:20:00Z,7509.75,7509.75,7504.5,7505.0,2058
2026-07-08T12:25:00Z,7505.0,7512.75,7504.25,7512.25,3049
2026-07-08T12:30:00Z,7512.25,7515.0,7507.75,7509.0,3359
2026-07-08T12:35:00Z,7509.25,7512.75,7507.75,7511.5,1738
2026-07-08T12:40:00Z,7511.25,7512.25,7509.25,7512.0,1637
2026-07-08T12:45:00Z,7512.0,7512.75,7509.5,7510.5,2050
2026-07-08T12:50:00Z,7510.5,7516.75,7510.5,7516.0,2380
2026-07-08T12:55:00Z,7516.0,7519.0,7504.5,7505.25,9411
2026-07-08T13:00:00Z,7505.5,7511.75,7504.75,7510.5,4531
2026-07-08T13:05:00Z,7510.5,7511.75,7505.5,7510.0,4960
2026-07-08T13:10:00Z,7510.0,7515.75,7506.5,7513.75,4114
2026-07-08T13:15:00Z,7513.75,7514.5,7510.0,7511.5,3844
2026-07-08T13:20:00Z,7511.5,7512.25,7506.75,7508.75,4252
2026-07-08T13:25:00Z,7509.0,7513.0,7503.75,7506.75,9916
2026-07-08T13:30:00Z,7507.0,7516.75,7501.75,7512.25,29809
2026-07-08T13:35:00Z,7512.25,7517.25,7505.75,7515.0,24152
2026-07-08T13:40:00Z,7515.25,7523.25,7513.25,7518.75,22222
2026-07-08T13:45:00Z,7518.75,7524.75,7511.5,7511.75,18616
2026-07-08T13:50:00Z,7511.75,7520.0,7508.75,7511.75,17218
2026-07-08T13:55:00Z,7511.75,7521.5,7507.25,7515.75,18327
2026-07-08T14:00:00Z,7515.75,7520.25,7511.0,7513.25,15471
2026-07-08T14:05:00Z,7513.25,7522.5,7513.0,7517.75,16443
2026-07-08T14:10:00Z,7517.75,7519.75,7505.75,7507.75,15424
2026-07-08T14:15:00Z,7507.5,7511.25,7501.75,7507.25,19712
2026-07-08T14:20:00Z,7507.0,7520.75,7505.0,7513.0,19636
2026-07-08T14:25:00Z,7513.0,7519.75,7502.75,7506.0,19872
2026-07-08T14:30:00Z,7506.0,7512.0,7502.0,7508.0,18343
2026-07-08T14:35:00Z,7508.0,7508.25,7497.25,7498.0,18099
2026-07-08T14:40:00Z,7498.0,7503.0,7494.75,7499.25,16743
2026-07-08T14:45:00Z,7499.5,7499.75,7488.0,7488.25,16411
2026-07-08T14:50:00Z,7488.0,7503.25,7484.0,7496.25,23404
2026-07-08T14:55:00Z,7496.0,7502.0,7490.25,7493.25,13822
2026-07-08T15:00:00Z,7493.5,7495.25,7489.0,7490.25,11828
2026-07-08T15:05:00Z,7490.25,7494.5,7489.0,7489.75,10422
2026-07-08T15:10:00Z,7489.75,7493.5,7484.5,7485.75,12295
2026-07-08T15:15:00Z,7486.0,7490.25,7478.5,7488.0,19103
2026-07-08T15:20:00Z,7487.75,7490.75,7475.0,7476.25,17746
2026-07-08T15:25:00Z,7476.25,7478.0,7470.0,7474.25,20603
2026-07-08T15:30:00Z,7474.25,7482.5,7469.5,7482.0,20152
2026-07-08T15:35:00Z,7481.75,7487.5,7478.75,7480.75,17155
2026-07-08T15:40:00Z,7480.75,7486.75,7480.5,7482.0,13495
2026-07-08T15:45:00Z,7482.25,7485.0,7477.5,7479.75,11291
2026-07-08T15:50:00Z,7479.75,7480.75,7475.0,7479.5,10175
2026-07-08T15:55:00Z,7479.5,7482.75,7476.5,7481.0,12036
2026-07-08T16:00:00Z,7481.0,7487.25,7480.75,7487.0,15010
2026-07-08T16:05:00Z,7487.0,7492.25,7485.75,7491.25,13424
2026-07-08T16:10:00Z,7491.5,7498.5,7491.25,7497.5,11586
2026-07-08T16:15:00Z,7497.75,7502.0,7494.5,7501.0,11665
2026-07-08T16:20:00Z,7501.0,7507.75,7500.75,7502.25,15328
2026-07-08T16:25:00Z,7502.5,7510.0,7501.75,7506.0,11114
2026-07-08T16:30:00Z,7506.0,7513.5,7505.0,7505.5,14993
2026-07-08T16:35:00Z,7505.5,7510.5,7499.5,7507.25,18392
2026-07-08T16:40:00Z,7507.25,7517.5,7503.5,7514.5,21200
2026-07-08T16:45:00Z,7514.5,7518.25,7510.75,7517.75,11180
2026-07-08T16:50:00Z,7518.0,7521.75,7516.0,7519.5,14406
2026-07-08T16:55:00Z,7519.5,7522.75,7517.5,7522.0,9010
2026-07-08T17:00:00Z,7522.0,7522.5,7516.5,7518.25,10045
2026-07-08T17:05:00Z,7518.25,7523.0,7517.0,7518.0,8444
2026-07-08T17:10:00Z,7518.0,7521.75,7514.5,7518.25,8362
2026-07-08T17:15:00Z,7518.0,7525.25,7518.0,7524.5,7539
2026-07-08T17:20:00Z,7524.5,7530.0,7524.0,7529.75,11690
2026-07-08T17:25:00Z,7529.75,7533.0,7527.5,7532.75,9935
2026-07-08T17:30:00Z,7532.75,7536.5,7531.25,7531.25,10014
2026-07-08T17:35:00Z,7531.0,7532.75,7527.75,7528.0,7798
2026-07-08T17:40:00Z,7528.0,7528.5,7523.5,7525.0,8330
2026-07-08T17:45:00Z,7525.0,7525.0,7517.25,7519.0,10486
2026-07-08T17:50:00Z,7519.0,7524.0,7517.75,7519.75,8466
2026-07-08T17:55:00Z,7519.5,7520.25,7514.5,7519.5,7543
2026-07-08T18:00:00Z,7519.25,7529.75,7515.5,7528.0,11562
2026-07-08T18:05:00Z,7527.75,7529.0,7523.75,7527.75,7965
2026-07-08T18:10:00Z,7527.5,7530.0,7524.25,7528.0,8796
2026-07-08T18:15:00Z,7528.0,7529.25,7522.25,7527.0,8468
2026-07-08T18:20:00Z,7526.75,7528.0,7523.5,7524.25,7591
2026-07-08T18:25:00Z,7524.25,7527.25,7521.5,7521.75,5888
2026-07-08T18:30:00Z,7521.5,7522.75,7517.75,7519.5,7625
2026-07-08T18:35:00Z,7519.25,7527.5,7518.25,7526.75,7038
2026-07-08T18:40:00Z,7526.75,7528.0,7520.5,7525.5,7185
2026-07-08T18:45:00Z,7525.5,7528.25,7522.75,7527.75,4670
2026-07-08T18:50:00Z,7527.75,7530.5,7525.5,7526.5,7053
2026-07-08T18:55:00Z,7526.75,7528.5,7523.0,7528.25,6674
2026-07-08T19:00:00Z,7528.5,7532.5,7525.5,7527.25,9613
2026-07-08T19:05:00Z,7527.25,7529.0,7524.75,7528.0,5828
2026-07-08T19:10:00Z,7528.25,7528.5,7522.5,7523.75,6202
2026-07-08T19:15:00Z,7523.5,7526.5,7521.75,7523.0,5706
2026-07-08T19:20:00Z,7523.25,7527.5,7523.0,7525.0,5123
2026-07-08T19:25:00Z,7525.25,7528.5,7524.25,7526.75,5312
2026-07-08T19:30:00Z,7526.75,7528.25,7523.0,7524.0,7903
2026-07-08T19:35:00Z,7523.75,7528.5,7523.0,7527.0,6188
2026-07-08T19:40:00Z,7526.75,7528.25,7523.5,7527.75,6502
2026-07-08T19:45:00Z,7528.0,7528.25,7518.25,7522.25,12365
2026-07-08T19:50:00Z,7522.25,7531.75,7520.25,7531.5,15044
2026-07-08T19:55:00Z,7531.5,7536.5,7526.5,7526.75,72014
2026-07-08T20:00:00Z,7526.75,7529.5,7522.5,7525.75,21967
2026-07-08T20:05:00Z,7525.75,7526.75,7523.75,7525.25,5620
2026-07-08T20:10:00Z,7525.5,7525.5,7518.5,7523.75,5777
2026-07-08T20:15:00Z,7523.75,7524.0,7517.75,7518.25,3089
2026-07-08T20:20:00Z,7518.5,7519.0,7517.0,7517.75,2010
2026-07-08T20:25:00Z,7517.75,7518.25,7516.5,7517.75,1530
2026-07-08T20:30:00Z,7517.75,7518.75,7512.25,7513.25,2319
2026-07-08T20:35:00Z,7513.25,7513.5,7508.0,7513.0,3023
2026-07-08T20:40:00Z,7513.25,7518.0,7512.75,7514.75,1659
2026-07-08T20:45:00Z,7514.75,7517.0,7514.0,7515.5,1342
2026-07-08T20:50:00Z,7515.5,7518.75,7515.0,7515.75,1114
2026-07-08T20:55:00Z,7516.0,7517.5,7512.0,7515.5,1744
2026-07-08T22:00:00Z,7517.25,7523.0,7516.75,7522.0,0
2026-07-08T22:05:00Z,7521.5,7523.0,7517.5,7520.5,588
2026-07-08T22:10:00Z,7520.5,7522.0,7520.0,7520.5,301
2026-07-08T22:15:00Z,7520.5,7522.75,7519.25,7520.5,411
2026-07-08T22:20:00Z,7520.25,7520.25,7518.25,7519.75,224
2026-07-08T22:25:00Z,7519.75,7519.75,7517.0,7519.0,397
2026-07-08T22:30:00Z,7519.5,7523.25,7517.0,7522.0,653
2026-07-08T22:35:00Z,7521.75,7522.0,7517.5,7518.0,373
2026-07-08T22:40:00Z,7518.25,7519.0,7516.75,7516.75,272
2026-07-08T22:45:00Z,7517.0,7518.5,7516.75,7518.25,139
2026-07-08T22:50:00Z,7518.0,7519.25,7516.25,7517.25,178
2026-07-08T22:55:00Z,7517.5,7519.5,7517.0,7519.0,98
2026-07-08T23:00:00Z,7519.0,7520.75,7518.75,7519.5,220
2026-07-08T23:05:00Z,7519.25,7522.75,7519.0,7522.0,320
2026-07-08T23:10:00Z,7522.0,7522.5,7521.5,7522.25,153
2026-07-08T23:15:00Z,7522.0,7522.25,7518.0,7518.0,263
2026-07-08T23:20:00Z,7517.75,7519.75,7516.25,7519.0,266
2026-07-08T23:25:00Z,7519.0,7520.25,7517.5,7520.25,164
2026-07-08T23:30:00Z,7520.0,7522.5,7517.75,7521.25,235
2026-07-08T23:35:00Z,7521.25,7525.25,7520.5,7521.25,1029
2026-07-08T23:40:00Z,7521.25,7524.75,7520.75,7524.25,346
2026-07-08T23:45:00Z,7524.25,7527.0,7523.25,7524.75,745
2026-07-08T23:50:00Z,7525.0,7525.75,7523.25,7525.5,670
2026-07-08T23:55:00Z,7525.5,7528.25,7525.5,7527.0,942
2026-07-09T00:00:00Z,7527.0,7531.0,7525.75,7528.75,2003
2026-07-09T00:05:00Z,7528.5,7532.5,7527.25,7530.75,1212
2026-07-09T00:10:00Z,7530.75,7534.0,7529.0,7533.25,1052
2026-07-09T00:15:00Z,7533.25,7534.0,7527.0,7527.75,1382
2026-07-09T00:20:00Z,7527.75,7531.25,7527.5,7530.25,1094
2026-07-09T00:25:00Z,7530.25,7534.25,7529.75,7533.5,973
2026-07-09T00:30:00Z,7533.5,7537.0,7531.25,7532.5,1374
2026-07-09T00:35:00Z,7532.25,7536.0,7531.0,7534.0,906
2026-07-09T00:40:00Z,7533.75,7533.75,7531.0,7531.75,719
2026-07-09T00:45:00Z,7531.5,7536.25,7531.0,7535.5,917
2026-07-09T00:50:00Z,7535.5,7535.75,7528.75,7529.25,936
2026-07-09T00:55:00Z,7529.5,7532.5,7528.75,7532.25,763
2026-07-09T01:00:00Z,7532.25,7534.0,7527.75,7529.25,1137
2026-07-09T01:05:00Z,7529.25,7535.5,7528.5,7535.25,912
2026-07-09T01:10:00Z,7535.25,7535.5,7532.75,7532.75,562
2026-07-09T01:15:00Z,7533.0,7535.75,7531.25,7535.25,672
2026-07-09T01:20:00Z,7535.25,7537.5,7532.25,7533.25,843
2026-07-09T01:25:00Z,7533.25,7534.0,7531.0,7533.75,551
2026-07-09T01:30:00Z,7534.0,7535.5,7531.5,7533.75,593
2026-07-09T01:35:00Z,7533.75,7535.75,7533.5,7534.5,544
2026-07-09T01:40:00Z,7534.5,7536.5,7533.25,7536.0,558
2026-07-09T01:45:00Z,7536.0,7537.75,7534.0,7537.75,672
2026-07-09T01:50:00Z,7537.75,7538.0,7531.25,7531.25,894
2026-07-09T01:55:00Z,7531.25,7531.5,7528.5,7530.25,1452
2026-07-09T02:00:00Z,7530.25,7531.5,7527.0,7530.75,1291
2026-07-09T02:05:00Z,7531.0,7536.75,7530.25,7535.5,1182
2026-07-09T02:10:00Z,7535.25,7539.0,7535.0,7538.5,1108
2026-07-09T02:15:00Z,7538.5,7540.25,7536.75,7540.0,1114
2026-07-09T02:20:00Z,7540.0,7543.5,7538.25,7538.25,1560
2026-07-09T02:25:00Z,7538.25,7540.0,7537.5,7539.25,625
2026-07-09T02:30:00Z,7539.25,7541.0,7537.0,7537.0,522
2026-07-09T02:35:00Z,7537.5,7537.5,7533.25,7535.75,968
2026-07-09T02:40:00Z,7535.75,7536.5,7531.5,7531.5,691
2026-07-09T02:45:00Z,7531.75,7532.5,7528.0,7530.0,1004
2026-07-09T02:50:00Z,7529.75,7530.5,7527.0,7529.0,981
2026-07-09T02:55:00Z,7529.25,7530.25,7527.5,7528.5,645
2026-07-09T03:00:00Z,7528.75,7529.0,7525.5,7527.25,970
2026-07-09T03:05:00Z,7527.0,7530.5,7527.0,7529.5,548
2026-07-09T03:10:00Z,7529.25,7529.75,7526.0,7527.75,806
2026-07-09T03:15:00Z,7527.75,7528.75,7525.0,7526.5,939
2026-07-09T03:20:00Z,7526.5,7529.75,7525.75,7529.5,508
2026-07-09T03:25:00Z,7529.75,7535.25,7529.5,7535.0,839
2026-07-09T03:30:00Z,7535.25,7538.75,7534.25,7537.25,964
2026-07-09T03:35:00Z,7537.5,7538.25,7536.5,7537.75,486
2026-07-09T03:40:00Z,7537.75,7539.5,7536.0,7539.5,617
2026-07-09T03:45:00Z,7539.5,7539.75,7537.25,7538.75,548
2026-07-09T03:50:00Z,7538.75,7539.5,7538.25,7539.0,301
2026-07-09T03:55:00Z,7539.25,7540.0,7538.0,7539.0,293
2026-07-09T04:05:00Z,7539.25,7539.5,7539.0,7539.25,786
2026-07-09T04:10:00Z,7539.0,7539.75,7537.75,7538.0,346
2026-07-09T04:15:00Z,7538.25,7540.75,7537.75,7538.0,448
2026-07-09T04:20:00Z,7538.0,7538.5,7536.25,7536.5,369
2026-07-09T04:25:00Z,7536.5,7537.25,7535.0,7536.25,442
2026-07-09T04:30:00Z,7536.5,7543.5,7536.5,7542.0,763
2026-07-09T04:35:00Z,7541.75,7543.5,7541.0,7543.0,497
2026-07-09T04:40:00Z,7543.0,7544.0,7542.0,7543.5,505
2026-07-09T04:45:00Z,7543.5,7543.75,7541.75,7542.25,377
2026-07-09T04:50:00Z,7542.5,7546.0,7542.25,7545.5,591
2026-07-09T04:55:00Z,7545.5,7547.0,7545.0,7546.0,735
2026-07-09T05:00:00Z,7546.0,7547.0,7543.5,7544.0,572
2026-07-09T05:05:00Z,7544.25,7544.25,7540.75,7541.75,689
2026-07-09T05:10:00Z,7542.0,7554.0,7542.0,7549.0,3451
2026-07-09T05:15:00Z,7549.25,7550.5,7542.25,7543.25,1566
2026-07-09T05:20:00Z,7543.5,7544.0,7540.5,7541.5,685
2026-07-09T05:25:00Z,7541.5,7542.75,7540.75,7541.25,538
2026-07-09T05:30:00Z,7541.5,7543.75,7536.0,7543.5,1346
2026-07-09T05:35:00Z,7543.75,7545.0,7542.0,7543.25,652
2026-07-09T05:40:00Z,7543.25,7545.0,7541.25,7545.0,518
2026-07-09T05:45:00Z,7545.0,7548.25,7544.25,7548.25,654
2026-07-09T05:50:00Z,7548.25,7549.75,7547.25,7549.0,843
2026-07-09T05:55:00Z,7549.0,7552.75,7548.0,7552.5,1252
2026-07-09T06:00:00Z,7552.25,7553.5,7549.75,7549.75,2238
2026-07-09T06:05:00Z,7549.5,7550.75,7547.0,7549.25,1001
2026-07-09T06:10:00Z,7549.5,7551.0,7548.0,7550.25,550
2026-07-09T06:15:00Z,7550.0,7553.25,7549.75,7551.75,961
2026-07-09T06:20:00Z,7551.75,7552.75,7550.25,7552.25,832
2026-07-09T06:25:00Z,7552.25,7553.5,7550.5,7551.5,1266
2026-07-09T06:30:00Z,7551.5,7551.75,7548.25,7549.25,1121
2026-07-09T06:35:00Z,7549.5,7552.0,7549.5,7550.5,643
2026-07-09T06:40:00Z,7550.25,7552.25,7550.0,7551.75,661
2026-07-09T06:45:00Z,7551.75,7551.75,7549.5,7550.25,926
2026-07-09T06:50:00Z,7550.0,7551.75,7549.75,7550.0,472
2026-07-09T06:55:00Z,7549.75,7550.25,7548.0,7549.75,512
2026-07-09T07:00:00Z,7549.75,7553.25,7548.5,7551.25,1702
2026-07-09T07:05:00Z,7551.25,7552.0,7549.0,7549.75,1579
2026-07-09T07:10:00Z,7549.5,7553.5,7548.0,7553.0,1149
2026-07-09T07:15:00Z,7553.25,7554.25,7551.75,7552.5,950
2026-07-09T07:20:00Z,7552.25,7552.5,7549.25,7551.0,887
2026-07-09T07:25:00Z,7551.0,7553.0,7550.25,7551.5,1117
2026-07-09T07:30:00Z,7551.75,7553.25,7551.25,7551.5,1060
2026-07-09T07:35:00Z,7551.75,7552.75,7549.25,7551.0,731
2026-07-09T07:40:00Z,7550.75,7556.75,7549.5,7556.5,1479
2026-07-09T07:45:00Z,7556.5,7557.0,7554.5,7556.0,1183
2026-07-09T07:50:00Z,7556.25,7557.75,7554.75,7554.75,1125
2026-07-09T07:55:00Z,7554.75,7555.0,7551.25,7553.5,1487
2026-07-09T08:00:00Z,7553.5,7556.5,7551.5,7555.5,1650
2026-07-09T08:05:00Z,7555.75,7558.0,7554.75,7556.0,1827
2026-07-09T08:10:00Z,7556.25,7556.25,7553.0,7553.0,1069
2026-07-09T08:15:00Z,7552.75,7557.25,7550.25,7553.0,1088
2026-07-09T08:20:00Z,7553.0,7553.5,7551.75,7553.0,635
2026-07-09T08:25:00Z,7553.25,7554.5,7552.0,7553.25,642
2026-07-09T08:30:00Z,7553.0,7553.75,7547.0,7547.75,1335
2026-07-09T08:35:00Z,7547.75,7549.5,7546.75,7546.75,1276
2026-07-09T08:40:00Z,7546.75,7547.75,7545.75,7547.25,894
2026-07-09T08:45:00Z,7547.25,7547.75,7542.0,7542.75,775
2026-07-09T08:50:00Z,7542.5,7547.0,7542.0,7547.0,1259
2026-07-09T08:55:00Z,7546.75,7547.75,7544.25,7545.75,839
2026-07-09T09:00:00Z,7545.5,7546.5,7542.25,7544.5,831
2026-07-09T09:05:00Z,7544.5,7545.75,7541.25,7543.0,676
2026-07-09T09:10:00Z,7542.75,7543.75,7541.25,7542.5,446
2026-07-09T09:15:00Z,7542.75,7543.5,7541.0,7541.5,900
2026-07-09T09:20:00Z,7541.25,7542.25,7540.5,7541.5,578
2026-07-09T09:25:00Z,7541.75,7543.75,7540.75,7542.25,1078
2026-07-09T09:30:00Z,7542.25,7543.25,7539.5,7540.5,734
2026-07-09T09:35:00Z,7540.75,7542.0,7538.5,7540.5,626
2026-07-09T09:40:00Z,7540.5,7540.75,7533.25,7536.75,2328
2026-07-09T09:45:00Z,7536.5,7540.0,7536.5,7538.75,800
2026-07-09T09:50:00Z,7538.5,7541.5,7538.5,7541.25,577
2026-07-09T09:55:00Z,7541.0,7542.0,7540.75,7541.75,591
2026-07-09T10:00:00Z,7541.75,7542.0,7539.25,7541.0,408
2026-07-09T10:05:00Z,7540.75,7542.5,7539.75,7541.0,438
2026-07-09T10:10:00Z,7541.0,7542.75,7540.5,7541.75,427
2026-07-09T10:15:00Z,7541.75,7543.75,7541.5,7543.25,689
2026-07-09T10:20:00Z,7543.0,7544.0,7542.0,7542.25,670
2026-07-09T10:25:00Z,7542.25,7542.25,7539.0,7540.5,622
2026-07-09T10:30:00Z,7540.25,7540.25,7536.5,7539.0,824
2026-07-09T10:35:00Z,7539.0,7541.5,7538.0,7539.5,447
2026-07-09T10:40:00Z,7539.5,7540.25,7537.0,7539.75,1141
2026-07-09T10:45:00Z,7540.0,7541.0,7533.5,7533.5,2283
2026-07-09T10:50:00Z,7533.25,7534.25,7526.75,7531.25,2749
2026-07-09T10:55:00Z,7531.0,7535.25,7527.75,7534.5,2433
2026-07-09T11:00:00Z,7534.5,7539.0,7534.5,7537.75,1304
2026-07-09T11:05:00Z,7537.75,7538.5,7531.0,7532.5,1444
2026-07-09T11:10:00Z,7532.5,7538.0,7532.0,7537.25,1130
2026-07-09T11:15:00Z,7537.25,7537.25,7535.0,7535.25,510
2026-07-09T11:20:00Z,7535.5,7540.0,7534.5,7535.5,2020
2026-07-09T11:25:00Z,7535.75,7538.75,7535.5,7538.5,840
2026-07-09T11:30:00Z,7538.5,7541.5,7536.25,7540.25,1944
2026-07-09T11:35:00Z,7540.25,7540.75,7537.0,7539.5,1211
2026-07-09T11:40:00Z,7539.75,7541.75,7537.5,7541.0,1140
2026-07-09T11:45:00Z,7541.0,7545.25,7540.0,7543.5,2917
2026-07-09T11:50:00Z,7543.5,7546.5,7542.25,7544.0,1544
2026-07-09T11:55:00Z,7544.25,7545.25,7542.5,7543.25,697
2026-07-09T12:00:00Z,7543.25,7546.0,7542.25,7545.25,1491
2026-07-09T12:05:00Z,7545.5,7549.75,7543.0,7548.5,1508
2026-07-09T12:10:00Z,7548.25,7550.0,7546.25,7546.25,1493
2026-07-09T12:15:00Z,7546.5,7548.25,7545.5,7546.5,1451
2026-07-09T12:20:00Z,7546.5,7548.0,7545.0,7547.75,999
2026-07-09T12:25:00Z,7547.75,7550.75,7547.5,7550.5,1660
2026-07-09T12:30:00Z,7550.25,7554.0,7549.25,7552.75,2876
2026-07-09T12:35:00Z,7552.75,7554.5,7552.0,7553.75,2512
2026-07-09T12:40:00Z,7553.75,7554.0,7547.5,7547.75,3403
2026-07-09T12:45:00Z,7547.75,7547.75,7543.25,7546.25,2984
2026-07-09T12:50:00Z,7546.25,7548.0,7545.0,7546.5,1365
2026-07-09T12:55:00Z,7546.5,7546.75,7543.75,7544.5,1097
2026-07-09T13:00:00Z,7544.75,7548.25,7544.25,7548.25,1923
2026-07-09T13:05:00Z,7548.25,7548.5,7546.0,7548.0,1901
2026-07-09T13:10:00Z,7548.0,7548.0,7546.0,7547.25,1826
2026-07-09T13:15:00Z,7547.5,7549.25,7545.0,7546.75,2395
2026-07-09T13:20:00Z,7546.75,7548.75,7545.0,7548.75,2284
2026-07-09T13:25:00Z,7548.75,7550.5,7544.5,7546.5,6415
2026-07-09T13:30:00Z,7546.75,7548.75,7530.25,7547.25,40429
2026-07-09T13:35:00Z,7547.25,7557.25,7544.75,7555.25,23481
2026-07-09T13:40:00Z,7555.0,7559.25,7548.5,7558.0,19995
2026-07-09T13:45:00Z,7558.0,7562.0,7551.5,7555.25,18678
2026-07-09T13:50:00Z,7555.0,7565.25,7552.0,7563.75,15704
2026-07-09T13:55:00Z,7564.0,7566.5,7559.5,7561.0,14080
2026-07-09T14:00:00Z,7561.25,7564.5,7559.25,7561.0,13714
2026-07-09T14:05:00Z,7561.25,7562.75,7553.5,7553.75,13454
2026-07-09T14:10:00Z,7553.5,7554.0,7546.25,7549.25,17353
2026-07-09T14:15:00Z,7549.5,7549.5,7532.75,7536.5,29125
2026-07-09T14:20:00Z,7536.5,7543.5,7529.5,7543.0,24730
2026-07-09T14:25:00Z,7543.25,7555.75,7541.25,7552.75,21654
2026-07-09T14:30:00Z,7552.75,7555.0,7544.75,7550.5,16933
2026-07-09T14:35:00Z,7550.5,7559.0,7549.25,7558.25,11364
2026-07-09T14:40:00Z,7558.0,7559.0,7552.25,7553.0,10613
2026-07-09T14:45:00Z,7553.25,7558.25,7552.5,7554.75,9639
2026-07-09T14:50:00Z,7554.75,7554.75,7546.75,7554.0,14324
2026-07-09T14:55:00Z,7554.0,7563.75,7554.0,7562.0,13547
2026-07-09T15:00:00Z,7562.0,7564.25,7560.5,7563.25,11643
2026-07-09T15:05:00Z,7563.5,7570.25,7563.0,7569.75,14818
2026-07-09T15:10:00Z,7569.75,7570.75,7565.75,7566.75,10796
2026-07-09T15:15:00Z,7566.75,7570.75,7564.5,7567.0,11392
2026-07-09T15:20:00Z,7567.25,7574.75,7566.75,7574.0,13189
2026-07-09T15:25:00Z,7574.25,7575.0,7572.25,7572.75,10055
2026-07-09T15:30:00Z,7573.0,7573.25,7569.75,7571.0,9697
2026-07-09T15:35:00Z,7570.75,7574.0,7570.25,7573.75,6588
2026-07-09T15:40:00Z,7574.0,7577.75,7573.0,7576.25,11614
2026-07-09T15:45:00Z,7576.5,7578.0,7574.25,7577.0,8148
2026-07-09T15:50:00Z,7577.0,7577.5,7573.75,7574.5,6598
2026-07-09T15:55:00Z,7574.5,7576.25,7573.25,7573.75,5597
2026-07-09T16:00:00Z,7573.75,7579.75,7573.75,7578.5,8221
2026-07-09T16:05:00Z,7578.75,7581.25,7578.75,7579.75,7351
2026-07-09T16:10:00Z,7579.5,7580.75,7579.0,7580.75,4206
2026-07-09T16:15:00Z,7580.75,7582.0,7579.25,7580.75,5027
2026-07-09T16:20:00Z,7580.75,7583.5,7579.75,7583.25,4966
2026-07-09T16:25:00Z,7583.0,7583.25,7581.0,7581.5,4604
2026-07-09T16:30:00Z,7581.75,7584.25,7579.75,7580.0,6039
2026-07-09T16:35:00Z,7580.0,7581.25,7578.5,7581.25,7146
2026-07-09T16:40:00Z,7581.25,7583.25,7581.25,7582.0,4534
2026-07-09T16:45:00Z,7582.25,7582.75,7578.5,7580.25,4513
2026-07-09T16:50:00Z,7580.0,7581.25,7578.75,7579.25,4090
2026-07-09T16:55:00Z,7579.25,7580.25,7577.5,7579.5,4567
2026-07-09T17:00:00Z,7579.75,7583.5,7579.5,7582.5,5598
2026-07-09T17:05:00Z,7582.5,7587.75,7581.5,7586.75,11615
2026-07-09T17:10:00Z,7586.75,7589.5,7586.25,7587.25,9646
2026-07-09T17:15:00Z,7587.5,7591.25,7587.25,7590.75,5675
2026-07-09T17:20:00Z,7590.75,7592.25,7589.0,7590.0,8171
2026-07-09T17:25:00Z,7590.25,7593.5,7590.0,7593.25,6682
2026-07-09T17:30:00Z,7593.25,7594.0,7590.0,7591.75,7618
2026-07-09T17:35:00Z,7591.75,7594.25,7591.25,7592.75,5321
2026-07-09T17:40:00Z,7592.75,7593.5,7590.25,7592.5,5918
2026-07-09T17:45:00Z,7592.5,7595.0,7592.25,7593.75,4675
2026-07-09T17:50:00Z,7593.5,7594.5,7592.25,7592.75,3912
2026-07-09T17:55:00Z,7592.5,7592.75,7588.0,7591.5,9808
2026-07-09T18:00:00Z,7591.25,7592.75,7589.5,7590.25,6629
2026-07-09T18:05:00Z,7590.5,7593.75,7590.25,7592.0,5191
2026-07-09T18:10:00Z,7592.25,7593.5,7591.5,7592.5,4555
2026-07-09T18:15:00Z,7592.5,7594.0,7590.25,7591.25,4752
2026-07-09T18:20:00Z,7591.25,7591.25,7588.25,7588.25,6362
2026-07-09T18:25:00Z,7588.25,7589.5,7587.25,7589.5,6270
2026-07-09T18:30:00Z,7589.5,7590.75,7587.25,7587.5,5151
2026-07-09T18:35:00Z,7587.25,7588.25,7585.5,7586.0,4834
2026-07-09T18:40:00Z,7586.0,7588.0,7585.25,7587.75,4623
2026-07-09T18:45:00Z,7587.5,7588.0,7585.5,7587.5,4446
2026-07-09T18:50:00Z,7587.5,7588.0,7585.5,7585.5,4244
2026-07-09T18:55:00Z,7585.5,7586.0,7583.0,7585.0,6508
2026-07-09T19:00:00Z,7585.25,7585.5,7582.25,7583.0,5776
2026-07-09T19:05:00Z,7583.0,7584.5,7581.0,7582.0,5838
2026-07-09T19:10:00Z,7582.0,7584.75,7581.0,7583.25,5715
2026-07-09T19:15:00Z,7583.5,7588.0,7582.75,7587.25,8267
2026-07-09T19:20:00Z,7587.25,7588.5,7585.75,7585.75,5159
2026-07-09T19:25:00Z,7586.0,7586.75,7584.75,7585.0,4960
2026-07-09T19:30:00Z,7585.0,7586.25,7583.5,7585.25,6973
2026-07-09T19:35:00Z,7585.25,7588.0,7585.25,7586.75,5150
2026-07-09T19:40:00Z,7586.75,7589.0,7585.25,7588.0,5663
2026-07-09T19:45:00Z,7588.0,7588.75,7586.5,7586.5,6280
2026-07-09T19:50:00Z,7586.75,7586.75,7582.5,7582.75,14320
2026-07-09T19:55:00Z,7582.5,7591.0,7582.5,7590.5,55341
2026-07-09T20:00:00Z,7590.5,7591.5,7585.75,7588.5,17191
2026-07-09T20:05:00Z,7588.5,7592.0,7588.25,7591.5,3708
2026-07-09T20:10:00Z,7591.25,7591.5,7588.75,7590.75,3784
2026-07-09T20:15:00Z,7590.75,7591.75,7589.25,7589.5,1796
2026-07-09T20:20:00Z,7589.25,7589.75,7587.25,7587.5,1405
2026-07-09T20:25:00Z,7587.5,7587.75,7586.0,7587.0,947
2026-07-09T20:30:00Z,7586.75,7589.75,7586.5,7589.5,1292
2026-07-09T20:35:00Z,7589.5,7589.75,7589.0,7589.75,902
2026-07-09T20:40:00Z,7589.5,7590.0,7587.5,7587.5,1413
2026-07-09T20:45:00Z,7587.75,7588.0,7587.0,7587.75,986
2026-07-09T20:50:00Z,7587.5,7587.75,7585.75,7586.0,1199
2026-07-09T20:55:00Z,7586.0,7587.25,7584.75,7586.25,2132
2026-07-09T22:00:00Z,7587.25,7587.75,7585.0,7587.0,0
2026-07-09T22:05:00Z,7587.25,7589.0,7584.75,7585.25,823
2026-07-09T22:10:00Z,7585.25,7585.5,7584.25,7584.75,233
2026-07-09T22:15:00Z,7585.25,7586.75,7583.75,7584.75,516
2026-07-09T22:20:00Z,7585.0,7585.75,7583.75,7585.5,309
2026-07-09T22:25:00Z,7585.25,7586.0,7583.75,7584.75,289
2026-07-09T22:30:00Z,7584.5,7585.5,7584.0,7585.0,202
2026-07-09T22:35:00Z,7585.0,7586.25,7584.25,7585.25,237
2026-07-09T22:40:00Z,7585.5,7586.0,7585.25,7585.75,115
2026-07-09T22:45:00Z,7586.0,7587.0,7585.25,7586.25,185
2026-07-09T22:50:00Z,7586.5,7587.25,7586.25,7586.25,167
2026-07-09T22:55:00Z,7586.0,7586.75,7585.75,7586.75,107
2026-07-09T23:00:00Z,7586.75,7587.75,7585.0,7587.5,437
2026-07-09T23:05:00Z,7587.5,7589.25,7587.25,7589.0,359
2026-07-09T23:10:00Z,7589.25,7589.75,7588.25,7589.25,287
2026-07-09T23:15:00Z,7589.5,7590.0,7588.0,7589.75,232
2026-07-09T23:20:00Z,7589.5,7591.5,7589.0,7590.75,490
2026-07-09T23:25:00Z,7590.5,7591.75,7590.5,7591.25,275
2026-07-09T23:30:00Z,7591.5,7591.75,7589.75,7590.0,298
2026-07-09T23:35:00Z,7590.0,7591.0,7590.0,7590.75,195
2026-07-09T23:40:00Z,7590.75,7591.0,7589.25,7589.75,191
2026-07-09T23:45:00Z,7589.75,7590.0,7586.75,7587.5,456
2026-07-09T23:50:00Z,7587.25,7590.75,7587.25,7589.75,349
2026-07-09T23:55:00Z,7589.75,7591.5,7588.5,7588.5,439
2026-07-10T00:00:00Z,7588.5,7589.5,7583.25,7585.0,1492
2026-07-10T00:05:00Z,7585.0,7585.5,7581.25,7584.0,1017
2026-07-10T00:10:00Z,7584.0,7584.25,7580.5,7583.5,1086
2026-07-10T00:15:00Z,7583.5,7584.5,7581.5,7582.0,743
2026-07-10T00:20:00Z,7582.0,7583.5,7578.25,7578.75,1038
2026-07-10T00:25:00Z,7578.75,7580.0,7577.5,7579.5,1186
2026-07-10T00:30:00Z,7579.75,7580.25,7575.75,7576.5,1123
2026-07-10T00:35:00Z,7576.5,7577.75,7575.75,7576.0,971
2026-07-10T00:40:00Z,7575.75,7578.0,7575.75,7577.0,1168
2026-07-10T00:45:00Z,7577.0,7577.25,7575.0,7575.75,1215
2026-07-10T00:50:00Z,7575.75,7576.5,7574.5,7576.0,649
2026-07-10T00:55:00Z,7576.0,7580.75,7576.0,7580.75,1044
2026-07-10T01:00:00Z,7580.75,7581.25,7577.5,7577.5,1236
2026-07-10T01:05:00Z,7577.75,7578.75,7577.0,7577.75,688
2026-07-10T01:10:00Z,7577.5,7578.5,7576.0,7577.75,776
2026-07-10T01:15:00Z,7577.5,7579.25,7577.0,7578.75,846
2026-07-10T01:20:00Z,7579.0,7580.0,7577.5,7579.75,573
2026-07-10T01:25:00Z,7579.75,7580.0,7577.5,7579.25,455
2026-07-10T01:30:00Z,7579.5,7580.5,7577.5,7580.0,783
2026-07-10T01:35:00Z,7579.75,7581.75,7579.0,7580.75,720
2026-07-10T01:40:00Z,7581.0,7581.0,7579.5,7579.5,523
2026-07-10T01:45:00Z,7579.5,7583.5,7579.0,7583.0,1421
2026-07-10T01:50:00Z,7583.25,7583.75,7581.25,7581.75,603
2026-07-10T01:55:00Z,7581.75,7582.5,7579.75,7580.25,537
2026-07-10T02:00:00Z,7580.25,7580.5,7577.25,7580.5,647
2026-07-10T02:05:00Z,7580.25,7582.25,7579.0,7581.5,572
2026-07-10T02:10:00Z,7581.5,7581.5,7579.25,7580.0,524
2026-07-10T02:15:00Z,7580.25,7580.25,7578.0,7579.0,637
2026-07-10T02:20:00Z,7579.0,7579.5,7577.0,7578.0,766
2026-07-10T02:25:00Z,7578.0,7579.5,7577.5,7579.25,610
2026-07-10T02:30:00Z,7579.5,7580.25,7578.0,7579.5,847
2026-07-10T02:35:00Z,7579.75,7581.75,7578.75,7581.5,530
2026-07-10T02:40:00Z,7581.5,7582.5,7581.25,7581.5,581
2026-07-10T02:45:00Z,7581.75,7583.75,7581.0,7583.5,668
2026-07-10T02:50:00Z,7583.5,7585.75,7583.25,7584.75,1233
2026-07-10T02:55:00Z,7584.75,7586.5,7584.5,7586.25,626
2026-07-10T03:00:00Z,7586.25,7587.5,7585.5,7587.0,690
2026-07-10T03:05:00Z,7586.75,7588.5,7586.5,7587.75,580
2026-07-10T03:10:00Z,7588.0,7588.25,7586.0,7586.75,622
2026-07-10T03:15:00Z,7586.75,7587.0,7585.5,7586.0,414
2026-07-10T03:20:00Z,7586.0,7586.25,7583.5,7584.0,611
2026-07-10T03:25:00Z,7584.0,7584.75,7583.25,7583.5,416
2026-07-10T03:30:00Z,7583.5,7583.75,7582.25,7583.25,516
2026-07-10T03:35:00Z,7583.25,7583.5,7582.0,7582.5,473
2026-07-10T03:40:00Z,7582.75,7583.5,7582.25,7583.0,347
2026-07-10T03:45:00Z,7582.75,7583.25,7582.0,7582.75,407
2026-07-10T03:50:00Z,7582.75,7583.0,7581.75,7582.5,437
2026-07-10T03:55:00Z,7582.5,7584.0,7582.0,7583.5,325
2026-07-10T04:05:00Z,7583.25,7583.5,7583.0,7583.0,849
2026-07-10T04:10:00Z,7583.0,7584.25,7582.75,7583.75,544
2026-07-10T04:15:00Z,7584.0,7584.0,7582.5,7583.25,272
2026-07-10T04:20:00Z,7583.5,7583.5,7580.75,7580.75,400
2026-07-10T04:25:00Z,7580.75,7581.75,7580.5,7581.25,359
2026-07-10T04:30:00Z,7581.25,7581.5,7579.75,7580.5,632
2026-07-10T04:35:00Z,7580.75,7581.25,7580.25,7581.0,444
2026-07-10T04:40:00Z,7581.0,7581.0,7580.25,7580.75,313
2026-07-10T04:45:00Z,7580.75,7580.75,7579.5,7579.5,451
2026-07-10T04:50:00Z,7579.5,7579.75,7578.25,7579.25,601
2026-07-10T04:55:00Z,7579.25,7579.5,7577.25,7577.5,477
2026-07-10T05:00:00Z,7577.75,7577.75,7576.25,7576.75,566
2026-07-10T05:05:00Z,7577.0,7577.75,7576.5,7576.5,733
2026-07-10T05:10:00Z,7576.5,7578.5,7576.5,7578.0,488
2026-07-10T05:15:00Z,7578.0,7579.75,7577.75,7578.5,690
2026-07-10T05:20:00Z,7578.5,7579.0,7576.75,7577.5,761
2026-07-10T05:25:00Z,7577.5,7579.0,7577.5,7578.25,872
2026-07-10T05:30:00Z,7578.25,7578.5,7577.0,7577.75,501
2026-07-10T05:35:00Z,7578.0,7578.25,7576.75,7577.25,479
2026-07-10T05:40:00Z,7577.25,7579.0,7576.75,7578.5,870
2026-07-10T05:45:00Z,7578.5,7579.0,7577.5,7577.5,499
2026-07-10T05:50:00Z,7577.75,7579.0,7577.0,7577.25,516
2026-07-10T05:55:00Z,7577.0,7577.25,7575.75,7576.5,714
2026-07-10T06:00:00Z,7576.5,7579.0,7576.25,7579.0,879
2026-07-10T06:05:00Z,7579.0,7579.5,7577.5,7577.75,986
2026-07-10T06:10:00Z,7577.75,7577.75,7575.75,7576.25,872
2026-07-10T06:15:00Z,7576.0,7576.25,7575.25,7575.75,937
2026-07-10T06:20:00Z,7575.75,7575.75,7571.5,7571.5,1943
2026-07-10T06:25:00Z,7571.5,7572.5,7570.5,7571.75,1832
2026-07-10T06:30:00Z,7571.75,7576.75,7571.5,7573.25,1762
2026-07-10T06:35:00Z,7573.25,7573.5,7570.75,7571.0,1292
2026-07-10T06:40:00Z,7571.25,7573.5,7570.5,7572.75,1103
2026-07-10T06:45:00Z,7572.75,7574.25,7572.5,7573.75,620
2026-07-10T06:50:00Z,7573.75,7575.0,7573.5,7574.25,833
2026-07-10T06:55:00Z,7574.25,7575.25,7573.0,7574.0,600
2026-07-10T07:00:00Z,7574.0,7574.75,7572.0,7574.5,1212
2026-07-10T07:05:00Z,7574.5,7576.0,7574.25,7575.5,977
2026-07-10T07:10:00Z,7575.5,7577.75,7574.75,7577.5,1079
2026-07-10T07:15:00Z,7577.75,7579.5,7575.5,7577.75,1329
2026-07-10T07:20:00Z,7577.75,7579.0,7576.5,7578.5,512
2026-07-10T07:25:00Z,7578.25,7579.5,7577.5,7578.75,991
2026-07-10T07:30:00Z,7578.75,7578.75,7576.75,7577.5,558
2026-07-10T07:35:00Z,7577.75,7578.25,7576.5,7578.0,456
2026-07-10T07:40:00Z,7577.75,7577.75,7575.5,7575.5,382
2026-07-10T07:45:00Z,7575.75,7576.0,7571.5,7572.0,1474
2026-07-10T07:50:00Z,7571.75,7572.25,7569.5,7570.25,2153
2026-07-10T07:55:00Z,7570.75,7572.5,7570.25,7572.25,1194
2026-07-10T08:00:00Z,7572.0,7572.75,7569.75,7571.75,3745
2026-07-10T08:05:00Z,7571.5,7576.0,7571.0,7576.0,1603
2026-07-10T08:10:00Z,7576.0,7578.5,7576.0,7578.5,996
2026-07-10T08:15:00Z,7578.5,7579.25,7577.25,7577.75,1094
2026-07-10T08:20:00Z,7577.5,7577.75,7574.5,7575.5,1286
2026-07-10T08:25:00Z,7575.5,7577.0,7575.25,7575.5,768
2026-07-10T08:30:00Z,7575.25,7575.25,7573.0,7575.0,1038
2026-07-10T08:35:00Z,7575.0,7576.25,7574.25,7574.75,872
2026-07-10T08:40:00Z,7574.75,7575.75,7573.25,7575.5,761
2026-07-10T08:45:00Z,7575.5,7575.75,7574.5,7575.25,591
2026-07-10T08:50:00Z,7575.25,7577.25,7573.75,7574.5,847
2026-07-10T08:55:00Z,7574.5,7575.5,7574.25,7574.25,361
2026-07-10T09:00:00Z,7574.25,7576.5,7568.5,7576.5,2855
2026-07-10T09:05:00Z,7576.5,7578.25,7575.5,7577.75,801
2026-07-10T09:10:00Z,7577.5,7581.0,7577.5,7580.0,706
2026-07-10T09:15:00Z,7580.25,7582.25,7580.0,7582.0,1091
2026-07-10T09:20:00Z,7582.0,7582.0,7580.0,7580.5,708
2026-07-10T09:25:00Z,7580.75,7581.5,7580.25,7581.0,442
2026-07-10T09:30:00Z,7580.75,7582.5,7580.75,7582.25,506
2026-07-10T09:35:00Z,7582.0,7582.5,7580.5,7582.25,643
2026-07-10T09:40:00Z,7582.25,7582.25,7579.5,7580.5,680
2026-07-10T09:45:00Z,7580.75,7581.75,7580.25,7580.75,686
2026-07-10T09:50:00Z,7580.75,7581.75,7580.5,7580.75,575
2026-07-10T09:55:00Z,7580.75,7581.75,7580.25,7581.0,574
2026-07-10T10:00:00Z,7581.0,7584.75,7581.0,7584.25,961
2026-07-10T10:05:00Z,7584.25,7586.0,7584.25,7585.75,707
2026-07-10T10:10:00Z,7585.5,7586.0,7584.75,7585.0,636
2026-07-10T10:15:00Z,7585.0,7585.5,7584.25,7584.75,465
2026-07-10T10:20:00Z,7585.0,7586.75,7581.5,7585.0,2225
2026-07-10T10:25:00Z,7585.25,7586.25,7584.25,7586.25,523
2026-07-10T10:30:00Z,7586.25,7589.25,7586.25,7588.5,971
2026-07-10T10:35:00Z,7588.5,7589.25,7587.5,7588.75,583
2026-07-10T10:40:00Z,7588.75,7590.75,7587.75,7590.5,915
2026-07-10T10:45:00Z,7590.5,7590.5,7588.25,7588.75,627
2026-07-10T10:50:00Z,7588.5,7588.75,7587.25,7587.5,951
2026-07-10T10:55:00Z,7587.75,7590.75,7587.25,7590.5,1145
2026-07-10T11:00:00Z,7590.25,7592.25,7590.0,7590.75,2391
2026-07-10T11:05:00Z,7590.75,7591.25,7589.25,7589.75,740
2026-07-10T11:10:00Z,7589.75,7591.0,7589.5,7590.0,672
2026-07-10T11:15:00Z,7590.0,7591.5,7590.0,7590.75,526
2026-07-10T11:20:00Z,7590.5,7591.5,7590.25,7591.25,335
2026-07-10T11:25:00Z,7591.25,7591.5,7586.5,7586.75,1465
2026-07-10T11:30:00Z,7586.75,7586.75,7583.0,7584.25,1313
2026-07-10T11:35:00Z,7584.25,7584.75,7580.75,7582.0,1463
2026-07-10T11:40:00Z,7582.0,7584.75,7582.0,7584.75,767
2026-07-10T11:45:00Z,7584.5,7585.75,7583.25,7584.0,1494
2026-07-10T11:50:00Z,7583.75,7585.75,7583.75,7584.0,1023
2026-07-10T11:55:00Z,7584.0,7585.5,7582.25,7583.25,1665
2026-07-10T12:00:00Z,7583.5,7583.75,7579.0,7579.5,1721
2026-07-10T12:05:00Z,7579.25,7580.75,7577.25,7580.25,1851
2026-07-10T12:10:00Z,7580.5,7595.5,7578.75,7589.0,10204
2026-07-10T12:15:00Z,7589.0,7590.25,7586.25,7587.75,2969
2026-07-10T12:20:00Z,7587.5,7589.0,7585.25,7588.25,1607
2026-07-10T12:25:00Z,7588.0,7588.5,7587.0,7587.75,929
2026-07-10T12:30:00Z,7587.75,7588.0,7585.75,7586.5,868
2026-07-10T12:35:00Z,7586.5,7591.5,7584.25,7591.0,3910
2026-07-10T12:40:00Z,7591.0,7592.5,7588.5,7588.5,2689
2026-07-10T12:45:00Z,7588.75,7592.25,7588.75,7589.5,1387
2026-07-10T12:50:00Z,7589.75,7590.25,7588.25,7588.75,1490
2026-07-10T12:55:00Z,7588.5,7590.5,7587.75,7588.0,1138
2026-07-10T13:00:00Z,7588.25,7590.5,7586.75,7588.75,2549
2026-07-10T13:05:00Z,7588.75,7591.25,7588.75,7589.25,1727
2026-07-10T13:10:00Z,7589.5,7591.25,7588.0,7591.0,1683
2026-07-10T13:15:00Z,7590.75,7591.75,7589.75,7591.0,1674
2026-07-10T13:20:00Z,7591.25,7592.5,7590.75,7592.25,1767
2026-07-10T13:25:00Z,7592.0,7594.0,7589.25,7592.25,5178
2026-07-10T13:30:00Z,7592.25,7600.5,7592.25,7597.75,25683
2026-07-10T13:35:00Z,7597.75,7604.5,7596.5,7597.75,14820
2026-07-10T13:40:00Z,7598.0,7598.5,7590.0,7594.25,19822
2026-07-10T13:45:00Z,7594.5,7603.5,7592.75,7602.5,13463
2026-07-10T13:50:00Z,7602.25,7604.25,7598.75,7601.25,12208
2026-07-10T13:55:00Z,7601.25,7604.5,7598.0,7601.5,12786
2026-07-10T14:00:00Z,7601.5,7605.75,7598.75,7603.5,13793
2026-07-10T14:05:00Z,7603.5,7604.75,7596.75,7602.75,13215
2026-07-10T14:10:00Z,7603.0,7603.75,7598.25,7599.25,8600
2026-07-10T14:15:00Z,7599.0,7601.75,7595.25,7599.0,14284
2026-07-10T14:20:00Z,7599.0,7600.25,7593.0,7597.75,12418
2026-07-10T14:25:00Z,7597.5,7603.75,7593.25,7598.0,13157
2026-07-10T14:30:00Z,7597.75,7602.75,7552.75,7581.25,55385
2026-07-10T14:35:00Z,7581.25,7592.75,7576.0,7589.25,25578
2026-07-10T14:40:00Z,7589.0,7595.0,7585.0,7593.25,15223
2026-07-10T14:45:00Z,7593.5,7596.75,7588.0,7596.0,13103
2026-07-10T14:50:00Z,7596.0,7598.25,7591.25,7591.75,11130
2026-07-10T14:55:00Z,7591.75,7592.5,7583.0,7584.25,17006
2026-07-10T15:00:00Z,7584.25,7586.75,7581.0,7581.75,17250
2026-07-10T15:05:00Z,7581.75,7590.0,7578.5,7590.0,12601
2026-07-10T15:10:00Z,7590.0,7593.0,7588.25,7591.75,9390
2026-07-10T15:15:00Z,7591.75,7604.25,7591.5,7599.5,17258
2026-07-10T15:20:00Z,7599.5,7603.5,7596.75,7602.75,9966
2026-07-10T15:25:00Z,7603.0,7606.75,7603.0,7605.25,12268
2026-07-10T15:30:00Z,7605.25,7606.5,7601.0,7602.75,13393
2026-07-10T15:35:00Z,7602.5,7603.0,7595.25,7596.5,11738
2026-07-10T15:40:00Z,7596.5,7597.5,7586.0,7592.5,17346
2026-07-10T15:45:00Z,7592.75,7598.75,7588.0,7596.5,12226
2026-07-10T15:50:00Z,7596.75,7601.5,7595.5,7600.5,7582
2026-07-10T15:55:00Z,7600.75,7601.5,7597.25,7600.25,6008
2026-07-10T16:00:00Z,7600.25,7606.25,7600.0,7603.75,10140
2026-07-10T16:05:00Z,7603.75,7604.25,7600.5,7601.75,6758
2026-07-10T16:10:00Z,7601.75,7604.75,7600.25,7604.0,6916
2026-07-10T16:15:00Z,7604.25,7609.25,7604.0,7608.0,8858
2026-07-10T16:20:00Z,7608.0,7608.5,7603.5,7606.0,5310
2026-07-10T16:25:00Z,7606.0,7606.25,7603.5,7604.25,5257
2026-07-10T16:30:00Z,7604.0,7608.0,7604.0,7606.75,4548
2026-07-10T16:35:00Z,7606.75,7608.25,7601.5,7605.0,5856
2026-07-10T16:40:00Z,7605.0,7608.75,7604.5,7608.5,4699
2026-07-10T16:45:00Z,7608.5,7612.0,7608.25,7610.75,7691
2026-07-10T16:50:00Z,7610.75,7613.5,7610.25,7612.25,6880
2026-07-10T16:55:00Z,7612.0,7614.0,7610.75,7612.75,5802
2026-07-10T17:00:00Z,7612.5,7613.0,7608.75,7609.75,6856
2026-07-10T17:05:00Z,7609.75,7610.75,7608.75,7609.0,3401
2026-07-10T17:10:00Z,7609.25,7610.75,7607.25,7610.5,4061
2026-07-10T17:15:00Z,7610.5,7613.0,7610.25,7611.25,4425
2026-07-10T17:20:00Z,7611.25,7612.75,7610.75,7612.0,2932
2026-07-10T17:25:00Z,7612.25,7613.25,7611.5,7613.0,3551
2026-07-10T17:30:00Z,7613.0,7614.5,7611.5,7613.0,5640
2026-07-10T17:35:00Z,7613.0,7617.0,7612.5,7615.0,7878
2026-07-10T17:40:00Z,7615.25,7616.25,7613.5,7614.0,4118
2026-07-10T17:45:00Z,7614.0,7616.25,7613.75,7616.0,2871
2026-07-10T17:50:00Z,7615.75,7616.75,7615.25,7615.5,2749
2026-07-10T17:55:00Z,7615.5,7615.75,7612.0,7612.75,4436
2026-07-10T18:00:00Z,7612.75,7614.75,7612.0,7613.5,5482
2026-07-10T18:05:00Z,7613.75,7616.25,7613.5,7615.5,5223
2026-07-10T18:10:00Z,7615.5,7619.0,7615.25,7616.0,7626
2026-07-10T18:15:00Z,7616.0,7616.75,7614.25,7615.0,4320
2026-07-10T18:20:00Z,7615.0,7617.0,7613.75,7616.25,3981
2026-07-10T18:25:00Z,7616.25,7620.0,7616.25,7617.25,6536
2026-07-10T18:30:00Z,7617.5,7619.0,7616.75,7618.5,3871
2026-07-10T18:35:00Z,7618.5,7618.75,7616.25,7617.25,3459
2026-07-10T18:40:00Z,7617.25,7619.5,7617.0,7618.5,3886
2026-07-10T18:45:00Z,7618.25,7619.5,7618.0,7618.75,3591
2026-07-10T18:50:00Z,7618.5,7619.75,7618.0,7619.5,3366
2026-07-10T18:55:00Z,7619.25,7620.25,7618.25,7618.5,3508
2026-07-10T19:00:00Z,7618.5,7624.25,7618.25,7623.25,9820
2026-07-10T19:05:00Z,7623.5,7625.5,7622.0,7622.75,7096
2026-07-10T19:10:00Z,7622.75,7625.0,7622.75,7624.75,5709
2026-07-10T19:15:00Z,7624.5,7625.25,7622.75,7623.5,6633
2026-07-10T19:20:00Z,7623.5,7624.0,7622.25,7622.75,6507
2026-07-10T19:25:00Z,7622.75,7624.25,7622.5,7622.75,5265
2026-07-10T19:30:00Z,7622.75,7624.75,7621.25,7622.5,8713
2026-07-10T19:35:00Z,7622.75,7624.5,7621.75,7623.25,5301
2026-07-10T19:40:00Z,7623.25,7625.25,7623.0,7623.5,6318
2026-07-10T19:45:00Z,7623.5,7624.75,7622.5,7623.75,7128
2026-07-10T19:50:00Z,7624.0,7627.25,7622.5,7623.0,15618
2026-07-10T19:55:00Z,7623.0,7624.0,7617.75,7621.0,55190
2026-07-10T20:00:00Z,7621.0,7624.75,7618.0,7622.5,19272
2026-07-10T20:05:00Z,7622.75,7623.0,7620.5,7621.75,4617
2026-07-10T20:10:00Z,7622.0,7623.25,7621.5,7622.5,3522
2026-07-10T20:15:00Z,7622.75,7623.5,7622.0,7622.75,1296
2026-07-10T20:20:00Z,7622.75,7623.0,7621.75,7622.25,1138
2026-07-10T20:25:00Z,7622.25,7625.25,7621.75,7624.75,3102
2026-07-10T20:30:00Z,7624.75,7626.0,7624.0,7625.0,1192
2026-07-10T20:35:00Z,7625.0,7625.25,7624.5,7625.25,623
2026-07-10T20:40:00Z,7625.0,7626.0,7624.75,7625.75,1101
2026-07-10T20:45:00Z,7625.5,7627.25,7624.75,7626.5,1845
2026-07-10T20:50:00Z,7626.5,7627.5,7626.5,7627.25,1461
2026-07-10T20:55:00Z,7627.25,7628.75,7620.25,7620.25,2702
2026-07-12T22:10:00Z,7600.0,7602.25,7593.0,7593.25,2664
2026-07-12T22:15:00Z,7593.5,7598.0,7591.75,7593.25,2168
2026-07-12T22:20:00Z,7593.0,7596.75,7592.5,7595.25,1154
2026-07-12T22:25:00Z,7595.25,7596.5,7593.75,7596.25,524
2026-07-12T22:30:00Z,7596.25,7599.5,7596.25,7598.5,854
2026-07-12T22:35:00Z,7598.5,7599.75,7595.75,7599.25,569
2026-07-12T22:40:00Z,7599.0,7600.5,7597.5,7599.5,509
2026-07-12T22:45:00Z,7599.5,7600.0,7596.75,7597.75,369
2026-07-12T22:50:00Z,7597.5,7601.0,7597.5,7600.0,363
2026-07-12T22:55:00Z,7599.75,7602.0,7599.75,7600.75,365
2026-07-12T23:00:00Z,7600.75,7601.0,7598.5,7599.25,406
2026-07-12T23:05:00Z,7599.25,7601.0,7598.5,7599.25,213
2026-07-12T23:10:00Z,7599.0,7599.5,7598.0,7598.75,212
2026-07-12T23:15:00Z,7598.75,7599.0,7596.75,7598.75,432
2026-07-12T23:20:00Z,7598.75,7599.0,7596.25,7597.25,272
2026-07-12T23:25:00Z,7597.25,7598.25,7596.25,7598.0,241
2026-07-12T23:30:00Z,7597.75,7598.5,7596.75,7597.5,278
2026-07-12T23:35:00Z,7597.25,7598.25,7595.75,7597.75,347
2026-07-12T23:40:00Z,7598.0,7598.5,7596.75,7597.25,316
2026-07-12T23:45:00Z,7597.25,7597.5,7593.0,7594.5,958
2026-07-12T23:50:00Z,7594.5,7599.5,7594.25,7596.75,726
2026-07-12T23:55:00Z,7597.0,7599.5,7595.5,7599.0,328
2026-07-13T00:00:00Z,7599.25,7608.0,7596.25,7605.75,2834
2026-07-13T00:05:00Z,7605.5,7610.75,7604.25,7609.25,1838
2026-07-13T00:10:00Z,7609.5,7615.25,7609.5,7613.0,2074
2026-07-13T00:15:00Z,7612.75,7614.5,7607.0,7609.0,1606
2026-07-13T00:20:00Z,7609.25,7612.5,7608.25,7611.0,900
2026-07-13T00:25:00Z,7610.5,7611.5,7607.5,7607.75,759
2026-07-13T00:30:00Z,7608.0,7608.25,7602.0,7602.25,1608
2026-07-13T00:35:00Z,7602.25,7604.25,7600.5,7602.0,1591
2026-07-13T00:40:00Z,7601.75,7603.0,7596.5,7600.75,2213
2026-07-13T00:45:00Z,7600.75,7603.0,7598.75,7598.75,1070
2026-07-13T00:50:00Z,7599.0,7599.5,7592.75,7596.0,2431
2026-07-13T00:55:00Z,7595.75,7598.0,7595.0,7597.0,1091
2026-07-13T01:00:00Z,7597.0,7598.0,7592.5,7593.75,1737
2026-07-13T01:05:00Z,7594.0,7595.0,7591.25,7591.25,902
2026-07-13T01:10:00Z,7591.25,7595.0,7590.5,7593.75,1157
2026-07-13T01:15:00Z,7593.75,7599.25,7593.75,7596.75,1150
2026-07-13T01:20:00Z,7596.75,7597.5,7592.5,7593.5,760
2026-07-13T01:25:00Z,7593.75,7595.0,7591.75,7594.75,1064
2026-07-13T01:30:00Z,7594.5,7596.25,7592.75,7594.0,858
2026-07-13T01:35:00Z,7594.0,7599.0,7593.0,7598.5,847
2026-07-13T01:40:00Z,7598.5,7599.0,7593.25,7594.5,612
2026-07-13T01:45:00Z,7594.75,7594.75,7591.75,7592.0,844
2026-07-13T01:50:00Z,7591.75,7593.0,7589.0,7591.0,1623
2026-07-13T01:55:00Z,7590.75,7593.0,7588.75,7592.25,1042
2026-07-13T02:00:00Z,7592.25,7593.5,7587.5,7589.25,1231
2026-07-13T02:05:00Z,7589.25,7591.75,7588.5,7589.75,816
2026-07-13T02:10:00Z,7590.0,7591.0,7588.75,7589.5,712
2026-07-13T02:15:00Z,7589.5,7591.5,7588.5,7591.0,606
2026-07-13T02:20:00Z,7591.25,7594.25,7590.75,7592.75,730
2026-07-13T02:25:00Z,7593.0,7594.25,7592.25,7592.75,541
2026-07-13T02:30:00Z,7592.75,7593.0,7589.25,7591.25,645
2026-07-13T02:35:00Z,7591.25,7592.0,7589.25,7590.0,352
2026-07-13T02:40:00Z,7590.0,7590.25,7588.5,7590.0,423
2026-07-13T02:45:00Z,7590.0,7590.25,7588.5,7590.0,358
2026-07-13T02:50:00Z,7590.0,7590.75,7588.0,7588.25,530
2026-07-13T02:55:00Z,7588.25,7589.0,7585.75,7586.25,714
2026-07-13T03:00:00Z,7586.25,7586.5,7584.25,7584.5,1257
2026-07-13T03:05:00Z,7584.5,7585.5,7583.25,7584.25,884
2026-07-13T03:10:00Z,7584.0,7584.75,7583.5,7584.5,649
2026-07-13T03:15:00Z,7584.75,7584.75,7583.25,7584.5,628
2026-07-13T03:20:00Z,7584.5,7585.0,7583.25,7584.5,572
2026-07-13T03:25:00Z,7584.5,7586.75,7584.25,7586.0,469
2026-07-13T03:30:00Z,7586.0,7586.75,7584.0,7584.5,615
2026-07-13T03:35:00Z,7584.5,7585.75,7583.25,7585.5,532
2026-07-13T03:40:00Z,7585.25,7586.75,7583.75,7584.25,474
2026-07-13T03:45:00Z,7584.25,7586.0,7584.25,7585.75,397
2026-07-13T03:50:00Z,7586.0,7586.0,7583.25,7584.0,371
2026-07-13T03:55:00Z,7584.0,7584.5,7582.25,7583.75,418
2026-07-13T04:00:00Z,7583.25,7583.25,7580.25,7581.0,1248
2026-07-13T04:05:00Z,7581.0,7581.25,7579.5,7580.0,900
2026-07-13T04:10:00Z,7580.0,7581.25,7579.0,7580.25,833
2026-07-13T04:15:00Z,7580.25,7583.0,7579.5,7582.5,599
2026-07-13T04:20:00Z,7582.75,7583.25,7581.25,7581.5,517
2026-07-13T04:25:00Z,7581.5,7581.75,7579.5,7580.75,442
2026-07-13T04:30:00Z,7580.75,7581.5,7579.75,7579.75,451
2026-07-13T04:35:00Z,7579.5,7579.75,7577.75,7578.25,979
2026-07-13T04:40:00Z,7578.25,7578.5,7576.0,7576.75,888
2026-07-13T04:45:00Z,7576.75,7577.25,7576.0,7576.5,571
2026-07-13T04:50:00Z,7576.5,7577.0,7575.5,7576.75,693
2026-07-13T04:55:00Z,7576.75,7578.5,7576.5,7577.5,555
2026-07-13T05:00:00Z,7577.25,7578.0,7575.25,7576.0,1627
2026-07-13T05:05:00Z,7576.0,7582.5,7575.25,7581.0,1771
2026-07-13T05:10:00Z,7581.0,7584.25,7580.5,7583.5,1207
2026-07-13T05:15:00Z,7583.75,7583.75,7579.25,7579.75,751
2026-07-13T05:20:00Z,7579.5,7580.0,7572.5,7573.0,1547
2026-07-13T05:25:00Z,7572.75,7573.75,7570.75,7571.25,1553
2026-07-13T05:30:00Z,7571.5,7575.5,7566.5,7575.5,2187
2026-07-13T05:35:00Z,7575.25,7577.5,7574.75,7577.25,1510
2026-07-13T05:40:00Z,7577.25,7578.75,7574.75,7575.25,923
2026-07-13T05:45:00Z,7575.5,7575.75,7571.25,7573.5,686
2026-07-13T05:50:00Z,7574.0,7578.0,7574.0,7574.25,951
2026-07-13T05:55:00Z,7574.25,7578.5,7573.75,7578.5,800
2026-07-13T06:00:00Z,7578.25,7581.0,7577.5,7580.0,1269
2026-07-13T06:05:00Z,7580.0,7580.75,7577.25,7577.25,682
2026-07-13T06:10:00Z,7577.0,7577.75,7574.0,7575.0,1223
2026-07-13T06:15:00Z,7575.25,7578.75,7575.0,7578.75,1448
2026-07-13T06:20:00Z,7578.75,7582.0,7578.25,7581.25,844
2026-07-13T06:25:00Z,7581.25,7583.5,7581.0,7583.5,793
2026-07-13T06:30:00Z,7583.5,7584.75,7580.5,7580.75,985
2026-07-13T06:35:00Z,7580.5,7581.25,7578.75,7579.5,963
2026-07-13T06:40:00Z,7579.25,7583.0,7579.0,7582.5,710
2026-07-13T06:45:00Z,7582.75,7584.75,7581.0,7583.75,1018
2026-07-13T06:50:00Z,7584.0,7584.5,7581.5,7582.25,533
2026-07-13T06:55:00Z,7582.25,7584.5,7581.75,7584.0,631
2026-07-13T07:00:00Z,7584.25,7588.25,7581.5,7586.75,2335
2026-07-13T07:05:00Z,7587.0,7588.75,7586.0,7588.75,975
2026-07-13T07:10:00Z,7588.5,7591.25,7588.25,7590.5,1298
2026-07-13T07:15:00Z,7590.75,7591.25,7585.5,7585.75,1750
2026-07-13T07:20:00Z,7586.0,7589.5,7585.5,7589.0,933
2026-07-13T07:25:00Z,7589.0,7589.0,7586.0,7586.75,808
2026-07-13T07:30:00Z,7586.5,7586.5,7582.0,7583.75,1398
2026-07-13T07:35:00Z,7584.0,7587.75,7583.75,7587.0,761
2026-07-13T07:40:00Z,7587.25,7588.75,7586.25,7587.25,556
2026-07-13T07:45:00Z,7587.25,7587.5,7585.0,7585.75,570
2026-07-13T07:50:00Z,7585.75,7588.25,7584.5,7588.25,528
2026-07-13T07:55:00Z,7588.25,7589.25,7586.25,7587.75,945
2026-07-13T08:00:00Z,7587.75,7591.25,7586.75,7590.25,1545
2026-07-13T08:05:00Z,7590.0,7594.0,7588.5,7593.0,2404
2026-07-13T08:10:00Z,7593.0,7596.25,7592.25,7595.75,1728
2026-07-13T08:15:00Z,7596.0,7598.5,7596.0,7596.5,1150
2026-07-13T08:20:00Z,7596.5,7597.75,7595.5,7595.75,1189
2026-07-13T08:25:00Z,7595.5,7597.5,7595.0,7595.75,1036
2026-07-13T08:30:00Z,7595.75,7597.25,7594.75,7594.75,457
2026-07-13T08:35:00Z,7594.5,7595.75,7593.25,7595.0,613
2026-07-13T08:40:00Z,7594.75,7596.75,7594.25,7596.5,648
2026-07-13T08:45:00Z,7596.25,7597.75,7595.5,7597.75,813
2026-07-13T08:50:00Z,7597.75,7599.5,7597.25,7598.25,1275
2026-07-13T08:55:00Z,7598.5,7599.0,7597.0,7598.5,645
2026-07-13T09:00:00Z,7598.5,7598.75,7595.5,7595.75,806
2026-07-13T09:05:00Z,7595.75,7597.0,7595.25,7597.0,519
2026-07-13T09:10:00Z,7596.75,7597.0,7594.75,7597.0,845
2026-07-13T09:15:00Z,7596.75,7600.75,7596.5,7599.75,1063
2026-07-13T09:20:00Z,7600.0,7602.0,7599.5,7601.0,617
2026-07-13T09:25:00Z,7601.0,7603.0,7601.0,7602.5,835
2026-07-13T09:30:00Z,7602.5,7603.5,7601.0,7602.25,842
2026-07-13T09:35:00Z,7602.0,7603.75,7602.0,7603.0,534
2026-07-13T09:40:00Z,7603.0,7603.25,7601.75,7602.75,425
2026-07-13T09:45:00Z,7602.75,7602.75,7601.0,7601.75,409
2026-07-13T09:50:00Z,7601.5,7601.75,7600.0,7601.25,832
2026-07-13T09:55:00Z,7601.0,7602.0,7600.75,7601.5,633
2026-07-13T10:00:00Z,7601.75,7602.5,7599.0,7600.75,890
2026-07-13T10:05:00Z,7600.75,7601.0,7598.5,7599.0,1689
2026-07-13T10:10:00Z,7599.0,7599.25,7598.0,7599.0,537
2026-07-13T10:15:00Z,7599.0,7601.5,7598.75,7601.0,748
2026-07-13T10:20:00Z,7601.0,7601.25,7599.0,7599.0,377
2026-07-13T10:25:00Z,7599.0,7599.0,7597.25,7598.0,685
2026-07-13T10:30:00Z,7598.0,7599.0,7597.25,7597.75,711
2026-07-13T10:35:00Z,7597.75,7599.5,7597.75,7598.75,265
2026-07-13T10:40:00Z,7599.0,7599.25,7597.0,7597.5,452
2026-07-13T10:45:00Z,7597.5,7599.75,7597.0,7598.75,989
2026-07-13T10:50:00Z,7598.75,7599.5,7597.75,7598.5,626
2026-07-13T10:55:00Z,7598.5,7598.5,7597.0,7598.0,1402
2026-07-13T11:00:00Z,7597.75,7602.0,7597.75,7600.5,1754
2026-07-13T11:05:00Z,7600.5,7604.5,7599.75,7600.25,1647
2026-07-13T11:10:00Z,7600.0,7600.75,7596.25,7597.75,1563
2026-07-13T11:15:00Z,7597.75,7599.75,7596.25,7596.25,807
2026-07-13T11:20:00Z,7596.25,7598.5,7595.0,7598.0,740
2026-07-13T11:25:00Z,7597.5,7600.75,7597.5,7599.5,634
2026-07-13T11:30:00Z,7599.5,7601.5,7597.75,7601.25,1423
2026-07-13T11:35:00Z,7601.0,7602.25,7599.0,7599.75,854
2026-07-13T11:40:00Z,7599.5,7600.25,7597.75,7598.0,513
2026-07-13T11:45:00Z,7597.75,7598.25,7594.5,7596.5,1834
2026-07-13T11:50:00Z,7596.25,7596.75,7594.0,7594.25,796
2026-07-13T11:55:00Z,7594.0,7594.75,7592.0,7594.25,1280
2026-07-13T12:00:00Z,7594.25,7595.25,7591.75,7593.0,1284
2026-07-13T12:05:00Z,7593.0,7594.5,7591.75,7594.25,1424
2026-07-13T12:10:00Z,7594.0,7598.25,7587.75,7592.5,5078
2026-07-13T12:15:00Z,7592.5,7593.25,7590.5,7592.75,1194
2026-07-13T12:20:00Z,7592.75,7592.75,7590.25,7591.0,1245
2026-07-13T12:25:00Z,7590.75,7591.75,7589.0,7589.5,940
2026-07-13T12:30:00Z,7589.75,7589.75,7586.0,7588.5,2655
2026-07-13T12:35:00Z,7588.25,7589.0,7586.0,7588.75,1583
2026-07-13T12:40:00Z,7588.75,7591.5,7587.75,7590.75,1739
2026-07-13T12:45:00Z,7590.75,7595.0,7590.75,7594.5,1293
2026-07-13T12:50:00Z,7594.5,7595.75,7593.0,7594.5,2564
2026-07-13T12:55:00Z,7594.5,7597.25,7594.5,7597.0,2064
2026-07-13T13:00:00Z,7597.0,7599.75,7596.25,7598.25,1859
2026-07-13T13:05:00Z,7598.25,7599.25,7596.0,7596.75,2010
2026-07-13T13:10:00Z,7596.75,7597.0,7595.0,7596.25,1855
2026-07-13T13:15:00Z,7596.25,7596.5,7594.75,7594.75,2401
2026-07-13T13:20:00Z,7594.5,7595.75,7593.75,7594.5,1526
2026-07-13T13:25:00Z,7594.5,7596.75,7593.0,7595.5,4117
2026-07-13T13:30:00Z,7595.5,7609.75,7594.5,7605.0,33278
2026-07-13T13:35:00Z,7605.25,7608.75,7601.0,7603.0,20574
2026-07-13T13:40:00Z,7602.75,7603.0,7595.75,7601.0,22342
2026-07-13T13:45:00Z,7601.25,7602.25,7593.75,7599.5,20862
2026-07-13T13:50:00Z,7599.75,7600.5,7590.25,7597.25,17834
2026-07-13T13:55:00Z,7597.0,7608.75,7595.0,7607.5,16758
2026-07-13T14:00:00Z,7607.5,7610.5,7597.5,7598.75,23932
2026-07-13T14:05:00Z,7598.75,7600.5,7593.5,7599.25,13045
2026-07-13T14:10:00Z,7599.25,7604.25,7597.5,7603.5,11562
2026-07-13T14:15:00Z,7603.75,7604.75,7573.5,7590.0,45861
2026-07-13T14:20:00Z,7590.0,7600.0,7585.25,7598.5,23287
2026-07-13T14:25:00Z,7598.5,7602.75,7596.25,7602.0,16470
2026-07-13T14:30:00Z,7601.75,7603.75,7596.5,7597.5,14316
2026-07-13T14:35:00Z,7597.5,7598.0,7590.75,7592.75,13023
2026-07-13T14:40:00Z,7593.0,7593.25,7583.25,7585.75,16437
2026-07-13T14:45:00Z,7585.75,7595.5,7580.75,7594.75,18143
2026-07-13T14:50:00Z,7594.75,7595.75,7586.0,7588.0,12065
2026-07-13T14:55:00Z,7588.0,7599.0,7586.25,7598.5,10989
2026-07-13T15:00:00Z,7598.5,7601.75,7593.75,7594.25,13758
2026-07-13T15:05:00Z,7594.0,7597.0,7592.5,7593.5,8143
2026-07-13T15:10:00Z,7593.5,7596.75,7590.25,7592.0,8612
2026-07-13T15:15:00Z,7592.0,7594.25,7589.75,7593.25,6698
2026-07-13T15:20:00Z,7593.25,7597.0,7591.75,7595.5,7543
2026-07-13T15:25:00Z,7595.5,7596.0,7590.75,7594.75,6367
2026-07-13T15:30:00Z,7595.0,7596.5,7591.0,7592.25,7455
2026-07-13T15:35:00Z,7592.25,7593.75,7589.25,7592.0,7110
2026-07-13T15:40:00Z,7592.0,7592.5,7587.75,7588.0,6475
2026-07-13T15:45:00Z,7588.0,7589.0,7585.75,7588.0,7395
2026-07-13T15:50:00Z,7588.0,7588.75,7582.25,7586.5,8812
2026-07-13T15:55:00Z,7586.5,7586.75,7581.75,7583.25,7115
2026-07-13T16:00:00Z,7583.25,7585.75,7580.5,7582.5,7548
2026-07-13T16:05:00Z,7582.5,7586.0,7581.5,7585.75,6133
2026-07-13T16:10:00Z,7585.75,7589.0,7583.5,7585.5,7229
2026-07-13T16:15:00Z,7585.25,7585.5,7577.75,7579.75,8711
2026-07-13T16:20:00Z,7579.75,7580.25,7577.0,7577.5,6545
2026-07-13T16:25:00Z,7577.5,7578.0,7570.25,7574.0,13758
2026-07-13T16:30:00Z,7574.0,7574.0,7566.75,7567.25,17432
2026-07-13T16:35:00Z,7567.25,7573.5,7560.0,7571.25,21962
2026-07-13T16:40:00Z,7571.0,7576.25,7566.75,7575.0,12816
2026-07-13T16:45:00Z,7574.75,7578.0,7571.0,7571.25,10855
2026-07-13T16:50:00Z,7571.25,7572.0,7563.25,7565.75,12193
2026-07-13T16:55:00Z,7565.5,7572.75,7564.25,7570.25,9689
2026-07-13T17:00:00Z,7570.0,7574.25,7569.0,7569.75,8561
2026-07-13T17:05:00Z,7570.0,7576.5,7569.25,7575.75,7640
2026-07-13T17:10:00Z,7575.75,7578.0,7570.75,7572.0,6662
2026-07-13T17:15:00Z,7572.0,7574.5,7568.0,7573.25,6549
2026-07-13T17:20:00Z,7573.0,7575.25,7568.25,7568.5,5267
2026-07-13T17:25:00Z,7568.75,7571.25,7566.75,7569.75,6333
2026-07-13T17:30:00Z,7569.75,7572.5,7568.0,7570.75,5732
2026-07-13T17:35:00Z,7571.0,7571.0,7566.0,7568.25,5181
2026-07-13T17:40:00Z,7568.25,7572.75,7566.25,7571.5,6299
2026-07-13T17:45:00Z,7571.5,7574.25,7567.5,7568.0,5879
2026-07-13T17:50:00Z,7568.0,7568.75,7563.5,7566.0,7456
2026-07-13T17:55:00Z,7566.25,7567.0,7563.25,7563.5,7433
2026-07-13T18:00:00Z,7563.75,7570.25,7563.0,7568.0,9626
2026-07-13T18:05:00Z,7567.75,7574.0,7567.25,7568.0,6713
2026-07-13T18:10:00Z,7567.75,7569.75,7562.75,7569.25,6941
2026-07-13T18:15:00Z,7569.0,7569.5,7561.75,7563.25,6568
2026-07-13T18:20:00Z,7563.5,7566.75,7561.5,7566.25,7926
2026-07-13T18:25:00Z,7566.25,7567.0,7563.0,7563.5,6743
2026-07-13T18:30:00Z,7563.75,7566.75,7561.0,7563.75,8360
2026-07-13T18:35:00Z,7563.75,7569.0,7563.25,7568.25,8405
2026-07-13T18:40:00Z,7568.0,7572.0,7567.25,7570.25,7439
2026-07-13T18:45:00Z,7570.25,7570.75,7566.75,7569.0,7935
2026-07-13T18:50:00Z,7569.0,7572.25,7566.75,7569.25,6252
2026-07-13T18:55:00Z,7569.5,7570.5,7566.0,7567.25,7100
2026-07-13T19:00:00Z,7567.25,7570.5,7563.0,7570.0,8163
2026-07-13T19:05:00Z,7570.0,7571.25,7566.5,7566.5,5351
2026-07-13T19:10:00Z,7566.5,7566.75,7562.25,7564.25,9817
2026-07-13T19:15:00Z,7564.25,7565.75,7562.5,7564.0,7119
2026-07-13T19:20:00Z,7563.75,7564.25,7558.25,7560.5,13027
2026-07-13T19:25:00Z,7560.5,7560.75,7551.75,7555.0,15352
2026-07-13T19:30:00Z,7555.0,7558.25,7554.25,7558.0,13517
2026-07-13T19:35:00Z,7558.0,7558.0,7551.0,7554.0,10400
2026-07-13T19:40:00Z,7554.0,7561.5,7553.25,7561.0,10769
2026-07-13T19:45:00Z,7561.25,7562.25,7557.5,7560.75,9480
2026-07-13T19:50:00Z,7560.75,7566.5,7559.75,7562.5,23508
2026-07-13T19:55:00Z,7562.5,7568.25,7561.0,7563.0,68410
2026-07-13T20:00:00Z,7563.0,7563.5,7559.0,7561.25,19465
2026-07-13T20:05:00Z,7561.25,7563.0,7560.0,7561.0,6820
2026-07-13T20:10:00Z,7561.0,7561.5,7557.5,7559.5,7468
2026-07-13T20:15:00Z,7559.5,7559.75,7547.25,7553.25,9837
2026-07-13T20:20:00Z,7553.25,7555.75,7553.0,7555.0,2029
2026-07-13T20:25:00Z,7555.0,7556.5,7554.75,7555.75,919
2026-07-13T20:30:00Z,7555.5,7555.5,7552.75,7554.5,1181
2026-07-13T20:35:00Z,7554.5,7555.0,7554.0,7554.75,447
2026-07-13T20:40:00Z,7554.75,7555.0,7553.25,7554.25,1131
2026-07-13T20:45:00Z,7554.0,7554.25,7553.0,7553.75,1239
2026-07-13T20:50:00Z,7553.5,7554.75,7552.0,7554.0,1022
2026-07-13T20:55:00Z,7554.0,7555.75,7553.25,7554.25,1381
2026-07-13T22:00:00Z,7557.0,7563.25,7555.25,7558.5,0
2026-07-13T22:05:00Z,7558.75,7562.0,7558.25,7559.0,605
2026-07-13T22:10:00Z,7559.0,7559.5,7557.0,7557.5,285
2026-07-13T22:15:00Z,7558.0,7559.5,7557.5,7558.25,261
2026-07-13T22:20:00Z,7558.0,7560.25,7556.0,7556.75,376
2026-07-13T22:25:00Z,7556.5,7558.0,7555.25,7555.5,294
2026-07-13T22:30:00Z,7555.25,7556.5,7554.5,7555.5,403
2026-07-13T22:35:00Z,7555.5,7556.5,7554.75,7555.75,374
2026-07-13T22:40:00Z,7555.75,7557.5,7555.75,7557.25,229
2026-07-13T22:45:00Z,7557.0,7559.0,7556.25,7557.5,308
2026-07-13T22:50:00Z,7557.25,7557.5,7552.75,7553.0,372
2026-07-13T22:55:00Z,7553.25,7553.25,7551.0,7552.0,487
2026-07-13T23:00:00Z,7552.0,7552.25,7547.5,7547.75,878
2026-07-13T23:05:00Z,7548.0,7549.5,7547.25,7548.75,580
2026-07-13T23:10:00Z,7548.75,7549.5,7546.25,7547.5,574
2026-07-13T23:15:00Z,7547.75,7548.75,7547.0,7548.25,242
2026-07-13T23:20:00Z,7548.25,7550.25,7548.0,7549.75,295
2026-07-13T23:25:00Z,7550.25,7551.25,7546.75,7547.75,502
2026-07-13T23:30:00Z,7547.5,7547.5,7545.0,7545.75,458
2026-07-13T23:35:00Z,7545.5,7548.25,7545.0,7545.5,397
2026-07-13T23:40:00Z,7545.5,7546.0,7542.0,7542.5,720
2026-07-13T23:45:00Z,7542.5,7545.25,7541.5,7543.0,825
2026-07-13T23:50:00Z,7543.0,7549.5,7542.25,7548.5,819
2026-07-13T23:55:00Z,7548.25,7553.5,7546.25,7553.25,849
2026-07-14T00:00:00Z,7553.5,7556.75,7543.0,7544.75,2649
2026-07-14T00:05:00Z,7544.5,7547.25,7539.75,7544.0,2288
2026-07-14T00:10:00Z,7544.25,7556.25,7544.25,7556.25,2341
2026-07-14T00:15:00Z,7556.0,7557.5,7543.75,7544.0,1619
2026-07-14T00:20:00Z,7544.0,7549.5,7540.0,7549.0,1894
2026-07-14T00:25:00Z,7548.75,7549.25,7541.75,7545.75,961
2026-07-14T00:30:00Z,7545.75,7552.75,7544.25,7550.25,1312
2026-07-14T00:35:00Z,7550.5,7554.5,7548.5,7549.75,1124
2026-07-14T00:40:00Z,7550.0,7553.75,7541.75,7544.25,1605
2026-07-14T00:45:00Z,7544.25,7551.5,7544.25,7549.75,1162
2026-07-14T00:50:00Z,7549.75,7557.75,7549.75,7557.25,1399
2026-07-14T00:55:00Z,7557.0,7560.5,7556.75,7558.5,1404
2026-07-14T01:00:00Z,7558.5,7560.25,7556.75,7558.5,1263
2026-07-14T01:05:00Z,7558.5,7560.25,7556.25,7558.25,935
2026-07-14T01:10:00Z,7558.5,7558.75,7554.25,7554.75,844
2026-07-14T01:15:00Z,7554.75,7559.5,7553.75,7558.75,1090
2026-07-14T01:20:00Z,7558.5,7559.75,7554.5,7556.0,1106
2026-07-14T01:25:00Z,7555.75,7558.75,7555.0,7556.0,618
2026-07-14T01:30:00Z,7556.25,7557.5,7552.0,7553.5,872
2026-07-14T01:35:00Z,7553.5,7553.75,7548.75,7550.5,916
2026-07-14T01:40:00Z,7551.0,7552.75,7547.25,7551.5,992
2026-07-14T01:45:00Z,7551.5,7555.75,7551.5,7555.0,690
2026-07-14T01:50:00Z,7555.0,7555.5,7550.25,7550.75,478
2026-07-14T01:55:00Z,7550.5,7550.75,7546.25,7548.25,769
2026-07-14T02:00:00Z,7548.5,7552.25,7546.25,7551.5,765
2026-07-14T02:05:00Z,7551.5,7554.75,7551.25,7552.0,763
2026-07-14T02:10:00Z,7552.0,7552.25,7545.75,7546.25,630
2026-07-14T02:15:00Z,7546.25,7547.75,7544.25,7544.25,743
2026-07-14T02:20:00Z,7544.25,7545.0,7539.5,7540.5,1774
2026-07-14T02:25:00Z,7540.5,7543.5,7539.25,7543.25,1020
2026-07-14T02:30:00Z,7543.25,7544.0,7539.25,7540.25,785
2026-07-14T02:35:00Z,7540.0,7547.0,7539.0,7546.75,1012
2026-07-14T02:40:00Z,7547.0,7549.75,7546.25,7548.25,852
2026-07-14T02:45:00Z,7548.25,7549.5,7546.25,7548.25,628
2026-07-14T02:50:00Z,7548.25,7548.25,7540.25,7540.75,701
2026-07-14T02:55:00Z,7540.5,7541.5,7539.5,7540.5,680
2026-07-14T03:00:00Z,7540.5,7541.0,7537.0,7538.0,1666
2026-07-14T03:05:00Z,7538.0,7538.25,7536.75,7537.5,751
2026-07-14T03:10:00Z,7537.5,7537.75,7534.5,7535.25,1673
2026-07-14T03:15:00Z,7535.25,7535.5,7531.5,7533.5,1100
2026-07-14T03:20:00Z,7533.75,7537.5,7532.25,7535.5,1110
2026-07-14T03:25:00Z,7535.25,7540.5,7535.0,7540.25,863
2026-07-14T03:30:00Z,7540.25,7544.25,7536.5,7537.0,1305
2026-07-14T03:35:00Z,7537.0,7539.75,7536.25,7538.25,978
2026-07-14T03:40:00Z,7538.5,7538.5,7535.0,7536.25,1038
2026-07-14T03:45:00Z,7536.0,7541.75,7535.25,7539.0,1011
2026-07-14T03:50:00Z,7538.75,7544.25,7538.75,7543.5,679
2026-07-14T03:55:00Z,7543.25,7544.75,7542.0,7544.0,427
2026-07-14T04:05:00Z,7542.5,7542.5,7540.75,7541.25,1335
2026-07-14T04:10:00Z,7541.25,7542.0,7538.5,7541.0,566
2026-07-14T04:15:00Z,7540.75,7542.5,7539.5,7542.25,358
2026-07-14T04:20:00Z,7542.0,7546.5,7542.0,7546.0,582
2026-07-14T04:25:00Z,7546.0,7550.0,7545.5,7548.75,679
2026-07-14T04:30:00Z,7548.75,7552.0,7548.0,7551.75,729
2026-07-14T04:35:00Z,7552.0,7556.5,7551.5,7556.25,873
2026-07-14T04:40:00Z,7556.0,7557.0,7554.25,7556.0,775
2026-07-14T04:45:00Z,7556.0,7559.5,7555.75,7558.75,737
2026-07-14T04:50:00Z,7558.75,7559.75,7556.25,7558.5,584
2026-07-14T04:55:00Z,7558.5,7561.5,7558.25,7560.25,688
2026-07-14T05:00:00Z,7560.5,7561.5,7558.0,7560.75,738
2026-07-14T05:05:00Z,7560.5,7563.0,7559.75,7561.75,1008
2026-07-14T05:10:00Z,7561.75,7563.25,7561.25,7562.5,691
2026-07-14T05:15:00Z,7562.5,7563.25,7561.5,7562.5,458
2026-07-14T05:20:00Z,7562.75,7568.75,7562.75,7567.5,2365
2026-07-14T05:25:00Z,7567.25,7569.75,7566.75,7569.75,1120
2026-07-14T05:30:00Z,7570.0,7573.75,7569.25,7569.25,1613
2026-07-14T05:35:00Z,7569.5,7570.75,7568.25,7569.0,789
2026-07-14T05:40:00Z,7569.0,7569.5,7567.0,7568.75,615
2026-07-14T05:45:00Z,7569.0,7570.0,7567.5,7569.25,428
2026-07-14T05:50:00Z,7569.5,7569.75,7568.0,7569.25,475
2026-07-14T05:55:00Z,7569.5,7570.25,7568.0,7568.25,539
2026-07-14T06:00:00Z,7568.0,7571.25,7567.75,7569.75,821
2026-07-14T06:05:00Z,7569.75,7572.25,7569.5,7571.5,761
2026-07-14T06:10:00Z,7571.5,7573.5,7570.75,7573.5,812
2026-07-14T06:15:00Z,7573.5,7574.75,7572.0,7574.0,1410
2026-07-14T06:20:00Z,7573.75,7575.25,7570.0,7570.0,948
2026-07-14T06:25:00Z,7570.0,7570.0,7566.0,7567.5,1552
2026-07-14T06:30:00Z,7567.5,7570.5,7566.75,7568.75,896
2026-07-14T06:35:00Z,7568.5,7569.25,7566.25,7566.5,804
2026-07-14T06:40:00Z,7566.5,7566.5,7563.25,7564.0,685
2026-07-14T06:45:00Z,7563.75,7563.75,7560.5,7561.5,750
2026-07-14T06:50:00Z,7561.75,7563.0,7560.25,7560.25,358
2026-07-14T06:55:00Z,7560.25,7561.75,7559.0,7559.0,892
2026-07-14T07:00:00Z,7559.25,7562.25,7555.75,7561.75,2188
2026-07-14T07:05:00Z,7562.0,7566.0,7561.5,7564.5,1419
2026-07-14T07:10:00Z,7564.75,7564.75,7561.5,7563.0,1315
2026-07-14T07:15:00Z,7563.0,7563.5,7560.25,7560.75,798
2026-07-14T07:20:00Z,7560.75,7562.0,7557.25,7560.75,880
2026-07-14T07:25:00Z,7560.75,7563.5,7560.25,7560.5,1001
2026-07-14T07:30:00Z,7560.5,7561.5,7556.25,7560.25,1043
2026-07-14T07:35:00Z,7560.25,7561.5,7558.0,7560.25,945
2026-07-14T07:40:00Z,7560.25,7560.5,7555.0,7555.75,645
2026-07-14T07:45:00Z,7555.5,7560.0,7552.5,7560.0,1115
2026-07-14T07:50:00Z,7560.0,7562.25,7558.75,7561.0,656
2026-07-14T07:55:00Z,7561.0,7561.5,7557.5,7559.0,681
2026-07-14T08:00:00Z,7559.0,7561.0,7554.0,7558.25,2622
2026-07-14T08:05:00Z,7558.5,7558.75,7552.5,7553.5,1514
2026-07-14T08:10:00Z,7553.5,7557.75,7553.5,7557.25,884
2026-07-14T08:15:00Z,7557.5,7562.25,7557.25,7561.5,917
2026-07-14T08:20:00Z,7561.0,7561.75,7559.25,7559.75,942
2026-07-14T08:25:00Z,7560.0,7564.5,7560.0,7562.75,1095
2026-07-14T08:30:00Z,7562.5,7564.0,7560.5,7562.5,734
2026-07-14T08:35:00Z,7562.25,7562.75,7559.5,7560.75,957
2026-07-14T08:40:00Z,7560.75,7561.5,7558.75,7559.75,596
2026-07-14T08:45:00Z,7560.0,7560.0,7554.5,7554.75,707
2026-07-14T08:50:00Z,7554.75,7557.5,7552.75,7557.0,801
2026-07-14T08:55:00Z,7557.0,7557.75,7554.0,7554.25,567
2026-07-14T09:00:00Z,7554.5,7558.5,7551.25,7558.0,1083
2026-07-14T09:05:00Z,7558.25,7561.0,7555.5,7560.5,1407
2026-07-14T09:10:00Z,7560.5,7563.75,7558.75,7563.0,1228
2026-07-14T09:15:00Z,7562.75,7564.0,7557.75,7559.25,1161
2026-07-14T09:20:00Z,7559.5,7560.0,7557.0,7558.25,407
2026-07-14T09:25:00Z,7558.25,7558.5,7554.0,7554.25,763
2026-07-14T09:30:00Z,7554.25,7557.25,7554.25,7556.0,762
2026-07-14T09:35:00Z,7556.0,7557.75,7555.75,7557.75,394
2026-07-14T09:40:00Z,7557.5,7559.0,7557.0,7557.5,657
2026-07-14T09:45:00Z,7557.25,7561.75,7557.0,7561.5,625
2026-07-14T09:50:00Z,7561.25,7561.25,7557.75,7558.75,676
2026-07-14T09:55:00Z,7558.75,7558.75,7556.75,7557.5,323
2026-07-14T10:00:00Z,7557.75,7559.5,7556.25,7559.5,410
2026-07-14T10:05:00Z,7560.0,7560.25,7558.0,7560.25,260
2026-07-14T10:10:00Z,7560.25,7560.75,7556.25,7557.5,689
2026-07-14T10:15:00Z,7557.75,7559.0,7556.5,7558.0,427
2026-07-14T10:20:00Z,7558.0,7558.25,7556.5,7558.0,245
2026-07-14T10:25:00Z,7557.75,7558.5,7555.5,7558.5,349
2026-07-14T10:30:00Z,7558.25,7561.25,7553.75,7556.75,1822
2026-07-14T10:35:00Z,7556.5,7566.0,7556.25,7560.75,1704
2026-07-14T10:40:00Z,7560.75,7560.75,7556.25,7556.75,1152
2026-07-14T10:45:00Z,7556.75,7559.25,7556.0,7558.5,760
2026-07-14T10:50:00Z,7558.5,7560.0,7555.75,7556.0,583
2026-07-14T10:55:00Z,7556.0,7557.25,7553.25,7557.0,955
2026-07-14T11:00:00Z,7557.0,7558.0,7546.25,7547.5,3739
2026-07-14T11:05:00Z,7547.25,7550.25,7544.5,7546.0,2339
2026-07-14T11:10:00Z,7545.75,7553.5,7544.0,7553.0,2845
2026-07-14T11:15:00Z,7553.0,7556.5,7552.5,7556.5,2913
2026-07-14T11:20:00Z,7556.25,7562.75,7554.25,7561.75,3108
2026-07-14T11:25:00Z,7561.75,7564.25,7557.75,7558.5,3055
2026-07-14T11:30:00Z,7558.5,7562.5,7556.25,7556.5,1279
2026-07-14T11:35:00Z,7556.75,7557.0,7553.25,7555.5,1224
2026-07-14T11:40:00Z,7555.75,7556.75,7553.0,7553.75,981
2026-07-14T11:45:00Z,7553.75,7559.75,7553.5,7557.0,1441
2026-07-14T11:50:00Z,7557.0,7558.5,7556.0,7556.0,756
2026-07-14T11:55:00Z,7556.0,7557.25,7554.0,7555.75,914
2026-07-14T12:00:00Z,7555.5,7555.75,7548.25,7549.25,3136
2026-07-14T12:05:00Z,7549.0,7549.75,7546.5,7548.0,2046
2026-07-14T12:10:00Z,7548.0,7549.0,7544.75,7547.5,1526
2026-07-14T12:15:00Z,7547.75,7551.0,7545.5,7549.75,1816
2026-07-14T12:20:00Z,7549.75,7557.75,7548.5,7557.25,1943
2026-07-14T12:25:00Z,7557.5,7563.0,7556.0,7560.75,2424
2026-07-14T12:30:00Z,7561.0,7613.75,7558.75,7595.75,28546
2026-07-14T12:35:00Z,7595.5,7596.25,7581.5,7586.75,11823
2026-07-14T12:40:00Z,7586.5,7590.75,7582.0,7588.0,7800
2026-07-14T12:45:00Z,7588.25,7590.25,7581.0,7583.25,4872
2026-07-14T12:50:00Z,7583.0,7583.0,7576.5,7579.25,5381
2026-07-14T12:55:00Z,7579.5,7581.75,7575.75,7579.5,3751
2026-07-14T13:00:00Z,7579.5,7584.0,7577.25,7579.5,5075
2026-07-14T13:05:00Z,7579.5,7583.5,7578.75,7579.75,2779
2026-07-14T13:10:00Z,7579.75,7582.25,7577.5,7579.25,3580
2026-07-14T13:15:00Z,7579.25,7580.5,7574.5,7575.0,4184
2026-07-14T13:20:00Z,7575.0,7582.5,7570.75,7581.0,5352
2026-07-14T13:25:00Z,7581.0,7585.0,7578.25,7579.5,6189
2026-07-14T13:30:00Z,7579.5,7581.25,7565.25,7566.5,33955
2026-07-14T13:35:00Z,7566.25,7584.0,7564.25,7581.75,24682
2026-07-14T13:40:00Z,7582.0,7585.5,7575.75,7583.25,19885
2026-07-14T13:45:00Z,7583.0,7588.25,7576.25,7579.75,17688
2026-07-14T13:50:00Z,7579.75,7586.5,7576.0,7581.0,13802
2026-07-14T13:55:00Z,7581.25,7586.0,7577.25,7583.5,10361
2026-07-14T14:00:00Z,7583.5,7585.25,7572.0,7574.5,14777
2026-07-14T14:05:00Z,7574.5,7577.25,7568.75,7572.75,12169
2026-07-14T14:10:00Z,7572.5,7575.25,7567.75,7574.5,12193
2026-07-14T14:15:00Z,7574.5,7574.5,7556.5,7569.0,24072
2026-07-14T14:20:00Z,7568.75,7579.5,7568.0,7571.75,16285
2026-07-14T14:25:00Z,7572.0,7583.5,7570.0,7577.25,14155
2026-07-14T14:30:00Z,7577.25,7603.75,7575.0,7591.0,27049
2026-07-14T14:35:00Z,7591.0,7592.0,7585.75,7589.75,15142
2026-07-14T14:40:00Z,7589.75,7593.75,7580.0,7581.75,12382
2026-07-14T14:45:00Z,7581.5,7585.0,7578.25,7579.25,11414
2026-07-14T14:50:00Z,7579.25,7586.75,7575.25,7586.75,10014
2026-07-14T14:55:00Z,7586.75,7590.5,7585.75,7587.5,8225
2026-07-14T15:00:00Z,7587.5,7600.75,7583.25,7594.0,20852
2026-07-14T15:05:00Z,7594.0,7601.5,7591.75,7598.75,16913
2026-07-14T15:10:00Z,7598.75,7601.0,7594.25,7596.0,10279
2026-07-14T15:15:00Z,7596.0,7597.5,7587.5,7590.0,10599
2026-07-14T15:20:00Z,7589.75,7595.75,7587.0,7595.75,9454
2026-07-14T15:25:00Z,7595.75,7598.0,7593.5,7597.25,7213
2026-07-14T15:30:00Z,7597.0,7600.5,7589.0,7590.0,12925
2026-07-14T15:35:00Z,7590.0,7591.0,7585.5,7589.0,11366
2026-07-14T15:40:00Z,7589.0,7589.0,7577.75,7586.25,14025
2026-07-14T15:45:00Z,7586.0,7590.0,7585.5,7586.25,7226
2026-07-14T15:50:00Z,7586.5,7587.25,7579.25,7580.25,8629
2026-07-14T15:55:00Z,7580.25,7582.0,7576.25,7579.75,7547
2026-07-14T16:00:00Z,7580.0,7580.75,7570.0,7573.5,11079
2026-07-14T16:05:00Z,7573.5,7577.0,7570.0,7574.5,9860
2026-07-14T16:10:00Z,7574.75,7576.5,7570.0,7575.25,6872
2026-07-14T16:15:00Z,7575.5,7576.75,7570.0,7574.25,6874
2026-07-14T16:20:00Z,7574.25,7575.75,7570.0,7573.5,5858
2026-07-14T16:25:00Z,7573.5,7579.25,7572.5,7578.25,7670
2026-07-14T16:30:00Z,7578.0,7581.0,7576.5,7581.0,6408
2026-07-14T16:35:00Z,7581.0,7583.75,7579.75,7582.75,5811
2026-07-14T16:40:00Z,7582.75,7588.25,7581.25,7585.0,6781
2026-07-14T16:45:00Z,7585.25,7588.0,7580.0,7584.5,6349
2026-07-14T16:50:00Z,7584.5,7587.25,7583.25,7585.25,4322
2026-07-14T16:55:00Z,7585.5,7589.25,7584.25,7589.25,4589
2026-07-14T17:00:00Z,7589.25,7591.0,7586.75,7587.25,6725
2026-07-14T17:05:00Z,7587.5,7592.25,7586.0,7591.75,4454
2026-07-14T17:10:00Z,7591.5,7592.75,7588.75,7588.75,4822
2026-07-14T17:15:00Z,7588.75,7592.25,7585.25,7591.25,7578
2026-07-14T17:20:00Z,7591.25,7596.75,7591.0,7595.0,6747
2026-07-14T17:25:00Z,7595.0,7596.25,7592.75,7593.75,5214
2026-07-14T17:30:00Z,7594.0,7595.75,7590.5,7590.75,5813
2026-07-14T17:35:00Z,7590.75,7591.75,7588.75,7591.5,4712
2026-07-14T17:40:00Z,7591.75,7592.0,7589.25,7590.75,3901
2026-07-14T17:45:00Z,7590.75,7592.75,7587.75,7591.25,4047
2026-07-14T17:50:00Z,7591.0,7593.5,7591.0,7592.75,3449
2026-07-14T17:55:00Z,7592.5,7593.75,7591.75,7593.25,3641
2026-07-14T18:00:00Z,7593.5,7595.25,7589.75,7595.0,5746
2026-07-14T18:05:00Z,7594.75,7595.5,7593.0,7594.75,5073
2026-07-14T18:10:00Z,7594.75,7596.75,7593.75,7596.25,3784
2026-07-14T18:15:00Z,7596.5,7598.25,7595.0,7596.75,5087
2026-07-14T18:20:00Z,7596.75,7598.0,7594.5,7595.0,3498
2026-07-14T18:25:00Z,7595.0,7596.75,7593.5,7595.5,4067
2026-07-14T18:30:00Z,7595.25,7596.0,7593.5,7594.75,4526
2026-07-14T18:35:00Z,7594.75,7596.25,7590.5,7593.5,8070
2026-07-14T18:40:00Z,7593.5,7593.75,7587.0,7590.25,12036
2026-07-14T18:45:00Z,7590.5,7592.0,7589.0,7589.75,4213
2026-07-14T18:50:00Z,7590.0,7593.5,7588.75,7592.25,4536
2026-07-14T18:55:00Z,7592.5,7592.75,7591.0,7592.0,3191
2026-07-14T19:00:00Z,7592.25,7592.75,7588.75,7589.5,4668
2026-07-14T19:05:00Z,7589.75,7591.0,7588.25,7588.75,3870
2026-07-14T19:10:00Z,7589.0,7591.25,7587.5,7590.25,4122
2026-07-14T19:15:00Z,7590.25,7592.5,7588.25,7591.0,6524
2026-07-14T19:20:00Z,7591.0,7594.75,7590.25,7594.25,4139
2026-07-14T19:25:00Z,7594.25,7594.5,7591.0,7591.5,4611
2026-07-14T19:30:00Z,7591.5,7591.75,7587.0,7590.25,11420
2026-07-14T19:35:00Z,7590.0,7593.0,7589.0,7589.75,5282
2026-07-14T19:40:00Z,7589.75,7594.75,7589.25,7593.25,6325
2026-07-14T19:45:00Z,7593.0,7595.25,7592.75,7595.0,6237
2026-07-14T19:50:00Z,7595.0,7596.0,7591.5,7591.5,14045
2026-07-14T19:55:00Z,7591.5,7596.0,7589.25,7590.0,53762
2026-07-14T20:00:00Z,7590.0,7591.5,7588.5,7589.25,13989
2026-07-14T20:05:00Z,7589.25,7592.5,7589.0,7589.75,4308
2026-07-14T20:10:00Z,7589.5,7590.5,7587.75,7589.25,3223
2026-07-14T20:15:00Z,7589.25,7590.0,7588.75,7589.25,1322
2026-07-14T20:20:00Z,7589.25,7589.25,7585.75,7587.75,1320
2026-07-14T20:25:00Z,7587.75,7588.75,7585.75,7586.0,1434
2026-07-14T20:30:00Z,7586.0,7587.5,7585.75,7587.0,1064
2026-07-14T20:35:00Z,7587.0,7589.5,7587.0,7589.25,948
2026-07-14T20:40:00Z,7589.25,7589.5,7588.25,7588.75,568
2026-07-14T20:45:00Z,7588.75,7589.5,7588.25,7589.0,334
2026-07-14T20:50:00Z,7587.75,7590.0,7587.75,7590.0,1184
2026-07-14T20:55:00Z,7590.0,7591.75,7589.5,7591.0,1578
2026-07-14T22:00:00Z,7589.75,7591.5,7588.75,7589.5,0
2026-07-14T22:05:00Z,7589.5,7590.0,7586.75,7588.0,391
2026-07-14T22:10:00Z,7587.75,7588.5,7583.0,7584.0,984
2026-07-14T22:15:00Z,7584.25,7588.75,7584.0,7588.5,398
2026-07-14T22:20:00Z,7588.5,7592.25,7588.25,7591.5,567
2026-07-14T22:25:00Z,7591.75,7591.75,7590.0,7590.5,225
2026-07-14T22:30:00Z,7590.5,7592.25,7590.25,7590.75,206
2026-07-14T22:35:00Z,7590.5,7591.25,7590.5,7591.25,84
2026-07-14T22:40:00Z,7591.0,7591.5,7590.25,7590.75,137
2026-07-14T22:45:00Z,7590.75,7590.75,7589.0,7589.75,173
2026-07-14T22:50:00Z,7589.75,7590.5,7588.25,7589.0,270
2026-07-14T22:55:00Z,7588.75,7589.5,7588.0,7589.0,156
2026-07-14T23:00:00Z,7589.0,7590.25,7587.75,7589.75,319
2026-07-14T23:05:00Z,7590.25,7591.5,7589.75,7591.0,209
2026-07-14T23:10:00Z,7591.0,7592.75,7591.0,7592.0,279
2026-07-14T23:15:00Z,7592.0,7592.5,7591.0,7592.0,142
2026-07-14T23:20:00Z,7591.75,7593.75,7591.5,7593.5,225
2026-07-14T23:25:00Z,7593.5,7600.0,7593.0,7599.5,1441
2026-07-14T23:30:00Z,7599.5,7602.25,7599.5,7601.0,975
2026-07-14T23:35:00Z,7601.0,7601.75,7600.25,7600.75,452
2026-07-14T23:40:00Z,7600.5,7603.25,7600.5,7601.0,694
2026-07-14T23:45:00Z,7601.0,7603.25,7600.25,7602.75,448
2026-07-14T23:50:00Z,7602.5,7604.25,7601.75,7603.5,778
2026-07-14T23:55:00Z,7603.75,7604.25,7601.25,7602.75,719
2026-07-15T00:00:00Z,7602.75,7604.0,7599.75,7600.75,1121
2026-07-15T00:05:00Z,7600.75,7600.75,7598.0,7600.5,928
2026-07-15T00:10:00Z,7600.25,7604.5,7600.25,7603.0,889
2026-07-15T00:15:00Z,7603.0,7603.5,7601.0,7601.5,1040
2026-07-15T00:20:00Z,7601.75,7604.5,7601.5,7602.0,800
2026-07-15T00:25:00Z,7602.25,7603.0,7601.0,7602.25,580
2026-07-15T00:30:00Z,7602.5,7603.0,7599.25,7599.5,770
2026-07-15T00:35:00Z,7599.75,7599.75,7595.5,7597.75,979
2026-07-15T00:40:00Z,7597.75,7598.5,7592.5,7594.0,985
2026-07-15T00:45:00Z,7594.0,7597.25,7592.75,7596.0,635
2026-07-15T00:50:00Z,7596.25,7600.0,7596.0,7599.5,757
2026-07-15T00:55:00Z,7599.5,7603.5,7599.0,7601.5,653
2026-07-15T01:00:00Z,7601.75,7603.0,7596.25,7598.25,992
2026-07-15T01:05:00Z,7598.5,7599.0,7596.0,7597.0,579
2026-07-15T01:10:00Z,7597.0,7599.0,7596.0,7598.5,468
2026-07-15T01:15:00Z,7598.5,7602.25,7598.25,7600.75,569
2026-07-15T01:20:00Z,7601.0,7601.75,7599.75,7600.75,416
2026-07-15T01:25:00Z,7600.5,7603.75,7600.0,7601.5,757
2026-07-15T01:30:00Z,7601.5,7602.5,7600.75,7601.75,542
2026-07-15T01:35:00Z,7602.0,7603.25,7601.0,7602.75,543
2026-07-15T01:40:00Z,7602.75,7602.75,7597.5,7597.5,685
2026-07-15T01:45:00Z,7597.75,7600.5,7597.5,7599.75,473
2026-07-15T01:50:00Z,7599.75,7601.75,7599.25,7601.75,489
2026-07-15T01:55:00Z,7601.75,7604.5,7601.5,7604.25,798
2026-07-15T02:00:00Z,7604.5,7604.5,7602.5,7603.75,624
2026-07-15T02:05:00Z,7603.75,7606.25,7603.0,7604.0,897
2026-07-15T02:10:00Z,7604.25,7605.25,7603.25,7603.5,720
2026-07-15T02:15:00Z,7603.75,7605.5,7603.25,7604.5,478
2026-07-15T02:20:00Z,7604.75,7605.5,7603.5,7603.75,667
2026-07-15T02:25:00Z,7603.5,7604.75,7603.5,7604.5,421
2026-07-15T02:30:00Z,7604.75,7606.75,7604.25,7606.0,742
2026-07-15T02:35:00Z,7606.0,7607.5,7605.25,7606.0,431
2026-07-15T02:40:00Z,7606.25,7606.75,7605.75,7606.75,383
2026-07-15T02:45:00Z,7606.5,7606.75,7605.75,7606.25,418
2026-07-15T02:50:00Z,7606.25,7606.25,7604.0,7604.25,720
2026-07-15T02:55:00Z,7604.25,7604.75,7602.75,7603.25,408
2026-07-15T03:00:00Z,7603.25,7604.0,7602.75,7603.75,462
2026-07-15T03:05:00Z,7603.5,7603.75,7602.5,7602.75,289
2026-07-15T03:10:00Z,7603.0,7603.0,7601.25,7602.0,457
2026-07-15T03:15:00Z,7602.25,7604.75,7602.25,7604.25,581
2026-07-15T03:20:00Z,7604.25,7604.75,7603.0,7603.75,282
2026-07-15T03:25:00Z,7603.5,7605.5,7603.25,7604.75,314
2026-07-15T03:30:00Z,7604.5,7606.25,7604.5,7606.0,475
2026-07-15T03:35:00Z,7606.0,7606.25,7605.5,7605.5,187
2026-07-15T03:40:00Z,7605.5,7606.5,7605.0,7605.0,316
2026-07-15T03:45:00Z,7605.0,7607.0,7604.75,7607.0,272
2026-07-15T03:50:00Z,7607.25,7608.25,7607.25,7607.75,549
2026-07-15T03:55:00Z,7607.75,7608.0,7607.0,7607.25,237
2026-07-15T04:05:00Z,7606.25,7606.25,7605.75,7605.75,774
2026-07-15T04:10:00Z,7606.0,7607.0,7605.75,7606.5,227
2026-07-15T04:15:00Z,7606.75,7608.25,7606.25,7608.0,242
2026-07-15T04:20:00Z,7608.0,7608.25,7607.25,7607.75,261
2026-07-15T04:25:00Z,7608.0,7608.25,7606.75,7607.0,324
2026-07-15T04:30:00Z,7606.75,7607.25,7606.0,7606.5,438
2026-07-15T04:35:00Z,7606.5,7608.0,7606.5,7607.75,382
2026-07-15T04:40:00Z,7607.75,7608.0,7606.5,7606.75,258
2026-07-15T04:45:00Z,7607.0,7607.75,7606.75,7607.0,181
2026-07-15T04:50:00Z,7607.25,7608.0,7606.75,7607.5,265
2026-07-15T04:55:00Z,7607.75,7608.5,7607.25,7608.5,339
2026-07-15T05:00:00Z,7608.5,7613.5,7604.0,7605.25,3400
2026-07-15T05:05:00Z,7605.25,7607.25,7603.25,7607.25,882
2026-07-15T05:10:00Z,7607.25,7607.75,7604.0,7604.75,583
2026-07-15T05:15:00Z,7604.5,7607.75,7604.5,7607.0,394
2026-07-15T05:20:00Z,7607.0,7608.0,7604.75,7605.0,477
2026-07-15T05:25:00Z,7604.75,7604.75,7602.75,7603.75,651
2026-07-15T05:30:00Z,7603.5,7606.0,7602.5,7605.75,651
2026-07-15T05:35:00Z,7605.75,7608.0,7605.75,7608.0,609
2026-07-15T05:40:00Z,7608.0,7608.0,7605.25,7606.0,615
2026-07-15T05:45:00Z,7606.0,7607.75,7605.25,7607.25,465
2026-07-15T05:50:00Z,7607.25,7608.0,7606.25,7607.5,494
2026-07-15T05:55:00Z,7607.5,7609.25,7607.25,7609.0,821
2026-07-15T06:00:00Z,7609.25,7609.5,7608.25,7609.5,958
2026-07-15T06:05:00Z,7609.5,7609.75,7607.5,7608.25,663
2026-07-15T06:10:00Z,7608.25,7609.0,7607.0,7608.25,428
2026-07-15T06:15:00Z,7608.0,7608.25,7606.25,7608.25,660
2026-07-15T06:20:00Z,7608.0,7608.25,7606.5,7607.75,517
2026-07-15T06:25:00Z,7608.0,7610.5,7607.75,7610.0,876
2026-07-15T06:30:00Z,7610.0,7611.0,7606.5,7608.75,1485
2026-07-15T06:35:00Z,7608.75,7609.25,7607.75,7608.0,356
2026-07-15T06:40:00Z,7607.75,7608.0,7606.5,7607.25,326
2026-07-15T06:45:00Z,7607.5,7608.75,7607.25,7608.25,445
2026-07-15T06:50:00Z,7608.25,7608.25,7606.75,7608.0,373
2026-07-15T06:55:00Z,7608.25,7608.5,7606.75,7607.75,742
2026-07-15T07:00:00Z,7607.5,7607.75,7604.75,7607.25,1545
2026-07-15T07:05:00Z,7607.25,7609.0,7606.75,7607.5,1186
2026-07-15T07:10:00Z,7607.5,7608.0,7606.75,7607.25,943
2026-07-15T07:15:00Z,7607.0,7607.5,7605.5,7605.5,927
2026-07-15T07:20:00Z,7605.5,7605.75,7602.25,7602.25,1091
2026-07-15T07:25:00Z,7602.25,7602.25,7593.5,7599.0,3018
2026-07-15T07:30:00Z,7599.0,7600.25,7597.0,7598.5,1170
2026-07-15T07:35:00Z,7598.75,7601.25,7598.5,7600.5,911
2026-07-15T07:40:00Z,7600.5,7602.5,7600.25,7602.0,982
2026-07-15T07:45:00Z,7602.0,7604.75,7600.75,7604.5,827
2026-07-15T07:50:00Z,7604.5,7606.25,7603.75,7605.0,959
2026-07-15T07:55:00Z,7604.75,7605.0,7603.5,7604.5,428
2026-07-15T08:00:00Z,7604.5,7605.25,7598.25,7599.25,1685
2026-07-15T08:05:00Z,7599.25,7600.0,7597.75,7599.0,1062
2026-07-15T08:10:00Z,7599.0,7601.5,7597.25,7600.25,1486
2026-07-15T08:15:00Z,7600.25,7602.5,7599.0,7601.0,914
2026-07-15T08:20:00Z,7601.0,7601.5,7595.75,7597.75,925
2026-07-15T08:25:00Z,7597.5,7601.25,7597.25,7601.25,1188
2026-07-15T08:30:00Z,7601.25,7602.5,7600.0,7601.25,783
2026-07-15T08:35:00Z,7601.5,7604.25,7600.5,7603.75,768
2026-07-15T08:40:00Z,7603.75,7604.75,7600.5,7604.0,1518
2026-07-15T08:45:00Z,7604.0,7607.25,7603.75,7605.75,1038
2026-07-15T08:50:00Z,7605.75,7606.0,7604.0,7604.0,515
2026-07-15T08:55:00Z,7603.75,7606.75,7603.75,7606.75,653
2026-07-15T09:00:00Z,7606.75,7608.25,7606.5,7608.25,627
2026-07-15T09:05:00Z,7608.25,7609.5,7607.75,7609.5,622
2026-07-15T09:10:00Z,7609.75,7610.75,7608.5,7609.5,850
2026-07-15T09:15:00Z,7609.75,7610.5,7608.25,7610.25,1128
2026-07-15T09:20:00Z,7610.0,7610.5,7608.75,7609.5,673
2026-07-15T09:25:00Z,7609.5,7609.75,7607.75,7608.25,486
2026-07-15T09:30:00Z,7608.25,7608.5,7607.0,7607.75,660
2026-07-15T09:35:00Z,7607.75,7609.25,7607.25,7607.75,592
2026-07-15T09:40:00Z,7608.0,7610.25,7607.75,7609.5,477
2026-07-15T09:45:00Z,7609.75,7609.75,7606.25,7607.25,483
2026-07-15T09:50:00Z,7607.25,7607.75,7604.25,7605.0,972
2026-07-15T09:55:00Z,7605.25,7605.25,7603.75,7604.5,597
2026-07-15T10:00:00Z,7604.75,7606.0,7603.5,7605.0,561
2026-07-15T10:05:00Z,7605.0,7606.25,7604.25,7604.75,428
2026-07-15T10:10:00Z,7605.0,7606.25,7604.25,7605.75,343
2026-07-15T10:15:00Z,7605.75,7606.75,7605.25,7605.5,226
2026-07-15T10:20:00Z,7605.25,7605.5,7600.25,7600.25,1404
2026-07-15T10:25:00Z,7600.25,7600.75,7597.0,7598.25,1540
2026-07-15T10:30:00Z,7598.25,7599.75,7597.75,7598.25,877
2026-07-15T10:35:00Z,7598.5,7602.25,7598.25,7601.25,630
2026-07-15T10:40:00Z,7601.0,7601.25,7599.0,7599.5,459
2026-07-15T10:45:00Z,7599.5,7602.0,7599.5,7601.75,430
2026-07-15T10:50:00Z,7601.75,7602.0,7600.25,7601.0,415
2026-07-15T10:55:00Z,7601.0,7603.0,7600.5,7601.5,831
2026-07-15T11:00:00Z,7601.0,7603.75,7601.0,7602.75,1368
2026-07-15T11:05:00Z,7603.0,7603.5,7600.25,7602.25,454
2026-07-15T11:10:00Z,7602.0,7602.0,7599.25,7600.25,608
2026-07-15T11:15:00Z,7600.25,7602.25,7600.0,7600.25,615
2026-07-15T11:20:00Z,7600.0,7602.0,7600.0,7600.75,441
2026-07-15T11:25:00Z,7600.75,7601.75,7600.0,7600.5,402
2026-07-15T11:30:00Z,7600.75,7601.0,7598.0,7601.0,833
2026-07-15T11:35:00Z,7600.75,7602.5,7600.0,7601.75,513
2026-07-15T11:40:00Z,7601.75,7603.5,7601.25,7601.75,916
2026-07-15T11:45:00Z,7602.0,7602.0,7598.25,7599.0,705
2026-07-15T11:50:00Z,7598.75,7601.25,7598.5,7599.5,906
2026-07-15T11:55:00Z,7599.0,7601.25,7598.25,7600.0,649
2026-07-15T12:00:00Z,7600.0,7600.75,7597.75,7598.0,681
2026-07-15T12:05:00Z,7597.75,7597.75,7594.75,7596.75,1429
2026-07-15T12:10:00Z,7596.5,7597.5,7594.75,7596.0,867
2026-07-15T12:15:00Z,7596.0,7597.5,7595.75,7596.0,659
2026-07-15T12:20:00Z,7596.0,7596.25,7592.5,7594.5,1436
2026-07-15T12:25:00Z,7594.25,7595.25,7593.5,7595.25,1318
2026-07-15T12:30:00Z,7594.5,7608.0,7593.75,7605.0,6338
2026-07-15T12:35:00Z,7605.0,7609.0,7604.5,7606.75,3430
2026-07-15T12:40:00Z,7607.0,7613.25,7605.5,7610.75,3727
2026-07-15T12:45:00Z,7610.75,7613.0,7608.0,7612.25,2660
2026-07-15T12:50:00Z,7612.0,7614.75,7612.0,7613.25,3006
2026-07-15T12:55:00Z,7613.5,7614.0,7610.75,7611.5,2713
2026-07-15T13:00:00Z,7611.5,7614.5,7610.75,7614.0,2540
2026-07-15T13:05:00Z,7614.0,7615.5,7610.5,7610.75,3019
2026-07-15T13:10:00Z,7610.75,7611.0,7606.5,7607.25,2997
2026-07-15T13:15:00Z,7607.0,7609.75,7606.5,7609.5,2341
2026-07-15T13:20:00Z,7609.75,7609.75,7607.5,7608.0,1767
2026-07-15T13:25:00Z,7608.0,7612.5,7605.75,7612.25,4954
2026-07-15T13:30:00Z,7612.5,7622.75,7611.75,7621.75,34207
2026-07-15T13:35:00Z,7622.0,7626.25,7615.25,7618.5,26046
2026-07-15T13:40:00Z,7618.75,7618.75,7612.75,7613.5,16611
2026-07-15T13:45:00Z,7613.5,7614.75,7603.25,7605.5,25216
2026-07-15T13:50:00Z,7605.5,7610.75,7601.25,7610.75,22664
2026-07-15T13:55:00Z,7610.5,7616.75,7608.5,7614.5,24593
2026-07-15T14:00:00Z,7614.5,7621.75,7614.5,7618.0,21334
2026-07-15T14:05:00Z,7618.0,7623.5,7616.5,7620.5,16263
2026-07-15T14:10:00Z,7620.75,7622.25,7616.5,7617.75,13549
2026-07-15T14:15:00Z,7617.75,7626.0,7617.0,7623.5,15105
2026-07-15T14:20:00Z,7623.5,7624.0,7603.25,7608.0,25063
2026-07-15T14:25:00Z,7607.75,7617.5,7603.75,7616.5,25524
2026-07-15T14:30:00Z,7616.25,7618.75,7609.25,7616.25,16438
2026-07-15T14:35:00Z,7616.25,7618.0,7605.0,7606.75,15134
2026-07-15T14:40:00Z,7606.75,7609.75,7597.75,7605.0,21445
2026-07-15T14:45:00Z,7605.0,7608.25,7599.0,7607.75,15301
2026-07-15T14:50:00Z,7607.75,7608.25,7597.25,7600.5,13478
2026-07-15T14:55:00Z,7600.75,7605.75,7598.25,7604.75,11647
2026-07-15T15:00:00Z,7605.0,7606.75,7600.0,7602.0,8899
2026-07-15T15:05:00Z,7602.0,7611.25,7599.5,7610.0,9047
2026-07-15T15:10:00Z,7610.0,7611.5,7600.5,7601.0,8851
2026-07-15T15:15:00Z,7601.25,7603.5,7592.0,7602.5,17169
2026-07-15T15:20:00Z,7602.5,7602.75,7594.25,7598.75,11995
2026-07-15T15:25:00Z,7599.0,7606.25,7597.5,7605.75,16705
2026-07-15T15:30:00Z,7605.75,7608.5,7601.5,7605.5,13102
2026-07-15T15:35:00Z,7605.5,7607.75,7601.0,7606.5,9743
2026-07-15T15:40:00Z,7606.75,7607.5,7600.0,7601.5,7713
2026-07-15T15:45:00Z,7601.5,7602.5,7597.5,7598.0,9586
2026-07-15T15:50:00Z,7598.0,7598.25,7592.75,7597.0,9977
2026-07-15T15:55:00Z,7597.0,7597.75,7592.5,7596.25,7359
2026-07-15T16:00:00Z,7596.25,7598.0,7587.25,7590.5,14454
2026-07-15T16:05:00Z,7590.5,7590.75,7583.25,7588.75,15983
2026-07-15T16:10:00Z,7588.75,7590.5,7581.0,7581.5,10199
2026-07-15T16:15:00Z,7581.5,7583.25,7578.25,7579.75,16009
2026-07-15T16:20:00Z,7580.0,7581.25,7573.75,7574.75,14267
2026-07-15T16:25:00Z,7574.5,7578.75,7574.0,7577.75,11605
2026-07-15T16:30:00Z,7577.75,7581.5,7574.25,7575.25,10682
2026-07-15T16:35:00Z,7575.5,7576.0,7572.5,7574.0,9383
2026-07-15T16:40:00Z,7574.0,7579.0,7571.75,7578.75,9746
2026-07-15T16:45:00Z,7578.75,7593.25,7577.0,7583.25,20956
2026-07-15T16:50:00Z,7583.25,7588.5,7582.75,7584.25,11624
2026-07-15T16:55:00Z,7584.25,7586.75,7579.5,7586.75,8051
2026-07-15T17:00:00Z,7587.0,7590.75,7586.0,7589.0,9900
2026-07-15T17:05:00Z,7589.0,7594.25,7588.25,7591.25,8656
2026-07-15T17:10:00Z,7591.25,7592.5,7587.75,7588.0,7123
2026-07-15T17:15:00Z,7588.0,7594.75,7587.5,7594.0,6050
2026-07-15T17:20:00Z,7594.25,7596.0,7592.25,7594.25,7037
2026-07-15T17:25:00Z,7594.5,7598.75,7593.5,7598.25,7265
2026-07-15T17:30:00Z,7598.5,7602.5,7598.5,7601.0,12929
2026-07-15T17:35:00Z,7601.25,7605.0,7600.0,7604.0,9675
2026-07-15T17:40:00Z,7604.25,7604.75,7602.25,7603.25,7984
2026-07-15T17:45:00Z,7603.5,7611.0,7602.75,7610.75,13845
2026-07-15T17:50:00Z,7610.75,7616.25,7608.75,7615.0,14050
2026-07-15T17:55:00Z,7615.25,7615.25,7611.25,7612.5,10804
2026-07-15T18:00:00Z,7612.5,7616.0,7611.75,7614.0,10437
2026-07-15T18:05:00Z,7614.0,7617.25,7613.25,7616.25,7345
2026-07-15T18:10:00Z,7616.25,7618.25,7615.75,7616.0,7541
2026-07-15T18:15:00Z,7616.25,7616.25,7612.75,7614.0,8865
2026-07-15T18:20:00Z,7613.75,7619.0,7613.75,7617.75,7052
2026-07-15T18:25:00Z,7617.75,7618.5,7616.0,7616.75,5029
2026-07-15T18:30:00Z,7616.75,7619.75,7615.75,7618.75,6156
2026-07-15T18:35:00Z,7618.75,7618.75,7614.75,7615.5,5560
2026-07-15T18:40:00Z,7615.25,7616.25,7610.25,7610.5,7375
2026-07-15T18:45:00Z,7610.75,7611.0,7604.5,7606.5,14352
2026-07-15T18:50:00Z,7606.5,7607.5,7601.75,7603.75,11262
2026-07-15T18:55:00Z,7603.75,7605.75,7601.0,7602.0,9633
2026-07-15T19:00:00Z,7602.0,7607.5,7600.5,7606.75,9640
2026-07-15T19:05:00Z,7606.75,7608.5,7605.0,7605.75,7113
2026-07-15T19:10:00Z,7605.5,7609.0,7604.75,7608.0,8649
2026-07-15T19:15:00Z,7608.0,7608.5,7605.25,7605.25,5682
2026-07-15T19:20:00Z,7605.25,7605.75,7601.75,7603.5,7653
2026-07-15T19:25:00Z,7603.5,7608.0,7601.75,7606.5,7119
2026-07-15T19:30:00Z,7606.5,7609.5,7601.25,7602.5,15604
2026-07-15T19:35:00Z,7602.75,7609.0,7601.25,7608.5,8988
2026-07-15T19:40:00Z,7608.5,7612.75,7608.0,7611.25,10552
2026-07-15T19:45:00Z,7611.25,7612.0,7605.25,7606.75,9766
2026-07-15T19:50:00Z,7607.0,7611.75,7606.75,7611.5,14864
2026-07-15T19:55:00Z,7611.5,7618.0,7611.5,7616.75,64166
2026-07-15T20:00:00Z,7616.75,7619.75,7613.25,7617.5,21469
2026-07-15T20:05:00Z,7617.25,7617.5,7608.75,7613.0,6153
2026-07-15T20:10:00Z,7613.0,7615.5,7612.25,7614.5,3551
2026-07-15T20:15:00Z,7614.75,7615.5,7613.5,7615.5,1784
2026-07-15T20:20:00Z,7615.5,7617.75,7615.25,7617.75,1698
2026-07-15T20:25:00Z,7617.75,7618.0,7616.5,7617.0,723
2026-07-15T20:30:00Z,7616.75,7617.0,7614.75,7615.25,920
2026-07-15T20:35:00Z,7615.0,7616.5,7614.75,7616.25,632
2026-07-15T20:40:00Z,7616.25,7617.25,7615.75,7616.5,662
2026-07-15T20:45:00Z,7616.75,7617.75,7616.5,7616.75,642
2026-07-15T20:50:00Z,7616.75,7617.0,7615.5,7615.5,927
2026-07-15T20:55:00Z,7615.75,7617.0,7615.25,7616.0,1336
2026-07-15T22:00:00Z,7615.0,7621.0,7614.0,7620.75,0
2026-07-15T22:05:00Z,7620.75,7622.25,7619.75,7620.25,577
2026-07-15T22:10:00Z,7620.0,7620.25,7618.5,7619.25,335
2026-07-15T22:15:00Z,7618.5,7619.25,7618.0,7618.5,333
2026-07-15T22:20:00Z,7618.25,7618.75,7616.5,7617.0,403
2026-07-15T22:25:00Z,7616.75,7617.25,7616.5,7616.75,268
2026-07-15T22:30:00Z,7617.0,7617.75,7616.25,7617.0,301
2026-07-15T22:35:00Z,7616.75,7617.25,7615.25,7615.75,392
2026-07-15T22:40:00Z,7615.5,7616.25,7615.0,7615.75,300
2026-07-15T22:45:00Z,7615.5,7616.5,7615.0,7615.25,289
2026-07-15T22:50:00Z,7615.25,7619.5,7613.25,7615.75,1262
2026-07-15T22:55:00Z,7615.75,7619.0,7614.25,7618.25,534
2026-07-15T23:00:00Z,7618.25,7619.5,7617.25,7619.0,354
2026-07-15T23:05:00Z,7619.25,7619.5,7617.5,7618.5,151
2026-07-15T23:10:00Z,7618.75,7619.75,7618.25,7618.5,147
2026-07-15T23:15:00Z,7618.5,7618.75,7617.0,7618.25,210
2026-07-15T23:20:00Z,7618.0,7619.0,7617.5,7618.25,162
2026-07-15T23:25:00Z,7618.5,7620.0,7617.75,7619.75,230
2026-07-15T23:30:00Z,7619.75,7622.0,7619.5,7621.5,382
2026-07-15T23:35:00Z,7621.75,7622.0,7619.5,7619.5,198
2026-07-15T23:40:00Z,7619.75,7619.75,7619.25,7619.25,24
2026-07-15T23:50:00Z,7614.75,7619.0,7614.75,7616.75,1040
2026-07-15T23:55:00Z,7617.0,7618.0,7615.5,7616.25,423
2026-07-16T00:00:00Z,7616.25,7623.75,7615.75,7623.25,1544
2026-07-16T00:05:00Z,7623.25,7624.75,7621.5,7623.75,1049
2026-07-16T00:10:00Z,7624.0,7626.75,7622.5,7626.75,975
2026-07-16T00:15:00Z,7626.5,7627.75,7621.0,7621.0,1125
2026-07-16T00:20:00Z,7621.25,7621.75,7619.75,7620.25,879
2026-07-16T00:25:00Z,7620.0,7621.5,7618.0,7619.0,957
2026-07-16T00:30:00Z,7619.25,7622.0,7617.5,7621.5,1209
2026-07-16T00:35:00Z,7621.25,7621.5,7616.75,7617.25,696
2026-07-16T00:40:00Z,7617.0,7617.5,7615.25,7615.5,1046
2026-07-16T00:45:00Z,7615.25,7617.25,7614.25,7617.0,886
2026-07-16T00:50:00Z,7617.0,7620.5,7615.5,7616.5,735
2026-07-16T00:55:00Z,7616.5,7617.25,7615.5,7616.5,709
2026-07-16T01:00:00Z,7616.75,7617.75,7614.5,7616.75,894
2026-07-16T01:05:00Z,7617.0,7618.25,7615.5,7617.0,502
2026-07-16T01:10:00Z,7617.25,7617.75,7613.25,7615.0,829
2026-07-16T01:15:00Z,7614.75,7615.25,7610.5,7610.75,1015
2026-07-16T01:20:00Z,7610.75,7613.25,7610.25,7612.25,1155
2026-07-16T01:25:00Z,7612.0,7613.25,7611.0,7611.25,541
2026-07-16T01:30:00Z,7611.25,7614.25,7610.75,7611.5,802
2026-07-16T01:35:00Z,7614.0,7615.25,7612.5,7614.5,920
2026-07-16T01:40:00Z,7614.5,7615.5,7611.5,7612.5,523
2026-07-16T01:45:00Z,7612.5,7618.25,7612.25,7618.25,764
2026-07-16T01:50:00Z,7618.25,7618.75,7615.5,7617.0,628
2026-07-16T01:55:00Z,7617.0,7619.0,7613.75,7614.5,656
2026-07-16T02:00:00Z,7614.75,7615.0,7611.0,7611.75,826
2026-07-16T02:05:00Z,7611.75,7613.25,7611.25,7611.75,479
2026-07-16T02:10:00Z,7611.5,7613.75,7611.5,7613.0,471
2026-07-16T02:15:00Z,7613.0,7616.25,7612.75,7616.0,653
2026-07-16T02:20:00Z,7616.0,7619.75,7615.5,7619.5,825
2026-07-16T02:25:00Z,7619.5,7620.5,7618.5,7619.5,790
2026-07-16T02:30:00Z,7619.5,7621.0,7619.0,7620.0,670
2026-07-16T02:35:00Z,7620.0,7621.0,7618.25,7619.0,716
2026-07-16T02:40:00Z,7619.0,7619.75,7618.0,7618.75,619
2026-07-16T02:45:00Z,7618.75,7622.0,7618.25,7620.5,625
2026-07-16T02:50:00Z,7620.75,7622.5,7619.75,7621.75,574
2026-07-16T02:55:00Z,7622.0,7623.5,7621.5,7622.75,836
2026-07-16T03:00:00Z,7622.75,7623.25,7622.0,7623.0,586
2026-07-16T03:05:00Z,7623.0,7625.0,7623.0,7624.75,785
2026-07-16T03:10:00Z,7624.75,7625.0,7623.5,7623.75,636
2026-07-16T03:15:00Z,7623.75,7624.0,7621.25,7621.75,488
2026-07-16T03:20:00Z,7622.0,7622.75,7621.0,7621.25,415
2026-07-16T03:25:00Z,7621.25,7622.0,7621.0,7621.75,294
2026-07-16T03:30:00Z,7621.75,7625.0,7621.5,7624.25,626
2026-07-16T03:35:00Z,7624.25,7625.25,7623.0,7623.0,480
2026-07-16T03:40:00Z,7623.25,7624.25,7622.75,7623.0,275
2026-07-16T03:45:00Z,7623.0,7623.5,7621.75,7622.25,306
2026-07-16T03:50:00Z,7622.0,7624.25,7622.0,7623.75,241
2026-07-16T03:55:00Z,7623.5,7624.0,7623.25,7624.0,189
2026-07-16T04:05:00Z,7624.0,7624.5,7624.0,7624.25,1138
2026-07-16T04:10:00Z,7624.0,7626.5,7623.75,7626.25,570
2026-07-16T04:15:00Z,7626.25,7626.25,7623.75,7623.75,458
2026-07-16T04:20:00Z,7623.75,7624.0,7622.5,7623.5,356
2026-07-16T04:25:00Z,7623.75,7623.75,7622.0,7622.5,245
2026-07-16T04:30:00Z,7622.75,7623.25,7622.0,7622.25,232
2026-07-16T04:35:00Z,7622.0,7622.25,7621.0,7621.5,334
2026-07-16T04:40:00Z,7621.25,7622.5,7620.5,7621.5,363
2026-07-16T04:45:00Z,7621.25,7621.75,7620.5,7621.75,208
2026-07-16T04:50:00Z,7621.5,7622.5,7621.5,7622.5,212
2026-07-16T04:55:00Z,7622.25,7623.0,7621.5,7621.75,197
2026-07-16T05:00:00Z,7622.0,7624.5,7622.0,7623.5,396
2026-07-16T05:05:00Z,7623.75,7624.0,7622.5,7622.5,303
2026-07-16T05:10:00Z,7622.75,7626.75,7621.75,7626.75,698
2026-07-16T05:15:00Z,7626.75,7630.0,7626.0,7627.25,1356
2026-07-16T05:20:00Z,7627.25,7629.0,7627.25,7628.25,800
2026-07-16T05:25:00Z,7628.0,7629.25,7626.5,7627.5,886
2026-07-16T05:30:00Z,7627.75,7632.0,7621.75,7622.25,2596
2026-07-16T05:35:00Z,7622.25,7622.25,7617.0,7618.0,1581
2026-07-16T05:40:00Z,7618.0,7622.25,7616.75,7620.0,928
2026-07-16T05:45:00Z,7620.0,7620.75,7616.75,7617.0,528
2026-07-16T05:50:00Z,7617.25,7617.25,7615.5,7616.0,880
2026-07-16T05:55:00Z,7615.75,7618.5,7615.75,7617.0,567
2026-07-16T06:00:00Z,7617.25,7621.5,7617.0,7619.25,775
2026-07-16T06:05:00Z,7619.25,7625.0,7613.5,7620.75,3708
2026-07-16T06:10:00Z,7621.0,7622.0,7618.75,7622.0,854
2026-07-16T06:15:00Z,7622.0,7623.5,7621.25,7622.25,582
2026-07-16T06:20:00Z,7622.5,7622.75,7618.0,7618.25,591
2026-07-16T06:25:00Z,7618.5,7619.5,7617.0,7618.0,953
2026-07-16T06:30:00Z,7617.75,7618.5,7614.0,7614.25,1156
2026-07-16T06:35:00Z,7614.0,7614.75,7611.0,7614.25,1294
2026-07-16T06:40:00Z,7614.5,7615.75,7614.5,7615.5,605
2026-07-16T06:45:00Z,7615.5,7616.25,7613.75,7615.75,655
2026-07-16T06:50:00Z,7615.75,7616.0,7615.25,7616.0,482
2026-07-16T06:55:00Z,7616.0,7619.0,7615.75,7618.25,641
2026-07-16T07:00:00Z,7618.25,7618.75,7610.5,7615.5,1844
2026-07-16T07:05:00Z,7615.5,7616.0,7613.0,7613.5,759
2026-07-16T07:10:00Z,7613.75,7614.0,7610.0,7610.25,873
2026-07-16T07:15:00Z,7610.0,7610.75,7608.5,7609.75,1267
2026-07-16T07:20:00Z,7609.75,7613.25,7609.75,7611.25,948
2026-07-16T07:25:00Z,7611.25,7611.75,7609.25,7610.5,400
2026-07-16T07:30:00Z,7610.75,7611.75,7607.25,7609.25,827
2026-07-16T07:35:00Z,7609.5,7609.5,7606.75,7607.0,900
2026-07-16T07:40:00Z,7607.0,7607.5,7605.75,7606.25,1361
2026-07-16T07:45:00Z,7606.25,7606.5,7604.5,7605.75,1309
2026-07-16T07:50:00Z,7606.0,7606.25,7602.25,7602.5,936
2026-07-16T07:55:00Z,7602.75,7602.75,7600.0,7601.75,2249
2026-07-16T08:00:00Z,7601.75,7603.0,7599.0,7601.25,2328
2026-07-16T08:05:00Z,7601.25,7602.25,7599.25,7599.25,1257
2026-07-16T08:10:00Z,7599.25,7599.25,7593.5,7594.0,3196
2026-07-16T08:15:00Z,7594.25,7599.0,7593.75,7598.5,1517
2026-07-16T08:20:00Z,7598.75,7603.75,7598.25,7599.5,1623
2026-07-16T08:25:00Z,7599.75,7602.0,7599.5,7601.5,932
2026-07-16T08:30:00Z,7601.5,7604.0,7600.5,7602.25,711
2026-07-16T08:35:00Z,7602.25,7605.5,7602.25,7604.75,885
2026-07-16T08:40:00Z,7604.75,7606.0,7602.75,7603.75,550
2026-07-16T08:45:00Z,7603.75,7610.0,7603.75,7609.5,1070
2026-07-16T08:50:00Z,7609.5,7609.75,7607.75,7608.25,609
2026-07-16T08:55:00Z,7608.25,7610.0,7608.0,7609.5,649
2026-07-16T09:00:00Z,7609.75,7613.25,7609.75,7612.0,1347
2026-07-16T09:05:00Z,7612.0,7613.0,7611.0,7611.0,667
2026-07-16T09:10:00Z,7611.25,7613.75,7610.5,7613.0,868
2026-07-16T09:15:00Z,7613.25,7615.5,7612.5,7612.75,1216
2026-07-16T09:20:00Z,7613.0,7614.75,7611.75,7611.75,704
2026-07-16T09:25:00Z,7611.75,7614.0,7610.5,7610.75,811
2026-07-16T09:30:00Z,7610.75,7613.0,7610.25,7611.25,611
2026-07-16T09:35:00Z,7611.5,7611.5,7609.25,7609.75,504
2026-07-16T09:40:00Z,7609.5,7611.25,7608.75,7608.75,538
2026-07-16T09:45:00Z,7608.5,7608.75,7605.25,7605.5,1311
2026-07-16T09:50:00Z,7605.5,7606.75,7605.0,7606.5,444
2026-07-16T09:55:00Z,7606.75,7610.25,7605.0,7605.0,2054
2026-07-16T10:00:00Z,7605.25,7606.0,7602.25,7605.5,1173
2026-07-16T10:05:00Z,7605.75,7607.75,7604.75,7607.5,477
2026-07-16T10:10:00Z,7607.25,7607.25,7605.25,7606.25,422
2026-07-16T10:15:00Z,7606.0,7606.25,7604.0,7604.25,429
2026-07-16T10:20:00Z,7604.25,7605.0,7601.5,7602.0,876
2026-07-16T10:25:00Z,7602.0,7604.75,7601.5,7604.5,644
2026-07-16T10:30:00Z,7604.5,7607.0,7604.5,7607.0,1010
2026-07-16T10:35:00Z,7607.25,7607.25,7602.0,7602.5,522
2026-07-16T10:40:00Z,7602.25,7604.75,7602.0,7603.5,501
2026-07-16T10:45:00Z,7603.75,7604.5,7601.5,7602.0,847
2026-07-16T10:50:00Z,7602.0,7602.5,7600.75,7601.5,1467
2026-07-16T10:55:00Z,7601.75,7604.25,7601.5,7603.0,1578
2026-07-16T11:00:00Z,7602.75,7603.25,7596.0,7599.0,2397
2026-07-16T11:05:00Z,7599.0,7600.25,7597.0,7598.25,1183
2026-07-16T11:10:00Z,7598.25,7600.75,7596.75,7600.75,884
2026-07-16T11:15:00Z,7600.75,7601.75,7595.75,7597.0,1873
2026-07-16T11:20:00Z,7597.0,7603.0,7596.75,7603.0,1097
2026-07-16T11:25:00Z,7603.0,7603.5,7598.5,7599.75,862
2026-07-16T11:30:00Z,7600.0,7600.0,7594.75,7597.0,1025
2026-07-16T11:35:00Z,7597.0,7599.0,7595.25,7597.25,1166
2026-07-16T11:40:00Z,7597.5,7598.5,7596.0,7596.75,930
2026-07-16T11:45:00Z,7596.75,7598.0,7580.75,7584.0,5450
2026-07-16T11:50:00Z,7584.0,7594.5,7583.75,7594.0,6103
2026-07-16T11:55:00Z,7594.0,7598.0,7593.5,7597.25,2047
2026-07-16T12:00:00Z,7597.0,7599.0,7594.75,7595.0,1981
2026-07-16T12:05:00Z,7595.0,7595.75,7590.5,7591.75,2055
2026-07-16T12:10:00Z,7592.0,7592.25,7588.25,7591.5,2210
2026-07-16T12:15:00Z,7591.25,7594.5,7589.75,7594.0,1608
2026-07-16T12:20:00Z,7594.25,7594.25,7585.0,7585.25,4774
2026-07-16T12:25:00Z,7585.0,7588.0,7584.0,7587.0,2495
2026-07-16T12:30:00Z,7587.25,7591.0,7584.25,7588.25,3019
2026-07-16T12:35:00Z,7588.5,7588.75,7580.5,7583.25,3235
2026-07-16T12:40:00Z,7583.25,7585.25,7581.25,7583.0,3501
2026-07-16T12:45:00Z,7582.75,7588.75,7581.75,7585.75,3824
2026-07-16T12:50:00Z,7585.75,7590.25,7585.25,7588.5,2458
2026-07-16T12:55:00Z,7588.25,7588.5,7586.25,7586.5,1224
2026-07-16T13:00:00Z,7586.75,7592.75,7586.0,7592.0,4205
2026-07-16T13:05:00Z,7591.75,7595.0,7591.5,7594.0,2728
2026-07-16T13:10:00Z,7594.0,7596.25,7592.25,7595.75,2120
2026-07-16T13:15:00Z,7595.75,7597.75,7594.5,7595.5,2923
2026-07-16T13:20:00Z,7595.5,7597.5,7594.25,7597.25,2151
2026-07-16T13:25:00Z,7597.0,7598.0,7594.75,7596.5,5452
2026-07-16T13:30:00Z,7596.75,7604.25,7589.75,7590.75,30124
2026-07-16T13:35:00Z,7591.0,7594.25,7585.0,7585.75,23437
2026-07-16T13:40:00Z,7586.0,7592.0,7579.75,7582.0,26304
2026-07-16T13:45:00Z,7581.75,7586.25,7575.5,7579.0,24090
2026-07-16T13:50:00Z,7579.25,7591.5,7578.5,7583.75,24853
2026-07-16T13:55:00Z,7583.75,7590.0,7580.25,7588.0,17225
2026-07-16T14:00:00Z,7587.75,7597.25,7585.25,7596.25,20539
2026-07-16T14:05:00Z,7596.25,7604.75,7595.0,7603.25,19337
2026-07-16T14:10:00Z,7603.0,7605.5,7601.0,7602.75,18270
2026-07-16T14:15:00Z,7602.75,7608.5,7601.25,7607.75,14908
2026-07-16T14:20:00Z,7608.0,7608.75,7600.0,7605.5,14220
2026-07-16T14:25:00Z,7605.75,7613.0,7602.0,7612.5,15959
2026-07-16T14:30:00Z,7612.5,7613.5,7608.75,7610.75,14240
2026-07-16T14:35:00Z,7610.75,7613.75,7607.25,7608.5,13418
2026-07-16T14:40:00Z,7608.25,7613.5,7606.5,7612.75,9398
2026-07-16T14:45:00Z,7613.0,7615.0,7610.5,7611.0,12842
2026-07-16T14:50:00Z,7611.0,7611.75,7604.5,7606.0,15042
2026-07-16T14:55:00Z,7606.0,7611.25,7602.75,7611.25,14339
2026-07-16T15:00:00Z,7611.0,7613.25,7605.25,7605.75,13746
2026-07-16T15:05:00Z,7605.75,7607.25,7600.25,7604.5,14286
2026-07-16T15:10:00Z,7604.5,7606.75,7599.75,7602.25,12151
2026-07-16T15:15:00Z,7602.5,7605.5,7598.75,7605.25,10797
2026-07-16T15:20:00Z,7605.25,7605.5,7599.25,7605.25,10216
2026-07-16T15:25:00Z,7605.25,7613.5,7604.75,7607.25,17966
2026-07-16T15:30:00Z,7607.25,7611.5,7601.75,7611.25,11470
2026-07-16T15:35:00Z,7611.0,7612.75,7607.5,7612.25,10412
2026-07-16T15:40:00Z,7612.0,7613.25,7604.0,7605.75,10782
2026-07-16T15:45:00Z,7605.5,7605.5,7599.25,7604.0,11774
2026-07-16T15:50:00Z,7604.0,7610.25,7604.0,7607.0,9270
2026-07-16T15:55:00Z,7607.0,7607.0,7602.0,7604.75,6975
2026-07-16T16:00:00Z,7605.0,7605.5,7596.25,7596.5,9057
2026-07-16T16:05:00Z,7596.75,7599.25,7592.0,7597.75,14252
2026-07-16T16:10:00Z,7597.75,7598.0,7588.5,7589.25,12945
2026-07-16T16:15:00Z,7589.0,7594.25,7587.5,7590.75,11662
2026-07-16T16:20:00Z,7591.0,7591.0,7584.0,7585.0,17621
2026-07-16T16:25:00Z,7585.0,7590.25,7583.0,7588.25,10651
2026-07-16T16:30:00Z,7588.5,7594.25,7587.75,7590.75,10608
2026-07-16T16:35:00Z,7590.75,7592.5,7587.5,7588.0,10888
2026-07-16T16:40:00Z,7588.0,7591.25,7586.75,7588.75,5885
2026-07-16T16:45:00Z,7588.75,7591.25,7586.0,7589.5,5946
2026-07-16T16:50:00Z,7589.25,7595.75,7588.0,7595.25,7545
2026-07-16T16:55:00Z,7595.25,7599.25,7595.25,7598.25,9109
2026-07-16T17:00:00Z,7598.25,7598.75,7591.5,7595.25,7490
2026-07-16T17:05:00Z,7595.25,7597.75,7591.25,7596.0,4326
2026-07-16T17:10:00Z,7596.25,7597.0,7590.5,7591.25,4365
2026-07-16T17:15:00Z,7591.25,7594.25,7590.25,7593.25,4777
2026-07-16T17:20:00Z,7593.0,7594.25,7589.5,7589.5,4688
2026-07-16T17:25:00Z,7589.5,7597.25,7589.25,7596.0,6501
2026-07-16T17:30:00Z,7596.25,7597.25,7589.25,7589.75,6828
2026-07-16T17:35:00Z,7590.0,7591.0,7584.0,7585.0,10524
2026-07-16T17:40:00Z,7585.25,7585.25,7579.5,7583.0,12673
2026-07-16T17:45:00Z,7583.25,7588.0,7579.75,7586.0,9034
2026-07-16T17:50:00Z,7586.0,7587.75,7582.75,7584.75,5256
2026-07-16T17:55:00Z,7584.75,7585.0,7579.75,7582.25,6930
2026-07-16T18:00:00Z,7582.25,7584.0,7578.0,7578.0,7079
2026-07-16T18:05:00Z,7578.25,7578.75,7573.25,7576.5,12187
2026-07-16T18:10:00Z,7576.75,7583.75,7576.25,7576.25,12136
2026-07-16T18:15:00Z,7576.25,7583.0,7573.75,7581.5,10013
2026-07-16T18:20:00Z,7581.25,7586.5,7580.75,7583.0,11300
2026-07-16T18:25:00Z,7582.75,7584.5,7578.0,7578.5,8994
2026-07-16T18:30:00Z,7578.5,7578.5,7574.75,7576.25,8083
2026-07-16T18:35:00Z,7576.25,7576.25,7572.75,7573.0,7112
2026-07-16T18:40:00Z,7573.0,7576.75,7568.0,7574.5,12847
2026-07-16T18:45:00Z,7574.25,7578.5,7572.5,7577.0,6129
2026-07-16T18:50:00Z,7576.75,7578.75,7571.5,7571.5,6304
2026-07-16T18:55:00Z,7571.5,7573.75,7570.5,7571.5,5859
2026-07-16T19:00:00Z,7571.25,7576.25,7570.0,7574.5,7794
2026-07-16T19:05:00Z,7574.25,7576.0,7566.5,7567.0,10092
2026-07-16T19:10:00Z,7566.75,7567.75,7564.75,7566.5,8300
2026-07-16T19:15:00Z,7566.5,7568.0,7563.0,7567.0,10740
2026-07-16T19:20:00Z,7567.0,7569.5,7564.25,7564.5,8866
2026-07-16T19:25:00Z,7564.5,7566.0,7558.0,7560.25,10541
2026-07-16T19:30:00Z,7560.25,7561.0,7553.5,7556.0,16174
2026-07-16T19:35:00Z,7556.0,7561.0,7553.0,7559.75,12740
2026-07-16T19:40:00Z,7559.5,7561.25,7554.25,7554.5,10747
2026-07-16T19:45:00Z,7554.5,7555.75,7548.25,7551.75,14293
2026-07-16T19:50:00Z,7551.75,7569.5,7551.75,7568.5,31427
2026-07-16T19:55:00Z,7568.75,7579.5,7568.75,7577.25,70202
2026-07-16T20:00:00Z,7577.25,7578.0,7570.75,7573.0,21007
2026-07-16T20:05:00Z,7572.75,7573.0,7569.5,7570.25,5895
2026-07-16T20:10:00Z,7570.5,7571.0,7567.0,7567.25,5202
2026-07-16T20:15:00Z,7567.25,7570.75,7566.25,7570.0,2108
2026-07-16T20:20:00Z,7570.25,7573.75,7570.0,7571.75,2795
2026-07-16T20:25:00Z,7572.0,7572.25,7569.0,7569.25,1001
2026-07-16T20:30:00Z,7569.0,7569.5,7566.5,7569.25,1502
2026-07-16T20:35:00Z,7569.25,7570.75,7569.25,7569.5,984
2026-07-16T20:40:00Z,7569.5,7570.25,7568.5,7568.75,856
2026-07-16T20:45:00Z,7568.75,7570.0,7568.0,7568.0,933
2026-07-16T20:50:00Z,7568.0,7570.0,7567.25,7569.5,1145
2026-07-16T20:55:00Z,7569.5,7570.0,7567.75,7569.25,971
2026-07-16T22:00:00Z,7572.75,7575.0,7570.5,7573.5,0
2026-07-16T22:05:00Z,7574.0,7574.0,7571.5,7571.75,422
2026-07-16T22:10:00Z,7572.0,7572.25,7569.5,7570.25,572
2026-07-16T22:15:00Z,7570.5,7570.75,7567.25,7567.5,639
2026-07-16T22:20:00Z,7567.5,7570.0,7566.5,7569.0,439
2026-07-16T22:25:00Z,7568.75,7569.5,7566.75,7567.0,462
2026-07-16T22:30:00Z,7567.25,7568.25,7565.25,7566.25,547
2026-07-16T22:35:00Z,7566.5,7568.0,7565.75,7567.5,230
2026-07-16T22:40:00Z,7567.75,7567.75,7565.25,7567.25,482
2026-07-16T22:45:00Z,7567.25,7567.5,7565.0,7565.5,629
2026-07-16T22:50:00Z,7565.5,7566.25,7564.0,7564.0,850
2026-07-16T22:55:00Z,7564.25,7566.5,7563.75,7565.75,444
2026-07-16T23:00:00Z,7566.0,7567.0,7563.5,7565.25,483
2026-07-16T23:05:00Z,7565.25,7565.5,7561.75,7562.5,618
2026-07-16T23:10:00Z,7562.5,7565.75,7561.25,7564.75,357
2026-07-16T23:15:00Z,7564.75,7564.75,7562.25,7563.0,221
2026-07-16T23:20:00Z,7562.5,7563.0,7559.5,7559.75,490
2026-07-16T23:25:00Z,7560.0,7562.25,7558.75,7561.0,572
2026-07-16T23:30:00Z,7560.75,7561.25,7558.0,7560.0,458
2026-07-16T23:35:00Z,7559.75,7562.0,7557.0,7561.75,871
2026-07-16T23:40:00Z,7562.0,7564.0,7561.75,7562.25,513
2026-07-16T23:45:00Z,7562.25,7562.25,7559.25,7560.75,483
2026-07-16T23:50:00Z,7560.5,7563.5,7560.25,7562.5,455
2026-07-16T23:55:00Z,7562.5,7562.5,7558.75,7560.5,407
2026-07-17T00:00:00Z,7560.25,7563.5,7558.5,7558.75,801
2026-07-17T00:05:00Z,7558.75,7559.0,7554.0,7555.5,1330
2026-07-17T00:10:00Z,7555.5,7555.75,7552.25,7553.25,1139
2026-07-17T00:15:00Z,7553.25,7557.5,7552.75,7554.0,1568
2026-07-17T00:20:00Z,7554.0,7555.0,7552.0,7552.5,892
2026-07-17T00:25:00Z,7552.5,7553.25,7549.5,7550.25,1225
2026-07-17T00:30:00Z,7550.5,7551.0,7547.75,7549.5,1274
2026-07-17T00:35:00Z,7549.25,7550.75,7547.75,7548.25,737
2026-07-17T00:40:00Z,7548.25,7549.0,7546.0,7548.5,1484
2026-07-17T00:45:00Z,7548.5,7550.25,7547.75,7550.25,778
2026-07-17T00:50:00Z,7550.0,7553.75,7549.25,7553.75,1014
2026-07-17T00:55:00Z,7554.0,7555.5,7552.0,7552.25,904
2026-07-17T01:00:00Z,7552.25,7556.0,7551.5,7552.75,1039
2026-07-17T01:05:00Z,7552.75,7552.75,7546.5,7549.5,1244
2026-07-17T01:10:00Z,7549.25,7550.25,7545.25,7546.0,1096
2026-07-17T01:15:00Z,7546.0,7548.5,7545.75,7546.5,796
2026-07-17T01:20:00Z,7546.5,7547.25,7544.5,7545.5,1091
2026-07-17T01:25:00Z,7545.5,7548.25,7543.5,7548.25,1146
2026-07-17T01:30:00Z,7548.25,7548.75,7540.25,7540.5,2335
2026-07-17T01:35:00Z,7540.75,7544.25,7540.0,7542.5,1180
2026-07-17T01:40:00Z,7542.25,7543.25,7537.75,7538.75,1337
2026-07-17T01:45:00Z,7539.0,7540.5,7535.5,7537.0,1880
2026-07-17T01:50:00Z,7537.0,7538.0,7535.5,7536.25,750
2026-07-17T01:55:00Z,7536.0,7538.75,7535.5,7538.0,634
2026-07-17T02:00:00Z,7538.25,7539.5,7537.25,7538.5,760
2026-07-17T02:05:00Z,7538.75,7538.75,7534.0,7534.0,845
2026-07-17T02:10:00Z,7534.25,7536.5,7533.75,7535.0,605
2026-07-17T02:15:00Z,7535.0,7535.25,7532.25,7533.75,824
2026-07-17T02:20:00Z,7534.0,7534.0,7531.25,7532.0,1078
2026-07-17T02:25:00Z,7531.75,7532.25,7530.0,7531.5,1020
2026-07-17T02:30:00Z,7531.5,7532.25,7528.0,7529.5,1147
2026-07-17T02:35:00Z,7529.25,7530.75,7528.5,7529.75,643
2026-07-17T02:40:00Z,7530.0,7532.5,7529.25,7532.5,679
2026-07-17T02:45:00Z,7532.5,7533.0,7529.25,7529.75,757
2026-07-17T02:50:00Z,7529.75,7530.25,7527.25,7527.25,712
2026-07-17T02:55:00Z,7527.25,7530.5,7525.5,7530.0,1736
2026-07-17T03:00:00Z,7530.25,7531.75,7528.5,7531.5,968
2026-07-17T03:05:00Z,7531.25,7535.25,7531.0,7534.25,1066
2026-07-17T03:10:00Z,7534.25,7535.0,7533.25,7534.0,543
2026-07-17T03:15:00Z,7534.0,7537.25,7534.0,7537.0,833
2026-07-17T03:20:00Z,7537.25,7540.5,7536.75,7538.75,972
2026-07-17T03:25:00Z,7538.75,7541.5,7538.75,7539.5,683
2026-07-17T03:30:00Z,7539.5,7539.75,7533.25,7533.75,872
2026-07-17T03:35:00Z,7534.0,7536.75,7533.75,7534.0,506
2026-07-17T03:40:00Z,7534.0,7534.0,7528.5,7530.25,1382
2026-07-17T03:45:00Z,7530.25,7530.5,7527.0,7527.5,780
2026-07-17T03:50:00Z,7527.5,7527.75,7525.5,7526.0,964
2026-07-17T03:55:00Z,7526.0,7527.0,7524.5,7525.75,843
2026-07-17T04:05:00Z,7521.0,7521.75,7520.0,7520.0,3372
2026-07-17T04:10:00Z,7519.75,7520.75,7517.5,7518.5,1247
2026-07-17T04:15:00Z,7518.75,7519.25,7516.75,7517.75,819
2026-07-17T04:20:00Z,7517.5,7519.5,7514.0,7516.5,1407
2026-07-17T04:25:00Z,7516.5,7516.75,7512.5,7514.25,1915
2026-07-17T04:30:00Z,7514.25,7516.0,7507.75,7511.5,1854
2026-07-17T04:35:00Z,7511.5,7513.0,7509.25,7511.75,1480
2026-07-17T04:40:00Z,7511.75,7515.25,7510.0,7514.0,1094
2026-07-17T04:45:00Z,7514.25,7517.75,7513.5,7516.75,844
2026-07-17T04:50:00Z,7517.0,7519.25,7516.25,7519.0,1139
2026-07-17T04:55:00Z,7519.0,7519.25,7513.75,7513.75,912
2026-07-17T05:00:00Z,7513.75,7516.0,7511.75,7515.5,1070
2026-07-17T05:05:00Z,7515.25,7515.5,7512.25,7512.5,298
2026-07-17T05:10:00Z,7513.0,7514.5,7510.75,7512.0,815
2026-07-17T05:15:00Z,7512.25,7514.75,7510.0,7513.25,796
2026-07-17T05:20:00Z,7513.5,7513.5,7511.5,7512.0,435
2026-07-17T05:25:00Z,7512.0,7512.75,7510.75,7511.75,504
2026-07-17T05:30:00Z,7511.75,7514.25,7508.5,7509.25,1186
2026-07-17T05:35:00Z,7509.5,7510.5,7505.0,7506.5,1743
2026-07-17T05:40:00Z,7506.5,7508.0,7503.0,7508.0,2150
2026-07-17T05:45:00Z,7508.0,7511.0,7505.25,7510.0,939
2026-07-17T05:50:00Z,7510.0,7510.75,7508.25,7510.5,916
2026-07-17T05:55:00Z,7511.0,7511.75,7507.75,7511.25,2033
2026-07-17T06:00:00Z,7511.0,7515.25,7510.75,7513.5,1766
2026-07-17T06:05:00Z,7513.75,7515.0,7509.5,7510.25,1249
2026-07-17T06:10:00Z,7510.25,7515.75,7509.25,7513.75,1265
2026-07-17T06:15:00Z,7513.75,7518.0,7513.25,7517.25,1419
2026-07-17T06:20:00Z,7517.5,7521.0,7517.25,7520.5,1739
2026-07-17T06:25:00Z,7520.75,7523.0,7520.75,7522.0,1267
2026-07-17T06:30:00Z,7522.0,7523.5,7521.25,7523.0,841
2026-07-17T06:35:00Z,7522.75,7522.75,7517.25,7517.5,1183
2026-07-17T06:40:00Z,7517.75,7518.0,7514.25,7515.5,984
2026-07-17T06:45:00Z,7515.25,7515.25,7510.75,7511.5,1733
2026-07-17T06:50:00Z,7511.75,7512.25,7509.0,7511.25,1703
2026-07-17T06:55:00Z,7511.25,7513.0,7510.5,7512.0,1092
2026-07-17T07:00:00Z,7512.25,7516.25,7510.25,7516.25,3739
2026-07-17T07:05:00Z,7516.25,7516.25,7511.25,7511.75,1635
2026-07-17T07:10:00Z,7512.0,7514.75,7510.0,7514.5,1258
2026-07-17T07:15:00Z,7514.75,7517.0,7514.25,7516.25,1850
2026-07-17T07:20:00Z,7516.0,7516.0,7510.75,7511.75,1521
2026-07-17T07:25:00Z,7511.75,7517.0,7510.25,7516.75,1381
2026-07-17T07:30:00Z,7517.0,7519.0,7514.75,7515.0,1852
2026-07-17T07:35:00Z,7514.5,7515.75,7512.75,7515.75,1611
2026-07-17T07:40:00Z,7516.0,7517.25,7513.25,7515.5,1064
2026-07-17T07:45:00Z,7515.25,7515.5,7510.75,7513.75,1000
2026-07-17T07:50:00Z,7514.0,7515.5,7512.75,7513.5,1023
2026-07-17T07:55:00Z,7513.25,7516.25,7510.5,7511.75,1125
2026-07-17T08:00:00Z,7511.75,7515.25,7510.75,7514.75,2946
2026-07-17T08:05:00Z,7514.75,7516.75,7509.75,7512.5,2633
2026-07-17T08:10:00Z,7512.25,7512.5,7506.25,7507.75,2568
2026-07-17T08:15:00Z,7507.5,7508.25,7495.5,7497.5,5928
2026-07-17T08:20:00Z,7497.5,7501.25,7495.0,7498.25,3580
2026-07-17T08:25:00Z,7498.0,7503.75,7495.5,7500.25,3472
2026-07-17T08:30:00Z,7500.25,7502.5,7495.0,7495.75,1439
2026-07-17T08:35:00Z,7495.75,7497.0,7491.75,7493.0,3300
2026-07-17T08:40:00Z,7493.0,7495.25,7491.25,7495.0,2818
2026-07-17T08:45:00Z,7495.0,7498.25,7494.5,7496.0,2702
2026-07-17T08:50:00Z,7496.0,7500.0,7494.0,7499.25,2929
2026-07-17T08:55:00Z,7499.25,7504.0,7498.75,7499.5,2064
2026-07-17T09:00:00Z,7499.5,7500.75,7496.75,7500.75,1681
2026-07-17T09:05:00Z,7500.75,7501.0,7497.75,7500.0,1219
2026-07-17T09:10:00Z,7499.5,7506.0,7499.25,7505.75,88417
2026-07-17T09:15:00Z,7505.5,7505.5,7502.0,7503.75,1374
2026-07-17T09:20:00Z,7503.75,7507.75,7503.0,7507.75,2349
2026-07-17T09:25:00Z,7507.75,7510.25,7507.75,7510.25,1711
2026-07-17T09:30:00Z,7510.25,7510.5,7505.25,7505.25,1074
2026-07-17T09:35:00Z,7505.5,7507.75,7504.0,7506.75,1341
2026-07-17T09:40:00Z,7507.0,7507.0,7503.0,7503.5,1515
2026-07-17T09:45:00Z,7503.75,7507.5,7503.5,7504.75,970
2026-07-17T09:50:00Z,7504.75,7510.25,7504.75,7509.25,1799
2026-07-17T09:55:00Z,7509.0,7510.5,7507.75,7510.5,2136
2026-07-17T10:00:00Z,7510.25,7511.75,7507.0,7509.25,2248
2026-07-17T10:05:00Z,7509.25,7513.5,7509.25,7512.5,1821
2026-07-17T10:10:00Z,7512.75,7517.25,7511.25,7516.25,2678
2026-07-17T10:15:00Z,7516.5,7517.75,7514.0,7515.0,2191
2026-07-17T10:20:00Z,7514.5,7516.0,7511.0,7513.5,2647
2026-07-17T10:25:00Z,7513.25,7516.25,7511.75,7515.5,1816
2026-07-17T10:30:00Z,7515.5,7519.0,7515.5,7519.0,1488
2026-07-17T10:35:00Z,7519.0,7520.75,7518.25,7520.5,1550
2026-07-17T10:40:00Z,7520.25,7522.0,7518.5,7519.25,1868
2026-07-17T10:45:00Z,7519.25,7520.5,7518.0,7518.25,1012
2026-07-17T10:50:00Z,7518.25,7518.5,7516.25,7517.5,1088
2026-07-17T10:55:00Z,7517.25,7520.25,7516.5,7518.25,2691
2026-07-17T11:00:00Z,7518.25,7522.0,7516.75,7517.25,2116
2026-07-17T11:05:00Z,7517.0,7519.25,7513.75,7514.25,1589
2026-07-17T11:10:00Z,7514.5,7515.5,7512.0,7513.0,1473
2026-07-17T11:15:00Z,7513.0,7514.0,7511.25,7511.75,988
2026-07-17T11:20:00Z,7511.75,7513.75,7509.25,7512.0,2532
2026-07-17T11:25:00Z,7512.25,7517.0,7511.75,7517.0,2213
2026-07-17T11:30:00Z,7517.0,7517.5,7513.75,7515.25,974
2026-07-17T11:35:00Z,7515.25,7518.5,7515.25,7516.75,867
2026-07-17T11:40:00Z,7516.75,7518.0,7513.25,7514.0,1185
2026-07-17T11:45:00Z,7514.0,7517.25,7512.25,7516.0,1224
2026-07-17T11:50:00Z,7516.0,7520.5,7513.25,7519.75,2273
2026-07-17T11:55:00Z,7519.75,7520.5,7517.5,7519.0,1742
2026-07-17T12:00:00Z,7518.75,7519.5,7512.75,7513.25,1705
2026-07-17T12:05:00Z,7513.25,7513.75,7510.25,7511.25,1889
2026-07-17T12:10:00Z,7511.25,7512.25,7509.5,7510.5,1710
2026-07-17T12:15:00Z,7510.5,7511.5,7508.5,7508.5,1544
2026-07-17T12:20:00Z,7508.5,7512.5,7507.5,7510.75,1610
2026-07-17T12:25:00Z,7511.0,7511.25,7507.75,7509.5,1421
2026-07-17T12:30:00Z,7509.25,7510.0,7507.0,7508.25,2575
2026-07-17T12:35:00Z,7508.0,7509.75,7506.5,7508.75,3561
2026-07-17T12:40:00Z,7508.75,7512.25,7505.25,7508.0,2707
2026-07-17T12:45:00Z,7507.75,7510.25,7503.75,7504.0,2057
2026-07-17T12:50:00Z,7503.75,7506.5,7502.5,7506.25,2446
2026-07-17T12:55:00Z,7506.25,7508.5,7503.75,7504.25,2225
2026-07-17T13:00:00Z,7504.5,7504.5,7498.0,7499.0,4889
2026-07-17T13:05:00Z,7499.0,7500.25,7494.0,7494.5,7057
2026-07-17T13:10:00Z,7494.5,7495.5,7492.75,7493.25,3216
2026-07-17T13:15:00Z,7493.5,7496.5,7490.5,7492.0,6059
2026-07-17T13:20:00Z,7491.75,7492.5,7486.75,7487.25,5364
2026-07-17T13:25:00Z,7487.5,7494.5,7483.25,7485.5,18744
2026-07-17T13:30:00Z,7485.25,7491.25,7475.0,7475.25,49332
2026-07-17T13:35:00Z,7475.25,7482.0,7473.0,7480.5,36636
2026-07-17T13:40:00Z,7480.75,7492.25,7473.5,7475.75,34023
2026-07-17T13:45:00Z,7475.75,7497.0,7475.0,7495.75,31416
2026-07-17T13:50:00Z,7495.5,7507.75,7495.5,7504.25,24475
2026-07-17T13:55:00Z,7504.5,7514.0,7501.5,7513.75,22832
2026-07-17T14:00:00Z,7513.5,7523.75,7512.5,7519.0,38541
2026-07-17T14:05:00Z,7518.75,7530.5,7518.75,7528.75,28431
2026-07-17T14:10:00Z,7529.0,7533.75,7525.0,7528.5,28387
2026-07-17T14:15:00Z,7528.5,7539.0,7527.5,7531.5,25333
2026-07-17T14:20:00Z,7531.5,7536.5,7527.75,7534.5,21062
2026-07-17T14:25:00Z,7534.25,7538.0,7527.5,7529.25,19793
2026-07-17T14:30:00Z,7529.5,7532.5,7521.75,7525.75,22620
2026-07-17T14:35:00Z,7526.0,7534.0,7523.0,7532.75,18841
2026-07-17T14:40:00Z,7532.75,7533.75,7523.25,7524.5,16359
2026-07-17T14:45:00Z,7524.5,7531.5,7518.5,7522.25,18773
2026-07-17T14:50:00Z,7522.5,7524.25,7517.25,7520.0,15299
2026-07-17T14:55:00Z,7519.75,7527.5,7514.25,7516.25,15864
2026-07-17T15:00:00Z,7516.25,7518.0,7506.75,7507.75,17445
2026-07-17T15:05:00Z,7507.75,7515.75,7506.75,7514.25,15271
2026-07-17T15:10:00Z,7514.25,7517.75,7506.5,7509.0,14097
2026-07-17T15:15:00Z,7509.0,7514.25,7505.25,7511.0,16199
2026-07-17T15:20:00Z,7511.0,7514.75,7504.75,7508.75,17543
2026-07-17T15:25:00Z,7509.0,7521.5,7508.25,7520.25,18566
2026-07-17T15:30:00Z,7520.25,7525.0,7514.25,7515.75,23694
2026-07-17T15:35:00Z,7515.75,7523.5,7510.0,7522.0,15760
2026-07-17T15:40:00Z,7522.0,7524.5,7515.25,7520.75,11373
2026-07-17T15:45:00Z,7520.5,7521.75,7514.5,7521.25,13022
2026-07-17T15:50:00Z,7521.0,7526.25,7517.25,7526.25,11358
2026-07-17T15:55:00Z,7526.5,7536.5,7525.5,7534.25,16210
2026-07-17T16:00:00Z,7534.25,7536.75,7517.0,7521.0,27213
2026-07-17T16:05:00Z,7521.0,7525.0,7513.5,7525.0,16578
2026-07-17T16:10:00Z,7525.0,7529.0,7522.5,7528.25,11044
2026-07-17T16:15:00Z,7528.75,7531.0,7525.25,7529.0,10013
2026-07-17T16:20:00Z,7528.75,7530.75,7517.5,7517.5,12459
2026-07-17T16:25:00Z,7518.0,7529.5,7516.5,7524.75,11532
2026-07-17T16:30:00Z,7524.75,7527.25,7520.75,7521.0,8790
2026-07-17T16:35:00Z,7521.0,7526.25,7520.75,7524.5,6641
2026-07-17T16:40:00Z,7524.5,7530.0,7521.25,7529.75,8966
2026-07-17T16:45:00Z,7529.75,7536.0,7528.0,7534.25,12210
2026-07-17T16:50:00Z,7534.5,7538.5,7531.25,7534.5,13012
2026-07-17T16:55:00Z,7534.25,7535.25,7527.0,7529.0,7614
2026-07-17T17:00:00Z,7529.0,7538.0,7527.75,7532.5,11434
2026-07-17T17:05:00Z,7532.25,7535.5,7530.25,7535.25,5387
2026-07-17T17:10:00Z,7535.25,7537.0,7529.75,7529.75,7073
2026-07-17T17:15:00Z,7530.25,7535.75,7528.0,7528.75,7656
2026-07-17T17:20:00Z,7528.75,7530.0,7525.25,7528.75,7651
2026-07-17T17:25:00Z,7528.75,7536.0,7528.5,7534.5,6908
2026-07-17T17:30:00Z,7534.5,7535.5,7530.75,7531.5,6473
2026-07-17T17:35:00Z,7531.5,7532.5,7524.5,7525.5,7642
2026-07-17T17:40:00Z,7525.25,7526.0,7520.25,7521.5,7840
2026-07-17T17:45:00Z,7521.25,7524.25,7519.25,7520.75,7516
2026-07-17T17:50:00Z,7521.0,7521.75,7513.0,7514.0,8763
2026-07-17T17:55:00Z,7514.0,7515.25,7508.75,7510.75,8571
2026-07-17T18:00:00Z,7511.25,7516.75,7509.0,7511.5,10934
2026-07-17T18:05:00Z,7510.75,7511.5,7506.75,7508.25,8237
2026-07-17T18:10:00Z,7508.5,7510.0,7506.0,7506.5,7397
2026-07-17T18:15:00Z,7506.25,7507.25,7500.75,7503.5,13534
2026-07-17T18:20:00Z,7503.5,7507.0,7500.75,7502.5,8637
2026-07-17T18:25:00Z,7502.25,7502.75,7497.75,7502.25,10182
2026-07-17T18:30:00Z,7502.25,7508.5,7498.75,7501.75,12768
2026-07-17T18:35:00Z,7501.5,7504.5,7500.25,7502.25,5576
2026-07-17T18:40:00Z,7502.75,7503.5,7495.75,7497.5,9004
2026-07-17T18:45:00Z,7497.25,7507.25,7495.75,7504.0,9805
2026-07-17T18:50:00Z,7504.0,7511.0,7501.5,7510.75,8766
2026-07-17T18:55:00Z,7510.75,7511.75,7506.5,7508.75,8255
2026-07-17T19:00:00Z,7508.75,7510.0,7502.5,7503.5,10520
2026-07-17T19:05:00Z,7504.0,7505.25,7499.0,7499.5,8117
2026-07-17T19:10:00Z,7499.5,7500.0,7492.25,7492.75,11720
2026-07-17T19:15:00Z,7492.25,7495.0,7490.75,7494.25,14564
2026-07-17T19:20:00Z,7494.25,7494.25,7488.5,7488.75,9271
2026-07-17T19:25:00Z,7488.5,7498.0,7486.25,7496.75,13324
2026-07-17T19:30:00Z,7497.0,7501.5,7492.75,7495.25,18364
2026-07-17T19:35:00Z,7495.0,7500.5,7492.25,7493.5,10367
2026-07-17T19:40:00Z,7493.5,7501.5,7491.0,7500.0,11556
2026-07-17T19:45:00Z,7500.0,7505.5,7498.75,7505.25,16331
2026-07-17T19:50:00Z,7505.0,7508.25,7499.75,7504.75,25223
2026-07-17T19:55:00Z,7504.25,7509.25,7494.25,7496.75,77967
2026-07-17T20:00:00Z,7496.5,7497.75,7487.0,7490.0,31103
2026-07-17T20:05:00Z,7489.75,7491.25,7487.0,7489.0,8059
2026-07-17T20:10:00Z,7489.25,7490.0,7484.0,7488.5,7938
2026-07-17T20:15:00Z,7488.75,7490.25,7487.25,7489.0,3391
2026-07-17T20:20:00Z,7489.25,7492.75,7489.25,7492.5,3243
2026-07-17T20:25:00Z,7492.5,7493.75,7492.25,7492.75,1841
2026-07-17T20:30:00Z,7493.0,7496.0,7492.5,7495.0,2344
2026-07-17T20:35:00Z,7495.0,7495.75,7493.0,7494.75,1186
2026-07-17T20:40:00Z,7494.5,7496.25,7494.25,7496.0,1185
2026-07-17T20:45:00Z,7496.25,7496.5,7494.0,7494.5,1067
2026-07-17T20:50:00Z,7494.25,7497.25,7493.5,7496.75,1748
2026-07-17T20:55:00Z,7497.0,7497.75,7494.75,7497.75,0
2026-07-19T22:10:00Z,7487.0,7487.5,7482.0,7483.75,6888
2026-07-19T22:15:00Z,7484.0,7492.75,7483.75,7492.5,1439
2026-07-19T22:20:00Z,7492.5,7496.75,7490.75,7490.75,1460
2026-07-19T22:25:00Z,7491.0,7491.0,7487.0,7487.5,881
2026-07-19T22:30:00Z,7486.5,7496.75,7486.0,7496.5,1149
2026-07-19T22:35:00Z,7496.5,7497.75,7494.0,7495.25,581
2026-07-19T22:40:00Z,7495.25,7502.5,7495.25,7500.25,883
2026-07-19T22:45:00Z,7500.75,7502.0,7497.0,7498.75,854
2026-07-19T22:50:00Z,7499.0,7499.25,7494.5,7496.0,742
2026-07-19T22:55:00Z,7496.0,7497.25,7495.0,7495.75,384
2026-07-19T23:00:00Z,7496.0,7496.25,7492.25,7494.25,669
2026-07-19T23:05:00Z,7494.25,7497.25,7493.5,7497.0,553
2026-07-19T23:10:00Z,7497.0,7498.5,7495.0,7495.75,491
2026-07-19T23:15:00Z,7495.75,7496.5,7493.25,7495.0,343
2026-07-19T23:20:00Z,7495.25,7496.75,7492.25,7496.25,465
2026-07-19T23:25:00Z,7496.75,7498.25,7492.0,7493.5,903
2026-07-19T23:30:00Z,7493.5,7496.5,7491.25,7496.5,455
2026-07-19T23:35:00Z,7496.25,7498.5,7494.0,7497.0,621
2026-07-19T23:40:00Z,7496.75,7502.0,7496.25,7502.0,654
2026-07-19T23:45:00Z,7501.75,7501.75,7494.75,7495.75,952
2026-07-19T23:50:00Z,7496.25,7503.0,7495.75,7500.25,904
2026-07-19T23:55:00Z,7500.5,7505.25,7499.25,7504.0,617
2026-07-20T00:00:00Z,7504.5,7505.25,7496.75,7504.5,1440
2026-07-20T00:05:00Z,7504.25,7514.5,7504.25,7512.75,2286
2026-07-20T00:10:00Z,7512.75,7517.5,7511.75,7514.5,1846
2026-07-20T00:15:00Z,7514.75,7517.25,7513.75,7516.0,1326
2026-07-20T00:20:00Z,7515.5,7516.75,7511.75,7512.75,1232
2026-07-20T00:25:00Z,7512.5,7513.0,7510.25,7511.5,924
2026-07-20T00:30:00Z,7511.5,7512.0,7503.75,7504.0,1433
2026-07-20T00:35:00Z,7504.0,7509.5,7503.5,7506.0,872
2026-07-20T00:40:00Z,7506.0,7510.0,7504.25,7504.5,809
2026-07-20T00:45:00Z,7504.5,7506.5,7502.25,7505.0,1075
2026-07-20T00:50:00Z,7505.25,7506.5,7503.0,7503.5,575
2026-07-20T00:55:00Z,7503.5,7506.5,7502.0,7503.25,635
2026-07-20T01:00:00Z,7503.5,7508.0,7503.25,7505.25,986
2026-07-20T01:05:00Z,7505.25,7510.5,7504.5,7509.75,828
2026-07-20T01:10:00Z,7510.0,7511.75,7502.75,7503.5,1015
2026-07-20T01:15:00Z,7503.75,7505.75,7501.75,7502.5,1059
2026-07-20T01:20:00Z,7502.25,7507.5,7500.25,7504.75,1057
2026-07-20T01:25:00Z,7505.0,7507.25,7498.0,7499.25,999
2026-07-20T01:30:00Z,7498.75,7500.5,7498.0,7499.25,968
2026-07-20T01:35:00Z,7499.0,7500.75,7497.25,7499.75,963
2026-07-20T01:40:00Z,7499.75,7500.75,7492.75,7495.25,1284
2026-07-20T01:45:00Z,7495.25,7498.25,7493.75,7497.25,770
2026-07-20T01:50:00Z,7497.25,7497.75,7490.0,7490.5,1088
2026-07-20T01:55:00Z,7490.5,7496.0,7490.25,7494.75,887
2026-07-20T02:00:00Z,7494.75,7505.25,7494.75,7504.25,1628
2026-07-20T02:05:00Z,7504.25,7506.5,7503.0,7503.75,726
2026-07-20T02:10:00Z,7503.5,7503.75,7499.0,7499.5,497
2026-07-20T02:15:00Z,7499.75,7500.0,7494.5,7495.25,742
2026-07-20T02:20:00Z,7495.5,7496.5,7494.0,7495.25,562
2026-07-20T02:25:00Z,7495.25,7498.0,7493.75,7496.5,508
2026-07-20T02:30:00Z,7496.5,7504.5,7496.25,7502.5,992
2026-07-20T02:35:00Z,7502.25,7505.5,7501.0,7502.5,590
2026-07-20T02:40:00Z,7502.5,7509.25,7502.0,7506.75,1093
2026-07-20T02:45:00Z,7507.0,7510.5,7506.25,7510.25,894
2026-07-20T02:50:00Z,7510.25,7511.0,7507.0,7507.25,546
2026-07-20T02:55:00Z,7507.25,7508.5,7505.25,7505.5,520
2026-07-20T03:00:00Z,7505.5,7507.75,7505.0,7505.25,509
2026-07-20T03:05:00Z,7505.25,7505.5,7501.25,7502.25,657
2026-07-20T03:10:00Z,7502.5,7504.0,7501.5,7503.5,493
2026-07-20T03:15:00Z,7503.5,7507.75,7502.5,7506.0,449
2026-07-20T03:20:00Z,7505.5,7507.0,7503.25,7506.5,459
2026-07-20T03:25:00Z,7506.5,7506.75,7503.5,7504.25,306
2026-07-20T03:30:00Z,7503.75,7507.25,7503.0,7504.5,369
2026-07-20T03:35:00Z,7504.5,7506.75,7502.5,7506.0,456
2026-07-20T03:40:00Z,7505.75,7508.25,7504.0,7507.5,411
2026-07-20T03:45:00Z,7507.5,7508.5,7506.0,7507.5,336
2026-07-20T03:50:00Z,7507.5,7510.25,7507.0,7509.5,630
2026-07-20T03:55:00Z,7509.75,7510.0,7504.0,7505.25,581
2026-07-20T04:00:00Z,7505.75,7507.75,7505.25,7506.0,523
2026-07-20T04:05:00Z,7506.0,7506.25,7502.75,7504.0,502
2026-07-20T04:10:00Z,7504.0,7504.75,7501.25,7502.0,446
2026-07-20T04:15:00Z,7501.75,7501.75,7499.0,7501.25,535
2026-07-20T04:20:00Z,7501.25,7503.25,7500.0,7502.75,475
2026-07-20T04:25:00Z,7502.75,7508.25,7502.75,7507.75,479
2026-07-20T04:30:00Z,7508.0,7512.25,7506.25,7508.5,691
2026-07-20T04:35:00Z,7508.75,7512.0,7507.5,7510.75,397
2026-07-20T04:40:00Z,7510.5,7513.5,7510.0,7512.25,696
2026-07-20T04:45:00Z,7512.25,7514.25,7511.5,7514.0,490
2026-07-20T04:50:00Z,7514.0,7515.0,7511.5,7511.5,652
2026-07-20T04:55:00Z,7511.5,7512.25,7508.75,7509.25,285
2026-07-20T05:00:00Z,7509.5,7510.25,7506.75,7507.25,505
2026-07-20T05:05:00Z,7507.25,7507.25,7502.75,7503.5,621
2026-07-20T05:10:00Z,7503.75,7504.0,7498.0,7503.25,1248
2026-07-20T05:15:00Z,7503.0,7503.0,7500.25,7502.5,502
2026-07-20T05:20:00Z,7502.5,7503.0,7499.0,7501.0,433
2026-07-20T05:25:00Z,7501.0,7501.75,7499.25,7500.25,350
2026-07-20T05:30:00Z,7500.25,7500.5,7497.5,7498.5,515
2026-07-20T05:35:00Z,7498.75,7500.5,7498.25,7498.25,489
2026-07-20T05:40:00Z,7498.25,7500.0,7497.25,7497.25,508
2026-07-20T05:45:00Z,7497.5,7499.75,7496.25,7498.0,555
2026-07-20T05:50:00Z,7498.0,7498.0,7494.5,7495.0,467
2026-07-20T05:55:00Z,7495.0,7498.5,7494.0,7496.0,628
2026-07-20T06:00:00Z,7497.0,7498.5,7495.75,7498.0,711
2026-07-20T06:05:00Z,7498.25,7499.75,7495.0,7497.5,813
2026-07-20T06:10:00Z,7497.25,7497.25,7494.5,7495.0,646
2026-07-20T06:15:00Z,7495.0,7497.75,7493.75,7495.75,976
2026-07-20T06:20:00Z,7496.0,7498.0,7493.25,7493.25,802
2026-07-20T06:25:00Z,7493.0,7496.0,7492.75,7494.5,510
2026-07-20T06:30:00Z,7494.75,7496.0,7492.25,7493.0,460
2026-07-20T06:35:00Z,7492.75,7493.75,7491.0,7492.5,477
2026-07-20T06:40:00Z,7492.25,7498.25,7492.25,7496.5,1294
2026-07-20T06:45:00Z,7496.5,7497.0,7493.5,7494.75,567
2026-07-20T06:50:00Z,7494.75,7497.75,7494.75,7496.0,410
2026-07-20T06:55:00Z,7496.5,7497.25,7494.25,7497.0,497
2026-07-20T07:00:00Z,7497.25,7502.5,7497.25,7500.5,1709
2026-07-20T07:05:00Z,7500.5,7501.5,7499.0,7500.5,1094
2026-07-20T07:10:00Z,7500.75,7501.0,7498.75,7499.5,928
2026-07-20T07:15:00Z,7499.75,7499.75,7496.75,7498.75,1206
2026-07-20T07:20:00Z,7499.0,7506.0,7498.5,7504.5,2110
2026-07-20T07:25:00Z,7504.25,7510.0,7504.0,7509.5,1527
2026-07-20T07:30:00Z,7509.5,7517.0,7509.5,7515.75,3250
2026-07-20T07:35:00Z,7515.75,7518.0,7514.5,7516.5,2009
2026-07-20T07:40:00Z,7516.5,7519.5,7514.75,7517.25,3120
2026-07-20T07:45:00Z,7517.25,7518.75,7513.0,7513.5,1515
2026-07-20T07:50:00Z,7513.5,7514.75,7511.75,7513.25,827
2026-07-20T07:55:00Z,7513.0,7517.75,7513.0,7516.25,1468
2026-07-20T08:00:00Z,7516.0,7520.75,7515.75,7518.5,2545
2026-07-20T08:05:00Z,7518.75,7519.75,7514.25,7516.0,1048
2026-07-20T08:10:00Z,7515.5,7520.25,7514.75,7520.0,1065
2026-07-20T08:15:00Z,7520.0,7521.75,7519.0,7519.25,1810
2026-07-20T08:20:00Z,7519.0,7519.5,7517.0,7518.5,1032
2026-07-20T08:25:00Z,7518.5,7519.5,7517.25,7517.75,1291
2026-07-20T08:30:00Z,7517.5,7518.25,7512.75,7514.75,1579
2026-07-20T08:35:00Z,7514.75,7515.75,7512.75,7515.25,988
2026-07-20T08:40:00Z,7515.0,7516.5,7512.0,7512.75,678
2026-07-20T08:45:00Z,7513.0,7516.0,7512.25,7515.5,613
2026-07-20T08:50:00Z,7515.5,7515.75,7512.5,7512.75,613
2026-07-20T08:55:00Z,7513.0,7515.0,7512.5,7514.25,531
2026-07-20T09:00:00Z,7514.25,7516.0,7513.0,7513.0,719
2026-07-20T09:05:00Z,7512.5,7514.25,7510.5,7512.5,1267
2026-07-20T09:10:00Z,7512.5,7514.75,7511.75,7513.0,764
2026-07-20T09:15:00Z,7512.75,7517.0,7512.75,7512.75,572
2026-07-20T09:20:00Z,7513.0,7518.25,7513.0,7517.25,688
2026-07-20T09:25:00Z,7517.0,7518.0,7516.75,7517.0,556
2026-07-20T09:30:00Z,7517.0,7519.25,7516.0,7517.5,746
2026-07-20T09:35:00Z,7517.5,7519.0,7517.5,7518.5,455
2026-07-20T09:40:00Z,7518.75,7521.0,7518.25,7520.5,636
2026-07-20T09:45:00Z,7520.5,7524.0,7520.5,7523.5,1463
2026-07-20T09:50:00Z,7523.5,7527.75,7523.0,7523.5,2393
2026-07-20T09:55:00Z,7523.5,7523.75,7520.5,7521.75,1057
2026-07-20T10:00:00Z,7521.75,7522.75,7519.75,7520.5,1124
2026-07-20T10:05:00Z,7520.5,7521.0,7518.5,7519.25,529
2026-07-20T10:10:00Z,7519.25,7521.25,7518.0,7518.25,721
2026-07-20T10:15:00Z,7518.25,7518.5,7516.0,7517.5,1521
2026-07-20T10:20:00Z,7517.75,7521.0,7517.5,7520.0,687
2026-07-20T10:25:00Z,7520.0,7520.75,7518.0,7520.0,721
2026-07-20T10:30:00Z,7519.75,7523.0,7518.75,7520.5,1010
2026-07-20T10:35:00Z,7520.25,7520.5,7517.5,7518.75,724
2026-07-20T10:40:00Z,7518.5,7520.0,7517.5,7519.5,690
2026-07-20T10:45:00Z,7519.5,7522.5,7518.5,7521.25,1326
2026-07-20T10:50:00Z,7521.5,7524.25,7520.5,7524.0,854
2026-07-20T10:55:00Z,7524.0,7524.0,7521.0,7522.25,530
2026-07-20T11:00:00Z,7522.25,7526.0,7520.75,7525.75,2254
2026-07-20T11:05:00Z,7525.75,7527.75,7525.5,7527.25,1519
2026-07-20T11:10:00Z,7527.25,7529.75,7526.5,7527.5,1323
2026-07-20T11:15:00Z,7527.5,7528.25,7525.0,7525.25,1070
2026-07-20T11:20:00Z,7525.25,7526.25,7524.0,7524.0,780
2026-07-20T11:25:00Z,7523.75,7524.5,7522.75,7523.5,837
2026-07-20T11:30:00Z,7523.5,7545.25,7523.25,7541.0,17375
2026-07-20T11:35:00Z,7541.0,7544.25,7538.0,7538.75,3810
2026-07-20T11:40:00Z,7538.75,7544.25,7535.75,7539.25,5278
2026-07-20T11:45:00Z,7539.25,7540.75,7533.25,7534.5,4563
2026-07-20T11:50:00Z,7534.5,7537.5,7531.0,7537.25,3349
2026-07-20T11:55:00Z,7537.25,7537.5,7534.75,7535.5,1052
2026-07-20T12:00:00Z,7535.5,7536.0,7521.0,7524.5,10566
2026-07-20T12:05:00Z,7525.0,7530.25,7523.5,7527.5,4847
2026-07-20T12:10:00Z,7527.5,7528.75,7523.75,7526.0,2447
2026-07-20T12:15:00Z,7526.0,7528.5,7523.5,7526.25,1783
2026-07-20T12:20:00Z,7526.5,7526.75,7523.75,7524.75,1179
2026-07-20T12:25:00Z,7524.75,7530.25,7523.25,7530.0,2124
2026-07-20T12:30:00Z,7531.75,7532.75,7526.5,7529.0,2708
2026-07-20T12:35:00Z,7529.25,7531.0,7528.5,7529.0,1579
2026-07-20T12:40:00Z,7528.75,7529.5,7524.25,7525.25,2483
2026-07-20T12:45:00Z,7525.25,7530.75,7524.75,7529.25,2368
2026-07-20T12:50:00Z,7529.25,7529.5,7524.25,7524.5,3215
2026-07-20T12:55:00Z,7524.75,7527.5,7522.75,7527.0,3344
2026-07-20T13:00:00Z,7527.25,7530.25,7526.0,7529.75,3722
2026-07-20T13:05:00Z,7529.5,7530.25,7528.0,7528.75,2757
2026-07-20T13:10:00Z,7529.0,7531.25,7527.0,7527.25,2203
2026-07-20T13:15:00Z,7527.25,7529.0,7526.25,7528.25,1772
2026-07-20T13:20:00Z,7528.5,7531.25,7528.25,7530.75,1398
2026-07-20T13:25:00Z,7530.0,7536.25,7530.0,7534.5,6644
2026-07-20T13:30:00Z,7534.5,7545.0,7532.75,7544.75,34300
2026-07-20T13:35:00Z,7544.75,7551.5,7541.25,7546.0,29858
2026-07-20T13:40:00Z,7546.0,7550.5,7545.0,7550.0,16907
2026-07-20T13:45:00Z,7550.0,7552.0,7539.25,7540.0,22519
2026-07-20T13:50:00Z,7540.0,7542.5,7526.25,7528.5,28037
2026-07-20T13:55:00Z,7528.75,7529.0,7519.0,7520.5,25247
2026-07-20T14:00:00Z,7520.75,7527.5,7517.5,7522.25,22648
2026-07-20T14:05:00Z,7522.25,7525.25,7516.25,7517.75,17682
2026-07-20T14:10:00Z,7517.25,7517.75,7511.25,7514.0,20071
2026-07-20T14:15:00Z,7514.0,7519.0,7510.0,7512.5,17500
2026-07-20T14:20:00Z,7512.25,7516.0,7506.0,7513.5,16638
2026-07-20T14:25:00Z,7513.25,7521.25,7512.5,7520.75,13030
2026-07-20T14:30:00Z,7520.75,7522.75,7514.0,7516.25,13416
2026-07-20T14:35:00Z,7516.25,7519.5,7513.25,7517.5,10617
2026-07-20T14:40:00Z,7517.5,7521.75,7511.25,7512.75,11070
2026-07-20T14:45:00Z,7512.5,7521.5,7508.75,7510.25,19130
2026-07-20T14:50:00Z,7509.5,7513.5,7505.5,7507.25,12201
2026-07-20T14:55:00Z,7507.0,7508.75,7500.75,7505.0,15480
2026-07-20T15:00:00Z,7505.25,7512.5,7502.0,7509.5,15107
2026-07-20T15:05:00Z,7509.5,7518.75,7502.0,7518.25,16438
2026-07-20T15:10:00Z,7518.0,7518.75,7510.5,7512.0,11772
2026-07-20T15:15:00Z,7511.75,7519.5,7509.75,7516.5,9335
2026-07-20T15:20:00Z,7516.5,7524.25,7514.5,7521.25,12082
2026-07-20T15:25:00Z,7521.0,7523.75,7516.0,7522.5,11963
2026-07-20T15:30:00Z,7522.75,7524.25,7521.25,7522.75,9873
2026-07-20T15:35:00Z,7522.75,7523.25,7517.75,7518.5,9031
2026-07-20T15:40:00Z,7518.5,7524.0,7516.5,7523.5,7881
2026-07-20T15:45:00Z,7523.75,7523.75,7514.5,7516.75,10844
2026-07-20T15:50:00Z,7516.5,7528.0,7515.0,7526.0,10282
2026-07-20T15:55:00Z,7526.25,7528.25,7523.25,7523.5,8305
2026-07-20T16:00:00Z,7524.0,7526.5,7519.5,7525.25,9257
2026-07-20T16:05:00Z,7525.5,7532.25,7525.25,7531.75,12316
2026-07-20T16:10:00Z,7531.75,7534.0,7530.25,7532.0,13348
2026-07-20T16:15:00Z,7532.25,7532.5,7528.0,7530.75,7042
2026-07-20T16:20:00Z,7531.0,7532.75,7530.0,7531.25,6378
2026-07-20T16:25:00Z,7531.75,7532.0,7525.25,7528.75,8485
2026-07-20T16:30:00Z,7528.75,7531.5,7521.75,7522.0,8769
2026-07-20T16:35:00Z,7521.75,7527.5,7521.5,7527.25,6180
2026-07-20T16:40:00Z,7527.25,7529.0,7508.25,7518.0,22254
2026-07-20T16:45:00Z,7517.75,7526.0,7516.0,7525.5,9670
2026-07-20T16:50:00Z,7525.25,7525.75,7513.25,7513.75,10689
2026-07-20T16:55:00Z,7513.5,7515.5,7511.0,7513.75,9671
2026-07-20T17:00:00Z,7514.0,7515.75,7509.5,7509.5,10419
2026-07-20T17:05:00Z,7509.75,7510.25,7505.0,7509.75,10152
2026-07-20T17:10:00Z,7509.75,7510.25,7502.0,7502.75,8197
2026-07-20T17:15:00Z,7502.5,7506.25,7499.25,7504.75,11673
2026-07-20T17:20:00Z,7504.25,7508.5,7503.25,7504.75,7291
2026-07-20T17:25:00Z,7504.5,7507.25,7502.5,7504.75,6061
2026-07-20T17:30:00Z,7504.75,7507.75,7503.0,7507.0,6328
2026-07-20T17:35:00Z,7506.75,7509.25,7503.5,7504.0,5341
2026-07-20T17:40:00Z,7504.0,7504.25,7499.25,7501.25,6432
2026-07-20T17:45:00Z,7501.0,7507.25,7500.75,7506.25,5324
2026-07-20T17:50:00Z,7506.0,7512.5,7505.75,7510.0,5779
2026-07-20T17:55:00Z,7510.0,7510.5,7505.5,7509.25,5217
2026-07-20T18:00:00Z,7509.25,7515.5,7509.25,7512.0,9715
2026-07-20T18:05:00Z,7512.0,7513.0,7508.5,7512.25,5608
2026-07-20T18:10:00Z,7512.5,7516.0,7510.5,7514.0,6781
2026-07-20T18:15:00Z,7513.75,7517.75,7512.5,7516.25,6644
2026-07-20T18:20:00Z,7516.25,7516.75,7506.0,7506.5,10362
2026-07-20T18:25:00Z,7506.25,7511.75,7504.75,7508.25,7364
2026-07-20T18:30:00Z,7508.5,7508.5,7498.25,7500.25,10521
2026-07-20T18:35:00Z,7500.0,7506.75,7498.25,7499.25,8696
2026-07-20T18:40:00Z,7499.25,7499.75,7488.5,7488.75,16248
2026-07-20T18:45:00Z,7489.0,7494.25,7487.75,7490.25,13614
2026-07-20T18:50:00Z,7490.25,7495.75,7489.0,7494.0,8367
2026-07-20T18:55:00Z,7494.25,7494.75,7488.25,7490.5,6845
2026-07-20T19:00:00Z,7491.0,7495.25,7487.5,7489.25,9745
2026-07-20T19:05:00Z,7489.25,7491.5,7486.0,7490.25,9258
2026-07-20T19:10:00Z,7490.25,7494.25,7480.25,7480.25,12602
2026-07-20T19:15:00Z,7480.25,7485.25,7478.0,7482.25,15243
2026-07-20T19:20:00Z,7482.25,7487.75,7480.75,7486.5,9356
2026-07-20T19:25:00Z,7486.25,7492.75,7481.75,7490.5,14548
2026-07-20T19:30:00Z,7490.75,7495.5,7486.75,7493.25,15187
2026-07-20T19:35:00Z,7493.0,7495.0,7488.75,7493.25,8608
2026-07-20T19:40:00Z,7493.25,7497.25,7490.5,7493.75,10715
2026-07-20T19:45:00Z,7494.0,7496.25,7490.75,7494.75,11188
2026-07-20T19:50:00Z,7494.5,7494.5,7482.0,7485.75,18495
2026-07-20T19:55:00Z,7485.75,7486.5,7480.25,7486.0,74411
2026-07-20T20:00:00Z,7486.0,7493.25,7485.5,7487.0,21681
2026-07-20T20:05:00Z,7487.0,7488.0,7481.25,7482.0,5863
2026-07-20T20:10:00Z,7482.25,7483.25,7481.0,7481.75,3437
2026-07-20T20:15:00Z,7481.75,7482.0,7478.75,7479.5,2427
2026-07-20T20:20:00Z,7479.5,7480.75,7479.0,7480.0,1211
2026-07-20T20:25:00Z,7479.75,7481.0,7476.75,7479.0,2803
2026-07-20T20:30:00Z,7479.0,7481.75,7478.75,7481.75,1496
2026-07-20T20:35:00Z,7481.5,7483.25,7481.25,7483.0,1023
2026-07-20T20:40:00Z,7482.75,7483.0,7480.75,7481.75,1225
2026-07-20T20:45:00Z,7482.0,7483.75,7481.0,7483.0,991
2026-07-20T20:50:00Z,7483.0,7483.5,7480.75,7483.5,1360
2026-07-20T20:55:00Z,7483.5,7484.0,7482.5,7483.25,965
2026-07-20T22:00:00Z,7484.0,7485.75,7477.0,7477.0,0
2026-07-20T22:05:00Z,7477.25,7477.25,7473.25,7476.5,1598
2026-07-20T22:10:00Z,7476.5,7477.5,7475.5,7476.0,524
2026-07-20T22:15:00Z,7476.25,7477.5,7475.0,7476.25,338
2026-07-20T22:20:00Z,7476.0,7477.25,7475.0,7477.0,289
2026-07-20T22:25:00Z,7477.0,7477.25,7475.0,7476.0,269
2026-07-20T22:30:00Z,7475.75,7477.0,7473.0,7474.0,598
2026-07-20T22:35:00Z,7473.75,7476.0,7473.25,7475.0,326
2026-07-20T22:40:00Z,7475.0,7476.0,7474.25,7476.0,297
2026-07-20T22:45:00Z,7476.25,7477.0,7474.0,7474.5,303
2026-07-20T22:50:00Z,7474.5,7475.75,7474.0,7475.0,275
2026-07-20T22:55:00Z,7475.25,7475.5,7475.0,7475.5,87
2026-07-20T23:00:00Z,7475.5,7478.0,7474.5,7478.0,386
2026-07-20T23:05:00Z,7478.0,7483.0,7477.75,7482.75,575
2026-07-20T23:10:00Z,7482.75,7483.25,7481.75,7482.75,358
2026-07-20T23:15:00Z,7483.0,7487.25,7482.75,7487.0,660
2026-07-20T23:20:00Z,7487.0,7489.5,7486.75,7488.75,681
2026-07-20T23:25:00Z,7489.0,7490.0,7487.5,7489.75,368
2026-07-20T23:30:00Z,7489.5,7491.0,7488.75,7489.75,433
2026-07-20T23:35:00Z,7489.75,7490.0,7488.0,7488.25,242
2026-07-20T23:40:00Z,7488.25,7489.25,7487.75,7489.0,204
2026-07-20T23:45:00Z,7488.75,7491.0,7486.5,7487.0,842
2026-07-20T23:50:00Z,7486.75,7486.75,7480.5,7484.0,932
2026-07-20T23:55:00Z,7483.75,7487.75,7483.0,7485.25,527
2026-07-21T00:00:00Z,7484.5,7485.0,7477.25,7479.75,1959
2026-07-21T00:05:00Z,7479.75,7480.75,7474.25,7477.25,1062
2026-07-21T00:10:00Z,7477.0,7482.25,7474.75,7477.5,1371
2026-07-21T00:15:00Z,7477.75,7485.25,7473.75,7485.0,1918
2026-07-21T00:20:00Z,7484.5,7485.75,7481.0,7483.75,1102
2026-07-21T00:25:00Z,7483.5,7488.5,7482.0,7486.25,929
2026-07-21T00:30:00Z,7486.0,7493.0,7486.0,7492.25,1587
2026-07-21T00:35:00Z,7492.0,7493.0,7489.5,7492.0,879
2026-07-21T00:40:00Z,7491.75,7494.0,7490.75,7492.25,874
2026-07-21T00:45:00Z,7492.5,7495.75,7490.75,7495.0,1284
2026-07-21T00:50:00Z,7495.25,7495.75,7493.25,7494.0,781
2026-07-21T00:55:00Z,7493.75,7494.25,7492.0,7492.25,474
2026-07-21T01:00:00Z,7492.75,7493.75,7489.5,7493.75,927
2026-07-21T01:05:00Z,7494.0,7498.25,7493.5,7497.0,1413
2026-07-21T01:10:00Z,7497.0,7498.75,7496.0,7497.75,1125
2026-07-21T01:15:00Z,7498.0,7499.25,7494.5,7498.0,1862
2026-07-21T01:20:00Z,7497.5,7499.0,7495.5,7496.75,581
2026-07-21T01:25:00Z,7496.75,7497.25,7495.25,7495.5,469
2026-07-21T01:30:00Z,7496.25,7498.25,7494.5,7497.75,885
2026-07-21T01:35:00Z,7497.5,7498.0,7494.25,7494.25,768
2026-07-21T01:40:00Z,7494.0,7495.0,7491.0,7491.75,889
2026-07-21T01:45:00Z,7491.75,7496.0,7490.75,7495.0,605
2026-07-21T01:50:00Z,7495.25,7496.0,7492.75,7495.0,357
2026-07-21T01:55:00Z,7495.0,7495.0,7491.75,7492.5,694
2026-07-21T02:00:00Z,7493.0,7496.5,7492.5,7495.75,521
2026-07-21T02:05:00Z,7495.75,7500.0,7493.75,7494.25,1023
2026-07-21T02:10:00Z,7494.25,7494.5,7492.25,7493.0,731
2026-07-21T02:15:00Z,7493.0,7493.5,7488.75,7489.0,921
2026-07-21T02:20:00Z,7489.0,7496.25,7488.75,7496.25,635
2026-07-21T02:25:00Z,7496.25,7497.25,7493.75,7494.0,607
2026-07-21T02:30:00Z,7494.0,7498.75,7493.75,7497.75,484
2026-07-21T02:35:00Z,7497.75,7501.5,7497.75,7500.75,1385
2026-07-21T02:40:00Z,7501.0,7501.25,7499.75,7500.5,394
2026-07-21T02:45:00Z,7500.25,7500.5,7498.75,7498.75,402
2026-07-21T02:50:00Z,7498.75,7499.75,7498.25,7499.75,456
2026-07-21T02:55:00Z,7499.5,7501.75,7499.5,7501.75,463
2026-07-21T03:00:00Z,7501.75,7503.75,7501.5,7503.5,1040
2026-07-21T03:05:00Z,7503.75,7504.25,7502.75,7503.0,769
2026-07-21T03:10:00Z,7503.0,7504.5,7502.75,7503.75,392
2026-07-21T03:15:00Z,7503.75,7506.75,7503.5,7506.5,628
2026-07-21T03:20:00Z,7506.25,7508.0,7505.75,7507.5,706
2026-07-21T03:25:00Z,7507.5,7508.0,7507.0,7507.75,514
2026-07-21T03:30:00Z,7508.0,7508.75,7507.25,7508.5,688
2026-07-21T03:35:00Z,7508.75,7510.75,7508.0,7510.25,1141
2026-07-21T03:40:00Z,7510.25,7511.25,7509.5,7509.5,621
2026-07-21T03:45:00Z,7509.5,7512.5,7509.25,7511.75,959
2026-07-21T03:50:00Z,7512.0,7512.25,7511.0,7512.0,649
2026-07-21T03:55:00Z,7512.25,7512.5,7511.0,7511.75,420
2026-07-21T04:05:00Z,7515.0,7515.0,7514.25,7514.5,3072
2026-07-21T04:10:00Z,7514.25,7515.25,7514.0,7514.25,448
2026-07-21T04:15:00Z,7514.0,7514.5,7513.0,7513.25,391
2026-07-21T04:20:00Z,7513.25,7514.75,7513.0,7514.0,478
2026-07-21T04:25:00Z,7513.75,7515.0,7513.25,7513.75,403
2026-07-21T04:30:00Z,7514.0,7514.5,7513.5,7514.25,272
2026-07-21T04:35:00Z,7514.25,7516.25,7514.0,7515.5,405
2026-07-21T04:40:00Z,7515.5,7515.5,7513.75,7514.5,441
2026-07-21T04:45:00Z,7514.5,7515.75,7513.75,7515.5,232
2026-07-21T04:50:00Z,7515.5,7515.75,7513.25,7514.0,339
2026-07-21T04:55:00Z,7514.0,7514.75,7513.0,7514.25,385
2026-07-21T05:00:00Z,7514.25,7514.5,7513.75,7514.0,208
2026-07-21T05:05:00Z,7514.25,7514.25,7512.75,7513.5,336
2026-07-21T05:10:00Z,7513.5,7513.5,7511.25,7511.75,422
2026-07-21T05:15:00Z,7511.75,7512.0,7510.0,7510.5,615
2026-07-21T05:20:00Z,7510.25,7514.5,7510.25,7514.0,502
2026-07-21T05:25:00Z,7513.75,7517.0,7513.75,7516.5,890
2026-07-21T05:30:00Z,7516.75,7517.5,7514.5,7516.25,637
2026-07-21T05:35:00Z,7516.25,7517.5,7516.0,7516.5,623
2026-07-21T05:40:00Z,7516.75,7522.0,7516.75,7521.0,1197
2026-07-21T05:45:00Z,7521.25,7521.75,7519.0,7521.0,655
2026-07-21T05:50:00Z,7521.0,7523.75,7521.0,7521.5,781
2026-07-21T05:55:00Z,7521.5,7521.75,7520.25,7520.75,310
2026-07-21T06:00:00Z,7520.5,7522.25,7520.5,7521.75,914
2026-07-21T06:05:00Z,7522.0,7522.75,7520.0,7520.5,754
2026-07-21T06:10:00Z,7520.0,7522.25,7519.5,7521.25,878
2026-07-21T06:15:00Z,7521.25,7521.75,7519.25,7519.5,1125
2026-07-21T06:20:00Z,7519.5,7520.5,7518.0,7520.0,851
2026-07-21T06:25:00Z,7520.0,7522.75,7519.5,7520.0,744
2026-07-21T06:30:00Z,7520.25,7523.0,7520.0,7523.0,807
2026-07-21T06:35:00Z,7522.75,7530.25,7522.75,7524.0,2192
2026-07-21T06:40:00Z,7523.75,7526.0,7523.5,7525.25,478
2026-07-21T06:45:00Z,7525.25,7525.5,7522.25,7524.0,593
2026-07-21T06:50:00Z,7524.25,7524.75,7523.0,7524.25,813
2026-07-21T06:55:00Z,7524.25,7524.75,7522.75,7523.75,670
2026-07-21T07:00:00Z,7523.5,7528.0,7522.5,7525.5,2713
2026-07-21T07:05:00Z,7525.5,7526.75,7524.5,7524.5,1477
2026-07-21T07:10:00Z,7524.5,7525.5,7520.75,7523.0,1450
2026-07-21T07:15:00Z,7522.75,7522.75,7520.25,7522.25,1479
2026-07-21T07:20:00Z,7522.0,7522.0,7518.25,7518.75,1411
2026-07-21T07:25:00Z,7519.0,7520.25,7515.75,7516.75,1547
2026-07-21T07:30:00Z,7517.0,7519.5,7514.0,7519.5,1447
2026-07-21T07:35:00Z,7519.5,7520.75,7518.75,7519.0,802
2026-07-21T07:40:00Z,7519.25,7519.5,7517.0,7517.5,631
2026-07-21T07:45:00Z,7517.5,7518.5,7515.25,7515.5,897
2026-07-21T07:50:00Z,7515.5,7516.5,7514.25,7515.75,1376
2026-07-21T07:55:00Z,7516.0,7518.25,7515.25,7517.75,915
2026-07-21T08:00:00Z,7517.75,7519.5,7516.0,7519.0,1575
2026-07-21T08:05:00Z,7519.0,7520.25,7518.25,7519.75,953
2026-07-21T08:10:00Z,7519.5,7523.0,7517.75,7523.0,890
2026-07-21T08:15:00Z,7522.75,7523.75,7521.25,7522.25,761
2026-07-21T08:20:00Z,7522.0,7523.75,7521.25,7523.25,1030
2026-07-21T08:25:00Z,7523.5,7524.5,7522.0,7523.5,817
2026-07-21T08:30:00Z,7523.25,7524.5,7522.5,7523.25,755
2026-07-21T08:35:00Z,7523.25,7524.75,7522.75,7523.5,690
2026-07-21T08:40:00Z,7523.0,7525.75,7522.25,7524.5,702
2026-07-21T08:45:00Z,7524.5,7524.5,7521.25,7522.75,590
2026-07-21T08:50:00Z,7522.75,7523.75,7522.25,7523.0,585
2026-07-21T08:55:00Z,7522.75,7524.0,7521.75,7523.5,559
2026-07-21T09:00:00Z,7523.25,7525.75,7523.0,7525.5,918
2026-07-21T09:05:00Z,7525.5,7526.25,7524.75,7525.25,626
2026-07-21T09:10:00Z,7525.25,7526.0,7524.75,7525.25,406
2026-07-21T09:15:00Z,7525.5,7527.5,7525.5,7526.5,1293
2026-07-21T09:20:00Z,7526.5,7528.25,7525.5,7525.75,710
2026-07-21T09:25:00Z,7525.75,7526.5,7523.0,7523.0,1004
2026-07-21T09:30:00Z,7523.0,7525.25,7521.75,7524.5,621
2026-07-21T09:35:00Z,7524.5,7524.5,7521.25,7523.0,516
2026-07-21T09:40:00Z,7522.75,7523.75,7521.25,7523.0,512
2026-07-21T09:45:00Z,7522.75,7527.25,7522.5,7526.75,662
2026-07-21T09:50:00Z,7526.5,7526.5,7524.25,7525.5,602
2026-07-21T09:55:00Z,7525.5,7525.75,7522.0,7522.5,768
2026-07-21T10:00:00Z,7522.75,7526.75,7522.25,7522.75,2068
2026-07-21T10:05:00Z,7522.75,7523.0,7521.25,7521.5,708
2026-07-21T10:10:00Z,7521.5,7528.0,7520.75,7523.25,3468
2026-07-21T10:15:00Z,7523.5,7524.5,7522.5,7524.0,637
2026-07-21T10:20:00Z,7524.0,7526.25,7523.75,7525.0,778
2026-07-21T10:25:00Z,7525.25,7525.25,7522.75,7524.0,755
2026-07-21T10:30:00Z,7523.75,7526.25,7523.75,7525.5,753
2026-07-21T10:35:00Z,7525.25,7530.25,7523.75,7524.0,2218
2026-07-21T10:40:00Z,7523.75,7524.5,7521.0,7523.25,1561
2026-07-21T10:45:00Z,7523.0,7527.0,7519.5,7524.5,2275
2026-07-21T10:50:00Z,7524.75,7525.0,7520.75,7521.0,999
2026-07-21T10:55:00Z,7521.25,7524.25,7520.25,7522.0,1479
2026-07-21T11:00:00Z,7522.5,7523.5,7517.5,7517.75,1061
2026-07-21T11:05:00Z,7517.75,7518.25,7516.25,7517.0,982
2026-07-21T11:10:00Z,7516.75,7519.75,7516.0,7519.0,986
2026-07-21T11:15:00Z,7519.0,7519.25,7514.0,7515.5,1500
2026-07-21T11:20:00Z,7515.75,7517.25,7512.5,7517.0,1642
2026-07-21T11:25:00Z,7517.0,7517.25,7511.0,7514.5,1810
2026-07-21T11:30:00Z,7514.5,7518.0,7514.5,7516.25,918
2026-07-21T11:35:00Z,7516.25,7520.75,7516.25,7518.25,1277
2026-07-21T11:40:00Z,7518.5,7519.0,7516.5,7517.0,969
2026-07-21T11:45:00Z,7516.75,7518.25,7516.75,7518.0,631
2026-07-21T11:50:00Z,7518.0,7518.75,7514.0,7514.5,894
2026-07-21T11:55:00Z,7514.5,7515.5,7513.75,7514.75,653
2026-07-21T12:00:00Z,7515.25,7517.5,7513.5,7515.75,1300
2026-07-21T12:05:00Z,7516.0,7519.75,7515.0,7518.0,1613
2026-07-21T12:10:00Z,7518.0,7522.0,7517.25,7518.0,2089
2026-07-21T12:15:00Z,7518.0,7518.25,7510.5,7512.75,3362
2026-07-21T12:20:00Z,7512.75,7514.25,7511.75,7513.75,1436
2026-07-21T12:25:00Z,7514.0,7514.0,7510.75,7510.75,1004
2026-07-21T12:30:00Z,7511.0,7512.75,7510.75,7512.25,1223
2026-07-21T12:35:00Z,7512.0,7512.25,7509.25,7511.5,1414
2026-07-21T12:40:00Z,7511.25,7511.25,7505.25,7510.0,4432
2026-07-21T12:45:00Z,7510.0,7516.25,7509.5,7515.0,3413
2026-07-21T12:50:00Z,7515.0,7517.5,7514.25,7516.75,2084
2026-07-21T12:55:00Z,7516.5,7517.0,7514.5,7515.5,1831
2026-07-21T13:00:00Z,7516.0,7516.5,7512.75,7513.25,2501
2026-07-21T13:05:00Z,7513.5,7514.75,7512.0,7512.75,2199
2026-07-21T13:10:00Z,7512.75,7514.75,7512.5,7514.0,1746
2026-07-21T13:15:00Z,7514.0,7518.0,7513.75,7517.0,3068
2026-07-21T13:20:00Z,7517.0,7518.25,7516.25,7518.25,2122
2026-07-21T13:25:00Z,7518.25,7526.0,7518.25,7526.0,8216
2026-07-21T13:30:00Z,7526.0,7530.25,7514.0,7518.75,38422
2026-07-21T13:35:00Z,7518.75,7525.5,7515.25,7515.5,22643
2026-07-21T13:40:00Z,7515.5,7516.0,7505.5,7508.0,24214
2026-07-21T13:45:00Z,7507.75,7513.0,7504.5,7512.25,20512
2026-07-21T13:50:00Z,7512.5,7516.25,7505.25,7513.5,17734
2026-07-21T13:55:00Z,7512.75,7516.75,7509.0,7516.5,15935
2026-07-21T14:00:00Z,7516.75,7521.75,7512.5,7517.25,21501
2026-07-21T14:05:00Z,7517.25,7520.5,7513.0,7515.0,13746
2026-07-21T14:10:00Z,7514.75,7521.75,7512.5,7520.5,12277
2026-07-21T14:15:00Z,7520.25,7525.25,7510.75,7523.5,18055
2026-07-21T14:20:00Z,7523.5,7525.5,7517.75,7523.0,15797
2026-07-21T14:25:00Z,7522.5,7533.25,7522.25,7532.0,21068
2026-07-21T14:30:00Z,7531.75,7536.0,7529.0,7531.25,18502
2026-07-21T14:35:00Z,7531.25,7533.5,7524.0,7526.5,13249
2026-07-21T14:40:00Z,7526.0,7529.75,7520.75,7529.25,13832
2026-07-21T14:45:00Z,7529.5,7536.5,7528.0,7532.75,17123
2026-07-21T14:50:00Z,7532.75,7533.25,7528.25,7530.25,9196
2026-07-21T14:55:00Z,7530.25,7531.75,7525.75,7531.25,10202
2026-07-21T15:00:00Z,7531.0,7532.5,7521.5,7523.5,15157
2026-07-21T15:05:00Z,7523.75,7534.25,7521.5,7533.0,12243
2026-07-21T15:10:00Z,7533.25,7538.75,7532.75,7535.5,11774
2026-07-21T15:15:00Z,7535.5,7539.0,7534.75,7537.5,7865
2026-07-21T15:20:00Z,7537.5,7543.5,7536.25,7540.25,14966
2026-07-21T15:25:00Z,7540.0,7544.0,7539.75,7543.75,11209
2026-07-21T15:30:00Z,7543.5,7544.0,7537.5,7541.25,12345
2026-07-21T15:35:00Z,7541.5,7543.0,7537.25,7539.5,9305
2026-07-21T15:40:00Z,7539.25,7542.25,7538.5,7539.5,6235
2026-07-21T15:45:00Z,7539.25,7542.75,7538.75,7541.5,5654
2026-07-21T15:50:00Z,7541.75,7543.5,7540.25,7540.5,6212
2026-07-21T15:55:00Z,7540.75,7542.5,7538.0,7538.75,5718
2026-07-21T16:00:00Z,7538.5,7546.0,7538.25,7545.75,7449
2026-07-21T16:05:00Z,7545.75,7546.5,7544.0,7544.75,6128
2026-07-21T16:10:00Z,7544.75,7546.0,7543.75,7545.5,3813
2026-07-21T16:15:00Z,7545.75,7548.5,7545.5,7548.0,6563
2026-07-21T16:20:00Z,7548.0,7550.75,7547.25,7549.0,7423
2026-07-21T16:25:00Z,7548.75,7550.5,7547.75,7549.75,4560
2026-07-21T16:30:00Z,7549.75,7551.25,7548.0,7550.25,6250
2026-07-21T16:35:00Z,7550.25,7550.75,7548.0,7550.25,3916
2026-07-21T16:40:00Z,7550.0,7551.0,7548.25,7549.75,3753
2026-07-21T16:45:00Z,7549.75,7550.0,7547.5,7548.25,5583
2026-07-21T16:50:00Z,7548.0,7553.5,7547.75,7553.0,6808
2026-07-21T16:55:00Z,7553.0,7554.0,7550.0,7550.25,5858
2026-07-21T17:00:00Z,7550.5,7551.75,7549.25,7549.5,5216
2026-07-21T17:05:00Z,7549.75,7552.0,7549.25,7550.5,3757
2026-07-21T17:10:00Z,7550.5,7550.75,7548.5,7549.25,5170
2026-07-21T17:15:00Z,7549.25,7549.75,7546.25,7546.5,5253
2026-07-21T17:20:00Z,7546.25,7548.0,7545.5,7547.25,5651
2026-07-21T17:25:00Z,7547.25,7548.0,7545.5,7547.0,3814
2026-07-21T17:30:00Z,7546.75,7549.0,7545.25,7547.0,4601
2026-07-21T17:35:00Z,7547.0,7550.25,7546.5,7550.0,4678
2026-07-21T17:40:00Z,7550.25,7550.5,7548.0,7549.75,3443
2026-07-21T17:45:00Z,7550.0,7551.75,7548.5,7551.25,2982
2026-07-21T17:50:00Z,7551.5,7552.5,7549.5,7549.75,4185
2026-07-21T17:55:00Z,7549.75,7550.25,7548.0,7549.25,3625
2026-07-21T18:00:00Z,7549.0,7550.75,7545.0,7546.25,10567
2026-07-21T18:05:00Z,7546.0,7548.75,7545.75,7547.5,4159
2026-07-21T18:10:00Z,7547.25,7548.5,7544.25,7544.75,4153
2026-07-21T18:15:00Z,7544.75,7546.0,7543.75,7545.0,4482
2026-07-21T18:20:00Z,7545.0,7547.0,7544.25,7546.0,4312
2026-07-21T18:25:00Z,7546.0,7546.0,7543.5,7545.0,3156
2026-07-21T18:30:00Z,7545.25,7545.75,7542.25,7542.75,4895
2026-07-21T18:35:00Z,7542.5,7545.75,7542.5,7544.25,3406
2026-07-21T18:40:00Z,7544.5,7549.25,7543.25,7548.5,6130
2026-07-21T18:45:00Z,7548.5,7549.25,7546.75,7547.75,4013
2026-07-21T18:50:00Z,7547.75,7548.25,7545.5,7545.5,4327
2026-07-21T18:55:00Z,7545.75,7547.75,7545.25,7546.75,4281
2026-07-21T19:00:00Z,7546.75,7547.75,7544.5,7545.75,4769
2026-07-21T19:05:00Z,7545.75,7547.5,7544.5,7544.5,4279
2026-07-21T19:10:00Z,7544.75,7547.75,7544.0,7546.0,4377
2026-07-21T19:15:00Z,7545.75,7548.0,7545.25,7546.5,4178
2026-07-21T19:20:00Z,7546.5,7547.25,7545.0,7546.0,4286
2026-07-21T19:25:00Z,7546.0,7547.75,7545.0,7545.75,5358
2026-07-21T19:30:00Z,7545.75,7547.0,7544.5,7544.75,6681
2026-07-21T19:35:00Z,7544.5,7548.75,7544.0,7546.75,7423
2026-07-21T19:40:00Z,7546.75,7548.75,7545.25,7548.0,8207
2026-07-21T19:45:00Z,7548.0,7549.0,7544.75,7548.75,9097
2026-07-21T19:50:00Z,7547.75,7549.5,7545.25,7546.5,16780
2026-07-21T19:55:00Z,7546.75,7548.75,7543.5,7545.5,61207
2026-07-21T20:00:00Z,7545.5,7547.0,7541.0,7541.75,19224
2026-07-21T20:05:00Z,7541.75,7544.5,7541.0,7544.0,4685
2026-07-21T20:10:00Z,7543.75,7544.75,7542.25,7544.25,3054
2026-07-21T20:15:00Z,7544.25,7544.25,7541.25,7541.5,1596
2026-07-21T20:20:00Z,7541.5,7542.25,7540.75,7542.0,1197
2026-07-21T20:25:00Z,7542.25,7542.5,7541.0,7541.25,1339
2026-07-21T20:30:00Z,7541.5,7543.0,7541.25,7542.5,879
2026-07-21T20:35:00Z,7542.75,7543.75,7542.0,7543.0,871
2026-07-21T20:40:00Z,7542.75,7543.25,7542.0,7542.25,1058
2026-07-21T20:45:00Z,7542.25,7542.75,7541.25,7541.25,1147
2026-07-21T20:50:00Z,7541.5,7542.0,7541.0,7541.0,963
2026-07-21T20:55:00Z,7541.0,7543.0,7540.75,7542.75,1392
2026-07-21T22:00:00Z,7545.0,7545.5,7541.5,7543.0,0
2026-07-21T22:05:00Z,7543.25,7543.75,7541.25,7542.75,653
2026-07-21T22:10:00Z,7542.5,7544.5,7542.25,7544.5,496
2026-07-21T22:15:00Z,7544.25,7545.0,7544.25,7544.75,353
2026-07-21T22:20:00Z,7545.0,7545.5,7541.25,7541.25,338
2026-07-21T22:25:00Z,7541.0,7543.0,7540.75,7541.5,454
2026-07-21T22:30:00Z,7541.5,7542.25,7540.25,7542.0,367
2026-07-21T22:35:00Z,7542.0,7542.5,7541.0,7542.0,92
2026-07-21T22:40:00Z,7541.75,7542.5,7541.0,7541.0,150
2026-07-21T22:45:00Z,7540.75,7540.75,7538.25,7538.5,347
2026-07-21T22:50:00Z,7538.75,7539.25,7538.5,7539.25,172
2026-07-21T22:55:00Z,7539.25,7540.5,7538.5,7540.5,295
2026-07-21T23:00:00Z,7540.5,7541.25,7539.5,7540.75,281
2026-07-21T23:05:00Z,7540.5,7541.0,7539.75,7540.75,190
2026-07-21T23:10:00Z,7540.25,7542.0,7540.0,7541.5,313
2026-07-21T23:15:00Z,7541.75,7544.0,7540.25,7543.5,509
2026-07-21T23:20:00Z,7543.25,7543.25,7540.75,7541.0,223
2026-07-21T23:25:00Z,7541.0,7543.25,7540.75,7543.0,128
2026-07-21T23:30:00Z,7542.75,7544.0,7542.25,7543.0,183
2026-07-21T23:35:00Z,7542.75,7543.25,7541.0,7541.25,161
2026-07-21T23:40:00Z,7541.5,7541.75,7539.5,7540.25,252
2026-07-21T23:45:00Z,7540.25,7543.25,7540.0,7543.25,310
2026-07-21T23:50:00Z,7543.0,7544.0,7540.25,7541.0,366
2026-07-21T23:55:00Z,7541.25,7544.0,7541.25,7543.25,362
2026-07-22T00:00:00Z,7543.25,7547.0,7542.0,7546.5,1111
2026-07-22T00:05:00Z,7546.75,7547.0,7543.5,7544.75,864
2026-07-22T00:10:00Z,7544.5,7546.25,7542.25,7544.75,619
2026-07-22T00:15:00Z,7545.0,7545.25,7542.25,7544.75,633
2026-07-22T00:20:00Z,7544.75,7545.5,7541.75,7542.75,499
2026-07-22T00:25:00Z,7542.75,7544.25,7540.5,7541.75,785
2026-07-22T00:30:00Z,7542.0,7542.75,7539.0,7541.0,686
2026-07-22T00:35:00Z,7540.75,7542.0,7539.25,7541.5,626
2026-07-22T00:40:00Z,7541.25,7542.5,7540.25,7540.75,498
2026-07-22T00:45:00Z,7540.75,7541.0,7537.5,7540.25,705
2026-07-22T00:50:00Z,7540.25,7541.5,7538.75,7539.25,465
2026-07-22T00:55:00Z,7539.0,7542.25,7538.5,7542.0,432
2026-07-22T01:00:00Z,7542.0,7543.0,7536.0,7537.5,1217
2026-07-22T01:05:00Z,7537.5,7538.25,7536.0,7536.25,476
2026-07-22T01:10:00Z,7536.75,7538.75,7536.25,7538.25,437
2026-07-22T01:15:00Z,7538.75,7539.25,7537.75,7538.5,370
2026-07-22T01:20:00Z,7538.5,7538.5,7535.0,7535.0,740
2026-07-22T01:25:00Z,7535.25,7538.0,7534.5,7536.25,470
2026-07-22T01:30:00Z,7536.25,7536.5,7534.25,7536.25,599
2026-07-22T01:35:00Z,7536.5,7537.75,7536.0,7537.25,282
2026-07-22T01:40:00Z,7537.5,7538.5,7536.25,7538.25,558
2026-07-22T01:45:00Z,7538.25,7542.25,7537.5,7542.0,765
2026-07-22T01:50:00Z,7542.25,7544.5,7541.0,7544.0,568
2026-07-22T01:55:00Z,7544.0,7544.0,7540.5,7541.0,482
2026-07-22T02:00:00Z,7541.25,7541.75,7536.75,7538.25,786
2026-07-22T02:05:00Z,7538.5,7539.5,7536.0,7537.25,418
2026-07-22T02:10:00Z,7537.25,7540.25,7537.0,7539.5,371
2026-07-22T02:15:00Z,7539.5,7540.5,7538.75,7539.5,611
2026-07-22T02:20:00Z,7539.75,7540.5,7539.0,7540.0,321
2026-07-22T02:25:00Z,7540.0,7542.75,7538.25,7541.5,382
2026-07-22T02:30:00Z,7541.25,7541.75,7539.0,7539.5,456
2026-07-22T02:35:00Z,7539.5,7539.75,7538.0,7538.5,313
2026-07-22T02:40:00Z,7538.5,7541.75,7538.25,7541.25,440
2026-07-22T02:45:00Z,7541.5,7543.0,7540.75,7542.5,434
2026-07-22T02:50:00Z,7542.75,7542.75,7541.0,7541.75,301
2026-07-22T02:55:00Z,7542.0,7542.25,7539.5,7541.25,371
2026-07-22T03:00:00Z,7541.0,7542.5,7540.0,7542.0,692
2026-07-22T03:05:00Z,7541.75,7542.5,7538.75,7539.0,592
2026-07-22T03:10:00Z,7538.75,7539.25,7537.75,7538.5,430
2026-07-22T03:15:00Z,7538.5,7540.0,7538.25,7539.75,381
2026-07-22T03:20:00Z,7539.75,7543.75,7539.75,7543.25,466
2026-07-22T03:25:00Z,7543.25,7544.75,7543.0,7544.0,475
2026-07-22T03:30:00Z,7544.0,7544.5,7539.0,7539.75,671
2026-07-22T03:35:00Z,7539.75,7540.5,7538.5,7539.75,319
2026-07-22T03:40:00Z,7539.75,7541.0,7538.75,7539.0,253
2026-07-22T03:45:00Z,7539.25,7540.5,7539.25,7539.75,260
2026-07-22T03:50:00Z,7539.75,7539.75,7535.0,7535.5,816
2026-07-22T03:55:00Z,7535.5,7535.75,7534.25,7535.0,690
2026-07-22T04:05:00Z,7538.0,7538.25,7537.75,7538.25,786
2026-07-22T04:10:00Z,7538.0,7538.5,7536.75,7537.5,230
2026-07-22T04:15:00Z,7537.5,7539.0,7537.5,7538.5,137
2026-07-22T04:20:00Z,7538.25,7539.25,7538.25,7539.0,132
2026-07-22T04:25:00Z,7539.0,7539.0,7538.25,7538.75,231
2026-07-22T04:30:00Z,7538.5,7538.5,7535.75,7536.25,500
2026-07-22T04:35:00Z,7536.25,7537.0,7536.0,7536.5,165
2026-07-22T04:40:00Z,7536.75,7538.25,7536.0,7537.75,250
2026-07-22T04:45:00Z,7537.75,7538.0,7536.0,7536.75,262
2026-07-22T04:50:00Z,7536.75,7537.0,7536.0,7536.0,173
2026-07-22T04:55:00Z,7535.75,7538.25,7535.25,7538.25,406
2026-07-22T05:00:00Z,7538.5,7538.75,7536.25,7536.25,214
2026-07-22T05:05:00Z,7536.25,7536.5,7534.75,7535.0,517
2026-07-22T05:10:00Z,7535.0,7536.0,7534.5,7535.25,435
2026-07-22T05:15:00Z,7535.25,7536.5,7534.5,7535.25,462
2026-07-22T05:20:00Z,7535.25,7535.25,7533.75,7534.25,398
2026-07-22T05:25:00Z,7534.5,7536.5,7534.0,7534.5,366
2026-07-22T05:30:00Z,7534.75,7536.5,7533.5,7536.25,417
2026-07-22T05:35:00Z,7536.25,7536.25,7533.0,7534.75,585
2026-07-22T05:40:00Z,7534.5,7535.0,7532.75,7533.0,570
2026-07-22T05:45:00Z,7533.0,7534.5,7532.0,7534.0,618
2026-07-22T05:50:00Z,7534.0,7537.0,7533.75,7534.5,482
2026-07-22T05:55:00Z,7534.5,7536.5,7534.25,7536.25,252
2026-07-22T06:00:00Z,7536.0,7536.5,7535.0,7535.5,501
2026-07-22T06:05:00Z,7535.5,7535.75,7532.75,7533.0,717
2026-07-22T06:10:00Z,7533.25,7535.0,7533.25,7533.75,490
2026-07-22T06:15:00Z,7534.0,7534.0,7529.0,7529.75,1610
2026-07-22T06:20:00Z,7529.75,7530.0,7523.5,7525.75,2354
2026-07-22T06:25:00Z,7525.5,7526.0,7524.0,7524.5,1112
2026-07-22T06:30:00Z,7524.75,7527.0,7524.25,7527.0,1436
2026-07-22T06:35:00Z,7527.0,7529.5,7526.75,7527.75,704
2026-07-22T06:40:00Z,7527.75,7528.0,7525.5,7525.5,555
2026-07-22T06:45:00Z,7525.25,7525.25,7521.0,7521.75,2032
2026-07-22T06:50:00Z,7522.0,7526.25,7521.5,7525.0,1186
2026-07-22T06:55:00Z,7525.0,7525.25,7522.75,7522.75,740
2026-07-22T07:00:00Z,7522.5,7523.25,7519.0,7520.0,2006
2026-07-22T07:05:00Z,7520.0,7520.0,7516.0,7518.5,1794
2026-07-22T07:10:00Z,7518.75,7523.0,7518.75,7523.0,1792
2026-07-22T07:15:00Z,7523.25,7526.25,7522.75,7525.0,1399
2026-07-22T07:20:00Z,7524.75,7526.0,7521.75,7522.25,922
2026-07-22T07:25:00Z,7522.25,7527.25,7521.25,7525.25,1194
2026-07-22T07:30:00Z,7525.0,7526.25,7519.0,7519.0,2097
2026-07-22T07:35:00Z,7519.25,7520.0,7515.25,7515.5,1651
2026-07-22T07:40:00Z,7515.25,7517.0,7512.0,7517.0,3283
2026-07-22T07:45:00Z,7517.0,7518.75,7513.5,7514.0,2088
2026-07-22T07:50:00Z,7513.75,7517.0,7512.75,7515.5,968
2026-07-22T07:55:00Z,7516.0,7517.0,7515.0,7516.25,851
2026-07-22T08:00:00Z,7516.75,7521.25,7514.75,7521.25,1920
2026-07-22T08:05:00Z,7521.0,7522.75,7518.25,7521.0,1422
2026-07-22T08:10:00Z,7521.0,7521.0,7515.75,7516.25,1342
2026-07-22T08:15:00Z,7516.25,7519.75,7516.25,7518.5,796
2026-07-22T08:20:00Z,7518.75,7522.5,7518.25,7522.0,983
2026-07-22T08:25:00Z,7522.0,7523.75,7521.0,7523.5,1366
2026-07-22T08:30:00Z,7523.5,7526.5,7523.0,7525.5,1588
2026-07-22T08:35:00Z,7525.5,7525.75,7522.25,7522.25,683
2026-07-22T08:40:00Z,7522.5,7523.25,7521.0,7522.25,623
2026-07-22T08:45:00Z,7522.25,7525.25,7522.25,7523.25,762
2026-07-22T08:50:00Z,7523.25,7526.0,7522.25,7525.0,845
2026-07-22T08:55:00Z,7525.0,7526.0,7523.25,7525.0,791
2026-07-22T09:00:00Z,7525.25,7529.5,7524.5,7528.75,1427
2026-07-22T09:05:00Z,7528.75,7531.75,7527.25,7528.75,1592
2026-07-22T09:10:00Z,7529.0,7529.75,7527.5,7528.0,1298
2026-07-22T09:15:00Z,7528.0,7529.25,7527.25,7528.75,719
2026-07-22T09:20:00Z,7528.5,7531.25,7528.25,7530.25,1698
2026-07-22T09:25:00Z,7530.25,7530.5,7527.0,7527.25,730
2026-07-22T09:30:00Z,7527.0,7527.5,7522.25,7522.5,1248
2026-07-22T09:35:00Z,7522.25,7525.0,7522.25,7524.25,817
2026-07-22T09:40:00Z,7524.25,7525.75,7522.5,7524.75,734
2026-07-22T09:45:00Z,7524.5,7526.0,7524.0,7524.75,702
2026-07-22T09:50:00Z,7524.5,7524.5,7520.25,7521.5,1195
2026-07-22T09:55:00Z,7522.0,7526.5,7521.75,7526.25,1061
2026-07-22T10:00:00Z,7526.75,7530.5,7526.25,7529.0,1266
2026-07-22T10:05:00Z,7529.25,7529.5,7526.75,7527.5,452
2026-07-22T10:10:00Z,7527.0,7528.25,7525.5,7525.5,896
2026-07-22T10:15:00Z,7525.25,7526.75,7524.5,7526.75,480
2026-07-22T10:20:00Z,7530.75,7533.0,7530.5,7532.0,2248
2026-07-22T10:25:00Z,7532.0,7532.5,7530.25,7531.5,933
2026-07-22T10:30:00Z,7531.75,7532.75,7530.25,7530.25,903
2026-07-22T10:35:00Z,7530.5,7531.0,7527.75,7528.5,942
2026-07-22T10:40:00Z,7528.5,7529.0,7526.25,7526.25,1062
2026-07-22T10:45:00Z,7526.0,7531.5,7525.75,7531.25,1008
2026-07-22T10:50:00Z,7531.75,7532.0,7530.25,7530.5,533
2026-07-22T10:55:00Z,7530.5,7531.25,7529.75,7530.0,449
2026-07-22T11:00:00Z,7530.0,7530.25,7526.5,7526.5,1215
2026-07-22T11:05:00Z,7526.75,7529.0,7526.5,7528.75,997
2026-07-22T11:10:00Z,7529.0,7529.75,7525.25,7525.25,827
2026-07-22T11:15:00Z,7525.25,7525.25,7523.5,7524.0,893
2026-07-22T11:20:00Z,7523.75,7527.0,7523.75,7525.75,718
2026-07-22T11:25:00Z,7525.75,7525.75,7522.5,7523.0,1265
2026-07-22T11:30:00Z,7523.0,7524.75,7522.75,7524.75,854
2026-07-22T11:35:00Z,7524.75,7526.5,7523.25,7523.5,797
2026-07-22T11:40:00Z,7523.5,7523.5,7511.5,7516.25,7386
2026-07-22T11:45:00Z,7516.25,7523.25,7515.5,7521.75,2754
2026-07-22T11:50:00Z,7521.75,7522.0,7517.5,7518.25,1434
2026-07-22T11:55:00Z,7518.5,7518.75,7515.5,7517.25,1353
2026-07-22T12:00:00Z,7517.5,7520.25,7514.0,7515.5,2887
2026-07-22T12:05:00Z,7515.75,7519.25,7514.75,7516.5,1849
2026-07-22T12:10:00Z,7516.25,7519.25,7515.75,7518.75,1518
2026-07-22T12:15:00Z,7518.75,7519.25,7515.0,7516.0,1727
2026-07-22T12:20:00Z,7516.0,7516.5,7512.25,7512.5,1867
2026-07-22T12:25:00Z,7512.75,7516.5,7512.0,7516.5,1452
2026-07-22T12:30:00Z,7516.75,7522.75,7516.25,7521.25,2948
2026-07-22T12:35:00Z,7521.25,7523.25,7520.25,7522.5,2028
2026-07-22T12:40:00Z,7522.25,7523.0,7521.75,7522.0,1056
2026-07-22T12:45:00Z,7522.0,7522.0,7515.5,7516.5,1928
2026-07-22T12:50:00Z,7516.5,7520.0,7516.0,7519.75,1192
2026-07-22T12:55:00Z,7519.75,7520.0,7504.0,7514.75,9769
2026-07-22T13:00:00Z,7515.0,7519.5,7514.75,7519.25,3654
2026-07-22T13:05:00Z,7519.25,7521.0,7516.25,7520.75,2642
2026-07-22T13:10:00Z,7520.5,7520.5,7517.5,7519.0,2280
2026-07-22T13:15:00Z,7519.0,7524.25,7518.75,7524.0,3620
2026-07-22T13:20:00Z,7524.0,7526.0,7522.5,7526.0,2499
2026-07-22T13:25:00Z,7526.25,7528.75,7523.5,7528.0,5245
2026-07-22T13:30:00Z,7527.75,7537.5,7525.25,7534.75,27836
2026-07-22T13:35:00Z,7534.75,7536.5,7531.75,7535.75,16141
2026-07-22T13:40:00Z,7535.25,7539.25,7532.5,7537.5,12897
2026-07-22T13:45:00Z,7537.25,7542.25,7537.25,7539.5,15831
2026-07-22T13:50:00Z,7539.25,7543.5,7535.5,7543.5,15912
2026-07-22T13:55:00Z,7543.25,7550.0,7542.0,7549.75,19441
2026-07-22T14:00:00Z,7549.75,7552.0,7547.0,7552.0,17103
2026-07-22T14:05:00Z,7552.0,7556.25,7547.5,7547.75,16254
2026-07-22T14:10:00Z,7548.0,7550.25,7543.25,7544.5,12354
2026-07-22T14:15:00Z,7544.75,7545.25,7540.0,7543.5,14642
2026-07-22T14:20:00Z,7543.0,7546.75,7535.75,7538.0,18807
2026-07-22T14:25:00Z,7538.25,7540.0,7532.75,7534.5,15737
2026-07-22T14:30:00Z,7534.5,7540.0,7533.5,7534.25,14587
2026-07-22T14:35:00Z,7534.5,7536.5,7532.5,7535.25,9962
2026-07-22T14:40:00Z,7535.0,7536.5,7529.5,7529.5,12594
2026-07-22T14:45:00Z,7529.75,7537.0,7528.75,7536.0,14058
2026-07-22T14:50:00Z,7536.25,7539.0,7533.0,7536.25,10696
2026-07-22T14:55:00Z,7536.25,7542.25,7534.0,7542.0,9969
2026-07-22T15:00:00Z,7542.0,7546.75,7541.25,7545.25,10704
2026-07-22T15:05:00Z,7545.25,7549.75,7544.25,7548.5,12278
2026-07-22T15:10:00Z,7548.5,7552.75,7548.25,7551.0,12427
2026-07-22T15:15:00Z,7551.25,7552.25,7547.5,7551.0,8738
2026-07-22T15:20:00Z,7551.0,7556.75,7550.5,7555.75,12127
2026-07-22T15:25:00Z,7556.0,7559.5,7555.25,7557.0,12500
2026-07-22T15:30:00Z,7557.0,7558.0,7552.0,7552.5,10554
2026-07-22T15:35:00Z,7552.25,7554.0,7550.0,7551.75,7420
2026-07-22T15:40:00Z,7551.75,7554.75,7550.5,7552.5,6955
2026-07-22T15:45:00Z,7552.5,7556.25,7552.5,7556.0,5972
2026-07-22T15:50:00Z,7556.25,7558.5,7554.75,7555.25,5895
2026-07-22T15:55:00Z,7555.0,7560.75,7554.25,7560.0,6154
2026-07-22T16:00:00Z,7560.25,7561.0,7557.25,7559.5,6284
2026-07-22T16:05:00Z,7559.5,7561.75,7558.0,7560.25,4596
2026-07-22T16:10:00Z,7560.0,7560.75,7558.75,7559.5,4094
2026-07-22T16:15:00Z,7559.75,7563.5,7559.25,7562.75,7221
2026-07-22T16:20:00Z,7562.5,7562.5,7560.5,7561.5,4055
2026-07-22T16:25:00Z,7561.25,7562.25,7559.5,7561.5,3919
2026-07-22T16:30:00Z,7561.5,7562.75,7560.5,7562.0,3756
2026-07-22T16:35:00Z,7561.75,7562.25,7560.5,7561.5,2703
2026-07-22T16:40:00Z,7561.5,7561.5,7559.25,7560.25,4081
2026-07-22T16:45:00Z,7560.5,7561.75,7558.0,7558.75,5028
2026-07-22T16:50:00Z,7558.75,7559.5,7557.5,7558.0,4288
2026-07-22T16:55:00Z,7558.0,7562.5,7557.75,7561.0,3980
2026-07-22T17:00:00Z,7561.0,7562.5,7556.75,7557.5,6372
2026-07-22T17:05:00Z,7557.5,7560.0,7557.25,7558.75,4957
2026-07-22T17:10:00Z,7558.5,7558.75,7554.75,7555.5,4349
2026-07-22T17:15:00Z,7555.75,7557.0,7554.25,7555.0,6529
2026-07-22T17:20:00Z,7555.0,7555.25,7552.0,7554.0,7890
2026-07-22T17:25:00Z,7554.25,7555.5,7552.25,7553.0,5135
2026-07-22T17:30:00Z,7552.75,7555.25,7551.0,7551.0,4589
2026-07-22T17:35:00Z,7551.25,7556.25,7550.75,7556.0,4913
2026-07-22T17:40:00Z,7556.0,7556.0,7553.0,7553.5,3100
2026-07-22T17:45:00Z,7553.5,7555.0,7552.5,7552.75,2669
2026-07-22T17:50:00Z,7553.0,7554.0,7549.25,7549.5,4668
2026-07-22T17:55:00Z,7549.25,7549.5,7546.0,7547.5,7405
2026-07-22T18:00:00Z,7547.5,7549.75,7544.5,7546.25,10564
2026-07-22T18:05:00Z,7546.25,7549.5,7545.0,7545.5,5938
2026-07-22T18:10:00Z,7545.25,7546.25,7542.25,7542.75,6475
2026-07-22T18:15:00Z,7542.5,7546.5,7542.5,7544.75,5712
2026-07-22T18:20:00Z,7545.0,7548.0,7544.0,7544.75,5244
2026-07-22T18:25:00Z,7545.0,7548.25,7544.5,7547.0,4377
2026-07-22T18:30:00Z,7547.25,7547.25,7542.5,7544.5,8512
2026-07-22T18:35:00Z,7544.25,7547.0,7544.0,7546.5,4343
2026-07-22T18:40:00Z,7546.75,7547.25,7544.75,7545.25,5896
2026-07-22T18:45:00Z,7545.25,7549.0,7544.5,7544.75,6429
2026-07-22T18:50:00Z,7544.75,7548.5,7543.5,7547.5,6551
2026-07-22T18:55:00Z,7547.75,7548.5,7546.25,7546.75,4719
2026-07-22T19:00:00Z,7547.0,7547.25,7544.0,7545.25,7168
2026-07-22T19:05:00Z,7545.0,7546.0,7544.0,7544.75,4362
2026-07-22T19:10:00Z,7544.5,7545.0,7541.0,7541.75,7223
2026-07-22T19:15:00Z,7541.75,7544.75,7540.75,7543.75,5537
2026-07-22T19:20:00Z,7543.75,7543.75,7540.75,7541.5,4690
2026-07-22T19:25:00Z,7541.25,7544.25,7539.0,7542.5,8551
2026-07-22T19:30:00Z,7542.5,7542.75,7539.25,7539.5,8299
2026-07-22T19:35:00Z,7539.75,7540.75,7536.25,7536.75,8479
2026-07-22T19:40:00Z,7536.75,7542.25,7536.75,7540.75,9306
2026-07-22T19:45:00Z,7540.75,7544.5,7540.25,7542.75,8761
2026-07-22T19:50:00Z,7543.75,7546.25,7540.0,7541.25,16589
2026-07-22T19:55:00Z,7541.25,7545.75,7535.75,7536.5,62139
2026-07-22T20:00:00Z,7536.75,7552.5,7535.5,7536.25,27399
2026-07-22T20:05:00Z,7536.25,7542.0,7531.75,7536.0,10919
2026-07-22T20:10:00Z,7535.75,7553.25,7535.0,7553.25,7610
2026-07-22T20:15:00Z,7552.75,7554.0,7548.5,7552.5,5087
2026-07-22T20:20:00Z,7552.75,7552.75,7547.25,7551.0,2555
2026-07-22T20:25:00Z,7551.25,7552.0,7546.25,7548.5,2031
2026-07-22T20:30:00Z,7548.25,7549.25,7546.5,7547.75,1536
2026-07-22T20:35:00Z,7547.5,7548.5,7543.0,7546.25,1882
2026-07-22T20:40:00Z,7546.25,7546.75,7544.75,7544.75,1172
2026-07-22T20:45:00Z,7544.5,7546.5,7543.75,7544.5,1153
2026-07-22T20:50:00Z,7544.5,7548.75,7544.5,7547.0,1777
2026-07-22T20:55:00Z,7546.75,7547.0,7541.0,7541.0,2787
2026-07-22T22:00:00Z,7531.25,7536.0,7523.0,7524.5,0
2026-07-22T22:05:00Z,7524.5,7525.75,7522.75,7524.25,1421
2026-07-22T22:10:00Z,7524.5,7526.75,7523.75,7525.25,979
2026-07-22T22:15:00Z,7525.5,7526.5,7522.75,7525.0,776
2026-07-22T22:20:00Z,7524.75,7527.25,7524.25,7525.75,964
2026-07-22T22:25:00Z,7526.0,7526.25,7521.75,7522.25,1285
2026-07-22T22:30:00Z,7522.25,7523.0,7521.25,7522.0,791
2026-07-22T22:35:00Z,7521.75,7522.5,7517.0,7517.5,1900
2026-07-22T22:40:00Z,7517.25,7518.0,7515.75,7517.5,963
2026-07-22T22:45:00Z,7517.5,7520.5,7516.25,7520.5,906
2026-07-22T22:50:00Z,7520.5,7523.5,7520.25,7523.0,637
2026-07-22T22:55:00Z,7523.0,7524.5,7522.0,7522.5,487
2026-07-22T23:00:00Z,7522.5,7522.75,7517.0,7518.75,866
2026-07-22T23:05:00Z,7518.75,7519.5,7517.75,7518.25,409
2026-07-22T23:10:00Z,7518.25,7521.5,7517.75,7521.0,517
2026-07-22T23:15:00Z,7521.0,7521.0,7517.25,7517.75,610
2026-07-22T23:20:00Z,7518.0,7519.25,7517.75,7519.25,209
2026-07-22T23:25:00Z,7519.5,7520.0,7518.25,7519.5,213
2026-07-22T23:30:00Z,7519.25,7521.5,7519.25,7521.0,397
2026-07-22T23:35:00Z,7521.0,7522.25,7520.75,7521.75,181
2026-07-22T23:40:00Z,7522.0,7523.5,7521.75,7523.25,411
2026-07-22T23:45:00Z,7523.0,7528.5,7522.5,7527.0,1266
2026-07-22T23:50:00Z,7527.0,7528.5,7525.75,7527.0,623
2026-07-22T23:55:00Z,7527.0,7530.5,7526.25,7530.25,762
2026-07-23T00:00:00Z,7530.5,7531.75,7527.75,7531.0,1367
2026-07-23T00:05:00Z,7531.0,7533.5,7530.75,7532.0,882
2026-07-23T00:10:00Z,7531.75,7532.75,7529.25,7532.0,740
2026-07-23T00:15:00Z,7531.5,7537.5,7530.25,7536.5,1456
2026-07-23T00:20:00Z,7536.75,7541.25,7536.75,7541.25,1628
2026-07-23T00:25:00Z,7541.5,7545.0,7540.5,7540.75,1542
2026-07-23T00:30:00Z,7540.75,7543.5,7540.5,7543.0,1196
2026-07-23T00:35:00Z,7542.75,7545.0,7542.25,7544.0,894
2026-07-23T00:40:00Z,7544.25,7546.25,7543.75,7544.5,1191
2026-07-23T00:45:00Z,7544.5,7546.0,7543.75,7544.5,616
2026-07-23T00:50:00Z,7544.75,7549.25,7543.5,7548.25,1104
2026-07-23T00:55:00Z,7548.0,7549.0,7546.25,7546.25,681
2026-07-23T01:00:00Z,7546.5,7549.5,7544.5,7548.5,1065
2026-07-23T01:05:00Z,7548.5,7549.5,7546.0,7547.0,707
2026-07-23T01:10:00Z,7547.0,7548.5,7546.75,7547.25,421
2026-07-23T01:15:00Z,7547.5,7548.0,7544.25,7544.25,845
2026-07-23T01:20:00Z,7544.5,7546.5,7543.75,7544.25,1858
2026-07-23T01:25:00Z,7544.25,7545.75,7543.25,7543.75,980
2026-07-23T01:30:00Z,7544.5,7545.5,7540.5,7545.0,1469
2026-07-23T01:35:00Z,7545.25,7546.0,7541.0,7541.0,762
2026-07-23T01:40:00Z,7541.5,7542.25,7539.0,7539.25,885
2026-07-23T01:45:00Z,7539.0,7540.5,7538.5,7539.75,653
2026-07-23T01:50:00Z,7539.5,7542.25,7539.0,7541.5,548
2026-07-23T01:55:00Z,7541.5,7542.25,7538.25,7538.75,475
2026-07-23T02:00:00Z,7538.75,7541.25,7537.5,7541.0,952
2026-07-23T02:05:00Z,7541.0,7541.75,7539.25,7539.25,422
2026-07-23T02:10:00Z,7539.25,7539.5,7536.0,7536.25,941
2026-07-23T02:15:00Z,7536.25,7537.0,7533.25,7533.5,813
2026-07-23T02:20:00Z,7533.75,7533.75,7530.75,7530.75,903
2026-07-23T02:25:00Z,7530.75,7531.5,7529.5,7530.75,766
2026-07-23T02:30:00Z,7531.0,7534.25,7530.5,7533.75,810
2026-07-23T02:35:00Z,7533.75,7533.75,7527.0,7528.0,922
2026-07-23T02:40:00Z,7528.25,7529.25,7526.5,7528.0,760
2026-07-23T02:45:00Z,7528.0,7530.25,7528.0,7528.0,490
2026-07-23T02:50:00Z,7527.75,7531.5,7527.5,7531.25,552
2026-07-23T02:55:00Z,7530.75,7531.75,7530.25,7530.75,324
2026-07-23T03:00:00Z,7531.0,7531.25,7528.25,7528.75,440
2026-07-23T03:05:00Z,7528.5,7529.5,7524.75,7525.75,826
2026-07-23T03:10:00Z,7525.75,7526.0,7521.5,7523.75,1067
2026-07-23T03:15:00Z,7523.75,7524.5,7522.5,7524.5,484
2026-07-23T03:20:00Z,7524.5,7525.5,7523.5,7523.75,509
2026-07-23T03:25:00Z,7523.75,7525.25,7520.75,7525.25,617
2026-07-23T03:30:00Z,7525.25,7528.25,7522.75,7524.0,686
2026-07-23T03:35:00Z,7523.75,7525.75,7523.25,7525.75,379
2026-07-23T03:40:00Z,7526.0,7528.0,7525.25,7527.75,388
2026-07-23T03:45:00Z,7527.75,7528.75,7525.75,7528.5,485
2026-07-23T03:50:00Z,7528.25,7529.0,7526.75,7528.5,350
2026-07-23T03:55:00Z,7528.5,7528.75,7526.75,7528.0,202
2026-07-23T04:05:00Z,7525.0,7525.75,7524.0,7524.0,976
2026-07-23T04:10:00Z,7523.75,7529.0,7523.75,7528.5,435
2026-07-23T04:15:00Z,7529.0,7529.5,7527.25,7527.5,345
2026-07-23T04:20:00Z,7527.5,7530.75,7527.5,7530.5,329
2026-07-23T04:25:00Z,7530.5,7533.75,7529.5,7532.25,814
2026-07-23T04:30:00Z,7532.0,7533.0,7530.25,7532.75,502
2026-07-23T04:35:00Z,7533.0,7533.25,7531.0,7532.75,438
2026-07-23T04:40:00Z,7533.0,7533.0,7529.75,7530.0,336
2026-07-23T04:45:00Z,7530.0,7531.75,7528.25,7528.25,321
2026-07-23T04:50:00Z,7528.25,7528.25,7525.75,7526.75,351
2026-07-23T04:55:00Z,7526.75,7528.0,7526.0,7527.25,201
2026-07-23T05:00:00Z,7527.5,7528.0,7525.0,7526.0,388
2026-07-23T05:05:00Z,7526.25,7526.75,7525.5,7526.0,192
2026-07-23T05:10:00Z,7526.25,7527.25,7524.0,7527.0,353
2026-07-23T05:15:00Z,7526.75,7526.75,7525.0,7526.0,255
2026-07-23T05:20:00Z,7526.0,7528.5,7524.5,7527.25,417
2026-07-23T05:25:00Z,7527.0,7533.25,7527.0,7533.25,460
2026-07-23T05:30:00Z,7533.5,7535.5,7533.0,7533.25,661
2026-07-23T05:35:00Z,7533.5,7533.5,7529.0,7529.25,373
2026-07-23T05:40:00Z,7529.5,7531.75,7528.25,7529.75,358
2026-07-23T05:45:00Z,7529.75,7530.0,7525.0,7525.0,429
2026-07-23T05:50:00Z,7525.0,7526.0,7521.5,7521.5,671
2026-07-23T05:55:00Z,7521.5,7525.0,7521.5,7522.75,712
2026-07-23T06:00:00Z,7522.75,7526.25,7522.5,7524.5,770
2026-07-23T06:05:00Z,7524.5,7525.75,7522.0,7522.5,536
2026-07-23T06:10:00Z,7522.5,7525.0,7522.25,7524.25,626
2026-07-23T06:15:00Z,7524.25,7526.0,7523.0,7526.0,931
2026-07-23T06:20:00Z,7526.0,7526.5,7522.5,7523.75,755
2026-07-23T06:25:00Z,7524.0,7526.25,7523.75,7526.0,1282
2026-07-23T06:30:00Z,7526.0,7526.5,7521.75,7522.75,1017
2026-07-23T06:35:00Z,7522.75,7523.0,7521.5,7521.75,745
2026-07-23T06:40:00Z,7521.75,7522.25,7520.0,7520.25,643
2026-07-23T06:45:00Z,7520.25,7525.5,7520.0,7523.25,743
2026-07-23T06:50:00Z,7523.0,7523.25,7520.0,7521.0,676
2026-07-23T06:55:00Z,7521.0,7521.0,7519.25,7519.75,684
2026-07-23T07:00:00Z,7520.25,7520.5,7512.25,7514.75,3245
2026-07-23T07:05:00Z,7514.75,7515.75,7510.25,7510.25,1969
2026-07-23T07:10:00Z,7510.25,7510.25,7498.5,7505.5,5366
2026-07-23T07:15:00Z,7505.25,7509.0,7505.25,7508.5,2180
2026-07-23T07:20:00Z,7509.0,7511.5,7507.25,7507.5,1488
2026-07-23T07:25:00Z,7507.5,7513.25,7507.5,7509.5,1305
2026-07-23T07:30:00Z,7509.5,7510.25,7502.0,7503.0,1518
2026-07-23T07:35:00Z,7503.0,7505.5,7502.25,7503.25,1031
2026-07-23T07:40:00Z,7503.75,7503.75,7497.5,7498.5,1803
2026-07-23T07:45:00Z,7498.25,7498.5,7495.25,7497.5,1962
2026-07-23T07:50:00Z,7497.5,7500.75,7496.0,7500.0,2194
2026-07-23T07:55:00Z,7500.25,7504.5,7500.25,7504.5,1550
2026-07-23T08:00:00Z,7504.25,7505.25,7498.75,7503.0,2150
2026-07-23T08:05:00Z,7503.0,7511.75,7502.75,7511.75,1926
2026-07-23T08:10:00Z,7511.5,7512.75,7509.0,7511.0,1108
2026-07-23T08:15:00Z,7511.0,7515.25,7508.75,7513.75,1749
2026-07-23T08:20:00Z,7514.0,7514.5,7508.75,7509.75,1068
2026-07-23T08:25:00Z,7509.75,7514.0,7509.25,7513.5,1181
2026-07-23T08:30:00Z,7513.25,7514.5,7510.25,7513.0,1092
2026-07-23T08:35:00Z,7513.0,7513.5,7510.75,7510.75,635
2026-07-23T08:40:00Z,7511.25,7512.0,7507.75,7508.25,1064
2026-07-23T08:45:00Z,7508.0,7511.0,7507.5,7510.5,862
2026-07-23T08:50:00Z,7510.5,7514.75,7509.5,7514.75,980
2026-07-23T08:55:00Z,7514.5,7519.5,7514.25,7518.75,1408
2026-07-23T09:00:00Z,7518.5,7526.0,7516.75,7523.25,3067
2026-07-23T09:05:00Z,7523.25,7523.5,7518.0,7518.25,1200
2026-07-23T09:10:00Z,7518.25,7519.5,7515.25,7515.25,1032
2026-07-23T09:15:00Z,7515.25,7517.0,7514.5,7515.0,914
2026-07-23T09:20:00Z,7514.75,7516.0,7513.25,7514.75,629
2026-07-23T09:25:00Z,7514.75,7515.0,7512.5,7513.75,640
2026-07-23T09:30:00Z,7513.75,7513.75,7510.0,7511.0,767
2026-07-23T09:35:00Z,7511.0,7512.25,7510.5,7512.25,501
2026-07-23T09:40:00Z,7512.0,7514.0,7511.25,7513.25,824
2026-07-23T09:45:00Z,7513.5,7515.5,7513.5,7513.5,547
2026-07-23T09:50:00Z,7513.25,7514.25,7510.25,7512.5,819
2026-07-23T09:55:00Z,7512.5,7513.5,7509.25,7511.25,833
2026-07-23T10:00:00Z,7511.25,7513.5,7510.0,7513.0,1129
2026-07-23T10:05:00Z,7513.25,7514.25,7510.5,7510.75,1051
2026-07-23T10:10:00Z,7510.75,7510.75,7508.5,7509.25,595
2026-07-23T10:15:00Z,7509.25,7512.0,7508.75,7510.25,536
2026-07-23T10:20:00Z,7510.25,7513.25,7510.0,7512.5,615
2026-07-23T10:25:00Z,7512.75,7514.25,7512.0,7512.5,446
2026-07-23T10:30:00Z,7512.25,7519.75,7511.75,7518.0,2094
2026-07-23T10:35:00Z,7518.0,7522.5,7518.0,7521.25,1249
2026-07-23T10:40:00Z,7521.25,7524.25,7519.75,7520.5,1077
2026-07-23T10:45:00Z,7520.5,7522.5,7520.25,7521.75,623
2026-07-23T10:50:00Z,7521.75,7522.0,7519.5,7520.25,674
2026-07-23T10:55:00Z,7520.25,7521.75,7519.5,7520.25,1041
2026-07-23T11:00:00Z,7520.5,7521.75,7513.75,7514.5,1503
2026-07-23T11:05:00Z,7514.5,7514.75,7511.0,7511.25,1010
2026-07-23T11:10:00Z,7511.25,7514.25,7510.5,7514.0,641
2026-07-23T11:15:00Z,7514.0,7515.75,7512.0,7512.25,880
2026-07-23T11:20:00Z,7512.0,7512.25,7505.25,7506.5,2567
2026-07-23T11:25:00Z,7506.5,7508.25,7502.5,7504.5,1750
2026-07-23T11:30:00Z,7504.5,7505.75,7499.75,7501.75,2911
2026-07-23T11:35:00Z,7501.25,7501.5,7491.0,7493.5,6341
2026-07-23T11:40:00Z,7493.5,7496.25,7490.0,7493.0,3964
2026-07-23T11:45:00Z,7492.75,7496.25,7490.75,7494.5,2953
2026-07-23T11:50:00Z,7494.25,7503.25,7494.25,7498.0,4810
2026-07-23T11:55:00Z,7498.0,7501.25,7496.75,7500.0,1577
2026-07-23T12:00:00Z,7500.0,7501.5,7496.75,7498.5,3592
2026-07-23T12:05:00Z,7498.5,7499.5,7493.75,7494.75,1998
2026-07-23T12:10:00Z,7494.5,7496.5,7492.25,7492.5,2076
2026-07-23T12:15:00Z,7492.75,7496.75,7487.0,7488.5,6707
2026-07-23T12:20:00Z,7488.25,7489.0,7482.0,7483.0,5157
2026-07-23T12:25:00Z,7483.0,7484.0,7477.75,7481.5,4877
2026-07-23T12:30:00Z,7481.25,7482.5,7475.0,7477.75,6169
2026-07-23T12:35:00Z,7477.5,7478.5,7471.25,7473.75,5839
2026-07-23T12:40:00Z,7473.25,7473.5,7466.75,7470.75,9716
2026-07-23T12:45:00Z,7470.75,7471.75,7462.0,7468.25,7921
2026-07-23T12:50:00Z,7468.25,7471.0,7465.0,7467.0,5414
2026-07-23T12:55:00Z,7467.25,7469.0,7463.75,7466.0,4235
2026-07-23T13:00:00Z,7465.75,7468.0,7461.0,7462.75,5601
2026-07-23T13:05:00Z,7462.75,7464.0,7456.5,7457.75,10047
2026-07-23T13:10:00Z,7458.75,7459.5,7453.25,7458.25,8914
2026-07-23T13:15:00Z,7458.25,7459.0,7453.25,7456.75,7980
2026-07-23T13:20:00Z,7456.5,7457.0,7451.0,7451.25,7174
2026-07-23T13:25:00Z,7451.5,7454.5,7449.25,7453.5,9836
2026-07-23T13:30:00Z,7453.0,7474.5,7445.0,7473.5,51318
2026-07-23T13:35:00Z,7472.75,7479.25,7468.75,7474.75,28845
2026-07-23T13:40:00Z,7475.0,7486.25,7474.5,7479.0,26344
2026-07-23T13:45:00Z,7478.75,7480.5,7462.25,7464.25,31058
2026-07-23T13:50:00Z,7464.0,7469.75,7457.25,7469.75,25591
2026-07-23T13:55:00Z,7469.75,7473.75,7453.0,7455.75,22984
2026-07-23T14:00:00Z,7456.25,7466.5,7455.75,7463.75,22490
2026-07-23T14:05:00Z,7463.75,7469.75,7448.75,7453.75,25783
2026-07-23T14:10:00Z,7453.5,7465.75,7452.25,7457.0,25732
2026-07-23T14:15:00Z,7457.0,7463.75,7454.25,7455.25,22937
2026-07-23T14:20:00Z,7455.25,7464.75,7451.5,7454.0,19793
2026-07-23T14:25:00Z,7454.0,7459.75,7450.0,7458.0,18980
2026-07-23T14:30:00Z,7457.75,7460.25,7446.5,7450.0,16664
2026-07-23T14:35:00Z,7450.0,7465.5,7446.0,7464.25,22075
2026-07-23T14:40:00Z,7463.5,7467.0,7446.5,7448.75,19717
2026-07-23T14:45:00Z,7448.5,7454.75,7446.75,7448.5,17999
2026-07-23T14:50:00Z,7448.5,7451.0,7440.0,7441.75,21106
2026-07-23T14:55:00Z,7441.75,7446.0,7440.75,7443.25,15460
2026-07-23T15:00:00Z,7443.75,7445.0,7435.0,7436.75,19215
2026-07-23T15:05:00Z,7436.75,7437.25,7429.25,7431.25,22846
2026-07-23T15:10:00Z,7431.5,7434.5,7424.25,7426.25,22692
2026-07-23T15:15:00Z,7426.25,7433.0,7425.75,7432.0,20466
2026-07-23T15:20:00Z,7432.25,7437.0,7420.0,7427.0,29110
2026-07-23T15:25:00Z,7426.75,7427.5,7418.0,7419.25,18976
2026-07-23T15:30:00Z,7419.0,7424.0,7411.75,7424.0,24234
2026-07-23T15:35:00Z,7424.0,7434.75,7423.75,7433.75,23063
2026-07-23T15:40:00Z,7433.5,7437.0,7426.5,7426.75,15729
2026-07-23T15:45:00Z,7426.5,7430.25,7423.5,7429.25,12256
2026-07-23T15:50:00Z,7429.0,7433.5,7426.0,7433.25,11948
2026-07-23T15:55:00Z,7433.5,7439.25,7431.0,7438.5,12569
2026-07-23T16:00:00Z,7438.75,7443.25,7435.25,7440.5,16763
2026-07-23T16:05:00Z,7440.5,7444.75,7435.25,7444.5,13348
2026-07-23T16:10:00Z,7444.5,7448.75,7444.0,7446.0,12826
2026-07-23T16:15:00Z,7446.0,7448.5,7442.0,7445.75,10930
2026-07-23T16:20:00Z,7445.75,7457.0,7445.5,7455.0,15268
2026-07-23T16:25:00Z,7454.75,7456.5,7451.25,7454.75,11885
2026-07-23T16:30:00Z,7454.75,7455.0,7450.75,7451.5,9222
2026-07-23T16:35:00Z,7451.75,7457.5,7449.75,7457.0,10925
2026-07-23T16:40:00Z,7457.25,7457.25,7449.75,7449.75,10276
2026-07-23T16:45:00Z,7449.5,7449.75,7440.25,7440.25,13804
2026-07-23T16:50:00Z,7440.25,7443.75,7437.75,7440.25,13201
2026-07-23T16:55:00Z,7440.0,7447.5,7440.0,7446.75,11644
2026-07-23T17:00:00Z,7446.75,7449.75,7442.25,7442.5,11148
2026-07-23T17:05:00Z,7442.25,7445.25,7438.0,7445.0,9940
2026-07-23T17:10:00Z,7445.0,7448.75,7444.25,7446.0,8768
2026-07-23T17:15:00Z,7446.0,7449.25,7441.5,7445.5,11909
2026-07-23T17:20:00Z,7445.75,7450.5,7444.25,7450.0,7975
2026-07-23T17:25:00Z,7450.0,7452.25,7447.5,7447.75,6987
2026-07-23T17:30:00Z,7447.5,7448.0,7440.5,7441.0,8881
2026-07-23T17:35:00Z,7440.75,7441.25,7434.75,7436.5,9283
2026-07-23T17:40:00Z,7436.5,7439.25,7433.0,7437.5,8860
2026-07-23T17:45:00Z,7437.5,7443.25,7435.5,7441.75,9569
2026-07-23T17:50:00Z,7442.0,7442.75,7437.5,7437.5,7456
2026-07-23T17:55:00Z,7437.25,7437.25,7431.75,7432.0,6807
2026-07-23T18:00:00Z,7432.25,7433.5,7429.0,7430.0,8666
2026-07-23T18:05:00Z,7430.0,7432.0,7428.25,7429.25,6785
2026-07-23T18:10:00Z,7429.25,7434.25,7429.0,7430.0,7116
2026-07-23T18:15:00Z,7430.0,7434.25,7428.75,7430.5,6696
2026-07-23T18:20:00Z,7431.0,7435.0,7429.75,7434.75,6404
2026-07-23T18:25:00Z,7434.75,7435.5,7430.75,7435.0,5929
2026-07-23T18:30:00Z,7434.75,7437.5,7433.75,7436.5,7342
2026-07-23T18:35:00Z,7436.75,7437.5,7428.5,7430.0,8313
2026-07-23T18:40:00Z,7429.75,7430.75,7426.75,7429.0,6504
2026-07-23T18:45:00Z,7429.0,7435.5,7428.75,7434.0,8330
2026-07-23T18:50:00Z,7434.0,7434.5,7427.5,7427.75,6922
2026-07-23T18:55:00Z,7428.0,7431.5,7427.0,7431.25,7309
2026-07-23T19:00:00Z,7431.25,7435.0,7428.5,7428.75,7657
2026-07-23T19:05:00Z,7428.75,7430.75,7427.75,7428.25,6464
2026-07-23T19:10:00Z,7428.0,7430.0,7425.5,7427.5,5940
2026-07-23T19:15:00Z,7427.0,7432.75,7427.0,7431.0,7966
2026-07-23T19:20:00Z,7431.0,7437.75,7430.75,7437.5,11200
2026-07-23T19:25:00Z,7437.75,7440.75,7434.5,7436.25,12577
2026-07-23T19:30:00Z,7436.25,7438.5,7428.25,7432.75,14852
2026-07-23T19:35:00Z,7432.75,7433.75,7429.75,7430.5,7142
2026-07-23T19:40:00Z,7430.5,7431.5,7424.0,7424.25,12136
2026-07-23T19:45:00Z,7424.0,7425.75,7418.5,7420.75,16113
2026-07-23T19:50:00Z,7421.0,7430.75,7420.75,7429.0,27665
2026-07-23T19:55:00Z,7429.5,7447.75,7429.25,7443.75,77588
2026-07-23T20:00:00Z,7444.0,7456.0,7443.5,7453.0,27286
2026-07-23T20:05:00Z,7453.0,7453.25,7449.0,7451.0,6022
2026-07-23T20:10:00Z,7451.0,7455.25,7450.5,7453.25,5394
2026-07-23T20:15:00Z,7453.25,7457.0,7452.75,7455.25,3136
2026-07-23T20:20:00Z,7455.25,7457.5,7453.5,7457.5,2048
2026-07-23T20:25:00Z,7457.25,7458.0,7454.25,7455.25,2418
2026-07-23T20:30:00Z,7455.25,7458.25,7454.25,7456.5,2816
2026-07-23T20:35:00Z,7456.75,7458.0,7455.75,7456.75,1828
2026-07-23T20:40:00Z,7456.5,7456.75,7452.5,7453.5,1466
2026-07-23T20:45:00Z,7453.5,7453.75,7452.25,7453.0,1081
2026-07-23T20:50:00Z,7452.75,7454.25,7452.25,7454.0,1101
2026-07-23T20:55:00Z,7454.0,7456.5,7453.25,7455.75,1818
2026-07-23T22:00:00Z,7452.5,7454.0,7445.75,7446.5,0
2026-07-23T22:05:00Z,7446.25,7448.25,7445.5,7447.0,654
2026-07-23T22:10:00Z,7446.75,7446.75,7442.75,7444.75,806
2026-07-23T22:15:00Z,7444.75,7445.5,7443.5,7443.75,382
2026-07-23T22:20:00Z,7444.0,7450.0,7443.5,7449.0,472
2026-07-23T22:25:00Z,7449.0,7449.0,7446.25,7446.5,436
2026-07-23T22:30:00Z,7447.0,7450.0,7447.0,7448.25,411
2026-07-23T22:35:00Z,7448.0,7449.25,7446.5,7447.25,317
2026-07-23T22:40:00Z,7447.25,7448.75,7446.5,7448.5,384
2026-07-23T22:45:00Z,7448.5,7451.25,7448.25,7449.5,367
2026-07-23T22:50:00Z,7449.5,7451.0,7449.25,7450.75,241
2026-07-23T22:55:00Z,7451.0,7454.0,7451.0,7453.25,413
2026-07-23T23:00:00Z,7453.25,7453.75,7448.75,7449.25,533
2026-07-23T23:05:00Z,7449.5,7451.25,7448.25,7449.25,496
2026-07-23T23:10:00Z,7449.5,7449.5,7447.75,7449.25,189
2026-07-23T23:15:00Z,7449.25,7450.5,7448.0,7449.0,302
2026-07-23T23:20:00Z,7448.75,7450.5,7448.75,7449.5,165
2026-07-23T23:25:00Z,7449.5,7451.0,7449.0,7450.25,299
2026-07-23T23:30:00Z,7449.75,7450.75,7448.25,7450.0,258
2026-07-23T23:35:00Z,7450.0,7450.0,7447.0,7447.25,252
2026-07-23T23:40:00Z,7447.25,7450.5,7444.5,7448.5,1051
2026-07-23T23:45:00Z,7449.0,7452.25,7447.5,7448.5,851
2026-07-23T23:50:00Z,7448.25,7449.5,7445.0,7446.0,796
2026-07-23T23:55:00Z,7446.25,7450.75,7446.0,7449.0,477
2026-07-24T00:00:00Z,7449.25,7455.25,7447.25,7447.5,2297
2026-07-24T00:05:00Z,7447.75,7450.5,7444.75,7446.25,2093
2026-07-24T00:10:00Z,7446.25,7448.0,7443.5,7447.25,1175
2026-07-24T00:15:00Z,7448.0,7450.75,7444.5,7447.5,1940
2026-07-24T00:20:00Z,7447.5,7455.25,7446.25,7452.75,1597
2026-07-24T00:25:00Z,7453.0,7453.75,7449.75,7450.75,716
2026-07-24T00:30:00Z,7451.25,7451.25,7447.25,7448.0,654
2026-07-24T00:35:00Z,7448.0,7452.75,7446.75,7451.25,735
2026-07-24T00:40:00Z,7451.25,7456.0,7451.25,7454.25,1119
2026-07-24T00:45:00Z,7454.5,7457.0,7453.5,7454.5,976
2026-07-24T00:50:00Z,7454.5,7455.25,7449.75,7450.0,747
2026-07-24T00:55:00Z,7450.0,7454.75,7448.5,7454.25,1001
2026-07-24T01:00:00Z,7454.5,7456.75,7452.5,7455.75,1175
2026-07-24T01:05:00Z,7455.75,7457.25,7454.75,7455.5,657
2026-07-24T01:10:00Z,7455.25,7456.0,7452.5,7453.0,694
2026-07-24T01:15:00Z,7453.25,7455.5,7451.75,7453.75,570
2026-07-24T01:20:00Z,7453.75,7454.5,7451.0,7452.75,490
2026-07-24T01:25:00Z,7452.75,7457.5,7452.75,7453.25,661
2026-07-24T01:30:00Z,7453.25,7458.0,7452.5,7457.25,897
2026-07-24T01:35:00Z,7457.5,7458.0,7454.5,7454.75,597
2026-07-24T01:40:00Z,7454.75,7459.25,7453.75,7457.0,997
2026-07-24T01:45:00Z,7456.75,7457.25,7454.0,7454.0,466
2026-07-24T01:50:00Z,7453.75,7454.5,7451.5,7454.0,619
2026-07-24T01:55:00Z,7453.75,7455.0,7450.25,7451.0,663
2026-07-24T02:00:00Z,7451.25,7451.75,7449.5,7449.75,702
2026-07-24T02:05:00Z,7449.75,7451.0,7448.5,7451.0,563
2026-07-24T02:10:00Z,7451.25,7453.25,7450.75,7451.5,533
2026-07-24T02:15:00Z,7451.5,7452.25,7449.75,7450.0,482
2026-07-24T02:20:00Z,7449.75,7451.25,7448.0,7451.0,495
2026-07-24T02:25:00Z,7451.0,7452.75,7449.5,7450.0,541
2026-07-24T02:30:00Z,7450.0,7450.0,7445.5,7446.0,672
2026-07-24T02:35:00Z,7446.0,7446.25,7442.75,7443.0,779
2026-07-24T02:40:00Z,7443.25,7444.0,7442.75,7442.75,481
2026-07-24T02:45:00Z,7442.5,7443.0,7440.25,7441.0,833
2026-07-24T02:50:00Z,7441.0,7442.25,7440.0,7440.25,581
2026-07-24T02:55:00Z,7440.25,7442.5,7439.25,7439.5,835
2026-07-24T03:00:00Z,7439.5,7442.25,7439.25,7441.5,823
2026-07-24T03:05:00Z,7441.5,7443.0,7439.5,7439.75,517
2026-07-24T03:10:00Z,7440.0,7442.75,7439.25,7441.75,602
2026-07-24T03:15:00Z,7441.75,7444.0,7441.0,7441.0,703
2026-07-24T03:20:00Z,7441.0,7442.5,7440.0,7440.75,409
2026-07-24T03:25:00Z,7440.5,7444.0,7440.25,7442.25,384
2026-07-24T03:30:00Z,7442.25,7443.25,7438.0,7440.0,750
2026-07-24T03:35:00Z,7439.75,7442.0,7438.75,7440.5,588
2026-07-24T03:40:00Z,7440.75,7441.0,7438.25,7439.0,377
2026-07-24T03:45:00Z,7438.75,7441.25,7437.25,7439.5,878
2026-07-24T03:50:00Z,7439.5,7440.0,7438.0,7438.25,433
2026-07-24T03:55:00Z,7438.25,7438.25,7436.75,7437.25,334
2026-07-24T04:05:00Z,7440.5,7441.0,7440.0,7440.5,1384
2026-07-24T04:10:00Z,7440.75,7440.75,7436.75,7437.0,411
2026-07-24T04:15:00Z,7437.25,7440.0,7436.75,7439.5,323
2026-07-24T04:20:00Z,7439.5,7442.75,7437.0,7442.25,527
2026-07-24T04:25:00Z,7442.25,7444.75,7441.0,7444.25,667
2026-07-24T04:30:00Z,7444.25,7444.5,7441.75,7442.5,335
2026-07-24T04:35:00Z,7442.5,7443.5,7440.25,7440.25,260
2026-07-24T04:40:00Z,7440.5,7440.75,7437.5,7439.75,492
2026-07-24T04:45:00Z,7439.75,7441.0,7438.5,7439.25,261
2026-07-24T04:50:00Z,7439.25,7442.75,7439.0,7441.5,331
2026-07-24T04:55:00Z,7441.75,7443.75,7441.25,7443.5,325
2026-07-24T05:00:00Z,7443.25,7444.5,7441.5,7443.5,483
2026-07-24T05:05:00Z,7443.5,7448.0,7443.5,7445.75,983
2026-07-24T05:10:00Z,7446.0,7446.75,7444.5,7446.25,319
2026-07-24T05:15:00Z,7445.75,7447.0,7444.25,7446.0,446
2026-07-24T05:20:00Z,7446.25,7448.0,7445.25,7447.25,426
2026-07-24T05:25:00Z,7447.25,7449.25,7446.5,7446.75,742
2026-07-24T05:30:00Z,7447.0,7448.25,7445.25,7446.75,662
2026-07-24T05:35:00Z,7446.75,7447.5,7444.75,7446.75,424
2026-07-24T05:40:00Z,7446.75,7448.0,7444.75,7447.75,756
2026-07-24T05:45:00Z,7447.5,7450.5,7447.25,7447.75,492
2026-07-24T05:50:00Z,7447.75,7448.5,7443.5,7443.5,549
2026-07-24T05:55:00Z,7443.75,7444.25,7442.0,7442.0,471
2026-07-24T06:00:00Z,7442.25,7442.75,7438.75,7439.25,747
2026-07-24T06:05:00Z,7439.25,7439.75,7437.5,7438.5,739
2026-07-24T06:10:00Z,7438.75,7440.0,7436.5,7437.5,868
2026-07-24T06:15:00Z,7437.75,7443.5,7437.0,7443.5,1184
2026-07-24T06:20:00Z,7443.5,7446.25,7443.5,7445.0,872
2026-07-24T06:25:00Z,7445.0,7447.25,7440.0,7441.75,906
2026-07-24T06:30:00Z,7441.75,7442.5,7440.0,7442.5,635
2026-07-24T06:35:00Z,7442.5,7445.0,7441.25,7441.75,594
2026-07-24T06:40:00Z,7442.0,7442.25,7437.5,7437.5,301
2026-07-24T06:45:00Z,7437.75,7437.75,7433.75,7434.5,765
2026-07-24T06:50:00Z,7434.5,7439.25,7434.25,7438.75,681
2026-07-24T06:55:00Z,7438.5,7443.5,7437.5,7442.5,836
2026-07-24T07:00:00Z,7443.0,7449.5,7442.0,7447.25,2312
2026-07-24T07:05:00Z,7447.0,7452.25,7446.0,7452.25,1209
2026-07-24T07:10:00Z,7452.25,7456.25,7452.25,7456.0,2621
2026-07-24T07:15:00Z,7456.0,7459.75,7454.25,7459.25,2286
2026-07-24T07:20:00Z,7459.25,7460.75,7457.25,7458.0,1270
2026-07-24T07:25:00Z,7458.0,7462.75,7458.0,7461.75,1187
2026-07-24T07:30:00Z,7462.0,7463.25,7458.75,7459.75,1095
2026-07-24T07:35:00Z,7460.0,7461.5,7458.0,7458.25,600
2026-07-24T07:40:00Z,7458.25,7458.5,7454.5,7456.75,913
2026-07-24T07:45:00Z,7456.75,7457.75,7455.75,7457.5,725
2026-07-24T07:50:00Z,7457.75,7458.5,7455.5,7457.5,679
2026-07-24T07:55:00Z,7457.5,7458.5,7456.0,7456.5,488
2026-07-24T08:00:00Z,7456.75,7456.75,7452.5,7453.25,1385
2026-07-24T08:05:00Z,7453.0,7453.75,7449.75,7452.0,1456
2026-07-24T08:10:00Z,7452.25,7453.0,7449.25,7451.25,827
2026-07-24T08:15:00Z,7451.25,7455.25,7451.0,7453.5,772
2026-07-24T08:20:00Z,7453.5,7455.0,7452.5,7452.75,719
2026-07-24T08:25:00Z,7452.75,7459.0,7451.5,7458.5,1265
2026-07-24T08:30:00Z,7458.5,7461.25,7457.25,7460.0,1214
2026-07-24T08:35:00Z,7460.0,7462.0,7458.5,7459.75,647
2026-07-24T08:40:00Z,7459.75,7460.25,7457.5,7459.5,797
2026-07-24T08:45:00Z,7459.25,7459.75,7456.0,7458.0,430
2026-07-24T08:50:00Z,7458.0,7458.75,7456.25,7457.75,661
2026-07-24T08:55:00Z,7457.5,7459.25,7456.25,7457.25,1031
2026-07-24T09:00:00Z,7457.5,7459.25,7456.25,7457.25,1142
2026-07-24T09:05:00Z,7457.0,7465.25,7456.75,7464.75,1518
2026-07-24T09:10:00Z,7464.75,7465.25,7459.0,7459.75,1149
2026-07-24T09:15:00Z,7459.5,7461.25,7457.75,7460.25,867
2026-07-24T09:20:00Z,7460.25,7463.5,7460.0,7463.0,1002
2026-07-24T09:25:00Z,7462.75,7465.0,7462.75,7463.5,1196
2026-07-24T09:30:00Z,7463.75,7465.75,7462.0,7465.5,1104
2026-07-24T09:35:00Z,7465.5,7466.75,7464.5,7465.75,1199
2026-07-24T09:40:00Z,7465.75,7467.0,7464.75,7466.25,762
2026-07-24T09:45:00Z,7466.25,7467.5,7464.5,7464.5,789
2026-07-24T09:50:00Z,7464.5,7465.75,7463.75,7464.0,695
2026-07-24T09:55:00Z,7464.25,7466.25,7464.0,7465.75,793
2026-07-24T10:00:00Z,7465.75,7467.0,7463.25,7463.25,994
2026-07-24T10:05:00Z,7463.5,7464.25,7460.25,7461.0,1119
2026-07-24T10:10:00Z,7461.25,7461.75,7460.0,7461.5,763
2026-07-24T10:15:00Z,7461.25,7462.25,7460.25,7461.5,446
2026-07-24T10:20:00Z,7461.5,7462.25,7460.25,7461.5,596
2026-07-24T10:25:00Z,7461.5,7462.75,7459.25,7461.75,879
2026-07-24T10:30:00Z,7461.75,7464.5,7461.0,7461.5,893
2026-07-24T10:35:00Z,7461.5,7461.5,7459.0,7459.5,687
2026-07-24T10:40:00Z,7459.75,7460.75,7459.25,7460.75,448
2026-07-24T10:45:00Z,7460.25,7461.75,7459.75,7461.0,570
2026-07-24T10:50:00Z,7461.0,7461.0,7458.25,7458.75,798
2026-07-24T10:55:00Z,7458.75,7460.75,7457.75,7458.5,951
2026-07-24T11:00:00Z,7458.5,7462.5,7458.0,7461.0,1698
2026-07-24T11:05:00Z,7461.25,7463.0,7459.5,7460.0,1215
2026-07-24T11:10:00Z,7460.25,7461.25,7459.25,7460.75,508
2026-07-24T11:15:00Z,7461.0,7462.5,7460.5,7461.25,608
2026-07-24T11:20:00Z,7461.5,7462.0,7458.75,7460.75,657
2026-07-24T11:25:00Z,7461.0,7461.25,7458.75,7459.75,642
2026-07-24T11:30:00Z,7459.5,7460.25,7457.0,7457.0,977
2026-07-24T11:35:00Z,7457.0,7460.5,7456.0,7457.25,1476
2026-07-24T11:40:00Z,7457.25,7457.25,7455.25,7455.25,1018
2026-07-24T11:45:00Z,7455.5,7457.0,7454.0,7456.5,1413
2026-07-24T11:50:00Z,7456.5,7458.5,7456.0,7456.25,1295
2026-07-24T11:55:00Z,7456.25,7469.0,7453.0,7465.0,7087
2026-07-24T12:00:00Z,7465.0,7466.0,7458.0,7461.0,3544
2026-07-24T12:05:00Z,7461.25,7464.5,7457.5,7463.75,1832
2026-07-24T12:10:00Z,7463.75,7467.75,7462.5,7466.5,2678
2026-07-24T12:15:00Z,7466.75,7467.75,7464.25,7465.25,2051
2026-07-24T12:20:00Z,7465.0,7467.25,7463.25,7466.25,1741
2026-07-24T12:25:00Z,7466.25,7467.25,7460.5,7466.0,2635
2026-07-24T12:30:00Z,7465.75,7466.5,7459.25,7459.75,2201
2026-07-24T12:35:00Z,7459.75,7462.5,7459.0,7459.5,1949
2026-07-24T12:40:00Z,7459.5,7460.25,7454.5,7455.5,2344
2026-07-24T12:45:00Z,7455.75,7456.5,7453.5,7455.0,2030
2026-07-24T12:50:00Z,7455.0,7455.5,7452.5,7452.75,1878
2026-07-24T12:55:00Z,7453.25,7453.25,7449.0,7450.0,3358
2026-07-24T13:00:00Z,7450.0,7451.75,7448.5,7450.25,3421
2026-07-24T13:05:00Z,7450.25,7450.75,7446.5,7449.0,2936
2026-07-24T13:10:00Z,7449.0,7451.5,7448.5,7450.0,2259
2026-07-24T13:15:00Z,7450.0,7453.75,7449.5,7452.25,2823
2026-07-24T13:20:00Z,7452.25,7453.0,7448.5,7451.5,2769
2026-07-24T13:25:00Z,7451.25,7453.0,7443.5,7443.75,7528
2026-07-24T13:30:00Z,7444.0,7453.5,7442.25,7451.25,32502
2026-07-24T13:35:00Z,7451.0,7455.0,7447.0,7449.25,20363
2026-07-24T13:40:00Z,7449.75,7450.0,7444.75,7446.5,14696
2026-07-24T13:45:00Z,7446.5,7457.25,7444.25,7456.75,20582
2026-07-24T13:50:00Z,7456.75,7456.75,7435.0,7436.5,27316
2026-07-24T13:55:00Z,7436.5,7440.25,7432.5,7433.5,20923
2026-07-24T14:00:00Z,7433.75,7445.25,7431.5,7436.0,24756
2026-07-24T14:05:00Z,7436.0,7453.5,7435.0,7451.0,21971
2026-07-24T14:10:00Z,7451.25,7458.25,7446.5,7454.0,25359
2026-07-24T14:15:00Z,7454.25,7455.75,7438.5,7443.75,22474
2026-07-24T14:20:00Z,7443.75,7458.5,7439.75,7454.0,21119
2026-07-24T14:25:00Z,7454.25,7456.0,7448.0,7450.25,16502
2026-07-24T14:30:00Z,7450.25,7451.0,7442.0,7442.0,14965
2026-07-24T14:35:00Z,7442.0,7447.0,7437.75,7439.25,13336
2026-07-24T14:40:00Z,7439.0,7442.5,7437.0,7437.5,17092
2026-07-24T14:45:00Z,7437.5,7444.25,7432.75,7444.0,18426
2026-07-24T14:50:00Z,7444.25,7452.0,7444.0,7448.75,15800
2026-07-24T14:55:00Z,7448.75,7466.5,7448.75,7465.0,22690
2026-07-24T15:00:00Z,7465.0,7468.75,7461.0,7461.5,20568
2026-07-24T15:05:00Z,7461.5,7465.5,7455.5,7455.75,14724
2026-07-24T15:10:00Z,7455.75,7481.25,7454.75,7478.0,38381
2026-07-24T15:15:00Z,7477.75,7489.5,7472.25,7474.25,31109
2026-07-24T15:20:00Z,7474.25,7486.0,7473.25,7483.25,15998
2026-07-24T15:25:00Z,7483.25,7491.0,7482.5,7485.25,16651
2026-07-24T15:30:00Z,7485.5,7488.5,7479.5,7480.0,15712
2026-07-24T15:35:00Z,7480.0,7490.75,7479.5,7490.5,13580
2026-07-24T15:40:00Z,7490.25,7492.0,7479.5,7482.0,17420
2026-07-24T15:45:00Z,7482.25,7485.75,7478.0,7480.5,10123
2026-07-24T15:50:00Z,7480.5,7487.0,7480.5,7485.0,11013
2026-07-24T15:55:00Z,7485.0,7491.0,7484.5,7489.5,10902
2026-07-24T16:00:00Z,7489.75,7491.75,7485.75,7491.25,9066
2026-07-24T16:05:00Z,7491.25,7495.0,7488.75,7492.25,13388
2026-07-24T16:10:00Z,7492.5,7496.5,7487.25,7489.0,13160
2026-07-24T16:15:00Z,7489.0,7492.75,7487.5,7490.75,8655
2026-07-24T16:20:00Z,7491.0,7494.5,7490.5,7493.0,6356
2026-07-24T16:25:00Z,7493.0,7495.25,7491.0,7491.0,6844
2026-07-24T16:30:00Z,7491.5,7491.5,7482.5,7484.5,20193
2026-07-24T16:35:00Z,7484.25,7487.0,7481.5,7482.0,8258
2026-07-24T16:40:00Z,7481.5,7481.75,7475.5,7475.75,11447
2026-07-24T16:45:00Z,7475.5,7477.5,7468.25,7470.75,13421
2026-07-24T16:50:00Z,7470.75,7471.5,7466.25,7469.5,12720
2026-07-24T16:55:00Z,7469.25,7476.5,7467.5,7473.75,10161
2026-07-24T17:00:00Z,7473.75,7475.0,7469.0,7471.0,9851
2026-07-24T17:05:00Z,7470.5,7472.25,7462.5,7463.0,16910
2026-07-24T17:10:00Z,7462.75,7469.75,7461.0,7468.25,10229
2026-07-24T17:15:00Z,7468.25,7474.0,7465.5,7473.5,7871
2026-07-24T17:20:00Z,7473.5,7474.0,7467.75,7472.0,7296
2026-07-24T17:25:00Z,7472.25,7477.5,7469.0,7476.5,7136
2026-07-24T17:30:00Z,7476.25,7481.0,7474.25,7480.25,7512
2026-07-24T17:35:00Z,7480.5,7480.75,7473.5,7474.25,6888
2026-07-24T17:40:00Z,7474.5,7474.75,7469.75,7469.75,6343
2026-07-24T17:45:00Z,7469.75,7473.0,7468.25,7472.25,5166
2026-07-24T17:50:00Z,7472.5,7474.5,7468.75,7471.75,4890
2026-07-24T17:55:00Z,7472.0,7473.25,7469.0,7469.0,4815
2026-07-24T18:00:00Z,7469.0,7472.0,7467.0,7468.0,5774
2026-07-24T18:05:00Z,7468.0,7472.25,7466.0,7469.25,6507
2026-07-24T18:10:00Z,7469.75,7470.0,7464.0,7465.0,6985
2026-07-24T18:15:00Z,7465.0,7465.75,7460.25,7461.0,7521
2026-07-24T18:20:00Z,7461.0,7461.25,7456.25,7457.25,9210
2026-07-24T18:25:00Z,7457.0,7457.75,7448.75,7449.25,12224
2026-07-24T18:30:00Z,7449.75,7450.75,7439.5,7440.5,17032
2026-07-24T18:35:00Z,7440.75,7445.25,7437.0,7441.25,19869
2026-07-24T18:40:00Z,7441.25,7441.25,7435.5,7437.5,14477
2026-07-24T18:45:00Z,7437.5,7446.0,7436.75,7442.0,11555
2026-07-24T18:50:00Z,7442.25,7444.25,7439.5,7441.0,6448
2026-07-24T18:55:00Z,7441.0,7446.25,7440.25,7443.25,8619
2026-07-24T19:00:00Z,7443.25,7448.5,7441.25,7442.0,12467
2026-07-24T19:05:00Z,7442.0,7445.75,7434.75,7435.5,11827
2026-07-24T19:10:00Z,7435.5,7441.75,7434.0,7435.5,11722
2026-07-24T19:15:00Z,7435.75,7437.25,7433.75,7437.25,10661
2026-07-24T19:20:00Z,7437.25,7439.5,7432.0,7433.5,11262
2026-07-24T19:25:00Z,7433.5,7437.75,7432.25,7435.75,9632
2026-07-24T19:30:00Z,7435.75,7443.25,7435.5,7440.0,17007
2026-07-24T19:35:00Z,7440.0,7445.75,7439.0,7440.25,16223
2026-07-24T19:40:00Z,7440.5,7442.5,7437.0,7442.25,10962
2026-07-24T19:45:00Z,7442.0,7443.5,7436.75,7442.75,10932
2026-07-24T19:50:00Z,7443.5,7445.25,7435.5,7444.25,17682
2026-07-24T19:55:00Z,7443.75,7451.0,7439.75,7448.0,59658
2026-07-24T20:00:00Z,7447.75,7449.0,7442.75,7444.25,18919
2026-07-24T20:05:00Z,7444.0,7445.25,7441.75,7444.0,4374
2026-07-24T20:10:00Z,7443.75,7446.5,7441.75,7444.75,4761
2026-07-24T20:15:00Z,7445.0,7448.5,7445.0,7446.75,3112
2026-07-24T20:20:00Z,7446.75,7450.0,7446.75,7446.75,1929
2026-07-24T20:25:00Z,7447.0,7448.25,7443.25,7443.75,2439
2026-07-24T20:30:00Z,7443.5,7444.5,7439.25,7440.75,2782
2026-07-24T20:35:00Z,7441.0,7443.5,7441.0,7441.75,1326
2026-07-24T20:40:00Z,7442.0,7444.5,7441.0,7444.25,953
2026-07-24T20:45:00Z,7444.5,7446.0,7443.0,7443.0,1135
2026-07-24T20:50:00Z,7443.25,7445.5,7442.25,7445.0,1546
2026-07-24T20:55:00Z,7444.75,7447.5,7443.0,7447.5,1599
2026-07-26T22:10:00Z,7493.0,7494.25,7490.0,7494.25,680
2026-07-26T22:15:00Z,7494.25,7497.75,7491.5,7496.0,1262
2026-07-26T22:20:00Z,7495.75,7496.75,7494.25,7495.0,670
2026-07-26T22:25:00Z,7494.75,7495.25,7493.25,7494.75,736
2026-07-26T22:30:00Z,7495.0,7496.5,7494.25,7496.25,580
2026-07-26T22:35:00Z,7496.5,7498.5,7496.0,7496.75,664
2026-07-26T22:40:00Z,7497.0,7497.0,7495.0,7495.25,632
2026-07-26T22:45:00Z,7495.25,7495.25,7492.5,7493.0,475
2026-07-26T22:50:00Z,7493.25,7495.0,7492.5,7493.25,370
2026-07-26T22:55:00Z,7493.0,7494.25,7491.25,7491.75,497
2026-07-26T23:00:00Z,7492.0,7494.25,7491.0,7494.0,1516
2026-07-26T23:05:00Z,7495.0,7498.5,7494.0,7498.5,1076
2026-07-26T23:10:00Z,7498.75,7499.0,7497.75,7498.75,342
2026-07-26T23:15:00Z,7498.75,7500.5,7498.0,7498.25,1182
2026-07-26T23:20:00Z,7498.25,7499.5,7497.25,7497.25,302
2026-07-26T23:25:00Z,7497.5,7499.75,7497.5,7498.75,530
2026-07-26T23:30:00Z,7498.5,7503.0,7498.5,7502.5,985
2026-07-26T23:35:00Z,7502.25,7503.0,7500.75,7501.0,444
2026-07-26T23:40:00Z,7501.25,7505.5,7501.0,7504.25,1038
2026-07-26T23:45:00Z,7503.75,7509.0,7501.75,7508.25,1673
2026-07-26T23:50:00Z,7508.75,7511.5,7507.5,7508.25,1191
2026-07-26T23:55:00Z,7508.25,7512.0,7506.25,7511.0,1114
2026-07-27T00:00:00Z,7511.0,7512.0,7501.75,7502.0,2288
2026-07-27T00:05:00Z,7501.75,7506.0,7500.75,7504.25,1456
2026-07-27T00:10:00Z,7504.5,7510.0,7502.75,7509.25,1414
2026-07-27T00:15:00Z,7508.75,7509.25,7497.25,7498.75,2163
2026-07-27T00:20:00Z,7498.5,7499.75,7496.25,7499.0,1596
2026-07-27T00:25:00Z,7499.0,7502.0,7498.25,7500.25,1493
2026-07-27T00:30:00Z,7500.25,7502.25,7498.75,7500.75,1211
2026-07-27T00:35:00Z,7500.75,7501.25,7496.0,7496.5,1085
2026-07-27T00:40:00Z,7496.5,7496.5,7494.75,7494.75,931
2026-07-27T00:45:00Z,7494.75,7497.25,7494.5,7495.75,882
2026-07-27T00:50:00Z,7495.75,7499.5,7494.0,7495.75,1072
2026-07-27T00:55:00Z,7495.75,7495.75,7492.5,7492.75,1115
2026-07-27T01:00:00Z,7492.75,7496.5,7492.0,7492.0,1436
2026-07-27T01:05:00Z,7492.0,7496.25,7491.5,7494.5,929
2026-07-27T01:10:00Z,7494.25,7494.5,7490.0,7491.0,998
2026-07-27T01:15:00Z,7491.0,7492.5,7489.0,7489.25,1482
2026-07-27T01:20:00Z,7489.5,7491.0,7487.0,7490.25,1262
2026-07-27T01:25:00Z,7490.25,7490.25,7488.0,7489.75,919
2026-07-27T01:30:00Z,7490.5,7496.5,7489.5,7494.25,1341
2026-07-27T01:35:00Z,7494.25,7498.0,7491.25,7497.5,996
2026-07-27T01:40:00Z,7497.25,7499.25,7494.5,7496.0,1243
2026-07-27T01:45:00Z,7495.75,7498.0,7494.25,7497.25,665
2026-07-27T01:50:00Z,7497.0,7497.25,7493.5,7496.0,768
2026-07-27T01:55:00Z,7495.75,7498.5,7495.25,7498.0,489
2026-07-27T02:00:00Z,7498.25,7500.5,7497.0,7497.25,984
2026-07-27T02:05:00Z,7497.25,7499.5,7495.75,7499.0,808
2026-07-27T02:10:00Z,7498.75,7499.75,7496.75,7498.5,346
2026-07-27T02:15:00Z,7498.25,7501.0,7497.75,7500.0,880
2026-07-27T02:20:00Z,7500.0,7500.75,7497.25,7499.75,871
2026-07-27T02:25:00Z,7499.5,7502.0,7499.5,7500.0,690
2026-07-27T02:30:00Z,7500.0,7500.25,7496.75,7498.0,527
2026-07-27T02:35:00Z,7498.0,7502.25,7497.25,7501.75,508
2026-07-27T02:40:00Z,7501.75,7502.25,7500.5,7501.5,357
2026-07-27T02:45:00Z,7501.25,7502.5,7498.75,7499.0,471
2026-07-27T02:50:00Z,7499.0,7500.0,7498.0,7499.25,367
2026-07-27T02:55:00Z,7499.0,7500.25,7498.75,7499.25,242
2026-07-27T03:00:00Z,7499.25,7502.75,7499.0,7499.5,830
2026-07-27T03:05:00Z,7499.75,7501.75,7499.25,7499.75,271
2026-07-27T03:10:00Z,7499.75,7503.25,7499.25,7503.0,445
2026-07-27T03:15:00Z,7503.0,7503.5,7502.0,7503.0,565
2026-07-27T03:20:00Z,7503.25,7503.25,7501.5,7501.75,314
2026-07-27T03:25:00Z,7501.5,7502.75,7500.5,7500.75,308
2026-07-27T03:30:00Z,7501.0,7501.0,7498.25,7499.75,459
2026-07-27T03:35:00Z,7499.75,7500.0,7498.75,7499.0,190
2026-07-27T03:40:00Z,7499.0,7502.5,7498.75,7500.5,397
2026-07-27T03:45:00Z,7500.25,7501.0,7498.5,7499.0,292
2026-07-27T03:50:00Z,7499.25,7500.0,7498.75,7499.5,224
2026-07-27T03:55:00Z,7499.75,7501.0,7498.0,7499.25,345
2026-07-27T04:00:00Z,7499.5,7502.0,7499.5,7500.5,426
2026-07-27T04:05:00Z,7500.5,7501.75,7498.75,7500.0,264
2026-07-27T04:10:00Z,7500.0,7502.0,7499.5,7502.0,175
2026-07-27T04:15:00Z,7501.75,7503.5,7500.25,7502.75,385
2026-07-27T04:20:00Z,7502.75,7503.75,7501.5,7502.0,436
2026-07-27T04:25:00Z,7502.25,7503.0,7499.5,7501.5,406
2026-07-27T04:30:00Z,7501.5,7503.75,7500.0,7503.25,383
2026-07-27T04:35:00Z,7503.25,7504.25,7502.75,7503.75,478
2026-07-27T04:40:00Z,7503.75,7505.75,7503.75,7505.25,622
2026-07-27T04:45:00Z,7505.25,7505.75,7504.0,7504.25,507
2026-07-27T04:50:00Z,7504.25,7507.0,7504.25,7506.5,593
2026-07-27T04:55:00Z,7506.5,7507.0,7504.5,7504.75,609
2026-07-27T05:00:00Z,7504.75,7506.0,7504.25,7505.25,367
2026-07-27T05:05:00Z,7505.5,7507.75,7505.25,7507.5,440
2026-07-27T05:10:00Z,7507.5,7509.5,7507.5,7509.0,742
2026-07-27T05:15:00Z,7508.75,7510.25,7508.0,7509.25,894
2026-07-27T05:20:00Z,7509.25,7510.25,7509.25,7510.0,406
2026-07-27T05:25:00Z,7509.75,7510.25,7509.25,7510.25,459
2026-07-27T05:30:00Z,7510.5,7511.5,7509.5,7510.75,798
2026-07-27T05:35:00Z,7511.0,7517.0,7510.75,7514.0,1386
2026-07-27T05:40:00Z,7514.0,7514.0,7511.25,7512.25,772
2026-07-27T05:45:00Z,7512.5,7513.5,7512.0,7513.5,629
2026-07-27T05:50:00Z,7513.5,7515.0,7512.75,7514.75,739
2026-07-27T05:55:00Z,7514.75,7515.25,7513.75,7514.5,1049
2026-07-27T06:00:00Z,7514.5,7518.25,7514.5,7517.0,2051
2026-07-27T06:05:00Z,7516.75,7519.5,7516.5,7519.25,1670
2026-07-27T06:10:00Z,7519.75,7520.0,7516.75,7517.5,1430
2026-07-27T06:15:00Z,7517.25,7518.25,7516.75,7517.75,850
2026-07-27T06:20:00Z,7518.0,7518.0,7514.0,7514.75,1133
2026-07-27T06:25:00Z,7514.75,7515.25,7514.25,7515.0,687
2026-07-27T06:30:00Z,7514.75,7516.75,7514.5,7515.75,1026
2026-07-27T06:35:00Z,7516.0,7516.5,7515.0,7515.25,783
2026-07-27T06:40:00Z,7515.0,7515.25,7512.75,7513.75,710
2026-07-27T06:45:00Z,7513.75,7514.0,7512.25,7513.25,581
2026-07-27T06:50:00Z,7513.5,7513.5,7510.75,7511.25,1167
2026-07-27T06:55:00Z,7511.25,7513.25,7510.75,7511.75,1129
2026-07-27T07:00:00Z,7511.75,7516.5,7511.0,7516.0,2335
2026-07-27T07:05:00Z,7516.0,7516.25,7512.25,7514.0,1563
2026-07-27T07:10:00Z,7514.0,7517.0,7513.0,7517.0,1462
2026-07-27T07:15:00Z,7516.5,7517.25,7514.75,7516.25,1589
2026-07-27T07:20:00Z,7516.5,7516.75,7515.0,7515.25,749
2026-07-27T07:25:00Z,7515.25,7515.5,7512.75,7513.0,1029
2026-07-27T07:30:00Z,7513.0,7513.0,7510.25,7512.25,1011
2026-07-27T07:35:00Z,7512.25,7513.0,7508.75,7510.0,1071
2026-07-27T07:40:00Z,7509.75,7512.0,7509.25,7511.5,860
2026-07-27T07:45:00Z,7511.25,7512.25,7509.25,7512.0,1158
2026-07-27T07:50:00Z,7511.75,7512.0,7509.0,7510.25,1100
2026-07-27T07:55:00Z,7509.75,7511.0,7505.75,7505.75,1557
2026-07-27T08:00:00Z,7505.75,7510.0,7505.5,7508.0,2144
2026-07-27T08:05:00Z,7508.0,7511.25,7507.75,7510.25,1595
2026-07-27T08:10:00Z,7510.25,7512.25,7508.5,7512.25,1315
2026-07-27T08:15:00Z,7512.0,7513.75,7509.75,7512.25,1180
2026-07-27T08:20:00Z,7512.5,7513.5,7511.75,7512.25,908
2026-07-27T08:25:00Z,7512.5,7515.75,7512.0,7514.75,1110
2026-07-27T08:30:00Z,7515.0,7516.25,7514.0,7514.25,1360
2026-07-27T08:35:00Z,7514.0,7516.0,7512.75,7515.75,884
2026-07-27T08:40:00Z,7515.75,7519.75,7515.5,7519.0,1468
2026-07-27T08:45:00Z,7519.0,7519.5,7517.25,7517.5,1076
2026-07-27T08:50:00Z,7517.5,7520.0,7517.25,7519.75,972
2026-07-27T08:55:00Z,7519.5,7520.0,7518.0,7519.25,962
2026-07-27T09:00:00Z,7519.25,7519.25,7516.5,7517.5,924
2026-07-27T09:05:00Z,7517.5,7518.0,7516.5,7516.75,892
2026-07-27T09:10:00Z,7516.5,7518.0,7516.5,7517.0,624
2026-07-27T09:15:00Z,7517.0,7517.5,7516.5,7516.75,605
2026-07-27T09:20:00Z,7516.75,7519.25,7516.5,7518.5,599
2026-07-27T09:25:00Z,7518.75,7520.0,7517.5,7517.75,1333
2026-07-27T09:30:00Z,7517.75,7519.0,7517.0,7519.0,942
2026-07-27T09:35:00Z,7518.75,7521.0,7518.25,7520.25,1160
2026-07-27T09:40:00Z,7520.5,7522.5,7519.75,7522.0,1122
2026-07-27T09:45:00Z,7521.75,7524.75,7521.5,7523.75,1595
2026-07-27T09:50:00Z,7523.75,7523.75,7522.75,7523.0,929
2026-07-27T09:55:00Z,7523.0,7523.5,7522.0,7522.25,656
2026-07-27T10:00:00Z,7522.25,7523.25,7521.5,7522.25,895
2026-07-27T10:05:00Z,7522.25,7522.75,7521.25,7521.5,652
2026-07-27T10:10:00Z,7521.5,7521.5,7518.5,7520.5,1400
2026-07-27T10:15:00Z,7520.75,7522.0,7520.0,7520.75,602
2026-07-27T10:20:00Z,7521.0,7521.75,7520.0,7520.0,620
2026-07-27T10:25:00Z,7520.0,7522.0,7519.75,7520.75,625
2026-07-27T10:30:00Z,7521.25,7521.75,7520.5,7520.5,609
2026-07-27T10:35:00Z,7520.5,7521.5,7519.25,7521.25,911
2026-07-27T10:40:00Z,7521.0,7522.75,7520.25,7522.5,526
2026-07-27T10:45:00Z,7522.25,7522.75,7521.75,7522.75,949
2026-07-27T10:50:00Z,7522.75,7523.0,7522.25,7522.75,708
2026-07-27T10:55:00Z,7522.75,7524.25,7521.5,7521.75,1036
2026-07-27T11:00:00Z,7521.75,7522.0,7518.75,7519.5,1294
2026-07-27T11:05:00Z,7519.5,7519.75,7518.5,7518.75,807
2026-07-27T11:10:00Z,7518.5,7519.75,7516.75,7517.75,1217
2026-07-27T11:15:00Z,7517.5,7519.25,7516.5,7516.5,944
2026-07-27T11:20:00Z,7516.5,7517.5,7515.75,7516.0,1211
2026-07-27T11:25:00Z,7516.0,7517.0,7508.5,7509.0,2602
2026-07-27T11:30:00Z,7508.75,7514.75,7507.75,7512.5,3358
2026-07-27T11:35:00Z,7512.5,7515.0,7512.25,7514.25,1011
2026-07-27T11:40:00Z,7514.25,7514.5,7509.25,7512.25,2731
2026-07-27T11:45:00Z,7512.25,7513.0,7511.5,7512.5,734
2026-07-27T11:50:00Z,7512.5,7513.25,7511.25,7511.5,899
2026-07-27T11:55:00Z,7511.5,7513.0,7511.25,7511.75,1302
2026-07-27T12:00:00Z,7512.0,7515.25,7511.75,7514.5,2181
2026-07-27T12:05:00Z,7514.5,7514.75,7512.5,7512.75,1373
2026-07-27T12:10:00Z,7512.75,7512.75,7504.5,7505.25,3839
2026-07-27T12:15:00Z,7505.25,7507.75,7505.25,7506.25,1556
2026-07-27T12:20:00Z,7506.25,7508.25,7505.0,7507.25,1728
2026-07-27T12:25:00Z,7507.25,7509.5,7506.75,7508.25,1037
2026-07-27T12:30:00Z,7508.25,7509.75,7506.5,7509.5,2014
2026-07-27T12:35:00Z,7509.75,7511.75,7509.25,7510.75,1587
2026-07-27T12:40:00Z,7510.75,7511.75,7509.25,7511.75,1346
2026-07-27T12:45:00Z,7511.25,7514.25,7510.75,7513.75,2254
2026-07-27T12:50:00Z,7513.5,7514.25,7510.75,7513.75,3281
2026-07-27T12:55:00Z,7513.5,7514.5,7511.5,7513.25,1560
2026-07-27T13:00:00Z,7513.5,7514.5,7510.5,7512.5,3340
2026-07-27T13:05:00Z,7512.5,7512.75,7510.0,7512.75,2680
2026-07-27T13:10:00Z,7512.75,7515.25,7511.75,7512.25,2214
2026-07-27T13:15:00Z,7512.5,7514.0,7508.5,7509.25,3165
2026-07-27T13:20:00Z,7509.25,7510.25,7508.5,7509.0,2054
2026-07-27T13:25:00Z,7509.0,7511.75,7507.0,7507.5,6083
2026-07-27T13:30:00Z,7507.5,7510.5,7498.0,7505.25,31438
2026-07-27T13:35:00Z,7505.25,7514.0,7504.25,7508.25,22606
2026-07-27T13:40:00Z,7508.5,7509.25,7492.5,7493.25,23749
2026-07-27T13:45:00Z,7493.5,7499.75,7490.25,7496.25,25787
2026-07-27T13:50:00Z,7496.5,7500.0,7491.5,7492.75,17230
2026-07-27T13:55:00Z,7492.5,7493.0,7473.75,7473.75,28011
2026-07-27T14:00:00Z,7474.25,7479.25,7469.75,7474.25,31534
2026-07-27T14:05:00Z,7474.5,7478.5,7470.0,7475.5,21061
2026-07-27T14:10:00Z,7475.5,7475.75,7462.5,7467.5,24850
2026-07-27T14:15:00Z,7467.75,7473.5,7463.25,7467.5,21805
2026-07-27T14:20:00Z,7466.75,7467.5,7454.0,7456.0,22460
2026-07-27T14:25:00Z,7456.0,7456.5,7439.75,7440.75,26119
2026-07-27T14:30:00Z,7441.0,7443.5,7435.25,7437.5,28368
2026-07-27T14:35:00Z,7437.25,7441.25,7428.75,7438.75,28728
2026-07-27T14:40:00Z,7438.75,7440.75,7423.0,7426.0,27516
2026-07-27T14:45:00Z,7426.0,7439.75,7426.0,7438.0,27170
2026-07-27T14:50:00Z,7438.0,7446.25,7437.0,7444.0,23737
2026-07-27T14:55:00Z,7444.25,7457.25,7441.75,7455.25,18520
2026-07-27T15:00:00Z,7455.5,7458.25,7451.25,7456.0,19508
2026-07-27T15:05:00Z,7455.75,7461.75,7450.5,7451.0,15564
2026-07-27T15:10:00Z,7451.0,7458.0,7449.5,7452.25,16625
2026-07-27T15:15:00Z,7452.25,7453.5,7437.5,7446.75,17564
2026-07-27T15:20:00Z,7446.5,7451.75,7438.5,7440.0,15972
2026-07-27T15:25:00Z,7440.25,7443.75,7436.75,7440.75,13736
2026-07-27T15:30:00Z,7441.0,7441.5,7431.25,7432.25,15424
2026-07-27T15:35:00Z,7432.25,7433.25,7421.25,7427.5,17296
2026-07-27T15:40:00Z,7427.75,7433.25,7424.25,7432.75,14990
2026-07-27T15:45:00Z,7432.5,7433.75,7424.75,7427.0,11398
2026-07-27T15:50:00Z,7427.25,7432.25,7425.0,7428.75,10253
2026-07-27T15:55:00Z,7428.75,7434.5,7427.5,7433.0,10542
2026-07-27T16:00:00Z,7433.0,7439.75,7431.75,7439.5,11038
2026-07-27T16:05:00Z,7439.5,7441.75,7435.25,7441.25,10281
2026-07-27T16:10:00Z,7441.25,7445.25,7431.75,7432.75,12035
2026-07-27T16:15:00Z,7432.75,7433.25,7426.75,7431.0,10605
2026-07-27T16:20:00Z,7431.25,7436.5,7428.75,7435.75,9479
2026-07-27T16:25:00Z,7435.75,7455.25,7435.25,7445.5,32739
2026-07-27T16:30:00Z,7445.5,7451.5,7442.0,7447.25,12200
2026-07-27T16:35:00Z,7447.25,7452.0,7442.5,7447.75,9485
2026-07-27T16:40:00Z,7447.75,7449.25,7438.25,7441.5,8540
2026-07-27T16:45:00Z,7441.5,7446.25,7438.75,7439.0,8117
2026-07-27T16:50:00Z,7438.75,7439.0,7427.75,7429.25,12556
2026-07-27T16:55:00Z,7429.25,7429.5,7424.25,7428.25,12730
2026-07-27T17:00:00Z,7428.25,7429.0,7418.75,7419.75,13802
2026-07-27T17:05:00Z,7419.5,7423.75,7418.5,7421.5,10476
2026-07-27T17:10:00Z,7421.5,7425.5,7419.75,7424.25,10037
2026-07-27T17:15:00Z,7424.25,7425.5,7416.25,7420.25,9746
2026-07-27T17:20:00Z,7420.0,7425.75,7418.75,7421.75,7480
2026-07-27T17:25:00Z,7422.0,7424.5,7419.75,7420.0,6110
2026-07-27T17:30:00Z,7420.0,7430.0,7419.75,7429.5,8998
2026-07-27T17:35:00Z,7429.5,7430.75,7423.25,7425.0,7710
2026-07-27T17:40:00Z,7424.5,7426.75,7422.75,7426.0,6007
2026-07-27T17:45:00Z,7426.0,7429.25,7423.25,7425.0,5746
2026-07-27T17:50:00Z,7425.25,7433.5,7424.5,7433.0,6593
2026-07-27T17:55:00Z,7432.75,7436.5,7430.75,7436.0,8700
2026-07-27T18:00:00Z,7436.75,7437.5,7433.0,7433.75,9110
2026-07-27T18:05:00Z,7434.0,7437.5,7432.5,7434.75,6008
2026-07-27T18:10:00Z,7435.0,7437.25,7434.25,7435.75,6754
2026-07-27T18:15:00Z,7435.25,7436.25,7428.0,7430.25,9675
2026-07-27T18:20:00Z,7430.0,7435.0,7428.75,7433.5,5793
2026-07-27T18:25:00Z,7433.5,7435.75,7432.25,7434.25,5318
2026-07-27T18:30:00Z,7434.25,7434.5,7426.25,7427.0,6971
2026-07-27T18:35:00Z,7426.5,7428.75,7425.0,7425.75,6562
2026-07-27T18:40:00Z,7425.75,7434.0,7424.0,7432.5,18259
2026-07-27T18:45:00Z,7432.75,7435.25,7431.25,7431.75,6268
2026-07-27T18:50:00Z,7431.5,7444.5,7431.5,7443.5,12990
2026-07-27T18:55:00Z,7443.5,7450.5,7443.25,7448.5,16708
2026-07-27T19:00:00Z,7448.75,7449.75,7443.5,7443.75,10538
2026-07-27T19:05:00Z,7443.5,7452.0,7442.75,7451.0,10693
2026-07-27T19:10:00Z,7451.0,7454.0,7447.25,7448.75,8497
2026-07-27T19:15:00Z,7449.0,7453.0,7448.75,7453.0,6329
2026-07-27T19:20:00Z,7453.5,7455.75,7451.25,7454.25,8536
2026-07-27T19:25:00Z,7454.5,7455.25,7451.5,7454.75,6976
2026-07-27T19:30:00Z,7454.5,7456.75,7452.75,7453.75,9736
2026-07-27T19:35:00Z,7453.5,7455.0,7447.25,7448.25,11764
2026-07-27T19:40:00Z,7448.25,7450.5,7446.5,7448.0,9012
2026-07-27T19:45:00Z,7448.0,7449.25,7444.5,7449.0,10704
2026-07-27T19:50:00Z,7449.25,7451.0,7444.25,7446.5,14933
2026-07-27T19:55:00Z,7446.25,7450.0,7443.75,7449.0,57673
2026-07-27T20:00:00Z,7449.25,7454.25,7448.0,7449.25,18398
2026-07-27T20:05:00Z,7449.0,7449.5,7445.0,7448.75,3817
2026-07-27T20:10:00Z,7448.75,7449.5,7445.0,7448.0,3960
2026-07-27T20:15:00Z,7448.25,7449.25,7447.25,7448.75,1237
2026-07-27T20:20:00Z,7448.75,7449.0,7446.25,7447.25,843
2026-07-27T20:25:00Z,7447.25,7448.75,7447.25,7448.75,792
2026-07-27T20:30:00Z,7448.5,7453.25,7448.0,7453.0,1381
2026-07-27T20:35:00Z,7453.0,7456.5,7452.75,7454.25,1846
2026-07-27T20:40:00Z,7454.25,7454.25,7452.25,7452.75,664
2026-07-27T20:45:00Z,7452.75,7453.0,7451.25,7451.5,852
2026-07-27T20:50:00Z,7451.5,7452.5,7449.75,7451.75,1116
2026-07-27T20:55:00Z,7451.75,7453.5,7451.0,7453.5,908
2026-07-27T22:00:00Z,7453.0,7456.0,7450.75,7450.75,0
2026-07-27T22:05:00Z,7450.75,7452.0,7448.75,7449.5,365
2026-07-27T22:10:00Z,7449.5,7449.75,7446.75,7447.0,461
2026-07-27T22:15:00Z,7447.25,7448.75,7446.5,7447.5,447
2026-07-27T22:20:00Z,7447.75,7448.5,7446.25,7446.75,505
2026-07-27T22:25:00Z,7446.75,7447.0,7444.0,7444.5,868
2026-07-27T22:30:00Z,7445.25,7448.0,7444.75,7447.25,505
2026-07-27T22:35:00Z,7447.75,7448.5,7446.0,7447.0,308
2026-07-27T22:40:00Z,7447.0,7447.0,7445.0,7445.5,298
2026-07-27T22:45:00Z,7445.75,7446.0,7444.5,7445.5,349
2026-07-27T22:50:00Z,7445.25,7447.25,7445.0,7445.25,184
2026-07-27T22:55:00Z,7445.25,7445.5,7444.0,7444.5,208
2026-07-27T23:00:00Z,7444.5,7444.75,7440.0,7441.0,727
2026-07-27T23:05:00Z,7441.25,7447.25,7441.0,7444.25,545
2026-07-27T23:10:00Z,7444.5,7445.25,7443.25,7444.0,288
2026-07-27T23:15:00Z,7443.5,7446.0,7441.75,7445.5,397
2026-07-27T23:20:00Z,7445.75,7447.5,7444.25,7446.0,342
2026-07-27T23:25:00Z,7446.25,7449.0,7445.75,7449.0,275
2026-07-27T23:30:00Z,7448.5,7448.75,7447.0,7447.5,263
2026-07-27T23:35:00Z,7447.25,7447.75,7445.5,7446.25,280
2026-07-27T23:40:00Z,7446.25,7446.75,7444.75,7445.5,197
2026-07-27T23:45:00Z,7445.5,7446.25,7442.0,7442.75,566
2026-07-27T23:50:00Z,7443.0,7449.75,7442.0,7449.0,870
2026-07-27T23:55:00Z,7449.25,7450.0,7446.75,7447.75,463
2026-07-28T00:00:00Z,7447.75,7452.0,7445.75,7450.25,1663
2026-07-28T00:05:00Z,7450.25,7450.5,7441.75,7444.25,1127
2026-07-28T00:10:00Z,7444.5,7445.0,7438.25,7441.75,1357
2026-07-28T00:15:00Z,7441.5,7444.0,7439.25,7440.5,1068
2026-07-28T00:20:00Z,7441.0,7442.5,7436.5,7438.5,1178
2026-07-28T00:25:00Z,7438.75,7440.25,7436.25,7440.25,1106
2026-07-28T00:30:00Z,7440.5,7443.25,7434.25,7442.0,1561
2026-07-28T00:35:00Z,7442.0,7444.75,7441.25,7442.75,829
2026-07-28T00:40:00Z,7442.75,7445.0,7442.0,7443.5,527
2026-07-28T00:45:00Z,7443.25,7443.25,7438.0,7439.0,934
2026-07-28T00:50:00Z,7439.0,7439.5,7437.5,7438.0,495
2026-07-28T00:55:00Z,7437.75,7439.25,7435.5,7437.75,550
2026-07-28T01:00:00Z,7437.75,7438.75,7434.25,7434.25,1751
2026-07-28T01:05:00Z,7434.0,7434.75,7428.5,7429.75,1506
2026-07-28T01:10:00Z,7429.75,7430.5,7425.0,7427.75,1286
2026-07-28T01:15:00Z,7427.75,7429.75,7426.25,7429.75,923
2026-07-28T01:20:00Z,7429.75,7432.5,7428.25,7431.25,996
2026-07-28T01:25:00Z,7431.0,7441.25,7430.0,7438.0,1571
2026-07-28T01:30:00Z,7437.75,7442.75,7437.0,7442.5,843
2026-07-28T01:35:00Z,7442.75,7443.5,7438.75,7439.5,838
2026-07-28T01:40:00Z,7439.75,7441.5,7436.5,7441.25,837
2026-07-28T01:45:00Z,7441.25,7443.5,7439.5,7442.0,666
2026-07-28T01:50:00Z,7441.75,7442.0,7433.5,7434.25,1413
2026-07-28T01:55:00Z,7434.75,7435.25,7432.0,7434.25,756
2026-07-28T02:00:00Z,7435.0,7435.0,7431.0,7431.5,1123
2026-07-28T02:05:00Z,7431.5,7432.75,7430.5,7431.25,877
2026-07-28T02:10:00Z,7431.25,7432.0,7429.0,7430.75,543
2026-07-28T02:15:00Z,7430.5,7433.5,7428.0,7433.0,761
2026-07-28T02:20:00Z,7433.25,7435.75,7432.5,7433.75,704
2026-07-28T02:25:00Z,7434.25,7434.75,7429.0,7430.25,472
2026-07-28T02:30:00Z,7430.25,7430.75,7427.0,7429.0,797
2026-07-28T02:35:00Z,7429.0,7431.0,7427.75,7430.0,369
2026-07-28T02:40:00Z,7429.75,7430.25,7427.0,7428.0,534
2026-07-28T02:45:00Z,7428.25,7429.5,7426.75,7428.5,833
2026-07-28T02:50:00Z,7428.5,7433.5,7427.25,7430.5,840
2026-07-28T02:55:00Z,7430.5,7431.25,7429.0,7430.5,296
2026-07-28T03:00:00Z,7430.5,7431.0,7426.0,7427.75,716
2026-07-28T03:05:00Z,7427.5,7428.0,7425.25,7425.75,623
2026-07-28T03:10:00Z,7425.75,7429.25,7424.0,7428.5,1107
2026-07-28T03:15:00Z,7428.5,7435.5,7427.75,7435.5,988
2026-07-28T03:20:00Z,7435.5,7437.75,7435.25,7436.75,730
2026-07-28T03:25:00Z,7436.75,7438.0,7429.0,7429.75,1010
2026-07-28T03:30:00Z,7429.75,7435.75,7425.75,7435.25,1728
2026-07-28T03:35:00Z,7435.0,7438.75,7433.25,7438.5,1001
2026-07-28T03:40:00Z,7438.5,7442.0,7437.0,7440.25,1282
2026-07-28T03:45:00Z,7440.5,7441.75,7438.25,7441.5,876
2026-07-28T03:50:00Z,7441.75,7442.0,7438.25,7440.25,504
2026-07-28T03:55:00Z,7440.0,7440.75,7437.5,7440.75,385
2026-07-28T04:05:00Z,7435.75,7435.75,7434.5,7434.5,2172
2026-07-28T04:10:00Z,7434.5,7435.25,7430.0,7430.75,895
2026-07-28T04:15:00Z,7430.75,7435.0,7429.75,7434.75,733
2026-07-28T04:20:00Z,7434.75,7435.75,7429.75,7430.75,575
2026-07-28T04:25:00Z,7430.5,7431.75,7429.75,7430.5,306
2026-07-28T04:30:00Z,7430.25,7431.0,7429.0,7430.25,433
2026-07-28T04:35:00Z,7430.25,7431.5,7428.5,7430.5,454
2026-07-28T04:40:00Z,7430.25,7431.75,7429.25,7430.75,395
2026-07-28T04:45:00Z,7430.5,7434.75,7430.25,7431.25,806
2026-07-28T04:50:00Z,7431.0,7431.25,7428.25,7429.25,400
2026-07-28T04:55:00Z,7429.0,7430.0,7426.0,7427.25,553
2026-07-28T05:00:00Z,7427.5,7431.5,7426.5,7430.5,594
2026-07-28T05:05:00Z,7430.25,7430.5,7427.25,7429.25,345
2026-07-28T05:15:00Z,7448.25,7448.25,7426.75,7426.75,835
2026-07-28T05:20:00Z,7426.75,7428.0,7425.0,7426.75,618
2026-07-28T05:25:00Z,7426.5,7426.5,7424.0,7424.75,737
2026-07-28T05:30:00Z,7425.0,7425.25,7419.75,7420.5,1626
2026-07-28T05:35:00Z,7420.5,7424.25,7419.0,7422.5,1073
2026-07-28T05:40:00Z,7422.5,7422.5,7419.5,7422.0,567
2026-07-28T05:45:00Z,7422.0,7423.5,7421.5,7422.75,641
2026-07-28T05:50:00Z,7422.75,7425.5,7421.75,7423.5,840
2026-07-28T05:55:00Z,7423.5,7424.25,7419.5,7420.75,453
2026-07-28T06:00:00Z,7421.25,7424.5,7420.0,7420.0,1221
2026-07-28T06:05:00Z,7420.25,7423.5,7419.5,7421.75,1125
2026-07-28T06:10:00Z,7422.0,7423.75,7420.25,7423.0,903
2026-07-28T06:15:00Z,7423.0,7426.5,7423.0,7424.75,1019
2026-07-28T06:20:00Z,7424.5,7426.5,7419.75,7423.5,3198
2026-07-28T06:25:00Z,7423.5,7425.75,7422.0,7425.5,1841
2026-07-28T06:30:00Z,7425.5,7426.25,7423.75,7425.5,941
2026-07-28T06:35:00Z,7425.5,7428.75,7425.0,7427.25,867
2026-07-28T06:40:00Z,7427.25,7429.5,7427.0,7427.25,652
2026-07-28T06:45:00Z,7427.25,7427.25,7424.25,7425.5,832
2026-07-28T06:50:00Z,7425.5,7427.25,7425.0,7427.25,511
2026-07-28T06:55:00Z,7427.25,7431.5,7427.25,7429.75,1021
2026-07-28T07:00:00Z,7430.0,7433.5,7429.5,7430.5,2290
2026-07-28T07:05:00Z,7431.0,7436.25,7429.0,7435.25,1646
2026-07-28T07:10:00Z,7435.25,7436.75,7433.75,7435.75,1388
2026-07-28T07:15:00Z,7435.75,7438.5,7435.5,7436.5,1232
2026-07-28T07:20:00Z,7436.5,7437.75,7435.25,7435.25,964
2026-07-28T07:25:00Z,7435.25,7437.25,7434.0,7435.25,1410
2026-07-28T07:30:00Z,7435.0,7436.0,7434.0,7435.5,1169
2026-07-28T07:35:00Z,7435.75,7437.0,7433.25,7436.5,817
2026-07-28T07:40:00Z,7436.5,7437.5,7434.0,7434.5,838
2026-07-28T07:45:00Z,7434.25,7434.75,7429.25,7431.25,1034
2026-07-28T07:50:00Z,7431.25,7436.5,7430.5,7435.5,1468
2026-07-28T07:55:00Z,7435.75,7436.5,7432.5,7433.25,840
2026-07-28T08:00:00Z,7433.25,7436.5,7429.25,7434.25,2669
2026-07-28T08:05:00Z,7434.5,7436.25,7429.25,7429.5,2034
2026-07-28T08:10:00Z,7429.25,7429.5,7425.25,7426.25,1823
2026-07-28T08:15:00Z,7426.25,7438.0,7425.5,7436.5,2671
2026-07-28T08:20:00Z,7436.25,7444.5,7436.25,7443.25,2708
2026-07-28T08:25:00Z,7442.75,7443.25,7439.75,7442.75,1313
2026-07-28T08:30:00Z,7443.0,7443.5,7438.75,7443.25,1322
2026-07-28T08:35:00Z,7442.75,7444.75,7440.25,7442.5,1161
2026-07-28T08:40:00Z,7442.75,7446.25,7442.75,7444.5,1279
2026-07-28T08:45:00Z,7444.5,7448.5,7443.5,7445.5,1546
2026-07-28T08:50:00Z,7445.75,7449.0,7442.25,7442.5,1072
2026-07-28T08:55:00Z,7442.5,7442.5,7440.25,7442.0,1325
2026-07-28T09:00:00Z,7441.75,7443.25,7440.25,7441.5,981
2026-07-28T09:05:00Z,7441.25,7444.0,7441.25,7443.0,562
2026-07-28T09:10:00Z,7443.0,7445.25,7440.75,7441.75,701
2026-07-28T09:15:00Z,7441.75,7444.25,7441.75,7443.75,642
2026-07-28T09:20:00Z,7443.75,7444.5,7443.25,7444.0,548
2026-07-28T09:25:00Z,7443.75,7445.75,7443.25,7445.25,477
2026-07-28T09:30:00Z,7445.5,7445.5,7442.75,7443.25,766
2026-07-28T09:35:00Z,7443.5,7443.5,7441.5,7442.75,1148
2026-07-28T09:40:00Z,7442.75,7444.5,7441.5,7442.25,694
2026-07-28T09:45:00Z,7442.5,7443.5,7441.5,7443.25,658
2026-07-28T09:50:00Z,7443.5,7444.75,7441.75,7442.0,528
2026-07-28T09:55:00Z,7442.0,7442.5,7438.0,7439.75,878
2026-07-28T10:00:00Z,7439.5,7441.25,7438.25,7440.75,790
2026-07-28T10:05:00Z,7440.75,7441.0,7438.0,7439.5,696
2026-07-28T10:10:00Z,7439.5,7441.0,7438.0,7439.0,718
2026-07-28T10:15:00Z,7439.0,7442.25,7438.5,7441.75,785
2026-07-28T10:20:00Z,7442.0,7442.25,7437.25,7439.25,828
2026-07-28T10:25:00Z,7439.25,7442.5,7436.75,7442.5,786
2026-07-28T10:30:00Z,7442.5,7444.25,7438.5,7439.75,2108
2026-07-28T10:35:00Z,7439.5,7440.25,7435.25,7436.25,2840
2026-07-28T10:40:00Z,7436.0,7437.0,7433.75,7437.0,1372
2026-07-28T10:45:00Z,7437.0,7441.25,7436.5,7438.75,1468
2026-07-28T10:50:00Z,7438.75,7441.5,7437.75,7441.5,734
2026-07-28T10:55:00Z,7441.5,7442.5,7440.0,7442.0,1460
2026-07-28T11:00:00Z,7442.5,7446.25,7438.25,7439.0,3583
2026-07-28T11:05:00Z,7438.75,7441.5,7437.0,7437.5,2115
2026-07-28T11:10:00Z,7437.5,7437.75,7432.5,7433.5,1949
2026-07-28T11:15:00Z,7433.5,7450.0,7433.25,7446.5,5808
2026-07-28T11:20:00Z,7446.5,7448.25,7442.5,7442.75,2127
2026-07-28T11:25:00Z,7442.5,7442.75,7437.5,7438.5,1702
2026-07-28T11:30:00Z,7437.75,7440.0,7435.5,7438.0,1968
2026-07-28T11:35:00Z,7438.0,7450.0,7437.25,7437.5,4350
2026-07-28T11:40:00Z,7437.25,7439.0,7433.0,7437.5,3767
2026-07-28T11:45:00Z,7437.5,7446.75,7437.0,7443.5,2069
2026-07-28T11:50:00Z,7443.25,7446.0,7441.75,7444.25,1205
2026-07-28T11:55:00Z,7444.5,7452.5,7444.5,7451.0,3003
2026-07-28T12:00:00Z,7450.75,7454.0,7449.0,7453.0,2519
2026-07-28T12:05:00Z,7452.75,7455.0,7451.25,7453.0,1995
2026-07-28T12:10:00Z,7452.75,7453.25,7448.25,7450.5,1903
2026-07-28T12:15:00Z,7451.0,7451.25,7448.5,7451.0,2055
2026-07-28T12:20:00Z,7451.0,7453.5,7449.5,7453.25,1300
2026-07-28T12:25:00Z,7453.25,7458.0,7452.25,7457.25,2901
2026-07-28T12:30:00Z,7457.25,7459.75,7451.25,7454.25,5350
2026-07-28T12:35:00Z,7454.0,7458.0,7453.25,7454.25,3005
2026-07-28T12:40:00Z,7453.75,7460.5,7452.0,7459.5,3797
2026-07-28T12:45:00Z,7459.5,7467.0,7458.75,7460.25,4501
2026-07-28T12:50:00Z,7460.75,7461.0,7455.5,7459.0,2638
2026-07-28T12:55:00Z,7459.25,7460.0,7456.0,7456.5,1990
2026-07-28T13:00:00Z,7456.5,7457.0,7452.75,7454.0,4384
2026-07-28T13:05:00Z,7453.75,7459.25,7453.5,7458.5,2563
2026-07-28T13:10:00Z,7458.25,7458.5,7455.0,7456.25,2109
2026-07-28T13:15:00Z,7456.25,7462.25,7455.75,7459.25,3077
2026-07-28T13:20:00Z,7459.25,7461.25,7457.0,7459.25,2360
2026-07-28T13:25:00Z,7459.0,7459.0,7449.0,7449.75,8644
2026-07-28T13:30:00Z,7449.5,7452.5,7437.75,7439.25,43889
2026-07-28T13:35:00Z,7439.75,7448.5,7435.25,7435.5,22299
2026-07-28T13:40:00Z,7435.75,7441.25,7423.25,7428.25,25890
2026-07-28T13:45:00Z,7428.25,7433.5,7417.0,7432.75,31060
2026-07-28T13:50:00Z,7432.75,7439.5,7424.75,7428.0,27967
2026-07-28T13:55:00Z,7428.0,7430.25,7418.75,7422.0,18835
2026-07-28T14:00:00Z,7421.5,7434.5,7421.5,7429.75,16831
2026-07-28T14:05:00Z,7429.75,7439.5,7426.0,7427.75,19467
2026-07-28T14:10:00Z,7427.75,7435.5,7420.0,7423.25,19476
2026-07-28T14:15:00Z,7423.5,7429.25,7421.5,7423.5,18615
2026-07-28T14:20:00Z,7423.5,7436.25,7421.0,7430.0,19623
2026-07-28T14:25:00Z,7430.25,7435.25,7428.5,7434.5,13086
2026-07-28T14:30:00Z,7434.75,7437.75,7429.5,7429.5,13773
2026-07-28T14:35:00Z,7429.75,7444.0,7429.0,7432.75,18800
2026-07-28T14:40:00Z,7432.75,7444.0,7431.0,7440.0,14649
2026-07-28T14:45:00Z,7440.0,7451.75,7435.75,7450.5,18192
2026-07-28T14:50:00Z,7450.25,7455.25,7448.5,7451.75,18503
2026-07-28T14:55:00Z,7452.0,7456.0,7443.0,7444.0,13542
2026-07-28T15:00:00Z,7444.0,7449.25,7438.75,7439.0,11545
2026-07-28T15:05:00Z,7438.75,7446.0,7437.5,7445.5,11498
2026-07-28T15:10:00Z,7445.0,7454.75,7442.0,7451.5,21534
2026-07-28T15:15:00Z,7451.5,7463.5,7449.25,7463.5,22230
2026-07-28T15:20:00Z,7463.25,7471.25,7463.25,7471.25,25759
2026-07-28T15:25:00Z,7471.0,7477.25,7468.0,7469.25,23413
2026-07-28T15:30:00Z,7469.25,7472.5,7467.25,7470.0,13245
2026-07-28T15:35:00Z,7470.0,7476.5,7469.75,7473.5,11569
2026-07-28T15:40:00Z,7473.75,7478.5,7471.5,7478.25,11473
2026-07-28T15:45:00Z,7478.25,7482.25,7477.25,7480.75,13070
2026-07-28T15:50:00Z,7480.75,7482.0,7475.0,7478.25,15159
2026-07-28T15:55:00Z,7478.5,7481.5,7475.5,7479.5,8443
2026-07-28T16:00:00Z,7479.5,7481.0,7476.75,7477.75,8961
2026-07-28T16:05:00Z,7477.5,7479.5,7473.0,7473.25,10446
2026-07-28T16:10:00Z,7473.5,7476.0,7472.5,7473.75,8972
2026-07-28T16:15:00Z,7473.75,7476.75,7470.75,7476.75,8549
2026-07-28T16:20:00Z,7476.75,7478.5,7470.5,7472.5,10411
2026-07-28T16:25:00Z,7472.25,7473.75,7469.5,7470.0,6559
2026-07-28T16:30:00Z,7469.75,7471.5,7466.75,7468.5,9822
2026-07-28T16:35:00Z,7468.75,7475.75,7468.5,7475.5,7571
2026-07-28T16:40:00Z,7475.25,7479.25,7474.5,7477.25,10205
2026-07-28T16:45:00Z,7477.25,7478.5,7471.25,7475.5,9561
2026-07-28T16:50:00Z,7475.25,7484.5,7475.25,7483.75,9567
2026-07-28T16:55:00Z,7483.75,7485.75,7482.5,7484.0,6913
2026-07-28T17:00:00Z,7484.0,7485.5,7478.75,7479.25,9044
2026-07-28T17:05:00Z,7479.5,7481.0,7472.0,7472.75,10909
2026-07-28T17:10:00Z,7472.75,7476.0,7469.5,7470.75,11084
2026-07-28T17:15:00Z,7471.0,7473.0,7468.25,7470.5,8587
2026-07-28T17:20:00Z,7470.25,7479.5,7469.5,7471.0,13980
2026-07-28T17:25:00Z,7470.75,7474.75,7468.75,7470.75,7176
2026-07-28T17:30:00Z,7470.75,7476.0,7468.75,7474.75,8827
2026-07-28T17:35:00Z,7474.5,7477.0,7471.0,7471.75,5296
2026-07-28T17:40:00Z,7471.5,7474.5,7464.0,7465.5,9114
2026-07-28T17:45:00Z,7465.5,7471.75,7464.0,7470.5,9093
2026-07-28T17:50:00Z,7470.5,7470.5,7464.25,7465.25,6207
2026-07-28T17:55:00Z,7465.0,7470.0,7462.75,7469.5,6812
2026-07-28T18:00:00Z,7470.0,7473.25,7467.75,7470.25,8693
2026-07-28T18:05:00Z,7469.75,7470.75,7465.25,7466.5,5450
2026-07-28T18:10:00Z,7466.5,7467.0,7462.0,7462.5,7760
2026-07-28T18:15:00Z,7462.25,7466.5,7462.0,7465.0,7099
2026-07-28T18:20:00Z,7465.25,7467.5,7462.75,7463.5,5938
2026-07-28T18:25:00Z,7463.25,7464.75,7462.0,7463.75,5980
2026-07-28T18:30:00Z,7463.75,7468.5,7463.0,7467.25,8323
2026-07-28T18:35:00Z,7467.25,7469.0,7465.0,7466.0,5723
2026-07-28T18:40:00Z,7466.0,7466.75,7463.25,7465.5,6278
2026-07-28T18:45:00Z,7465.75,7472.0,7464.75,7470.25,8359
2026-07-28T18:50:00Z,7470.25,7473.0,7469.25,7470.25,6256
2026-07-28T18:55:00Z,7470.5,7474.0,7468.75,7472.5,6931
2026-07-28T19:00:00Z,7472.25,7477.5,7472.25,7477.0,9930
2026-07-28T19:05:00Z,7477.0,7477.5,7471.75,7472.0,11436
2026-07-28T19:10:00Z,7472.5,7474.5,7471.25,7472.75,5776
2026-07-28T19:15:00Z,7472.5,7475.25,7470.75,7474.25,7983
2026-07-28T19:20:00Z,7474.25,7476.5,7473.25,7476.25,5686
2026-07-28T19:25:00Z,7476.25,7476.75,7471.5,7475.0,7510
2026-07-28T19:30:00Z,7475.25,7475.5,7472.5,7473.25,8970
2026-07-28T19:35:00Z,7473.25,7473.5,7467.25,7468.0,9582
2026-07-28T19:40:00Z,7468.0,7471.25,7467.75,7471.0,8765
2026-07-28T19:45:00Z,7471.25,7471.5,7467.0,7469.25,8139
2026-07-28T19:50:00Z,7469.25,7475.0,7466.5,7474.25,15566
2026-07-28T19:55:00Z,7474.5,7474.5,7462.5,7466.0,64754
2026-07-28T20:00:00Z,7466.0,7467.5,7461.75,7464.0,17050
2026-07-28T20:05:00Z,7464.25,7469.25,7458.25,7463.25,9767
2026-07-28T20:10:00Z,7463.0,7468.75,7462.75,7466.75,4845
2026-07-28T20:15:00Z,7467.25,7468.25,7464.25,7468.0,3137
2026-07-28T20:20:00Z,7468.0,7468.5,7466.0,7468.0,1306
2026-07-28T20:25:00Z,7468.0,7474.0,7467.75,7472.5,2798
2026-07-28T20:30:00Z,7472.5,7473.5,7471.0,7471.75,1260
2026-07-28T20:35:00Z,7472.5,7473.0,7465.75,7466.75,2461
2026-07-28T20:40:00Z,7466.75,7467.5,7466.25,7467.5,1085
2026-07-28T20:45:00Z,7467.5,7469.25,7467.25,7468.25,783
2026-07-28T20:50:00Z,7468.25,7468.5,7466.0,7468.5,1329
2026-07-28T20:55:00Z,7467.75,7469.25,7467.5,7467.5,865
2026-07-28T22:00:00Z,7466.25,7471.5,7464.0,7471.25,0
2026-07-28T22:05:00Z,7471.5,7473.75,7471.25,7473.0,616
2026-07-28T22:10:00Z,7472.75,7474.0,7465.25,7467.0,1126
2026-07-28T22:15:00Z,7467.25,7468.25,7461.75,7463.5,931
2026-07-28T22:20:00Z,7463.0,7464.0,7459.0,7460.0,820
2026-07-28T22:25:00Z,7459.75,7462.75,7457.25,7462.0,1276
2026-07-28T22:30:00Z,7461.75,7463.0,7454.75,7455.75,1689
2026-07-28T22:35:00Z,7456.0,7459.5,7450.75,7451.25,1474
2026-07-28T22:40:00Z,7451.5,7455.5,7451.25,7453.25,1088
2026-07-28T22:45:00Z,7453.0,7454.0,7451.0,7452.75,2758
2026-07-28T22:50:00Z,7452.75,7457.25,7450.5,7454.5,2403
2026-07-28T22:55:00Z,7454.5,7457.0,7451.75,7451.75,2068
2026-07-28T23:00:00Z,7452.0,7456.25,7449.25,7456.0,2529
2026-07-28T23:05:00Z,7455.75,7459.25,7452.5,7452.75,3016
2026-07-28T23:10:00Z,7453.0,7465.5,7452.0,7463.5,2934
2026-07-28T23:15:00Z,7463.5,7464.75,7459.75,7461.0,1642
2026-07-28T23:20:00Z,7461.0,7469.25,7459.5,7468.5,1950
2026-07-28T23:25:00Z,7468.75,7471.0,7467.25,7468.75,1442
2026-07-28T23:30:00Z,7468.75,7470.75,7467.75,7469.0,731
2026-07-28T23:35:00Z,7469.25,7469.75,7468.0,7468.25,606
2026-07-28T23:40:00Z,7468.25,7484.0,7467.5,7483.0,2687
2026-07-28T23:45:00Z,7483.0,7489.25,7479.75,7488.25,4094
2026-07-28T23:50:00Z,7488.75,7495.25,7488.0,7491.75,3951
2026-07-28T23:55:00Z,7491.5,7495.0,7489.0,7494.75,2364
2026-07-29T00:00:00Z,7494.75,7498.75,7490.25,7495.25,4375
2026-07-29T00:05:00Z,7495.5,7499.25,7494.25,7494.25,2340
2026-07-29T00:10:00Z,7494.25,7496.75,7493.25,7494.5,1740
2026-07-29T00:15:00Z,7494.25,7496.5,7491.25,7494.75,1851
2026-07-29T00:20:00Z,7494.5,7501.0,7492.25,7493.5,3291
2026-07-29T00:25:00Z,7493.25,7494.0,7490.75,7493.0,1628
2026-07-29T00:30:00Z,7493.0,7494.0,7487.5,7489.25,1447
2026-07-29T00:35:00Z,7489.0,7495.25,7488.75,7493.5,1641
2026-07-29T00:40:00Z,7493.5,7494.0,7489.75,7492.75,721
2026-07-29T00:45:00Z,7492.75,7494.75,7490.0,7490.5,921
2026-07-29T00:50:00Z,7490.0,7492.5,7488.75,7492.25,831
2026-07-29T00:55:00Z,7492.25,7492.25,7485.25,7486.75,1179
2026-07-29T01:00:00Z,7486.75,7489.25,7485.0,7486.25,1226
2026-07-29T01:05:00Z,7486.25,7486.25,7479.0,7479.5,1781
2026-07-29T01:10:00Z,7479.5,7479.75,7471.5,7472.75,3166
2026-07-29T01:15:00Z,7472.5,7474.5,7468.75,7472.5,2591
2026-07-29T01:20:00Z,7472.75,7480.75,7472.75,7480.25,2111
2026-07-29T01:25:00Z,7480.0,7481.0,7478.0,7478.0,947
2026-07-29T01:30:00Z,7477.5,7479.0,7473.5,7476.25,1475
2026-07-29T01:35:00Z,7476.0,7476.75,7472.75,7473.75,704
2026-07-29T01:40:00Z,7473.75,7473.75,7467.0,7467.25,1661
2026-07-29T01:45:00Z,7467.25,7468.75,7463.75,7464.5,1766
2026-07-29T01:50:00Z,7464.25,7465.0,7458.5,7459.75,2658
2026-07-29T01:55:00Z,7459.75,7460.25,7455.0,7455.75,2163
2026-07-29T02:00:00Z,7455.25,7459.0,7453.25,7457.0,2422
2026-07-29T02:05:00Z,7457.0,7462.5,7456.25,7462.0,1448
2026-07-29T02:10:00Z,7461.75,7465.25,7461.25,7463.0,1276
2026-07-29T02:15:00Z,7462.75,7463.25,7457.75,7459.0,942
2026-07-29T02:20:00Z,7458.75,7465.75,7458.75,7462.5,1310
2026-07-29T02:25:00Z,7462.5,7466.5,7461.75,7466.5,596
2026-07-29T02:30:00Z,7466.25,7468.25,7463.75,7465.5,866
2026-07-29T02:35:00Z,7465.5,7468.25,7463.5,7467.25,1073
2026-07-29T02:40:00Z,7467.5,7468.75,7465.75,7466.25,647
2026-07-29T02:45:00Z,7466.25,7466.5,7463.5,7463.75,597
2026-07-29T02:50:00Z,7463.75,7465.75,7462.0,7463.25,812
2026-07-29T02:55:00Z,7463.75,7464.5,7460.75,7463.25,777
2026-07-29T03:00:00Z,7463.0,7463.25,7457.25,7458.25,1053
2026-07-29T03:05:00Z,7458.5,7467.5,7458.25,7466.75,1067
2026-07-29T03:10:00Z,7466.75,7468.0,7460.25,7460.75,693
2026-07-29T03:15:00Z,7460.75,7461.75,7458.75,7459.25,654
2026-07-29T03:20:00Z,7459.25,7462.25,7457.25,7458.25,567
2026-07-29T03:25:00Z,7458.25,7458.5,7455.5,7455.75,746
2026-07-29T03:30:00Z,7455.5,7456.25,7451.5,7456.25,1407
2026-07-29T03:35:00Z,7456.25,7457.5,7453.5,7453.75,623
2026-07-29T03:40:00Z,7453.75,7454.75,7451.25,7454.75,1135
2026-07-29T03:45:00Z,7454.75,7456.75,7453.0,7453.0,722
2026-07-29T03:50:00Z,7453.0,7453.0,7446.5,7447.75,1909
2026-07-29T03:55:00Z,7447.75,7448.0,7445.0,7447.25,1141
2026-07-29T04:05:00Z,7445.75,7448.0,7445.75,7448.0,1912
2026-07-29T04:10:00Z,7447.75,7448.0,7443.75,7445.0,996
2026-07-29T04:15:00Z,7445.0,7445.75,7442.25,7445.75,1185
2026-07-29T04:20:00Z,7446.0,7447.25,7442.75,7446.75,1124
2026-07-29T04:25:00Z,7446.75,7448.25,7443.5,7445.0,1442
2026-07-29T04:30:00Z,7444.75,7446.25,7442.0,7443.25,678
2026-07-29T04:35:00Z,7443.25,7447.0,7442.5,7444.5,1127
2026-07-29T04:40:00Z,7444.75,7444.75,7439.75,7440.0,1191
2026-07-29T04:45:00Z,7440.25,7443.5,7438.5,7442.0,1161
2026-07-29T04:50:00Z,7442.0,7448.5,7441.75,7447.75,1508
2026-07-29T04:55:00Z,7447.75,7450.5,7447.0,7450.5,1060
2026-07-29T05:00:00Z,7451.5,7454.5,7448.5,7452.5,833
2026-07-29T05:05:00Z,7452.75,7458.75,7450.25,7457.25,1605
2026-07-29T05:10:00Z,7457.25,7461.0,7456.25,7461.0,954
2026-07-29T05:15:00Z,7460.75,7461.0,7455.5,7456.5,761
2026-07-29T05:20:00Z,7457.0,7459.5,7454.75,7459.5,627
2026-07-29T05:25:00Z,7459.5,7461.5,7458.25,7459.75,653
2026-07-29T05:30:00Z,7459.75,7461.0,7457.0,7460.75,717
2026-07-29T05:35:00Z,7460.75,7462.75,7460.25,7462.0,903
2026-07-29T05:40:00Z,7461.75,7462.5,7458.75,7460.75,847
2026-07-29T05:45:00Z,7461.25,7462.0,7459.0,7460.0,532
2026-07-29T05:50:00Z,7460.0,7461.25,7458.0,7461.0,730
2026-07-29T05:55:00Z,7461.0,7461.25,7456.5,7457.75,738
2026-07-29T06:00:00Z,7457.5,7458.25,7452.5,7452.5,1294
2026-07-29T06:05:00Z,7452.75,7453.5,7451.25,7452.5,862
2026-07-29T06:10:00Z,7452.75,7455.75,7452.0,7455.0,699
2026-07-29T06:15:00Z,7455.0,7458.5,7455.0,7456.75,885
2026-07-29T06:20:00Z,7456.75,7458.25,7454.0,7457.0,993
2026-07-29T06:25:00Z,7456.75,7461.25,7456.75,7461.25,1289
2026-07-29T06:30:00Z,7460.75,7468.75,7460.75,7468.0,1914
2026-07-29T06:35:00Z,7468.0,7473.0,7467.5,7471.5,1431
2026-07-29T06:40:00Z,7471.5,7474.25,7471.25,7473.75,1251
2026-07-29T06:45:00Z,7473.75,7477.0,7471.5,7476.5,1386
2026-07-29T06:50:00Z,7476.5,7479.0,7476.25,7478.5,1470
2026-07-29T06:55:00Z,7478.25,7480.0,7478.25,7478.75,1208
2026-07-29T07:00:00Z,7478.75,7481.25,7474.75,7477.0,2508
2026-07-29T07:05:00Z,7477.25,7480.75,7476.5,7480.75,1582
2026-07-29T07:10:00Z,7480.75,7483.25,7479.0,7479.25,2570
2026-07-29T07:15:00Z,7479.5,7482.5,7478.25,7479.25,1377
2026-07-29T07:20:00Z,7479.25,7480.75,7477.0,7477.5,1221
2026-07-29T07:25:00Z,7477.5,7482.25,7476.75,7482.0,1329
2026-07-29T07:30:00Z,7482.25,7484.0,7479.75,7481.0,1668
2026-07-29T07:35:00Z,7481.0,7485.0,7480.25,7482.5,1300
2026-07-29T07:40:00Z,7482.25,7484.5,7482.25,7482.5,665
2026-07-29T07:45:00Z,7482.5,7483.0,7480.0,7480.5,1146
2026-07-29T07:50:00Z,7480.25,7481.0,7478.5,7478.5,1131
2026-07-29T07:55:00Z,7478.5,7483.25,7478.5,7481.5,863
2026-07-29T08:00:00Z,7481.25,7482.0,7479.0,7480.0,2148
2026-07-29T08:05:00Z,7479.5,7481.5,7477.25,7478.75,1565
2026-07-29T08:10:00Z,7478.75,7481.0,7474.25,7474.75,1550
2026-07-29T08:15:00Z,7477.0,7477.5,7474.5,7475.0,1720
2026-07-29T08:20:00Z,7474.75,7475.75,7470.75,7471.5,1577
2026-07-29T08:25:00Z,7471.5,7472.0,7469.0,7471.25,1962
2026-07-29T08:30:00Z,7471.5,7480.75,7470.0,7479.25,2081
2026-07-29T08:35:00Z,7479.0,7480.25,7477.75,7478.5,1191
2026-07-29T08:40:00Z,7478.5,7483.25,7477.5,7482.5,1060
2026-07-29T08:45:00Z,7482.25,7485.0,7481.5,7484.5,1683
2026-07-29T08:50:00Z,7484.5,7486.0,7480.0,7481.25,972
2026-07-29T08:55:00Z,7481.5,7482.0,7479.25,7480.75,537
2026-07-29T09:00:00Z,7481.0,7483.75,7479.5,7482.0,729
2026-07-29T09:05:00Z,7482.0,7483.5,7479.5,7481.5,1505
2026-07-29T09:10:00Z,7481.5,7482.75,7479.75,7482.75,1220
2026-07-29T09:15:00Z,7482.75,7482.75,7479.75,7480.75,764
2026-07-29T09:20:00Z,7480.5,7482.25,7479.25,7480.5,974
2026-07-29T09:25:00Z,7480.5,7482.5,7478.75,7480.0,822
2026-07-29T09:30:00Z,7480.0,7480.5,7477.5,7479.25,877
2026-07-29T09:35:00Z,7479.25,7483.0,7478.5,7480.0,1042
2026-07-29T09:40:00Z,7480.25,7484.0,7480.25,7482.75,795
2026-07-29T09:45:00Z,7483.0,7486.75,7483.0,7486.5,961
2026-07-29T09:50:00Z,7486.75,7492.0,7486.5,7487.75,2549
2026-07-29T09:55:00Z,7488.0,7488.0,7482.75,7485.75,1822
2026-07-29T10:00:00Z,7485.75,7487.75,7484.0,7486.25,963
2026-07-29T10:05:00Z,7486.25,7488.5,7481.25,7484.75,2355
2026-07-29T10:10:00Z,7484.5,7486.25,7482.25,7483.5,1026
2026-07-29T10:15:00Z,7483.75,7485.75,7482.75,7484.0,979
2026-07-29T10:20:00Z,7483.75,7484.5,7482.75,7483.25,780
2026-07-29T10:25:00Z,7482.75,7485.0,7481.0,7484.5,832
2026-07-29T10:30:00Z,7484.5,7486.25,7481.0,7481.5,843
2026-07-29T10:35:00Z,7481.25,7481.25,7477.25,7478.5,1666
2026-07-29T10:40:00Z,7478.5,7481.75,7477.5,7480.75,1009
2026-07-29T10:45:00Z,7480.75,7481.0,7478.75,7480.5,896
2026-07-29T10:50:00Z,7480.25,7481.75,7476.25,7477.0,995
2026-07-29T10:55:00Z,7476.75,7478.75,7476.0,7477.5,950
2026-07-29T11:00:00Z,7477.75,7481.5,7477.0,7479.5,1429
2026-07-29T11:05:00Z,7479.5,7483.5,7476.25,7482.75,1022
2026-07-29T11:10:00Z,7482.75,7484.0,7480.5,7481.5,684
2026-07-29T11:15:00Z,7481.25,7484.75,7480.0,7482.5,971
2026-07-29T11:20:00Z,7482.5,7484.5,7481.75,7481.75,762
2026-07-29T11:25:00Z,7481.75,7484.5,7481.5,7481.75,1022
2026-07-29T11:30:00Z,7481.75,7482.75,7478.5,7479.5,1168
2026-07-29T11:35:00Z,7479.0,7479.5,7476.5,7477.5,1084
2026-07-29T11:40:00Z,7477.75,7479.5,7477.0,7478.0,843
2026-07-29T11:45:00Z,7478.0,7482.75,7476.75,7481.0,1841
2026-07-29T11:50:00Z,7480.75,7481.5,7477.25,7477.25,1291
2026-07-29T11:55:00Z,7477.25,7480.75,7476.75,7480.75,1107
2026-07-29T12:00:00Z,7480.75,7481.0,7477.25,7478.0,1040
2026-07-29T12:05:00Z,7478.0,7481.5,7473.5,7475.0,1975
2026-07-29T12:10:00Z,7474.75,7477.0,7470.75,7471.75,2402
2026-07-29T12:15:00Z,7472.0,7472.75,7456.5,7460.75,10505
2026-07-29T12:20:00Z,7461.0,7463.25,7457.0,7458.25,4143
2026-07-29T12:25:00Z,7458.25,7464.0,7458.0,7459.0,1967
2026-07-29T12:30:00Z,7458.5,7462.25,7455.5,7462.25,2691
2026-07-29T12:35:00Z,7462.25,7463.25,7460.0,7462.25,1734
2026-07-29T12:40:00Z,7462.75,7466.5,7461.0,7466.25,2065
2026-07-29T12:45:00Z,7466.25,7467.0,7464.25,7466.25,1276
2026-07-29T12:50:00Z,7466.25,7466.75,7463.0,7464.5,1473
2026-07-29T12:55:00Z,7464.5,7466.0,7462.5,7463.5,1268
2026-07-29T13:00:00Z,7463.5,7464.5,7456.0,7456.75,2656
2026-07-29T13:05:00Z,7456.75,7458.5,7455.5,7458.0,2337
2026-07-29T13:10:00Z,7457.75,7459.0,7453.75,7454.5,2990
2026-07-29T13:15:00Z,7454.5,7456.5,7452.0,7453.75,3233
2026-07-29T13:20:00Z,7453.75,7461.25,7452.0,7460.75,5000
2026-07-29T13:25:00Z,7460.25,7464.75,7456.0,7456.5,6648
2026-07-29T13:30:00Z,7456.5,7461.0,7444.25,7457.25,40507
2026-07-29T13:35:00Z,7457.0,7459.5,7448.5,7455.75,24634
2026-07-29T13:40:00Z,7455.75,7457.5,7450.0,7453.25,21520
2026-07-29T13:45:00Z,7453.5,7459.0,7445.25,7448.5,20958
2026-07-29T13:50:00Z,7448.5,7448.75,7430.5,7434.5,27332
2026-07-29T13:55:00Z,7434.0,7434.0,7422.0,7430.0,25734
2026-07-29T14:00:00Z,7430.0,7437.0,7429.5,7434.0,26396
2026-07-29T14:05:00Z,7434.0,7439.75,7423.25,7424.0,19588
2026-07-29T14:10:00Z,7423.75,7426.5,7406.0,7410.0,30337
2026-07-29T14:15:00Z,7410.25,7418.75,7409.5,7414.75,27260
2026-07-29T14:20:00Z,7414.75,7420.5,7408.75,7410.75,18668
2026-07-29T14:25:00Z,7410.75,7411.0,7398.25,7405.0,27650
2026-07-29T14:30:00Z,7404.75,7414.5,7403.75,7409.0,19362
2026-07-29T14:35:00Z,7408.75,7410.25,7402.5,7403.75,14764
2026-07-29T14:40:00Z,7403.75,7404.0,7393.0,7398.0,20863
2026-07-29T14:45:00Z,7397.5,7403.75,7394.5,7400.0,17546
2026-07-29T14:50:00Z,7400.25,7409.5,7398.25,7406.25,23966
2026-07-29T14:55:00Z,7406.0,7407.0,7398.5,7404.0,12980
2026-07-29T15:00:00Z,7403.75,7411.25,7400.0,7409.25,17525
2026-07-29T15:05:00Z,7409.0,7412.0,7402.25,7411.75,14348
2026-07-29T15:10:00Z,7412.25,7412.5,7400.75,7402.25,13712
2026-07-29T15:15:00Z,7402.5,7410.75,7401.0,7401.5,12441
2026-07-29T15:20:00Z,7401.5,7406.25,7399.25,7406.0,10970
2026-07-29T15:25:00Z,7405.75,7407.75,7399.0,7400.0,10257
2026-07-29T15:30:00Z,7400.25,7405.75,7398.5,7401.5,12523
2026-07-29T15:35:00Z,7401.75,7405.5,7395.75,7395.75,11535
2026-07-29T15:40:00Z,7395.75,7400.25,7393.0,7395.75,10194
2026-07-29T15:45:00Z,7395.5,7400.75,7393.5,7400.0,11881
2026-07-29T15:50:00Z,7400.0,7401.5,7390.25,7390.5,11523
2026-07-29T15:55:00Z,7390.5,7394.5,7385.75,7393.0,14451
2026-07-29T16:00:00Z,7393.25,7396.0,7382.25,7383.5,13226
2026-07-29T16:05:00Z,7383.75,7384.0,7377.5,7382.5,15319
2026-07-29T16:10:00Z,7382.25,7383.0,7375.75,7375.75,9421
2026-07-29T16:15:00Z,7375.5,7379.0,7371.75,7377.75,13101
2026-07-29T16:20:00Z,7377.75,7391.5,7376.25,7389.0,15461
2026-07-29T16:25:00Z,7389.25,7394.75,7388.25,7394.0,9439
2026-07-29T16:30:00Z,7393.75,7398.75,7389.5,7390.0,11750
2026-07-29T16:35:00Z,7389.5,7392.25,7385.25,7391.5,9903
2026-07-29T16:40:00Z,7391.0,7392.75,7384.0,7388.0,8389
2026-07-29T16:45:00Z,7388.0,7395.0,7385.5,7395.0,10628
2026-07-29T16:50:00Z,7394.75,7401.0,7392.5,7398.5,13165
2026-07-29T16:55:00Z,7398.0,7404.5,7396.75,7404.25,12231
2026-07-29T17:00:00Z,7404.5,7415.5,7402.75,7414.5,15428
2026-07-29T17:05:00Z,7414.25,7415.0,7408.75,7409.5,13481
2026-07-29T17:10:00Z,7409.5,7422.0,7409.0,7421.75,12791
2026-07-29T17:15:00Z,7421.75,7424.5,7418.5,7423.25,11366
2026-07-29T17:20:00Z,7423.25,7428.25,7418.75,7419.25,12726
2026-07-29T17:25:00Z,7419.0,7420.5,7412.5,7413.0,12244
2026-07-29T17:30:00Z,7413.25,7419.5,7408.5,7414.25,14122
2026-07-29T17:35:00Z,7414.0,7415.25,7409.0,7412.0,8615
2026-07-29T17:40:00Z,7412.25,7414.75,7409.25,7413.25,9592
2026-07-29T17:45:00Z,7413.5,7416.25,7409.25,7415.75,7949
2026-07-29T17:50:00Z,7415.75,7420.0,7415.25,7417.5,8028
2026-07-29T17:55:00Z,7417.5,7419.75,7411.0,7419.25,8356
2026-07-29T18:00:00Z,7419.75,7451.5,7418.5,7437.5,41075
2026-07-29T18:05:00Z,7437.0,7446.5,7432.0,7436.25,21855
2026-07-29T18:10:00Z,7436.0,7439.5,7425.0,7429.5,16790
2026-07-29T18:15:00Z,7430.25,7438.25,7423.5,7425.5,12850
2026-07-29T18:20:00Z,7425.75,7426.5,7418.25,7422.75,13761
2026-07-29T18:25:00Z,7422.0,7428.75,7419.25,7428.5,11496
2026-07-29T18:30:00Z,7428.5,7436.0,7414.75,7424.0,25106
2026-07-29T18:35:00Z,7424.0,7448.0,7418.0,7444.25,17909
2026-07-29T18:40:00Z,7444.25,7466.0,7443.25,7463.25,27019
2026-07-29T18:45:00Z,7463.25,7477.0,7460.5,7475.0,26127
2026-07-29T18:50:00Z,7475.0,7482.75,7468.25,7481.75,20226
2026-07-29T18:55:00Z,7482.0,7482.5,7470.75,7475.5,20054
2026-07-29T19:00:00Z,7475.25,7482.0,7456.25,7460.75,23906
2026-07-29T19:05:00Z,7461.0,7461.25,7438.75,7439.0,24482
2026-07-29T19:10:00Z,7439.0,7447.5,7434.25,7443.75,25281
2026-07-29T19:15:00Z,7443.25,7452.25,7428.0,7430.0,22965
2026-07-29T19:20:00Z,7430.0,7431.0,7407.5,7407.75,37984
2026-07-29T19:25:00Z,7407.75,7411.0,7396.5,7405.5,32860
2026-07-29T19:30:00Z,7405.5,7411.0,7380.5,7389.25,33883
2026-07-29T19:35:00Z,7389.25,7394.25,7368.75,7369.5,35747
2026-07-29T19:40:00Z,7369.5,7376.0,7362.25,7366.5,41517
2026-07-29T19:45:00Z,7366.5,7375.25,7358.0,7373.25,32343
2026-07-29T19:50:00Z,7371.75,7373.0,7356.0,7363.5,36539
2026-07-29T19:55:00Z,7363.5,7363.5,7345.75,7350.75,99671
2026-07-29T20:00:00Z,7350.25,7358.0,7332.0,7339.25,35082
2026-07-29T20:05:00Z,7339.5,7347.75,7329.25,7330.75,18019
2026-07-29T20:10:00Z,7330.75,7344.75,7326.25,7336.75,20455
2026-07-29T20:15:00Z,7337.25,7343.25,7331.25,7334.25,7168
2026-07-29T20:20:00Z,7333.75,7338.5,7331.0,7332.0,5033
2026-07-29T20:25:00Z,7332.25,7335.25,7324.0,7331.0,4937
2026-07-29T20:30:00Z,7330.75,7339.75,7324.5,7339.0,5195
2026-07-29T20:35:00Z,7338.25,7346.5,7336.75,7345.5,4308
2026-07-29T20:40:00Z,7345.75,7346.25,7338.0,7341.0,3617
2026-07-29T20:45:00Z,7340.75,7343.25,7336.0,7336.25,2306
2026-07-29T20:50:00Z,7336.0,7342.5,7334.5,7342.5,2808
2026-07-29T20:55:00Z,7343.5,7343.5,7335.0,7335.25,3628
2026-07-29T22:00:00Z,7338.0,7354.0,7331.0,7353.0,0
2026-07-29T22:05:00Z,7352.75,7367.0,7352.5,7366.75,5481
2026-07-29T22:10:00Z,7367.0,7374.0,7366.0,7369.0,4242
2026-07-29T22:15:00Z,7369.25,7376.5,7368.0,7374.75,2270
2026-07-29T22:20:00Z,7375.0,7375.75,7369.5,7370.5,1969
2026-07-29T22:25:00Z,7370.75,7372.75,7366.5,7371.25,1897
2026-07-29T22:30:00Z,7371.25,7371.75,7367.5,7368.25,1162
2026-07-29T22:35:00Z,7368.5,7373.25,7367.75,7370.75,1341
2026-07-29T22:40:00Z,7370.5,7372.75,7368.5,7372.5,820
2026-07-29T22:45:00Z,7372.5,7375.75,7370.0,7370.5,1044
2026-07-29T22:50:00Z,7370.5,7373.0,7367.5,7368.75,1170
2026-07-29T22:55:00Z,7368.5,7370.0,7367.5,7370.0,729
2026-07-29T23:00:00Z,7370.0,7376.0,7370.0,7374.75,1021
2026-07-29T23:05:00Z,7375.0,7379.75,7372.5,7377.0,1398
2026-07-29T23:10:00Z,7377.0,7377.0,7369.5,7373.25,1368
2026-07-29T23:15:00Z,7373.5,7379.25,7372.5,7378.25,1249
2026-07-29T23:20:00Z,7378.25,7379.75,7376.5,7377.75,992
2026-07-29T23:25:00Z,7377.5,7379.5,7377.0,7378.25,881
2026-07-29T23:30:00Z,7378.25,7382.25,7378.0,7379.75,1238
2026-07-29T23:35:00Z,7379.75,7382.75,7379.0,7379.75,894
2026-07-29T23:40:00Z,7380.0,7380.0,7375.25,7377.5,977
2026-07-29T23:45:00Z,7377.25,7382.25,7376.0,7377.0,1585
2026-07-29T23:50:00Z,7377.0,7380.75,7374.5,7380.5,1323
2026-07-29T23:55:00Z,7380.5,7381.75,7378.0,7378.25,987
2026-07-30T00:00:00Z,7378.5,7381.25,7372.0,7376.5,2516
2026-07-30T00:05:00Z,7377.0,7386.25,7376.25,7384.75,2864
2026-07-30T00:10:00Z,7384.75,7387.75,7383.0,7384.5,1962
2026-07-30T00:15:00Z,7384.0,7385.75,7377.75,7377.75,3281
2026-07-30T00:20:00Z,7378.0,7379.5,7374.5,7376.25,2245
2026-07-30T00:25:00Z,7376.0,7379.75,7375.25,7378.5,1640
2026-07-30T00:30:00Z,7378.75,7381.25,7373.25,7373.75,1971
2026-07-30T00:35:00Z,7373.5,7373.75,7369.75,7371.75,1872
2026-07-30T00:40:00Z,7372.0,7373.75,7368.0,7370.75,1632
2026-07-30T00:45:00Z,7370.75,7377.0,7369.25,7373.75,1753
2026-07-30T00:50:00Z,7373.75,7377.75,7371.75,7376.0,1398
2026-07-30T00:55:00Z,7376.0,7377.25,7372.75,7376.0,790
2026-07-30T01:00:00Z,7376.0,7380.0,7374.25,7379.75,1982
2026-07-30T01:05:00Z,7380.25,7389.0,7379.25,7380.25,2784
2026-07-30T01:10:00Z,7380.5,7383.0,7377.25,7378.0,1531
2026-07-30T01:15:00Z,7378.0,7382.25,7377.25,7380.75,1132
2026-07-30T01:20:00Z,7381.0,7383.0,7379.5,7382.5,932
2026-07-30T01:25:00Z,7383.0,7387.0,7382.75,7386.0,1220
2026-07-30T01:30:00Z,7386.0,7390.0,7385.75,7388.5,1789
2026-07-30T01:35:00Z,7388.75,7391.75,7388.5,7390.5,1847
2026-07-30T01:40:00Z,7390.5,7392.0,7390.0,7391.0,1287
2026-07-30T01:45:00Z,7391.0,7392.25,7389.5,7391.25,1108
2026-07-30T01:50:00Z,7391.5,7392.25,7388.25,7390.25,1164
2026-07-30T01:55:00Z,7390.0,7391.5,7388.5,7388.75,921
2026-07-30T02:00:00Z,7389.0,7392.75,7388.75,7388.75,1078
2026-07-30T02:05:00Z,7388.75,7390.5,7387.25,7389.25,873
2026-07-30T02:10:00Z,7389.25,7391.0,7386.25,7387.0,685
2026-07-30T02:15:00Z,7386.75,7387.75,7385.0,7386.5,1115
2026-07-30T02:20:00Z,7386.5,7389.5,7386.0,7388.75,729
2026-07-30T02:25:00Z,7388.75,7390.5,7384.75,7386.0,671
2026-07-30T02:30:00Z,7386.0,7386.0,7383.25,7383.25,754
2026-07-30T02:35:00Z,7383.0,7383.75,7381.5,7382.75,618
2026-07-30T02:40:00Z,7382.75,7387.5,7382.25,7387.0,865
2026-07-30T02:45:00Z,7387.25,7388.75,7384.25,7385.0,725
2026-07-30T02:50:00Z,7385.0,7387.0,7383.0,7384.0,601
2026-07-30T02:55:00Z,7384.0,7385.0,7377.5,7378.25,1346
2026-07-30T03:00:00Z,7378.5,7384.0,7378.0,7382.5,927
2026-07-30T03:05:00Z,7382.5,7383.75,7375.5,7377.0,1042
2026-07-30T03:10:00Z,7377.0,7377.75,7372.25,7373.75,1296
2026-07-30T03:15:00Z,7374.0,7375.0,7371.0,7372.5,757
2026-07-30T03:20:00Z,7372.5,7373.75,7370.75,7372.75,892
2026-07-30T03:25:00Z,7372.5,7374.5,7371.75,7373.25,727
2026-07-30T03:30:00Z,7373.25,7377.25,7369.5,7377.0,1204
2026-07-30T03:35:00Z,7377.0,7378.25,7370.75,7371.0,869
2026-07-30T03:40:00Z,7370.75,7375.75,7370.0,7375.25,706
2026-07-30T03:45:00Z,7375.25,7378.5,7372.75,7377.0,751
2026-07-30T03:50:00Z,7377.0,7377.75,7374.5,7376.75,552
2026-07-30T03:55:00Z,7376.75,7378.0,7374.0,7374.0,506
2026-07-30T04:05:00Z,7373.0,7373.0,7371.0,7371.0,1068
2026-07-30T04:10:00Z,7371.25,7372.5,7370.25,7370.75,561
2026-07-30T04:15:00Z,7370.5,7371.25,7368.75,7370.5,724
2026-07-30T04:20:00Z,7370.75,7374.25,7369.75,7373.25,798
2026-07-30T04:25:00Z,7373.0,7379.25,7372.75,7378.5,1062
2026-07-30T04:30:00Z,7378.25,7378.75,7376.5,7377.75,519
2026-07-30T04:35:00Z,7377.75,7378.75,7372.25,7372.75,512
2026-07-30T04:40:00Z,7373.25,7374.25,7369.0,7369.75,726
2026-07-30T04:45:00Z,7369.5,7375.25,7369.5,7372.0,579
2026-07-30T04:50:00Z,7371.75,7372.25,7368.0,7369.25,603
2026-07-30T04:55:00Z,7369.25,7369.5,7366.25,7367.5,890
2026-07-30T05:00:00Z,7368.0,7368.5,7364.25,7366.0,1023
2026-07-30T05:05:00Z,7366.0,7367.0,7361.75,7363.0,1068
2026-07-30T05:10:00Z,7363.25,7365.75,7362.25,7365.75,773
2026-07-30T05:15:00Z,7365.75,7369.75,7365.25,7369.75,1316
2026-07-30T05:20:00Z,7369.75,7370.75,7366.25,7368.5,876
2026-07-30T05:25:00Z,7368.25,7370.5,7365.75,7368.5,732
2026-07-30T05:30:00Z,7368.25,7372.75,7366.75,7369.75,1003
2026-07-30T05:35:00Z,7370.0,7370.75,7366.75,7368.75,886
2026-07-30T05:40:00Z,7369.0,7373.0,7368.5,7372.25,944
2026-07-30T05:45:00Z,7372.5,7377.0,7368.25,7369.75,1560
2026-07-30T05:50:00Z,7369.5,7370.25,7366.75,7367.5,1013
2026-07-30T05:55:00Z,7367.5,7369.0,7365.25,7368.5,830
2026-07-30T06:00:00Z,7368.5,7369.25,7365.75,7367.5,1506
2026-07-30T06:05:00Z,7367.75,7369.0,7365.0,7365.25,1131
2026-07-30T06:10:00Z,7365.25,7366.5,7363.25,7364.0,1410
2026-07-30T06:15:00Z,7363.5,7363.75,7360.75,7362.0,1419
2026-07-30T06:20:00Z,7362.0,7365.0,7359.0,7364.0,1484
2026-07-30T06:25:00Z,7364.25,7367.5,7363.5,7364.25,1103
2026-07-30T06:30:00Z,7364.5,7364.5,7360.25,7362.75,1391
2026-07-30T06:35:00Z,7362.75,7363.5,7360.5,7362.25,1018
2026-07-30T06:40:00Z,7362.25,7362.75,7358.5,7358.75,1272
2026-07-30T06:45:00Z,7358.75,7362.75,7358.5,7361.5,1413
2026-07-30T06:50:00Z,7361.5,7363.0,7360.25,7362.75,609
2026-07-30T06:55:00Z,7362.75,7364.5,7360.5,7364.0,1097
2026-07-30T07:00:00Z,7363.5,7382.25,7361.75,7377.0,7433
2026-07-30T07:05:00Z,7377.0,7381.25,7370.75,7374.0,3765
2026-07-30T07:10:00Z,7374.0,7378.0,7371.5,7375.5,3007
2026-07-30T07:15:00Z,7375.5,7376.25,7366.75,7366.75,2804
2026-07-30T07:20:00Z,7367.0,7368.25,7362.5,7368.25,2597
2026-07-30T07:25:00Z,7368.25,7369.0,7363.5,7365.25,1983
2026-07-30T07:30:00Z,7365.25,7365.75,7359.25,7360.0,2544
2026-07-30T07:35:00Z,7360.25,7363.25,7354.25,7363.0,3894
2026-07-30T07:40:00Z,7363.25,7368.0,7361.75,7365.75,2182
2026-07-30T07:45:00Z,7365.5,7367.75,7364.25,7365.25,1519
2026-07-30T07:50:00Z,7365.0,7366.5,7361.5,7361.75,1797
2026-07-30T07:55:00Z,7361.75,7362.75,7358.5,7359.75,1205
2026-07-30T08:00:00Z,7359.75,7360.0,7351.5,7358.0,4045
2026-07-30T08:05:00Z,7358.0,7370.25,7354.5,7370.0,2708
2026-07-30T08:10:00Z,7369.75,7371.5,7367.75,7368.5,2340
2026-07-30T08:15:00Z,7368.25,7370.0,7366.5,7366.5,1974
2026-07-30T08:20:00Z,7366.75,7375.0,7366.25,7374.0,1813
2026-07-30T08:25:00Z,7374.0,7378.75,7372.25,7376.5,2159
2026-07-30T08:30:00Z,7376.5,7378.75,7375.5,7376.25,1263
2026-07-30T08:35:00Z,7376.25,7378.25,7373.25,7373.75,1345
2026-07-30T08:40:00Z,7373.5,7375.75,7373.0,7374.0,948
2026-07-30T08:45:00Z,7374.0,7376.25,7371.75,7372.75,1003
2026-07-30T08:50:00Z,7372.75,7373.75,7370.75,7371.25,835
2026-07-30T08:55:00Z,7371.5,7373.0,7368.5,7372.75,1004
2026-07-30T09:00:00Z,7372.75,7377.5,7371.25,7376.0,1180
2026-07-30T09:05:00Z,7376.0,7378.25,7374.25,7377.0,956
2026-07-30T09:10:00Z,7377.0,7383.75,7375.75,7380.0,2235
2026-07-30T09:15:00Z,7380.0,7381.75,7378.0,7379.75,1701
2026-07-30T09:20:00Z,7379.75,7385.0,7379.5,7383.75,1775
2026-07-30T09:25:00Z,7383.5,7385.0,7382.0,7383.25,1120
2026-07-30T09:30:00Z,7383.0,7386.0,7380.5,7385.75,1452
2026-07-30T09:35:00Z,7385.5,7388.0,7383.25,7383.5,1314
2026-07-30T09:40:00Z,7383.5,7384.0,7381.25,7382.75,1096
2026-07-30T09:45:00Z,7382.75,7384.5,7382.25,7383.75,611
2026-07-30T09:50:00Z,7383.75,7384.25,7381.25,7383.0,1066
2026-07-30T09:55:00Z,7382.75,7383.0,7374.0,7374.5,1314
2026-07-30T10:00:00Z,7374.5,7376.75,7371.5,7374.0,1401
2026-07-30T10:05:00Z,7374.25,7381.25,7374.0,7380.5,1158
2026-07-30T10:10:00Z,7380.5,7382.25,7376.0,7377.25,981
2026-07-30T10:15:00Z,7377.5,7385.0,7377.0,7383.75,1250
2026-07-30T10:20:00Z,7384.0,7386.75,7383.5,7385.75,1736
2026-07-30T10:25:00Z,7385.5,7388.5,7385.25,7386.25,1205
2026-07-30T10:30:00Z,7386.0,7388.0,7384.0,7385.0,1169
2026-07-30T10:35:00Z,7385.0,7388.25,7385.0,7387.25,1210
2026-07-30T10:40:00Z,7387.25,7391.5,7386.75,7389.75,2173
2026-07-30T10:45:00Z,7389.5,7392.0,7388.75,7390.0,1834
2026-07-30T10:50:00Z,7390.0,7392.5,7385.5,7385.75,2314
2026-07-30T10:55:00Z,7385.5,7387.25,7383.75,7385.5,1699
2026-07-30T11:00:00Z,7385.25,7390.75,7385.25,7389.0,1752
2026-07-30T11:05:00Z,7389.0,7392.5,7388.75,7391.75,1390
2026-07-30T11:10:00Z,7391.75,7393.0,7389.0,7390.5,1100
2026-07-30T11:15:00Z,7390.5,7395.0,7389.75,7392.75,1664
2026-07-30T11:20:00Z,7392.75,7396.25,7391.5,7396.0,1190
2026-07-30T11:25:00Z,7396.0,7397.75,7395.5,7397.5,1737
2026-07-30T11:30:00Z,7397.5,7399.0,7394.0,7395.0,2046
2026-07-30T11:35:00Z,7395.0,7399.25,7395.0,7396.25,1587
2026-07-30T11:40:00Z,7396.25,7399.0,7393.75,7395.25,1810
2026-07-30T11:45:00Z,7395.25,7398.75,7395.25,7398.25,1571
2026-07-30T11:50:00Z,7398.25,7401.75,7397.25,7401.25,2571
2026-07-30T11:55:00Z,7401.0,7402.0,7398.75,7400.0,2543
2026-07-30T12:00:00Z,7399.75,7403.25,7395.75,7402.75,3398
2026-07-30T12:05:00Z,7402.5,7403.75,7401.5,7403.0,1952
2026-07-30T12:10:00Z,7403.25,7404.75,7401.25,7404.25,2460
2026-07-30T12:15:00Z,7404.25,7404.75,7402.0,7402.5,2172
2026-07-30T12:20:00Z,7402.25,7403.0,7398.25,7402.25,3066
2026-07-30T12:25:00Z,7402.25,7403.25,7396.0,7400.0,2620
2026-07-30T12:30:00Z,7399.75,7406.0,7393.25,7396.5,6415
2026-07-30T12:35:00Z,7396.5,7400.75,7394.75,7396.75,3858
2026-07-30T12:40:00Z,7396.5,7397.75,7393.0,7395.0,4822
2026-07-30T12:45:00Z,7395.25,7396.5,7392.75,7396.0,3123
2026-07-30T12:50:00Z,7396.25,7399.25,7394.75,7398.0,2668
2026-07-30T12:55:00Z,7398.0,7400.75,7396.25,7398.75,2393
2026-07-30T13:00:00Z,7398.5,7404.75,7397.75,7403.75,5755
2026-07-30T13:05:00Z,7403.5,7410.0,7403.0,7403.0,7593
2026-07-30T13:10:00Z,7402.75,7406.0,7400.25,7402.5,4615
2026-07-30T13:15:00Z,7402.5,7408.0,7401.25,7407.75,4855
2026-07-30T13:20:00Z,7407.5,7407.75,7404.25,7406.5,4040
2026-07-30T13:25:00Z,7407.0,7414.75,7405.5,7414.0,11907
2026-07-30T13:30:00Z,7414.5,7416.25,7403.75,7408.5,41332
2026-07-30T13:35:00Z,7408.5,7414.5,7403.25,7407.0,32565
2026-07-30T13:40:00Z,7407.0,7421.5,7399.75,7417.5,31620
2026-07-30T13:45:00Z,7417.25,7427.75,7416.75,7427.5,29270
2026-07-30T13:50:00Z,7427.25,7437.25,7424.0,7432.25,34595
2026-07-30T13:55:00Z,7432.25,7440.0,7429.25,7439.75,25535
2026-07-30T14:00:00Z,7439.5,7443.75,7434.25,7439.25,29438
2026-07-30T14:05:00Z,7439.25,7443.0,7428.75,7431.0,28694
2026-07-30T14:10:00Z,7431.25,7435.25,7427.5,7433.0,24042
2026-07-30T14:15:00Z,7433.25,7438.25,7426.75,7431.0,23323
2026-07-30T14:20:00Z,7431.0,7439.25,7429.25,7432.75,20770
2026-07-30T14:25:00Z,7432.75,7446.5,7430.5,7439.5,20487
2026-07-30T14:30:00Z,7439.75,7442.0,7433.25,7436.5,19042
2026-07-30T14:35:00Z,7436.25,7442.75,7433.0,7440.25,19000
2026-07-30T14:40:00Z,7440.0,7444.5,7430.0,7431.25,17886
2026-07-30T14:45:00Z,7431.5,7434.5,7421.25,7425.25,22693
2026-07-30T14:50:00Z,7425.25,7426.75,7413.75,7415.0,22985
2026-07-30T14:55:00Z,7415.0,7418.75,7408.75,7415.25,25347
2026-07-30T15:00:00Z,7415.25,7419.0,7405.25,7415.25,25532
2026-07-30T15:05:00Z,7415.0,7421.25,7406.75,7420.5,23926
2026-07-30T15:10:00Z,7420.25,7420.75,7401.0,7402.0,20654
2026-07-30T15:15:00Z,7401.5,7410.25,7399.0,7407.75,19915
2026-07-30T15:20:00Z,7407.75,7414.5,7405.0,7407.25,21543
2026-07-30T15:25:00Z,7407.0,7411.5,7399.0,7400.75,19990
2026-07-30T15:30:00Z,7401.0,7414.0,7399.25,7413.75,19798
2026-07-30T15:35:00Z,7413.75,7417.75,7407.25,7412.0,17200
2026-07-30T15:40:00Z,7411.75,7422.75,7410.5,7419.25,16446
2026-07-30T15:45:00Z,7419.75,7425.75,7419.25,7423.75,13826
2026-07-30T15:50:00Z,7424.0,7425.25,7416.25,7425.0,14293
2026-07-30T15:55:00Z,7425.25,7430.0,7423.5,7424.5,14903
2026-07-30T16:00:00Z,7424.5,7436.5,7421.75,7436.0,20479
2026-07-30T16:05:00Z,7435.75,7437.5,7432.0,7435.0,12025
2026-07-30T16:10:00Z,7434.75,7443.0,7434.5,7441.75,14592
2026-07-30T16:15:00Z,7441.75,7445.5,7441.5,7442.75,11904
2026-07-30T16:20:00Z,7442.75,7444.75,7439.25,7440.0,12890
2026-07-30T16:25:00Z,7440.0,7443.25,7439.0,7441.0,10544
2026-07-30T16:30:00Z,7441.0,7442.5,7436.75,7441.25,11934
2026-07-30T16:35:00Z,7441.25,7444.25,7438.25,7438.5,9645
2026-07-30T16:40:00Z,7438.75,7439.0,7431.25,7434.0,14828
2026-07-30T16:45:00Z,7434.25,7441.5,7433.75,7439.25,10146
2026-07-30T16:50:00Z,7439.5,7445.75,7436.5,7443.5,10419
2026-07-30T16:55:00Z,7443.75,7445.5,7441.75,7443.75,6410
2026-07-30T17:00:00Z,7443.75,7454.75,7443.75,7453.5,15255
2026-07-30T17:05:00Z,7453.75,7455.5,7450.0,7451.75,9057
2026-07-30T17:10:00Z,7452.0,7454.0,7449.5,7451.0,7981
2026-07-30T17:15:00Z,7450.75,7456.5,7450.25,7456.0,6557
2026-07-30T17:20:00Z,7455.75,7456.0,7451.5,7453.5,5701
2026-07-30T17:25:00Z,7453.5,7454.0,7450.5,7451.5,5854
2026-07-30T17:30:00Z,7451.75,7454.25,7448.0,7449.25,6401
2026-07-30T17:35:00Z,7449.5,7453.25,7445.75,7447.0,8207
2026-07-30T17:40:00Z,7447.25,7455.5,7447.25,7453.0,9354
2026-07-30T17:45:00Z,7453.25,7455.5,7452.5,7452.5,6276
2026-07-30T17:50:00Z,7452.5,7457.75,7452.0,7452.5,6980
2026-07-30T17:55:00Z,7452.5,7453.75,7450.25,7451.5,4660
2026-07-30T18:00:00Z,7451.75,7456.75,7450.75,7451.0,6082
2026-07-30T18:05:00Z,7451.0,7455.75,7450.5,7454.5,6038
2026-07-30T18:10:00Z,7454.75,7456.75,7453.5,7455.75,5669
2026-07-30T18:15:00Z,7455.75,7457.0,7454.25,7455.5,5721
2026-07-30T18:20:00Z,7455.25,7458.0,7454.25,7456.75,5453
2026-07-30T18:25:00Z,7456.75,7457.75,7455.0,7457.5,5025
2026-07-30T18:30:00Z,7457.5,7459.75,7455.5,7456.5,5997
2026-07-30T18:35:00Z,7456.5,7457.25,7454.0,7454.75,6276
2026-07-30T18:40:00Z,7454.75,7457.5,7454.5,7457.0,5762
2026-07-30T18:45:00Z,7457.0,7459.5,7456.75,7459.0,6430
2026-07-30T18:50:00Z,7459.0,7460.75,7457.75,7459.0,7348
2026-07-30T18:55:00Z,7458.75,7462.5,7457.5,7461.5,7016
2026-07-30T19:00:00Z,7461.5,7467.5,7461.25,7466.25,10195
2026-07-30T19:05:00Z,7466.25,7472.25,7465.5,7471.75,10762
2026-07-30T19:10:00Z,7471.75,7477.75,7471.75,7474.25,13791
2026-07-30T19:15:00Z,7474.5,7478.5,7471.5,7476.75,8905
2026-07-30T19:20:00Z,7476.75,7477.0,7473.25,7474.25,7327
2026-07-30T19:25:00Z,7474.0,7475.75,7471.25,7471.5,7499
2026-07-30T19:30:00Z,7471.5,7473.5,7470.25,7471.5,10073
2026-07-30T19:35:00Z,7471.75,7472.75,7468.0,7471.0,10502
2026-07-30T19:40:00Z,7471.0,7472.75,7468.5,7471.75,9651
2026-07-30T19:45:00Z,7471.5,7472.5,7467.0,7470.0,12374
2026-07-30T19:50:00Z,7470.25,7471.25,7465.5,7468.25,22896
2026-07-30T19:55:00Z,7468.5,7476.5,7464.25,7472.75,89957
2026-07-30T20:00:00Z,7474.5,7492.0,7468.0,7492.0,29622
2026-07-30T20:05:00Z,7492.0,7492.0,7483.0,7483.5,8881
2026-07-30T20:10:00Z,7483.25,7488.75,7480.0,7486.75,7999
2026-07-30T20:15:00Z,7486.75,7491.0,7485.25,7490.0,5806
2026-07-30T20:20:00Z,7490.0,7492.0,7488.0,7490.5,2831
2026-07-30T20:25:00Z,7490.75,7491.25,7488.75,7490.25,2373
2026-07-30T20:30:00Z,7493.5,7498.0,7479.25,7484.75,7896
2026-07-30T20:35:00Z,7484.75,7485.0,7478.75,7481.5,3249
2026-07-30T20:40:00Z,7481.25,7481.75,7476.25,7481.0,3366
2026-07-30T20:45:00Z,7480.75,7482.0,7475.75,7477.0,3160
2026-07-30T20:50:00Z,7477.25,7478.25,7472.5,7475.0,3748
2026-07-30T20:55:00Z,7475.0,7476.75,7472.0,7474.5,2568
2026-07-30T22:00:00Z,7478.0,7479.5,7468.25,7478.25,0
2026-07-30T22:05:00Z,7478.5,7479.75,7475.25,7479.0,1103
2026-07-30T22:10:00Z,7479.0,7480.25,7474.75,7476.5,904
2026-07-30T22:15:00Z,7476.25,7480.75,7476.25,7477.75,873
2026-07-30T22:20:00Z,7478.0,7478.75,7472.75,7473.0,1059
2026-07-30T22:25:00Z,7473.25,7476.0,7473.25,7475.0,886
2026-07-30T22:30:00Z,7475.0,7476.75,7472.5,7476.5,763
2026-07-30T22:35:00Z,7476.75,7480.5,7476.25,7480.25,700
2026-07-30T22:40:00Z,7480.0,7482.5,7479.0,7482.25,583
2026-07-30T22:45:00Z,7482.25,7483.75,7481.75,7482.75,509
2026-07-30T22:50:00Z,7482.75,7485.0,7481.5,7484.0,630
2026-07-30T22:55:00Z,7484.0,7485.5,7483.5,7484.5,526
2026-07-30T23:00:00Z,7484.5,7489.25,7484.5,7488.75,970
2026-07-30T23:05:00Z,7488.5,7489.25,7484.75,7484.75,622
2026-07-30T23:10:00Z,7485.0,7485.25,7482.25,7483.0,606
2026-07-30T23:15:00Z,7482.75,7483.25,7481.0,7482.0,359
2026-07-30T23:20:00Z,7481.75,7482.0,7480.25,7480.75,314
2026-07-30T23:25:00Z,7481.0,7484.0,7481.0,7482.75,343
2026-07-30T23:30:00Z,7482.75,7485.25,7482.0,7485.25,359
2026-07-30T23:35:00Z,7484.5,7486.5,7483.0,7485.75,361
2026-07-30T23:40:00Z,7485.5,7487.75,7485.5,7487.75,645
2026-07-30T23:45:00Z,7487.75,7490.5,7486.0,7489.75,879
2026-07-30T23:50:00Z,7489.5,7490.75,7485.0,7490.0,868
2026-07-30T23:55:00Z,7490.25,7491.5,7487.75,7487.75,573
2026-07-31T00:00:00Z,7488.25,7490.5,7484.75,7489.0,1998
2026-07-31T00:05:00Z,7489.5,7493.75,7489.0,7492.0,1256
2026-07-31T00:10:00Z,7491.75,7496.5,7490.5,7495.75,1381
2026-07-31T00:15:00Z,7495.5,7497.75,7493.0,7497.0,1739
2026-07-31T00:20:00Z,7497.0,7498.0,7493.0,7494.5,872
2026-07-31T00:25:00Z,7494.5,7495.0,7493.25,7494.25,504
2026-07-31T00:30:00Z,7494.0,7497.25,7493.75,7496.25,722
2026-07-31T00:35:00Z,7496.25,7496.75,7494.0,7495.0,709
2026-07-31T00:40:00Z,7494.75,7496.75,7493.75,7496.0,935
2026-07-31T00:45:00Z,7497.0,7497.0,7491.5,7492.0,820
2026-07-31T00:50:00Z,7492.0,7493.75,7491.25,7491.25,543
2026-07-31T00:55:00Z,7491.5,7495.5,7491.25,7495.0,701
2026-07-31T01:00:00Z,7495.5,7499.75,7495.0,7499.25,1953
2026-07-31T01:05:00Z,7499.25,7501.75,7498.75,7501.5,1555
2026-07-31T01:10:00Z,7501.5,7502.0,7499.25,7500.0,1371
2026-07-31T01:15:00Z,7500.0,7504.5,7499.75,7502.25,1606
2026-07-31T01:20:00Z,7502.0,7503.75,7500.75,7502.25,935
2026-07-31T01:25:00Z,7502.25,7503.75,7500.75,7502.25,783
2026-07-31T01:30:00Z,7502.0,7502.75,7499.5,7501.0,1194
2026-07-31T01:35:00Z,7501.25,7501.25,7497.0,7498.25,1011
2026-07-31T01:40:00Z,7498.25,7498.5,7496.5,7497.0,654
2026-07-31T01:45:00Z,7497.0,7497.25,7494.25,7494.75,803
2026-07-31T01:50:00Z,7495.0,7497.0,7494.5,7495.75,915
2026-07-31T01:55:00Z,7495.75,7498.0,7495.5,7497.75,577
2026-07-31T02:00:00Z,7497.75,7500.5,7495.0,7495.25,949
2026-07-31T02:05:00Z,7495.0,7498.0,7494.5,7497.75,695
2026-07-31T02:10:00Z,7497.75,7497.75,7494.25,7494.75,593
2026-07-31T02:15:00Z,7495.0,7495.0,7491.25,7492.25,1390
2026-07-31T02:20:00Z,7492.0,7494.25,7491.5,7492.25,599
2026-07-31T02:25:00Z,7492.5,7493.25,7491.25,7492.75,686
2026-07-31T02:30:00Z,7492.5,7493.75,7491.5,7492.5,429
2026-07-31T02:35:00Z,7492.25,7492.5,7488.5,7491.0,774
2026-07-31T02:40:00Z,7490.75,7492.25,7490.25,7492.25,522
2026-07-31T02:45:00Z,7492.5,7493.75,7489.5,7489.75,686
2026-07-31T02:50:00Z,7489.75,7492.0,7489.25,7490.5,471
2026-07-31T02:55:00Z,7490.25,7493.0,7490.25,7493.0,490
2026-07-31T03:00:00Z,7492.75,7493.25,7490.25,7492.5,718
2026-07-31T03:05:00Z,7492.25,7493.25,7491.75,7492.5,456
2026-07-31T03:10:00Z,7492.5,7493.5,7488.25,7491.25,997
2026-07-31T03:15:00Z,7491.0,7495.75,7491.0,7495.5,666
2026-07-31T03:20:00Z,7495.5,7497.25,7494.5,7495.5,1162
2026-07-31T03:25:00Z,7495.75,7497.0,7495.0,7496.5,417
2026-07-31T03:30:00Z,7496.5,7498.75,7496.0,7496.75,747
2026-07-31T03:35:00Z,7496.75,7498.25,7496.5,7497.5,404
2026-07-31T03:40:00Z,7497.5,7497.75,7496.0,7497.25,298
2026-07-31T03:45:00Z,7497.0,7497.5,7493.25,7493.5,735
2026-07-31T03:50:00Z,7493.25,7498.0,7493.25,7497.25,614
2026-07-31T03:55:00Z,7497.25,7497.75,7496.25,7497.5,289
2026-07-31T04:05:00Z,7497.75,7498.25,7497.5,7498.0,890
2026-07-31T04:10:00Z,7498.25,7498.5,7496.75,7498.25,418
2026-07-31T04:15:00Z,7498.0,7501.0,7496.75,7500.75,546
2026-07-31T04:20:00Z,7500.75,7501.75,7500.0,7501.5,427
2026-07-31T04:25:00Z,7501.5,7503.25,7500.75,7503.0,749
2026-07-31T04:30:00Z,7503.0,7505.25,7502.25,7505.0,652
2026-07-31T04:35:00Z,7505.0,7507.75,7503.75,7506.75,901
2026-07-31T04:40:00Z,7506.75,7507.5,7506.0,7507.5,470
2026-07-31T04:45:00Z,7507.5,7508.5,7507.5,7507.75,627
2026-07-31T04:50:00Z,7507.75,7508.5,7506.0,7508.25,450
2026-07-31T04:55:00Z,7508.25,7509.25,7508.0,7508.75,453
2026-07-31T05:00:00Z,7508.75,7509.5,7508.25,7508.75,621
2026-07-31T05:05:00Z,7508.75,7509.25,7507.5,7509.0,499
2026-07-31T05:10:00Z,7509.0,7509.75,7507.0,7508.25,433
2026-07-31T05:15:00Z,7508.5,7508.75,7507.5,7508.25,316
2026-07-31T05:20:00Z,7508.0,7509.5,7508.0,7508.25,376
2026-07-31T05:25:00Z,7508.0,7510.25,7507.75,7509.0,610
2026-07-31T05:30:00Z,7509.25,7510.0,7506.25,7506.5,895
2026-07-31T05:35:00Z,7506.5,7507.75,7505.5,7507.5,785
2026-07-31T05:40:00Z,7507.25,7510.75,7506.75,7506.75,770
2026-07-31T05:45:00Z,7506.5,7509.0,7505.75,7508.75,583
2026-07-31T05:50:00Z,7508.5,7509.75,7507.25,7509.25,648
2026-07-31T05:55:00Z,7509.25,7509.75,7506.5,7508.25,867
2026-07-31T06:00:00Z,7508.25,7510.0,7507.25,7507.75,1041
2026-07-31T06:05:00Z,7507.75,7509.75,7507.75,7509.25,685
2026-07-31T06:10:00Z,7509.25,7511.25,7508.75,7510.25,657
2026-07-31T06:15:00Z,7510.5,7511.0,7510.0,7510.0,578
2026-07-31T06:20:00Z,7510.0,7510.0,7507.0,7507.75,970
2026-07-31T06:25:00Z,7507.75,7508.25,7506.5,7508.0,1161
2026-07-31T06:30:00Z,7508.0,7508.0,7499.5,7499.75,1919
2026-07-31T06:35:00Z,7500.0,7500.25,7495.5,7498.25,1936
2026-07-31T06:40:00Z,7498.25,7498.5,7493.25,7496.5,1170
2026-07-31T06:45:00Z,7496.5,7496.5,7491.75,7495.0,2073
2026-07-31T06:50:00Z,7495.5,7497.5,7492.25,7497.25,1501
2026-07-31T06:55:00Z,7497.25,7498.25,7495.75,7496.5,1091
2026-07-31T07:00:00Z,7495.75,7497.75,7493.25,7497.5,2978
2026-07-31T07:05:00Z,7497.5,7501.75,7497.25,7501.5,1748
2026-07-31T07:10:00Z,7501.5,7507.5,7501.25,7505.75,2192
2026-07-31T07:15:00Z,7505.75,7506.75,7500.75,7506.25,2214
2026-07-31T07:20:00Z,7506.5,7506.5,7501.25,7503.5,1547
2026-07-31T07:25:00Z,7503.75,7509.25,7503.5,7505.25,2146
2026-07-31T07:30:00Z,7505.25,7505.75,7503.0,7503.25,1603
2026-07-31T07:35:00Z,7503.25,7506.25,7502.75,7505.0,1362
2026-07-31T07:40:00Z,7505.0,7507.5,7504.75,7506.75,1039
2026-07-31T07:45:00Z,7506.75,7508.25,7504.25,7505.25,1592
2026-07-31T07:50:00Z,7505.0,7506.5,7502.75,7506.25,1226
2026-07-31T07:55:00Z,7506.25,7508.0,7505.25,7506.5,1085
2026-07-31T08:00:00Z,7506.5,7509.0,7503.0,7504.5,2203
2026-07-31T08:05:00Z,7504.5,7509.0,7504.25,7505.5,2032
2026-07-31T08:10:00Z,7505.75,7510.5,7504.75,7510.5,1474
2026-07-31T08:15:00Z,7510.5,7513.0,7510.0,7512.5,1293
2026-07-31T08:20:00Z,7512.5,7512.75,7508.0,7509.5,1453
2026-07-31T08:25:00Z,7509.75,7513.0,7509.25,7511.5,1492
2026-07-31T08:30:00Z,7510.75,7512.25,7509.25,7510.5,1094
2026-07-31T08:35:00Z,7510.5,7511.0,7508.0,7508.25,850
2026-07-31T08:40:00Z,7508.0,7511.5,7507.25,7508.25,1167
2026-07-31T08:45:00Z,7508.25,7512.25,7508.0,7511.0,973
2026-07-31T08:50:00Z,7511.0,7512.25,7510.0,7510.5,829
2026-07-31T08:55:00Z,7510.25,7513.75,7510.0,7513.0,1455
2026-07-31T09:00:00Z,7513.0,7514.5,7512.0,7513.5,1537
2026-07-31T09:05:00Z,7513.25,7515.25,7511.25,7515.25,1625
2026-07-31T09:10:00Z,7515.0,7517.75,7514.75,7516.0,1747
2026-07-31T09:15:00Z,7516.0,7516.75,7514.5,7514.5,886
2026-07-31T09:20:00Z,7514.25,7515.5,7513.0,7514.0,963
2026-07-31T09:25:00Z,7514.0,7514.75,7511.5,7511.75,986
2026-07-31T09:30:00Z,7511.75,7512.5,7508.0,7508.5,1152
2026-07-31T09:35:00Z,7508.5,7509.0,7504.0,7505.5,2095
2026-07-31T09:40:00Z,7505.5,7507.5,7505.0,7506.5,993
2026-07-31T09:45:00Z,7506.25,7508.0,7505.5,7507.25,755
2026-07-31T09:50:00Z,7507.0,7508.25,7505.0,7505.5,1044
2026-07-31T09:55:00Z,7505.25,7507.75,7503.75,7504.25,1407
2026-07-31T10:00:00Z,7504.0,7505.5,7502.0,7504.25,1122
2026-07-31T10:05:00Z,7504.0,7506.25,7503.25,7504.75,1175
2026-07-31T10:10:00Z,7504.75,7508.25,7504.25,7507.25,866
2026-07-31T10:15:00Z,7507.5,7510.25,7506.75,7510.0,988
2026-07-31T10:20:00Z,7510.25,7512.0,7508.75,7508.75,746
2026-07-31T10:25:00Z,7508.75,7510.5,7508.5,7509.5,536
2026-07-31T10:30:00Z,7509.5,7510.5,7505.75,7506.5,1845
2026-07-31T10:35:00Z,7506.5,7506.75,7504.25,7506.75,1032
2026-07-31T10:40:00Z,7506.75,7508.75,7506.5,7508.25,890
2026-07-31T10:45:00Z,7508.25,7509.5,7504.75,7505.25,1012
2026-07-31T10:50:00Z,7505.25,7508.25,7505.25,7507.5,1221
2026-07-31T10:55:00Z,7507.75,7508.5,7505.5,7506.75,774
2026-07-31T11:00:00Z,7506.75,7511.25,7506.0,7510.75,1552
2026-07-31T11:05:00Z,7511.0,7511.5,7509.25,7509.5,855
2026-07-31T11:10:00Z,7509.5,7509.5,7506.25,7506.75,804
2026-07-31T11:15:00Z,7507.0,7507.0,7500.25,7503.0,2641
2026-07-31T11:20:00Z,7503.0,7503.75,7501.5,7503.25,1092
2026-07-31T11:25:00Z,7503.25,7504.0,7499.25,7499.75,1466
2026-07-31T11:30:00Z,7499.75,7500.0,7495.75,7497.0,1982
2026-07-31T11:35:00Z,7497.0,7499.75,7495.5,7496.25,1245
2026-07-31T11:40:00Z,7496.0,7497.75,7494.5,7496.25,2131
2026-07-31T11:45:00Z,7496.25,7499.25,7495.75,7497.75,1959
2026-07-31T11:50:00Z,7497.75,7500.0,7497.5,7499.5,1229
2026-07-31T11:55:00Z,7499.5,7500.5,7498.25,7499.25,884
2026-07-31T12:00:00Z,7499.5,7499.5,7493.25,7494.0,1801
2026-07-31T12:05:00Z,7494.25,7494.25,7491.5,7492.0,2266
2026-07-31T12:10:00Z,7492.25,7492.75,7489.75,7490.5,2508
2026-07-31T12:15:00Z,7490.25,7491.0,7488.0,7488.75,2712
2026-07-31T12:20:00Z,7488.75,7491.5,7486.0,7491.0,3091
2026-07-31T12:25:00Z,7491.0,7492.75,7490.5,7491.5,1702
2026-07-31T12:30:00Z,7489.0,7492.0,7485.0,7485.5,3462
2026-07-31T12:35:00Z,7485.5,7486.25,7483.0,7483.0,3366
2026-07-31T12:40:00Z,7483.25,7485.5,7479.5,7483.25,4025
2026-07-31T12:45:00Z,7483.25,7484.5,7481.0,7482.0,2284
2026-07-31T12:50:00Z,7481.75,7487.0,7480.25,7486.25,2830
2026-07-31T12:55:00Z,7486.5,7486.75,7481.5,7483.0,2630
2026-07-31T13:00:00Z,7483.0,7487.25,7481.0,7485.75,3918
2026-07-31T13:05:00Z,7485.75,7488.25,7484.5,7488.0,2257
2026-07-31T13:10:00Z,7488.0,7491.0,7488.0,7490.25,3921
2026-07-31T13:15:00Z,7490.0,7492.75,7490.0,7492.25,4134
2026-07-31T13:20:00Z,7492.25,7495.0,7491.25,7494.75,4722
2026-07-31T13:25:00Z,7495.0,7499.5,7493.0,7498.75,9313
2026-07-31T13:30:00Z,7498.75,7515.5,7497.75,7512.25,40097
2026-07-31T13:35:00Z,7512.0,7514.75,7493.25,7493.25,30568
2026-07-31T13:40:00Z,7493.25,7494.0,7479.75,7482.75,30786
2026-07-31T13:45:00Z,7483.0,7487.75,7471.5,7474.25,38690
2026-07-31T13:50:00Z,7474.25,7478.25,7466.75,7471.5,42394
2026-07-31T13:55:00Z,7471.5,7479.75,7468.25,7470.5,29086
2026-07-31T14:00:00Z,7470.25,7475.25,7454.0,7454.25,32972
2026-07-31T14:05:00Z,7454.25,7459.0,7435.25,7442.75,49084
2026-07-31T14:10:00Z,7442.75,7445.25,7430.5,7435.75,44263
2026-07-31T14:15:00Z,7435.5,7446.0,7427.5,7437.0,48059
2026-07-31T14:20:00Z,7436.5,7452.0,7434.5,7446.0,32736
2026-07-31T14:25:00Z,7446.0,7456.5,7443.5,7456.0,24374
2026-07-31T14:30:00Z,7456.0,7462.0,7452.0,7456.0,21737
2026-07-31T14:35:00Z,7456.0,7465.5,7455.75,7463.75,18738
2026-07-31T14:40:00Z,7463.75,7468.25,7457.0,7467.75,22634
2026-07-31T14:45:00Z,7467.5,7476.5,7466.0,7475.75,25883
2026-07-31T14:50:00Z,7475.75,7481.25,7472.0,7473.5,19502
2026-07-31T14:55:00Z,7473.0,7478.5,7466.5,7477.0,20437
2026-07-31T15:00:00Z,7477.0,7478.75,7469.0,7476.75,16968
2026-07-31T15:05:00Z,7476.75,7479.75,7466.0,7470.0,15695
2026-07-31T15:10:00Z,7470.0,7476.75,7462.5,7473.25,20051
2026-07-31T15:15:00Z,7472.75,7482.5,7466.5,7471.0,23756
2026-07-31T15:20:00Z,7471.0,7473.5,7461.75,7462.25,12848
2026-07-31T15:25:00Z,7462.0,7464.0,7452.5,7454.75,20247
2026-07-31T15:30:00Z,7454.5,7459.0,7449.25,7459.0,22196
2026-07-31T15:35:00Z,7459.25,7475.25,7458.5,7472.25,18638
2026-07-31T15:40:00Z,7472.5,7475.25,7461.25,7470.0,15755
2026-07-31T15:45:00Z,7470.0,7471.5,7462.75,7466.0,14975
2026-07-31T15:50:00Z,7466.0,7481.0,7464.75,7479.5,16715
2026-07-31T15:55:00Z,7479.5,7485.0,7477.0,7482.5,12458
2026-07-31T16:00:00Z,7482.5,7487.0,7480.5,7483.75,12952
2026-07-31T16:05:00Z,7483.75,7485.25,7475.75,7481.5,12270
2026-07-31T16:10:00Z,7481.75,7488.0,7481.25,7486.75,10722
2026-07-31T16:15:00Z,7486.75,7487.5,7479.0,7484.5,9702
2026-07-31T16:20:00Z,7484.25,7496.0,7483.5,7494.25,12408
2026-07-31T16:25:00Z,7494.75,7496.0,7489.5,7496.0,10897
2026-07-31T16:30:00Z,7496.0,7499.75,7493.5,7499.5,13175
2026-07-31T16:35:00Z,7499.25,7501.0,7494.5,7497.0,11296
2026-07-31T16:40:00Z,7496.75,7499.25,7492.5,7493.5,11117
2026-07-31T16:45:00Z,7493.5,7497.75,7491.25,7497.0,9591
2026-07-31T16:50:00Z,7497.25,7503.0,7495.75,7497.75,9142
2026-07-31T16:55:00Z,7497.5,7500.5,7497.0,7497.75,7169
2026-07-31T17:00:00Z,7497.5,7505.0,7496.5,7502.25,9708
2026-07-31T17:05:00Z,7502.0,7504.5,7497.0,7499.75,8499
2026-07-31T17:10:00Z,7499.5,7504.75,7497.75,7504.25,6281
2026-07-31T17:15:00Z,7504.0,7507.0,7502.75,7506.25,7299
2026-07-31T17:20:00Z,7506.25,7513.0,7503.5,7512.0,9571
2026-07-31T17:25:00Z,7512.0,7516.0,7510.75,7514.75,16032
2026-07-31T17:30:00Z,7514.75,7516.25,7512.25,7515.25,10018
2026-07-31T17:35:00Z,7515.25,7517.0,7509.0,7509.5,11621
2026-07-31T17:40:00Z,7509.25,7512.0,7507.5,7510.0,9510
2026-07-31T17:45:00Z,7510.0,7513.0,7503.75,7504.5,10661
2026-07-31T17:50:00Z,7504.25,7510.0,7503.25,7507.5,8887
2026-07-31T17:55:00Z,7507.25,7509.25,7505.5,7506.0,6441
2026-07-31T18:00:00Z,7506.25,7512.0,7504.25,7508.0,9515
2026-07-31T18:05:00Z,7508.25,7512.0,7505.75,7510.5,7028
2026-07-31T18:10:00Z,7510.5,7512.0,7506.5,7508.5,7318
2026-07-31T18:15:00Z,7508.5,7514.5,7508.0,7512.5,7214
2026-07-31T18:20:00Z,7512.5,7516.0,7512.0,7515.0,8155
2026-07-31T18:25:00Z,7515.25,7515.5,7510.75,7512.0,6681
2026-07-31T18:30:00Z,7512.0,7514.5,7512.0,7512.25,5417
2026-07-31T18:35:00Z,7512.25,7512.75,7508.5,7509.75,7047
2026-07-31T18:40:00Z,7509.75,7513.25,7508.0,7512.0,6697
2026-07-31T18:45:00Z,7512.25,7515.0,7510.5,7514.75,5396
2026-07-31T18:50:00Z,7514.75,7516.75,7513.25,7513.75,6510
2026-07-31T18:55:00Z,7513.75,7515.25,7510.0,7513.0,7604
2026-07-31T19:00:00Z,7512.75,7517.25,7510.0,7510.75,10148
2026-07-31T19:05:00Z,7510.75,7514.0,7509.0,7513.25,8458
2026-07-31T19:10:00Z,7512.75,7517.0,7512.5,7514.75,6915
2026-07-31T19:15:00Z,7514.75,7527.0,7514.25,7526.75,17314
2026-07-31T19:20:00Z,7526.75,7531.0,7525.5,7526.25,18491
2026-07-31T19:25:00Z,7526.25,7528.25,7525.0,7526.75,10810
2026-07-31T19:30:00Z,7526.75,7526.75,7520.0,7523.25,15381
2026-07-31T19:35:00Z,7523.25,7528.25,7523.0,7527.25,14093
2026-07-31T19:40:00Z,7527.0,7533.25,7524.5,7532.75,15453
2026-07-31T19:45:00Z,7532.75,7537.25,7532.5,7537.0,19897
2026-07-31T19:50:00Z,7536.25,7541.0,7530.25,7537.75,33352
2026-07-31T19:55:00Z,7537.75,7539.0,7515.0,7520.0,140073
2026-07-31T20:00:00Z,7520.25,7527.75,7516.75,7519.5,42130
2026-07-31T20:05:00Z,7519.5,7524.0,7517.0,7522.5,9678
2026-07-31T20:10:00Z,7522.25,7524.5,7521.25,7521.5,6610
2026-07-31T20:15:00Z,7521.75,7521.75,7518.25,7519.5,3044
2026-07-31T20:20:00Z,7519.0,7520.25,7518.5,7518.5,1499
2026-07-31T20:25:00Z,7518.5,7520.0,7517.0,7519.0,2163
2026-07-31T20:30:00Z,7518.5,7520.25,7517.0,7520.25,1805
2026-07-31T20:35:00Z,7520.25,7520.5,7518.75,7520.0,1241
2026-07-31T20:40:00Z,7519.75,7521.0,7518.25,7518.5,1445
2026-07-31T20:45:00Z,7518.5,7519.75,7518.0,7519.25,1537
2026-07-31T20:50:00Z,7519.25,7519.25,7505.5,7510.75,6576
2026-07-31T20:55:00Z,7511.25,7519.25,7499.0,7519.25,0
2026-08-02T22:10:00Z,7553.5,7557.5,7552.5,7555.5,12292
2026-08-02T22:15:00Z,7555.5,7556.25,7550.0,7551.0,1972
2026-08-02T22:20:00Z,7551.0,7555.75,7551.0,7552.25,1659
2026-08-02T22:25:00Z,7552.5,7553.25,7549.5,7551.25,967
2026-08-02T22:30:00Z,7551.25,7551.75,7549.75,7550.75,609
2026-08-02T22:35:00Z,7550.75,7552.75,7550.5,7552.0,560
2026-08-02T22:40:00Z,7552.0,7552.75,7549.25,7549.25,577
2026-08-02T22:45:00Z,7549.0,7550.25,7548.75,7549.0,363
2026-08-02T22:50:00Z,7549.25,7549.5,7547.75,7548.0,502
2026-08-02T22:55:00Z,7548.25,7549.0,7544.5,7545.5,868
2026-08-02T23:00:00Z,7545.75,7550.5,7545.5,7548.0,905
2026-08-02T23:05:00Z,7548.5,7549.0,7544.75,7544.75,652
2026-08-02T23:10:00Z,7544.5,7546.0,7543.5,7545.0,506
2026-08-02T23:15:00Z,7545.25,7546.5,7545.25,7546.25,189
2026-08-02T23:20:00Z,7546.5,7549.5,7545.75,7549.25,534
2026-08-02T23:25:00Z,7549.5,7549.75,7548.25,7548.75,215
2026-08-02T23:30:00Z,7549.0,7551.5,7549.0,7550.75,610
2026-08-02T23:35:00Z,7550.5,7550.5,7549.0,7549.0,198
2026-08-02T23:40:00Z,7549.0,7550.5,7548.0,7550.25,417
2026-08-02T23:45:00Z,7550.0,7552.75,7546.75,7551.75,828
2026-08-02T23:50:00Z,7551.75,7555.0,7549.0,7549.5,2308
2026-08-02T23:55:00Z,7549.75,7552.25,7548.0,7551.5,811
2026-08-03T00:00:00Z,7551.5,7551.5,7546.25,7548.0,2079
2026-08-03T00:05:00Z,7548.0,7551.5,7547.25,7551.25,947
2026-08-03T00:10:00Z,7551.5,7554.25,7549.5,7554.0,1019
2026-08-03T00:15:00Z,7553.75,7556.75,7551.25,7551.5,1734
2026-08-03T00:20:00Z,7551.5,7552.25,7549.0,7549.0,1110
2026-08-03T00:25:00Z,7548.5,7549.5,7545.5,7547.0,1537
2026-08-03T00:30:00Z,7546.75,7551.5,7546.5,7551.0,1842
2026-08-03T00:35:00Z,7551.0,7553.75,7550.25,7552.5,1278
2026-08-03T00:40:00Z,7552.25,7553.5,7548.25,7549.5,1154
2026-08-03T00:45:00Z,7549.5,7552.25,7548.25,7551.75,1025
2026-08-03T00:50:00Z,7551.75,7554.5,7548.75,7553.25,1498
2026-08-03T00:55:00Z,7553.25,7554.25,7553.0,7554.25,630
2026-08-03T01:00:00Z,7554.25,7555.25,7552.0,7554.5,1149
2026-08-03T01:05:00Z,7554.5,7556.25,7553.25,7554.0,1078
2026-08-03T01:10:00Z,7554.5,7555.75,7550.75,7551.75,973
2026-08-03T01:15:00Z,7551.75,7552.25,7549.75,7550.0,858
2026-08-03T01:20:00Z,7550.0,7553.5,7549.75,7553.25,579
2026-08-03T01:25:00Z,7553.25,7555.75,7553.25,7555.25,714
2026-08-03T01:30:00Z,7555.0,7556.0,7554.0,7554.25,630
2026-08-03T01:35:00Z,7554.25,7555.25,7552.75,7555.25,548
2026-08-03T01:40:00Z,7555.25,7557.25,7554.5,7556.75,900
2026-08-03T01:45:00Z,7557.0,7558.25,7555.75,7556.25,1148
2026-08-03T01:50:00Z,7556.5,7558.5,7556.25,7557.0,800
2026-08-03T01:55:00Z,7557.25,7558.75,7557.0,7558.0,641
2026-08-03T02:00:00Z,7558.0,7559.25,7556.5,7558.25,821
2026-08-03T02:05:00Z,7558.5,7559.0,7557.0,7557.5,821
2026-08-03T02:10:00Z,7557.25,7560.0,7557.25,7559.0,533
2026-08-03T02:15:00Z,7559.0,7561.25,7558.5,7561.0,822
2026-08-03T02:20:00Z,7560.75,7561.75,7559.5,7559.75,984
2026-08-03T02:25:00Z,7559.75,7559.75,7557.0,7557.0,903
2026-08-03T02:30:00Z,7557.0,7559.5,7556.5,7559.5,569
2026-08-03T02:35:00Z,7559.75,7560.5,7559.25,7559.75,363
2026-08-03T02:40:00Z,7559.5,7560.25,7558.5,7558.5,409
2026-08-03T02:45:00Z,7558.75,7559.75,7558.5,7559.0,368
2026-08-03T02:50:00Z,7559.0,7560.75,7559.0,7560.25,266
2026-08-03T02:55:00Z,7560.25,7561.0,7559.75,7560.5,324
2026-08-03T03:00:00Z,7560.5,7561.75,7560.5,7561.0,670
2026-08-03T03:05:00Z,7561.0,7562.0,7561.0,7561.5,445
2026-08-03T03:10:00Z,7561.5,7562.0,7561.25,7561.5,391
2026-08-03T03:15:00Z,7561.75,7561.75,7560.75,7561.5,540
2026-08-03T03:20:00Z,7562.0,7562.5,7558.75,7559.25,761
2026-08-03T03:25:00Z,7559.0,7560.5,7558.75,7558.75,498
2026-08-03T03:30:00Z,7559.0,7560.75,7558.25,7560.25,500
2026-08-03T03:35:00Z,7560.25,7562.5,7559.75,7561.75,421
2026-08-03T03:40:00Z,7561.75,7562.5,7561.75,7562.5,423
2026-08-03T03:45:00Z,7562.5,7563.0,7561.5,7562.25,542
2026-08-03T03:50:00Z,7562.25,7564.5,7562.25,7563.5,1417
2026-08-03T03:55:00Z,7563.5,7563.5,7561.75,7562.25,461
2026-08-03T04:00:00Z,7561.75,7562.25,7561.25,7561.5,564
2026-08-03T04:05:00Z,7561.25,7563.0,7561.0,7562.5,578
2026-08-03T04:10:00Z,7562.5,7562.75,7562.0,7562.5,367
2026-08-03T04:15:00Z,7562.5,7563.75,7562.5,7563.0,300
2026-08-03T04:20:00Z,7563.0,7564.5,7562.75,7564.25,452
2026-08-03T04:25:00Z,7564.5,7565.0,7563.5,7564.5,457
2026-08-03T04:30:00Z,7564.75,7565.5,7564.5,7564.5,493
2026-08-03T04:35:00Z,7564.5,7565.0,7564.5,7564.5,333
2026-08-03T04:40:00Z,7564.5,7565.0,7564.0,7565.0,379
2026-08-03T04:45:00Z,7565.25,7567.0,7564.75,7565.75,1269
2026-08-03T04:50:00Z,7565.75,7565.75,7564.0,7564.25,487
2026-08-03T04:55:00Z,7564.25,7564.25,7563.0,7563.25,521
2026-08-03T05:00:00Z,7563.5,7565.25,7563.0,7563.75,639
2026-08-03T05:05:00Z,7563.75,7563.75,7562.0,7563.25,455
2026-08-03T05:10:00Z,7563.25,7565.25,7563.25,7563.75,519
2026-08-03T05:15:00Z,7563.5,7563.5,7561.75,7562.0,617
2026-08-03T05:20:00Z,7562.25,7563.25,7562.25,7563.0,497
2026-08-03T05:25:00Z,7563.0,7564.5,7562.75,7563.25,655
2026-08-03T05:30:00Z,7563.25,7564.0,7562.75,7563.0,526
2026-08-03T05:35:00Z,7562.75,7563.5,7562.25,7563.25,482
2026-08-03T05:40:00Z,7563.25,7564.0,7562.75,7563.0,469
2026-08-03T05:45:00Z,7563.0,7563.5,7562.75,7563.0,265
2026-08-03T05:50:00Z,7563.0,7563.0,7560.25,7560.75,420
2026-08-03T05:55:00Z,7561.0,7563.25,7560.75,7563.0,427
2026-08-03T06:00:00Z,7563.25,7565.0,7562.0,7564.75,1196
2026-08-03T06:05:00Z,7564.75,7565.75,7563.25,7564.25,1087
2026-08-03T06:10:00Z,7564.25,7566.0,7563.75,7563.75,878
2026-08-03T06:15:00Z,7563.5,7564.0,7563.0,7563.0,590
2026-08-03T06:20:00Z,7563.0,7563.75,7561.5,7561.75,900
2026-08-03T06:25:00Z,7561.5,7561.5,7558.75,7559.75,904
2026-08-03T06:30:00Z,7559.75,7562.0,7559.5,7560.75,783
2026-08-03T06:35:00Z,7560.75,7560.75,7558.5,7559.25,517
2026-08-03T06:40:00Z,7559.25,7559.25,7558.25,7558.25,396
2026-08-03T06:45:00Z,7558.0,7559.0,7557.0,7557.5,576
2026-08-03T06:50:00Z,7557.5,7557.75,7556.5,7557.5,537
2026-08-03T06:55:00Z,7557.25,7557.75,7555.75,7556.75,910
2026-08-03T07:00:00Z,7557.0,7559.0,7553.0,7557.25,2375
2026-08-03T07:05:00Z,7557.5,7561.25,7557.25,7558.0,1924
2026-08-03T07:10:00Z,7558.0,7561.0,7557.75,7560.0,1041
2026-08-03T07:15:00Z,7560.0,7561.75,7552.75,7554.75,3772
2026-08-03T07:20:00Z,7554.75,7558.0,7554.0,7556.5,1330
2026-08-03T07:25:00Z,7556.5,7557.75,7555.25,7556.75,1084
2026-08-03T07:30:00Z,7556.75,7558.25,7556.25,7558.25,880
2026-08-03T07:35:00Z,7557.75,7560.0,7555.0,7556.0,1051
2026-08-03T07:40:00Z,7556.0,7556.0,7553.25,7554.0,1052
2026-08-03T07:45:00Z,7553.75,7557.5,7553.5,7556.5,1048
2026-08-03T07:50:00Z,7556.5,7557.75,7555.25,7557.25,870
2026-08-03T07:55:00Z,7557.5,7560.0,7557.25,7559.75,1031
2026-08-03T08:00:00Z,7559.75,7560.0,7551.25,7552.0,1889
2026-08-03T08:05:00Z,7552.25,7554.0,7550.75,7552.75,1805
2026-08-03T08:10:00Z,7552.5,7555.5,7552.5,7555.0,1140
2026-08-03T08:15:00Z,7555.0,7555.25,7550.0,7550.75,1611
2026-08-03T08:20:00Z,7551.0,7551.75,7549.25,7549.75,1896
2026-08-03T08:25:00Z,7550.0,7550.75,7547.5,7550.25,1746
2026-08-03T08:30:00Z,7550.5,7550.75,7547.75,7548.75,1356
2026-08-03T08:35:00Z,7548.75,7555.75,7548.5,7555.5,1792
2026-08-03T08:40:00Z,7555.5,7557.25,7553.75,7554.5,1004
2026-08-03T08:45:00Z,7554.5,7555.75,7552.25,7554.75,985
2026-08-03T08:50:00Z,7554.75,7555.5,7554.25,7555.0,1102
2026-08-03T08:55:00Z,7555.25,7559.25,7555.25,7559.25,1888
2026-08-03T09:00:00Z,7559.5,7560.25,7556.0,7556.25,1733
2026-08-03T09:05:00Z,7556.25,7559.0,7556.25,7557.0,1156
2026-08-03T09:10:00Z,7557.0,7557.5,7554.0,7556.0,1215
2026-08-03T09:15:00Z,7556.0,7558.75,7555.25,7557.75,947
2026-08-03T09:20:00Z,7557.75,7558.5,7556.25,7556.25,713
2026-08-03T09:25:00Z,7556.5,7557.25,7555.25,7556.25,688
2026-08-03T09:30:00Z,7556.0,7558.0,7555.75,7556.75,576
2026-08-03T09:35:00Z,7557.25,7559.75,7555.75,7556.5,1175
2026-08-03T09:40:00Z,7556.5,7558.25,7556.25,7556.5,623
2026-08-03T09:45:00Z,7556.75,7558.75,7556.0,7556.5,563
2026-08-03T09:50:00Z,7556.75,7557.0,7553.5,7555.75,858
2026-08-03T09:55:00Z,7556.0,7558.25,7555.75,7557.5,713
2026-08-03T10:00:00Z,7557.5,7558.5,7555.5,7558.0,854
2026-08-03T10:05:00Z,7558.0,7559.0,7557.5,7558.5,497
2026-08-03T10:10:00Z,7558.5,7560.0,7558.0,7558.25,1403
2026-08-03T10:15:00Z,7558.25,7560.5,7558.25,7559.5,1327
2026-08-03T10:20:00Z,7559.5,7560.25,7557.25,7559.0,1481
2026-08-03T10:25:00Z,7559.25,7560.5,7558.0,7560.25,955
2026-08-03T10:30:00Z,7560.0,7561.0,7558.5,7561.0,712
2026-08-03T10:35:00Z,7560.75,7562.0,7559.5,7561.5,1406
2026-08-03T10:40:00Z,7561.5,7562.5,7561.0,7562.5,765
2026-08-03T10:45:00Z,7562.5,7562.75,7561.0,7561.5,685
2026-08-03T10:50:00Z,7561.5,7562.25,7560.75,7561.75,905
2026-08-03T10:55:00Z,7561.5,7563.0,7561.5,7562.75,637
2026-08-03T11:00:00Z,7562.75,7563.25,7559.25,7560.5,1865
2026-08-03T11:05:00Z,7560.75,7560.75,7557.25,7559.0,1538
2026-08-03T11:10:00Z,7559.0,7560.25,7558.75,7560.0,1371
2026-08-03T11:15:00Z,7560.0,7563.25,7559.5,7562.75,1231
2026-08-03T11:20:00Z,7563.0,7564.0,7561.5,7561.5,1852
2026-08-03T11:25:00Z,7561.25,7562.75,7560.5,7561.5,1225
2026-08-03T11:30:00Z,7561.5,7567.75,7561.25,7565.5,3474
2026-08-03T11:35:00Z,7565.75,7566.75,7561.25,7561.25,1798
2026-08-03T11:40:00Z,7561.25,7564.0,7560.5,7564.0,1628
2026-08-03T11:45:00Z,7563.75,7564.5,7561.5,7563.25,2100
2026-08-03T11:50:00Z,7563.25,7563.5,7557.25,7557.25,2072
2026-08-03T11:55:00Z,7557.0,7557.75,7555.75,7557.5,2377
2026-08-03T12:00:00Z,7557.25,7557.5,7554.5,7555.5,2607
2026-08-03T12:05:00Z,7555.75,7556.0,7553.5,7555.25,2044
2026-08-03T12:10:00Z,7555.0,7556.75,7553.25,7556.5,2453
2026-08-03T12:15:00Z,7556.5,7558.25,7554.5,7556.25,2681
2026-08-03T12:20:00Z,7556.5,7558.75,7554.0,7554.5,2886
2026-08-03T12:25:00Z,7554.5,7558.75,7553.75,7558.0,2149
2026-08-03T12:30:00Z,7558.5,7561.0,7558.25,7561.0,2030
2026-08-03T12:35:00Z,7561.0,7562.25,7559.25,7562.0,3654
2026-08-03T12:40:00Z,7562.0,7565.75,7561.25,7565.5,2768
2026-08-03T12:45:00Z,7565.75,7566.25,7563.75,7563.75,2923
2026-08-03T12:50:00Z,7563.75,7565.5,7562.25,7565.0,2448
2026-08-03T12:55:00Z,7565.0,7565.25,7563.0,7563.25,1972
2026-08-03T13:00:00Z,7563.5,7565.0,7562.25,7564.25,2650
2026-08-03T13:05:00Z,7564.25,7565.0,7562.5,7563.0,2353
2026-08-03T13:10:00Z,7562.75,7564.25,7561.75,7562.5,2217
2026-08-03T13:15:00Z,7562.5,7565.75,7562.5,7565.25,4005
2026-08-03T13:20:00Z,7565.5,7565.5,7562.75,7564.0,2751
2026-08-03T13:25:00Z,7563.75,7563.75,7544.75,7546.0,13755
2026-08-03T13:30:00Z,7546.0,7565.25,7542.75,7559.25,46753
2026-08-03T13:35:00Z,7559.25,7571.0,7558.75,7568.75,33471
2026-08-03T13:40:00Z,7568.75,7570.0,7561.0,7567.25,25492
2026-08-03T13:45:00Z,7567.25,7575.0,7565.0,7570.75,29269
2026-08-03T13:50:00Z,7570.75,7581.25,7567.0,7579.5,30204
2026-08-03T13:55:00Z,7579.5,7588.25,7578.5,7588.0,23458
2026-08-03T14:00:00Z,7587.75,7591.25,7582.75,7586.0,28703
2026-08-03T14:05:00Z,7585.75,7588.5,7583.5,7587.5,18449
2026-08-03T14:10:00Z,7587.75,7592.5,7587.25,7591.0,17146
2026-08-03T14:15:00Z,7591.0,7597.5,7590.0,7593.75,22248
2026-08-03T14:20:00Z,7594.0,7599.75,7593.5,7598.25,17398
2026-08-03T14:25:00Z,7598.25,7600.0,7595.5,7597.25,16310
2026-08-03T14:30:00Z,7597.25,7598.5,7595.0,7597.25,14709
2026-08-03T14:35:00Z,7597.0,7601.5,7596.25,7600.0,13948
2026-08-03T14:40:00Z,7600.0,7603.75,7599.5,7601.0,14390
2026-08-03T14:45:00Z,7601.25,7601.75,7598.75,7600.75,11159
2026-08-03T14:50:00Z,7600.75,7603.5,7600.0,7601.25,14757
2026-08-03T14:55:00Z,7601.25,7606.0,7601.0,7606.0,12721
2026-08-03T15:00:00Z,7605.75,7606.25,7603.0,7604.5,11899
2026-08-03T15:05:00Z,7604.5,7604.5,7599.75,7601.25,12077
2026-08-03T15:10:00Z,7601.25,7603.25,7600.0,7602.5,10354
2026-08-03T15:15:00Z,7602.5,7606.0,7602.5,7606.0,9671
2026-08-03T15:20:00Z,7606.0,7609.0,7605.75,7607.75,13370
2026-08-03T15:25:00Z,7607.75,7609.0,7602.0,7603.0,19369
2026-08-03T15:30:00Z,7603.0,7606.75,7602.5,7605.0,11074
2026-08-03T15:35:00Z,7604.75,7608.0,7603.75,7607.25,11081
2026-08-03T15:40:00Z,7607.5,7610.5,7607.0,7608.5,12326
2026-08-03T15:45:00Z,7608.5,7613.0,7608.5,7612.25,14954
2026-08-03T15:50:00Z,7612.25,7614.0,7611.75,7613.75,10391
2026-08-03T15:55:00Z,7613.5,7613.75,7610.0,7611.5,12821
2026-08-03T16:00:00Z,7611.5,7613.5,7611.0,7611.5,9635
2026-08-03T16:05:00Z,7611.75,7612.5,7610.0,7611.75,8459
2026-08-03T16:10:00Z,7611.75,7612.0,7609.25,7611.5,7596
2026-08-03T16:15:00Z,7611.25,7614.5,7611.0,7614.25,8088
2026-08-03T16:20:00Z,7614.25,7614.5,7612.25,7614.25,6902
2026-08-03T16:25:00Z,7614.5,7617.75,7613.5,7617.25,11477
2026-08-03T16:30:00Z,7617.25,7618.0,7614.75,7616.0,10338
2026-08-03T16:35:00Z,7616.0,7616.0,7613.75,7614.25,6724
2026-08-03T16:40:00Z,7614.5,7616.75,7613.75,7616.25,6591
2026-08-03T16:45:00Z,7616.5,7616.5,7614.5,7614.75,5197
2026-08-03T16:50:00Z,7614.75,7615.5,7612.0,7612.25,8808
2026-08-03T16:55:00Z,7612.25,7615.25,7611.75,7613.5,7109
2026-08-03T17:00:00Z,7613.75,7614.75,7611.75,7613.5,8438
2026-08-03T17:05:00Z,7613.75,7614.5,7611.0,7613.75,6760
2026-08-03T17:10:00Z,7613.75,7617.75,7613.5,7616.75,7631
2026-08-03T17:15:00Z,7616.75,7619.5,7616.5,7619.5,6784
2026-08-03T17:20:00Z,7619.25,7622.0,7618.25,7621.5,10241
2026-08-03T17:25:00Z,7621.5,7623.25,7620.0,7622.5,7111
2026-08-03T17:30:00Z,7622.5,7625.5,7621.75,7625.5,7607
2026-08-03T17:35:00Z,7625.25,7626.25,7623.0,7623.75,8979
2026-08-03T17:40:00Z,7624.25,7625.25,7623.25,7625.0,5508
2026-08-03T17:45:00Z,7625.0,7627.25,7624.75,7626.25,9383
2026-08-03T17:50:00Z,7626.5,7628.25,7626.25,7628.25,5873
2026-08-03T17:55:00Z,7628.5,7629.75,7627.25,7628.0,9170
2026-08-03T18:00:00Z,7628.25,7633.25,7628.0,7633.0,15684
2026-08-03T18:05:00Z,7633.25,7635.0,7632.5,7635.0,10804
2026-08-03T18:10:00Z,7634.75,7635.0,7630.25,7631.75,11208
2026-08-03T18:15:00Z,7631.75,7634.75,7630.5,7631.25,7876
2026-08-03T18:20:00Z,7631.25,7633.25,7629.5,7631.0,8994
2026-08-03T18:25:00Z,7631.0,7632.0,7626.25,7627.5,12539
2026-08-03T18:30:00Z,7627.5,7630.0,7625.0,7626.5,11482
2026-08-03T18:35:00Z,7626.75,7629.5,7626.25,7628.25,7367
2026-08-03T18:40:00Z,7628.25,7632.75,7627.25,7632.5,7798
2026-08-03T18:45:00Z,7632.5,7633.5,7629.0,7632.5,9165
2026-08-03T18:50:00Z,7632.5,7634.25,7630.5,7632.5,11491
2026-08-03T18:55:00Z,7632.75,7634.0,7630.75,7631.0,6046
2026-08-03T19:00:00Z,7631.0,7637.75,7631.0,7636.75,12147
2026-08-03T19:05:00Z,7637.0,7637.25,7632.25,7633.5,9401
2026-08-03T19:10:00Z,7633.5,7636.0,7632.75,7633.5,6626
2026-08-03T19:15:00Z,7633.5,7636.25,7633.5,7635.25,9075
2026-08-03T19:20:00Z,7635.5,7636.25,7633.25,7636.25,8132
2026-08-03T19:25:00Z,7636.0,7637.25,7634.25,7635.5,9393
2026-08-03T19:30:00Z,7635.5,7637.0,7633.75,7635.25,10273
2026-08-03T19:35:00Z,7635.5,7636.5,7631.25,7631.75,10335
2026-08-03T19:40:00Z,7632.0,7633.5,7630.25,7632.5,12865
2026-08-03T19:45:00Z,7632.75,7634.25,7631.0,7633.0,14832
2026-08-03T19:50:00Z,7633.0,7635.75,7627.75,7629.25,31201
2026-08-03T19:55:00Z,7629.0,7632.0,7625.75,7628.25,96407
2026-08-03T20:00:00Z,7628.25,7629.0,7625.25,7628.5,21600
2026-08-03T20:05:00Z,7628.75,7632.5,7628.5,7631.5,6409
2026-08-03T20:10:00Z,7631.5,7633.0,7630.5,7632.0,4070
2026-08-03T20:15:00Z,7632.0,7634.25,7632.0,7633.75,1873
2026-08-03T20:20:00Z,7634.0,7636.5,7633.5,7634.0,2363
2026-08-03T20:25:00Z,7633.75,7634.25,7632.75,7633.0,951
2026-08-03T20:30:00Z,7633.0,7634.25,7632.75,7633.25,1044
2026-08-03T20:35:00Z,7633.5,7635.25,7633.5,7634.5,849
2026-08-03T20:40:00Z,7634.5,7636.5,7634.25,7635.5,1321
2026-08-03T20:45:00Z,7635.5,7635.75,7632.5,7632.5,1956
2026-08-03T20:50:00Z,7632.5,7633.0,7630.75,7631.25,1507
2026-08-03T20:55:00Z,7631.5,7632.25,7630.25,7631.25,1318
2026-08-03T22:00:00Z,7631.0,7633.5,7629.0,7631.5,0
2026-08-03T22:05:00Z,7631.75,7635.0,7631.5,7634.5,798
2026-08-03T22:10:00Z,7634.5,7635.5,7631.5,7632.5,609
2026-08-03T22:15:00Z,7632.5,7635.0,7632.5,7634.25,320
2026-08-03T22:20:00Z,7634.25,7634.75,7632.75,7634.0,236
2026-08-03T22:25:00Z,7634.25,7634.5,7633.0,7633.75,128
2026-08-03T22:30:00Z,7633.75,7635.5,7633.25,7635.0,318
2026-08-03T22:35:00Z,7634.5,7635.75,7633.5,7635.0,293
2026-08-03T22:40:00Z,7635.25,7636.5,7635.25,7636.0,356
2026-08-03T22:45:00Z,7636.0,7636.0,7634.25,7635.5,354
2026-08-03T22:50:00Z,7635.5,7636.0,7635.0,7635.75,398
2026-08-03T22:55:00Z,7635.75,7636.0,7635.25,7635.25,142
2026-08-03T23:00:00Z,7635.25,7635.75,7634.25,7635.25,233
2026-08-03T23:05:00Z,7635.0,7635.25,7633.5,7634.0,275
2026-08-03T23:10:00Z,7634.0,7634.5,7633.75,7634.5,122
2026-08-03T23:15:00Z,7634.5,7636.25,7634.5,7635.5,195
2026-08-03T23:20:00Z,7635.75,7636.25,7634.5,7634.75,282
2026-08-03T23:25:00Z,7634.75,7635.25,7634.0,7634.75,271
2026-08-03T23:30:00Z,7634.75,7636.25,7633.75,7635.75,428
2026-08-03T23:35:00Z,7635.5,7636.0,7632.75,7632.75,331
2026-08-03T23:40:00Z,7632.75,7633.75,7632.75,7632.75,335
2026-08-03T23:45:00Z,7633.0,7636.0,7632.75,7635.0,755
2026-08-03T23:50:00Z,7635.0,7636.0,7633.25,7633.5,544
2026-08-03T23:55:00Z,7633.5,7635.25,7633.25,7635.0,449
2026-08-04T00:00:00Z,7635.5,7636.0,7632.25,7634.75,1241
2026-08-04T00:05:00Z,7634.75,7637.25,7634.0,7636.25,836
2026-08-04T00:10:00Z,7636.25,7636.5,7633.0,7634.0,671
2026-08-04T00:15:00Z,7634.0,7634.0,7631.25,7632.0,793
2026-08-04T00:20:00Z,7632.0,7634.0,7631.75,7633.0,569
2026-08-04T00:25:00Z,7632.75,7634.0,7630.75,7631.25,768
2026-08-04T00:30:00Z,7631.25,7631.75,7630.25,7630.5,821
2026-08-04T00:35:00Z,7630.75,7634.75,7629.25,7634.5,1834
2026-08-04T00:40:00Z,7634.5,7635.25,7632.5,7634.75,1747
2026-08-04T00:45:00Z,7634.75,7635.0,7632.5,7634.5,649
2026-08-04T00:50:00Z,7633.75,7635.75,7633.0,7633.75,783
2026-08-04T00:55:00Z,7634.0,7634.5,7631.75,7633.0,841
2026-08-04T01:00:00Z,7632.75,7633.0,7629.5,7631.25,2355
2026-08-04T01:05:00Z,7631.0,7633.75,7629.75,7633.5,1263
2026-08-04T01:10:00Z,7633.5,7635.25,7633.0,7634.25,918
2026-08-04T01:15:00Z,7634.0,7635.25,7632.25,7634.5,559
2026-08-04T01:20:00Z,7634.25,7635.75,7634.25,7635.5,464
2026-08-04T01:25:00Z,7635.5,7636.25,7633.75,7636.25,616
2026-08-04T01:30:00Z,7636.25,7639.0,7635.75,7637.75,1292
2026-08-04T01:35:00Z,7637.75,7638.5,7636.0,7636.25,757
2026-08-04T01:40:00Z,7636.0,7640.5,7636.0,7640.0,874
2026-08-04T01:45:00Z,7640.0,7642.25,7639.75,7642.0,1251
2026-08-04T01:50:00Z,7642.0,7647.5,7641.5,7646.75,2289
2026-08-04T01:55:00Z,7646.75,7647.25,7645.75,7646.5,1040
2026-08-04T02:00:00Z,7646.25,7647.5,7644.25,7644.5,1047
2026-08-04T02:05:00Z,7644.5,7644.75,7641.25,7642.25,1066
2026-08-04T02:10:00Z,7642.25,7642.25,7639.75,7641.0,932
2026-08-04T02:15:00Z,7641.0,7642.25,7640.75,7642.0,587
2026-08-04T02:20:00Z,7642.25,7642.5,7639.0,7641.5,756
2026-08-04T02:25:00Z,7641.5,7641.75,7640.0,7640.0,629
2026-08-04T02:30:00Z,7640.25,7643.0,7640.25,7641.5,378
2026-08-04T02:35:00Z,7642.0,7644.0,7641.5,7642.75,389
2026-08-04T02:40:00Z,7642.75,7644.0,7642.25,7643.75,410
2026-08-04T02:45:00Z,7643.75,7643.75,7641.75,7642.5,402
2026-08-04T02:50:00Z,7642.5,7644.25,7641.75,7644.0,253
2026-08-04T02:55:00Z,7644.0,7644.25,7642.25,7642.5,260
2026-08-04T03:00:00Z,7642.25,7644.0,7641.5,7642.0,472
2026-08-04T03:05:00Z,7642.25,7642.5,7640.0,7641.0,609
2026-08-04T03:10:00Z,7641.25,7641.5,7638.25,7639.5,654
2026-08-04T03:15:00Z,7639.5,7641.25,7639.25,7640.5,659
2026-08-04T03:20:00Z,7640.75,7643.0,7639.75,7642.75,446
2026-08-04T03:25:00Z,7643.0,7644.5,7642.5,7643.5,356
2026-08-04T03:30:00Z,7643.5,7645.5,7643.5,7645.25,592
2026-08-04T03:35:00Z,7645.0,7645.5,7644.0,7644.5,537
2026-08-04T03:40:00Z,7644.5,7644.5,7641.75,7642.75,487
2026-08-04T03:45:00Z,7642.75,7644.25,7641.75,7643.75,528
2026-08-04T03:50:00Z,7643.75,7645.0,7643.5,7644.0,303
2026-08-04T03:55:00Z,7644.0,7645.0,7643.75,7645.0,287
2026-08-04T04:05:00Z,7644.0,7644.25,7643.75,7643.75,791
2026-08-04T04:10:00Z,7643.75,7644.0,7641.75,7642.75,258
2026-08-04T04:15:00Z,7643.0,7645.5,7642.75,7645.25,249
2026-08-04T04:20:00Z,7645.25,7645.25,7644.5,7645.25,274
2026-08-04T04:25:00Z,7645.25,7645.75,7645.0,7645.5,229
2026-08-04T04:30:00Z,7645.5,7646.0,7645.25,7645.25,255
2026-08-04T04:35:00Z,7645.25,7645.5,7644.75,7645.25,198
2026-08-04T04:40:00Z,7645.0,7645.75,7644.75,7645.25,169
2026-08-04T04:45:00Z,7645.0,7646.0,7644.5,7645.75,169
2026-08-04T04:50:00Z,7646.0,7646.5,7645.0,7646.0,240
2026-08-04T04:55:00Z,7646.0,7646.25,7644.25,7645.5,239
2026-08-04T05:00:00Z,7645.25,7645.75,7643.5,7644.25,401
2026-08-04T05:05:00Z,7644.5,7644.75,7643.75,7644.75,160
2026-08-04T05:10:00Z,7644.75,7644.75,7642.75,7643.25,491
2026-08-04T05:15:00Z,7643.25,7644.25,7643.0,7644.25,249
2026-08-04T05:20:00Z,7644.25,7645.5,7644.0,7645.5,264
2026-08-04T05:25:00Z,7645.25,7646.0,7644.25,7645.5,398
2026-08-04T05:30:00Z,7645.25,7646.5,7645.25,7646.0,574
2026-08-04T05:35:00Z,7646.25,7649.5,7646.25,7646.5,1316
2026-08-04T05:40:00Z,7646.25,7647.75,7646.0,7647.25,763
2026-08-04T05:45:00Z,7647.0,7647.0,7646.0,7646.5,332
2026-08-04T05:50:00Z,7646.5,7647.5,7646.25,7646.5,277
2026-08-04T05:55:00Z,7646.5,7647.75,7646.25,7647.5,286
2026-08-04T06:00:00Z,7647.75,7648.25,7646.75,7648.0,682
2026-08-04T06:05:00Z,7647.75,7649.25,7647.25,7648.75,544
2026-08-04T06:10:00Z,7648.5,7650.0,7648.5,7649.75,711
2026-08-04T06:15:00Z,7649.75,7649.75,7647.5,7647.75,578
2026-08-04T06:20:00Z,7647.75,7649.0,7647.0,7647.75,574
2026-08-04T06:25:00Z,7647.75,7649.0,7647.0,7647.25,591
2026-08-04T06:30:00Z,7647.0,7648.25,7646.5,7646.75,656
2026-08-04T06:35:00Z,7646.75,7646.75,7644.0,7644.75,731
2026-08-04T06:40:00Z,7644.75,7645.0,7642.75,7644.0,705
2026-08-04T06:45:00Z,7644.0,7644.75,7643.75,7644.25,399
2026-08-04T06:50:00Z,7644.25,7644.75,7643.75,7644.25,465
2026-08-04T06:55:00Z,7644.25,7644.75,7643.0,7644.5,683
2026-08-04T07:00:00Z,7644.5,7647.5,7644.0,7646.25,1881
2026-08-04T07:05:00Z,7646.5,7646.5,7642.0,7642.25,1636
2026-08-04T07:10:00Z,7642.25,7643.25,7641.5,7643.0,1254
2026-08-04T07:15:00Z,7643.0,7644.75,7642.5,7643.25,864
2026-08-04T07:20:00Z,7643.25,7644.0,7642.5,7644.0,633
2026-08-04T07:25:00Z,7644.25,7646.0,7644.0,7645.0,1089
2026-08-04T07:30:00Z,7645.5,7648.0,7645.0,7646.25,3522
2026-08-04T07:35:00Z,7646.25,7646.5,7643.25,7644.0,811
2026-08-04T07:40:00Z,7644.5,7644.5,7642.0,7642.5,771
2026-08-04T07:45:00Z,7642.5,7646.75,7642.0,7646.75,1048
2026-08-04T07:50:00Z,7646.5,7646.5,7643.0,7643.0,1565
2026-08-04T07:55:00Z,7643.25,7643.75,7642.25,7643.5,1498
2026-08-04T08:00:00Z,7643.5,7644.75,7642.5,7643.75,1835
2026-08-04T08:05:00Z,7644.0,7645.0,7642.75,7643.25,1681
2026-08-04T08:10:00Z,7643.0,7643.75,7642.0,7643.75,1120
2026-08-04T08:15:00Z,7644.0,7645.5,7643.5,7644.5,1063
2026-08-04T08:20:00Z,7644.75,7645.75,7643.0,7643.25,1536
2026-08-04T08:25:00Z,7643.25,7643.75,7642.0,7643.25,1319
2026-08-04T08:30:00Z,7643.25,7643.25,7638.0,7639.5,2453
2026-08-04T08:35:00Z,7639.5,7639.75,7637.75,7639.25,1663
2026-08-04T08:40:00Z,7639.0,7639.25,7637.0,7638.0,1378
2026-08-04T08:45:00Z,7638.25,7638.25,7635.25,7635.75,2058
2026-08-04T08:50:00Z,7636.0,7636.75,7635.25,7636.0,878
2026-08-04T08:55:00Z,7636.0,7638.5,7636.0,7637.25,1181
2026-08-04T09:00:00Z,7637.0,7637.0,7634.0,7635.75,1379
2026-08-04T09:05:00Z,7635.25,7635.5,7632.75,7633.25,2061
2026-08-04T09:10:00Z,7633.5,7634.25,7632.0,7633.75,1294
2026-08-04T09:15:00Z,7634.0,7634.25,7631.75,7633.25,1210
2026-08-04T09:20:00Z,7633.25,7634.0,7632.5,7633.25,980
2026-08-04T09:25:00Z,7633.0,7634.5,7632.25,7634.25,775
2026-08-04T09:30:00Z,7634.25,7636.0,7634.25,7635.75,1001
2026-08-04T09:35:00Z,7636.0,7637.25,7635.5,7637.25,941
2026-08-04T09:40:00Z,7637.25,7638.25,7637.25,7637.75,784
2026-08-04T09:45:00Z,7637.75,7638.5,7635.5,7638.5,2687
2026-08-04T09:50:00Z,7638.0,7638.0,7634.75,7635.0,980
2026-08-04T09:55:00Z,7634.75,7637.5,7634.75,7637.5,652
2026-08-04T10:00:00Z,7637.75,7638.0,7636.25,7636.75,616
2026-08-04T10:05:00Z,7636.75,7638.5,7636.25,7637.75,773
2026-08-04T10:10:00Z,7638.0,7639.75,7637.75,7638.75,1255
2026-08-04T10:15:00Z,7638.5,7638.5,7636.0,7637.0,916
2026-08-04T10:20:00Z,7637.0,7638.25,7636.25,7637.5,753
2026-08-04T10:25:00Z,7637.75,7638.0,7636.25,7636.5,788
2026-08-04T10:30:00Z,7636.25,7642.25,7635.5,7640.5,3032
2026-08-04T10:35:00Z,7640.5,7640.75,7638.5,7639.25,860
2026-08-04T10:40:00Z,7639.0,7644.75,7638.0,7643.75,2899
2026-08-04T10:45:00Z,7643.5,7647.75,7643.0,7644.75,4999
2026-08-04T10:50:00Z,7644.75,7645.5,7641.5,7643.75,1630
2026-08-04T10:55:00Z,7643.75,7644.5,7641.75,7643.0,1332
2026-08-04T11:00:00Z,7643.25,7645.25,7641.75,7644.0,1762
2026-08-04T11:05:00Z,7644.0,7644.0,7641.5,7642.5,1082
2026-08-04T11:10:00Z,7642.25,7644.5,7641.75,7643.5,1479
2026-08-04T11:15:00Z,7643.5,7644.5,7643.0,7644.25,1168
2026-08-04T11:20:00Z,7644.25,7647.25,7644.25,7645.0,1593
2026-08-04T11:25:00Z,7645.0,7648.75,7645.0,7648.5,1313
2026-08-04T11:30:00Z,7648.5,7648.5,7647.0,7647.5,915
2026-08-04T11:35:00Z,7647.5,7648.25,7646.75,7647.25,1441
2026-08-04T11:40:00Z,7647.0,7657.0,7645.0,7654.75,6521
2026-08-04T11:45:00Z,7654.5,7655.0,7651.75,7654.0,4733
2026-08-04T11:50:00Z,7653.75,7657.75,7653.25,7655.75,4514
2026-08-04T11:55:00Z,7655.75,7656.25,7652.0,7654.5,2784
2026-08-04T12:00:00Z,7654.25,7655.25,7652.75,7654.25,2509
2026-08-04T12:05:00Z,7654.25,7656.25,7651.25,7655.0,2367
2026-08-04T12:10:00Z,7655.0,7655.0,7651.5,7651.75,1537
2026-08-04T12:15:00Z,7651.75,7654.5,7651.25,7654.25,2113
2026-08-04T12:20:00Z,7654.5,7655.5,7653.75,7655.0,2011
2026-08-04T12:25:00Z,7655.0,7655.5,7654.25,7654.5,1413
2026-08-04T12:30:00Z,7654.5,7655.25,7652.5,7655.0,1944
2026-08-04T12:35:00Z,7655.0,7655.75,7654.25,7654.5,1366
2026-08-04T12:40:00Z,7654.25,7655.75,7654.25,7655.25,1284
2026-08-04T12:45:00Z,7655.0,7655.25,7651.0,7651.75,2409
2026-08-04T12:50:00Z,7651.5,7653.5,7651.5,7652.25,1208
2026-08-04T12:55:00Z,7652.5,7652.75,7651.0,7651.0,1337
2026-08-04T13:00:00Z,7651.0,7653.0,7649.25,7652.25,2429
2026-08-04T13:05:00Z,7652.5,7654.75,7652.25,7653.75,1577
2026-08-04T13:10:00Z,7654.0,7654.5,7653.25,7654.0,1656
2026-08-04T13:15:00Z,7654.0,7656.25,7653.5,7653.5,2503
2026-08-04T13:20:00Z,7653.25,7666.0,7653.25,7657.75,14018
2026-08-04T13:25:00Z,7657.5,7662.0,7656.75,7657.5,8720
2026-08-04T13:30:00Z,7657.5,7670.25,7656.0,7669.75,44578
2026-08-04T13:35:00Z,7669.5,7673.0,7666.5,7670.25,30832
2026-08-04T13:40:00Z,7670.25,7673.5,7667.5,7670.0,22111
2026-08-04T13:45:00Z,7669.75,7677.0,7669.75,7677.0,27225
2026-08-04T13:50:00Z,7677.0,7686.5,7675.25,7686.0,27596
2026-08-04T13:55:00Z,7686.25,7686.25,7678.25,7685.5,22316
2026-08-04T14:00:00Z,7685.25,7693.25,7682.5,7690.75,28665
2026-08-04T14:05:00Z,7690.75,7697.75,7690.0,7695.25,24051
2026-08-04T14:10:00Z,7695.25,7700.75,7695.0,7700.75,18047
2026-08-04T14:15:00Z,7700.75,7706.25,7699.5,7704.5,22984
2026-08-04T14:20:00Z,7704.75,7705.0,7693.5,7695.5,24497
2026-08-04T14:25:00Z,7695.25,7700.75,7695.0,7697.0,18906
2026-08-04T14:30:00Z,7696.75,7702.75,7692.75,7701.5,19815
2026-08-04T14:35:00Z,7701.25,7709.5,7699.75,7704.0,25181
2026-08-04T14:40:00Z,7704.0,7711.75,7703.0,7710.0,16921
2026-08-04T14:45:00Z,7710.25,7711.75,7707.75,7711.25,16444
2026-08-04T14:50:00Z,7711.25,7712.5,7708.5,7710.5,12847
2026-08-04T14:55:00Z,7711.0,7716.5,7710.0,7715.25,14691
2026-08-04T15:00:00Z,7715.5,7721.25,7714.0,7720.75,18332
2026-08-04T15:05:00Z,7721.0,7721.0,7715.75,7720.75,17340
2026-08-04T15:10:00Z,7721.0,7724.0,7719.25,7721.25,14626
2026-08-04T15:15:00Z,7721.5,7726.0,7721.0,7725.5,11922
2026-08-04T15:20:00Z,7725.75,7730.25,7724.25,7730.0,14546
2026-08-04T15:25:00Z,7730.0,7731.0,7725.0,7726.0,15647
2026-08-04T15:30:00Z,7726.0,7728.25,7723.75,7725.0,11791
2026-08-04T15:35:00Z,7725.0,7733.5,7724.5,7730.25,25313
2026-08-04T15:40:00Z,7730.5,7735.75,7729.75,7735.0,13508
2026-08-04T15:45:00Z,7735.25,7739.5,7734.75,7738.75,14562
2026-08-04T15:50:00Z,7738.75,7741.25,7733.75,7734.75,19717
2026-08-04T15:55:00Z,7734.75,7738.5,7733.75,7736.5,9864
2026-08-04T16:00:00Z,7736.5,7741.0,7736.0,7739.5,11379
2026-08-04T16:05:00Z,7739.5,7741.75,7735.25,7736.0,11418
2026-08-04T16:10:00Z,7735.75,7737.25,7733.25,7734.5,9167
2026-08-04T16:15:00Z,7734.75,7739.75,7734.5,7739.5,8709
2026-08-04T16:20:00Z,7739.25,7745.25,7739.0,7744.5,11622
2026-08-04T16:25:00Z,7744.5,7745.75,7742.25,7744.5,7652
2026-08-04T16:30:00Z,7744.5,7748.5,7742.25,7747.25,10274
2026-08-04T16:35:00Z,7747.25,7749.25,7744.5,7747.0,9689
2026-08-04T16:40:00Z,7747.25,7752.75,7746.25,7752.25,12595
2026-08-04T16:45:00Z,7752.5,7754.75,7752.25,7754.5,12132
2026-08-04T16:50:00Z,7754.25,7755.75,7753.0,7754.25,9788
2026-08-04T16:55:00Z,7754.5,7755.25,7753.0,7755.25,8644
2026-08-04T17:00:00Z,7755.25,7763.25,7754.25,7762.75,18463
2026-08-04T17:05:00Z,7763.0,7765.75,7759.75,7763.25,15240
2026-08-04T17:10:00Z,7763.0,7765.0,7761.75,7765.0,9429
2026-08-04T17:15:00Z,7765.0,7769.0,7765.0,7766.25,12908
2026-08-04T17:20:00Z,7766.25,7766.75,7762.0,7764.75,11242
2026-08-04T17:25:00Z,7764.75,7767.5,7764.0,7765.25,8550
2026-08-04T17:30:00Z,7765.25,7766.5,7762.0,7766.0,8985
2026-08-04T17:35:00Z,7766.0,7771.75,7765.75,7771.0,9674
2026-08-04T17:40:00Z,7771.0,7776.0,7771.0,7775.75,11063
2026-08-04T17:45:00Z,7776.0,7783.75,7776.0,7779.75,16522
2026-08-04T17:50:00Z,7779.75,7780.0,7768.5,7771.25,19496
2026-08-04T17:55:00Z,7771.0,7774.0,7768.0,7768.25,11335
2026-08-04T18:00:00Z,7768.25,7772.5,7763.5,7765.75,23945
2026-08-04T18:05:00Z,7765.75,7772.25,7765.0,7770.75,11246
2026-08-04T18:10:00Z,7770.75,7774.75,7769.25,7774.25,9310
2026-08-04T18:15:00Z,7774.25,7776.25,7771.75,7773.25,8400
2026-08-04T18:20:00Z,7773.25,7777.0,7772.75,7773.75,11215
2026-08-04T18:25:00Z,7773.75,7776.0,7772.25,7776.0,6458
2026-08-04T18:30:00Z,7776.0,7777.25,7773.0,7773.75,7554
2026-08-04T18:35:00Z,7773.75,7775.5,7769.75,7770.75,10408
2026-08-04T18:40:00Z,7770.75,7771.0,7766.0,7769.25,11802
2026-08-04T18:45:00Z,7769.5,7775.0,7769.25,7772.75,11309
2026-08-04T18:50:00Z,7772.75,7775.0,7771.25,7772.0,8760
2026-08-04T18:55:00Z,7772.0,7773.5,7771.25,7773.0,8238
2026-08-04T19:00:00Z,7773.0,7782.0,7772.75,7779.75,17081
2026-08-04T19:05:00Z,7780.0,7782.5,7777.5,7782.0,11175
2026-08-04T19:10:00Z,7782.25,7782.5,7779.25,7780.75,9605
2026-08-04T19:15:00Z,7780.75,7782.75,7779.5,7782.25,8673
2026-08-04T19:20:00Z,7782.0,7783.0,7779.0,7780.25,9060
2026-08-04T19:25:00Z,7780.25,7781.25,7773.0,7775.0,13856
2026-08-04T19:30:00Z,7775.0,7778.25,7773.0,7777.75,13541
2026-08-04T19:35:00Z,7777.75,7780.75,7774.75,7779.5,12728
2026-08-04T19:40:00Z,7779.25,7785.25,7779.25,7784.25,14429
2026-08-04T19:45:00Z,7784.25,7786.0,7779.25,7780.75,14226
2026-08-04T19:50:00Z,7780.75,7782.5,7769.0,7769.25,38222
2026-08-04T19:55:00Z,7769.25,7775.5,7761.25,7764.75,130624
2026-08-04T20:00:00Z,7763.75,7775.0,7763.75,7774.25,34113
2026-08-04T20:05:00Z,7774.25,7781.25,7774.0,7774.75,10175
2026-08-04T20:10:00Z,7775.0,7775.5,7771.0,7773.5,6543
2026-08-04T20:15:00Z,7771.75,7773.25,7761.25,7764.25,10370
2026-08-04T20:20:00Z,7764.0,7771.0,7763.75,7767.0,3953
2026-08-04T20:25:00Z,7767.25,7771.5,7765.25,7767.0,3201
2026-08-04T20:30:00Z,7766.75,7769.25,7765.0,7766.5,1398
2026-08-04T20:35:00Z,7766.5,7768.75,7765.5,7766.5,1560
2026-08-04T20:40:00Z,7766.75,7773.25,7766.25,7771.0,2137
2026-08-04T20:45:00Z,7771.0,7774.75,7770.5,7773.75,2026
2026-08-04T20:50:00Z,7773.75,7773.75,7770.5,7772.5,1664
2026-08-04T20:55:00Z,7772.5,7775.5,7772.0,7774.5,2981
2026-08-04T22:00:00Z,7772.0,7775.0,7771.0,7773.25,0
2026-08-04T22:05:00Z,7773.75,7778.75,7773.5,7776.0,1443
2026-08-04T22:10:00Z,7776.0,7778.25,7775.5,7778.25,664
2026-08-04T22:15:00Z,7778.0,7780.0,7777.5,7779.5,923
2026-08-04T22:20:00Z,7779.75,7781.5,7777.75,7777.75,877
2026-08-04T22:25:00Z,7778.0,7781.0,7777.5,7780.25,508
2026-08-04T22:30:00Z,7780.25,7782.75,7779.25,7781.75,754
2026-08-04T22:35:00Z,7781.5,7783.25,7780.0,7780.75,582
2026-08-04T22:40:00Z,7781.0,7781.0,7777.75,7778.0,459
2026-08-04T22:45:00Z,7778.25,7779.75,7777.5,7778.0,663
2026-08-04T22:50:00Z,7778.0,7779.25,7777.5,7778.5,352
2026-08-04T22:55:00Z,7778.5,7780.75,7778.25,7780.75,260
2026-08-04T23:00:00Z,7780.75,7782.75,7778.75,7782.25,704
2026-08-04T23:05:00Z,7782.0,7782.75,7781.75,7782.25,415
2026-08-04T23:10:00Z,7782.0,7782.75,7781.25,7782.0,424
2026-08-04T23:15:00Z,7782.0,7782.5,7782.0,7782.5,151
2026-08-04T23:20:00Z,7782.5,7782.5,7780.5,7780.5,216
2026-08-04T23:25:00Z,7780.5,7780.5,7779.0,7779.5,321
2026-08-04T23:30:00Z,7779.5,7779.5,7776.25,7776.5,659
2026-08-04T23:35:00Z,7776.5,7777.5,7775.75,7776.75,515
2026-08-04T23:40:00Z,7776.75,7780.0,7776.5,7779.25,992
2026-08-04T23:45:00Z,7779.25,7781.25,7777.5,7778.5,825
2026-08-04T23:50:00Z,7778.75,7780.5,7777.25,7778.25,529
2026-08-04T23:55:00Z,7778.25,7780.5,7777.5,7777.5,468
2026-08-05T00:00:00Z,7777.5,7779.75,7776.0,7778.25,1118
2026-08-05T00:05:00Z,7778.5,7780.5,7777.25,7777.75,805
2026-08-05T00:10:00Z,7777.75,7780.5,7777.5,7780.25,533
2026-08-05T00:15:00Z,7780.25,7780.5,7778.75,7780.0,655
2026-08-05T00:20:00Z,7780.0,7783.25,7778.5,7782.25,841
2026-08-05T00:25:00Z,7782.25,7783.75,7781.5,7783.25,600
2026-08-05T00:30:00Z,7783.5,7785.5,7783.25,7784.0,894
2026-08-05T00:35:00Z,7784.25,7784.5,7780.5,7782.0,729
2026-08-05T00:40:00Z,7782.0,7782.75,7780.25,7780.5,491
2026-08-05T00:45:00Z,7780.5,7781.5,7779.0,7780.75,665
2026-08-05T00:50:00Z,7781.0,7784.25,7779.75,7783.0,734
2026-08-05T00:55:00Z,7783.25,7784.25,7782.5,7784.25,490
2026-08-05T01:00:00Z,7784.25,7784.5,7778.5,7780.25,1181
2026-08-05T01:05:00Z,7780.25,7782.75,7780.25,7782.75,533
2026-08-05T01:10:00Z,7783.0,7784.0,7781.75,7782.25,392
2026-08-05T01:15:00Z,7782.25,7782.5,7778.75,7779.25,846
2026-08-05T01:20:00Z,7779.25,7780.25,7778.25,7778.75,739
2026-08-05T01:25:00Z,7778.75,7779.5,7777.75,7779.0,499
2026-08-05T01:30:00Z,7779.0,7780.75,7778.5,7779.5,733
2026-08-05T01:35:00Z,7779.75,7783.5,7779.25,7783.25,645
2026-08-05T01:40:00Z,7783.5,7783.75,7781.25,7782.5,462
2026-08-05T01:45:00Z,7782.25,7784.75,7782.25,7784.5,1137
2026-08-05T01:50:00Z,7784.5,7784.75,7783.5,7784.0,741
2026-08-05T01:55:00Z,7784.25,7786.0,7783.5,7784.25,792
2026-08-05T02:00:00Z,7784.5,7787.0,7783.75,7784.0,1852
2026-08-05T02:05:00Z,7784.0,7785.75,7783.0,7785.25,530
2026-08-05T02:10:00Z,7785.25,7786.25,7784.5,7785.5,359
2026-08-05T02:15:00Z,7785.75,7787.0,7784.75,7787.0,483
2026-08-05T02:20:00Z,7787.0,7787.0,7785.0,7785.25,724
2026-08-05T02:25:00Z,7785.25,7786.0,7784.0,7785.25,380
2026-08-05T02:30:00Z,7785.0,7785.75,7783.75,7785.75,578
2026-08-05T02:35:00Z,7785.75,7786.0,7784.5,7784.5,464
2026-08-05T02:40:00Z,7784.5,7786.5,7784.25,7786.5,624
2026-08-05T02:45:00Z,7786.25,7788.5,7786.0,7787.5,832
2026-08-05T02:50:00Z,7787.25,7788.75,7787.0,7788.0,996
2026-08-05T02:55:00Z,7788.25,7788.25,7786.75,7786.75,592
2026-08-05T03:00:00Z,7786.75,7789.75,7786.5,7789.25,1232
2026-08-05T03:05:00Z,7789.25,7791.0,7789.0,7790.0,1164
2026-08-05T03:10:00Z,7790.0,7792.0,7789.75,7790.75,1254
2026-08-05T03:15:00Z,7790.75,7792.5,7790.75,7791.0,860
2026-08-05T03:20:00Z,7791.0,7792.0,7788.75,7789.0,519
2026-08-05T03:25:00Z,7789.0,7789.0,7787.25,7787.5,545
2026-08-05T03:30:00Z,7787.5,7788.5,7786.5,7788.5,489
2026-08-05T03:35:00Z,7788.25,7791.0,7788.25,7790.5,511
2026-08-05T03:40:00Z,7790.5,7791.5,7790.25,7791.25,410
2026-08-05T03:45:00Z,7791.25,7792.0,7789.5,7790.5,476
2026-08-05T03:50:00Z,7790.75,7792.0,7790.25,7791.5,371
2026-08-05T03:55:00Z,7791.5,7792.0,7791.25,7792.0,161
2026-08-05T04:05:00Z,7792.75,7792.75,7792.25,7792.5,860
2026-08-05T04:10:00Z,7792.5,7792.75,7790.5,7790.75,870
2026-08-05T04:15:00Z,7791.0,7791.0,7789.5,7789.75,474
2026-08-05T04:20:00Z,7790.0,7790.0,7788.25,7788.5,408
2026-08-05T04:25:00Z,7788.75,7789.5,7788.25,7789.5,342
2026-08-05T04:30:00Z,7789.25,7791.0,7789.0,7790.75,362
2026-08-05T04:35:00Z,7790.75,7791.5,7790.75,7791.0,337
2026-08-05T04:40:00Z,7791.25,7792.0,7791.25,7791.5,340
2026-08-05T04:45:00Z,7791.25,7791.75,7790.75,7791.0,302
2026-08-05T04:50:00Z,7790.75,7791.0,7789.25,7790.75,301
2026-08-05T04:55:00Z,7791.0,7792.5,7790.75,7791.5,343
2026-08-05T05:00:00Z,7791.25,7792.25,7790.5,7791.5,466
2026-08-05T05:05:00Z,7791.75,7794.25,7791.5,7793.5,592
2026-08-05T05:10:00Z,7793.5,7795.5,7793.5,7794.75,699
2026-08-05T05:15:00Z,7794.75,7795.5,7794.25,7795.0,476
2026-08-05T05:20:00Z,7795.25,7795.75,7794.75,7795.5,283
2026-08-05T05:25:00Z,7795.25,7796.25,7794.0,7794.0,518
2026-08-05T05:30:00Z,7794.25,7795.0,7793.25,7794.25,896
2026-08-05T05:35:00Z,7794.25,7795.0,7793.75,7794.25,427
2026-08-05T05:40:00Z,7794.25,7796.25,7793.75,7796.25,375
2026-08-05T05:45:00Z,7796.0,7797.0,7795.75,7796.75,374
2026-08-05T05:50:00Z,7797.0,7799.0,7796.5,7799.0,953
2026-08-05T05:55:00Z,7799.0,7800.0,7798.5,7798.75,888
2026-08-05T06:00:00Z,7798.5,7799.0,7797.25,7797.75,767
2026-08-05T06:05:00Z,7797.75,7799.25,7797.0,7799.0,479
2026-08-05T06:10:00Z,7799.0,7799.5,7798.5,7798.75,636
2026-08-05T06:15:00Z,7798.75,7798.75,7796.75,7797.0,647
2026-08-05T06:20:00Z,7797.25,7797.5,7793.25,7794.0,1143
2026-08-05T06:25:00Z,7794.0,7794.25,7791.0,7792.75,1249
2026-08-05T06:30:00Z,7792.75,7795.5,7792.5,7795.25,1270
2026-08-05T06:35:00Z,7794.75,7796.0,7794.5,7795.25,604
2026-08-05T06:40:00Z,7795.0,7795.5,7793.75,7794.25,518
2026-08-05T06:45:00Z,7794.75,7795.75,7794.0,7795.5,480
2026-08-05T06:50:00Z,7795.5,7795.75,7794.0,7794.5,616
2026-08-05T06:55:00Z,7794.25,7798.25,7794.25,7798.0,862
2026-08-05T07:00:00Z,7798.25,7799.5,7795.5,7795.75,2759
2026-08-05T07:05:00Z,7796.0,7797.75,7794.5,7795.0,1343
2026-08-05T07:10:00Z,7794.75,7795.0,7792.25,7793.75,1048
2026-08-05T07:15:00Z,7794.0,7794.75,7792.75,7793.75,1143
2026-08-05T07:20:00Z,7793.25,7794.25,7792.5,7792.75,766
2026-08-05T07:25:00Z,7792.75,7793.0,7790.75,7790.75,1246
2026-08-05T07:30:00Z,7791.0,7792.25,7788.75,7789.25,1585
2026-08-05T07:35:00Z,7789.25,7791.25,7788.0,7791.0,1330
2026-08-05T07:40:00Z,7791.25,7792.25,7790.25,7791.0,1091
2026-08-05T07:45:00Z,7791.0,7792.75,7790.0,7791.5,1337
2026-08-05T07:50:00Z,7791.25,7792.25,7790.0,7790.75,871
2026-08-05T07:55:00Z,7790.75,7793.0,7790.75,7793.0,1024
2026-08-05T08:00:00Z,7792.75,7796.5,7792.0,7796.25,1926
2026-08-05T08:05:00Z,7796.0,7796.75,7792.25,7793.0,1488
2026-08-05T08:10:00Z,7792.5,7793.0,7786.25,7787.75,2358
2026-08-05T08:15:00Z,7787.75,7789.25,7786.5,7787.0,1845
2026-08-05T08:20:00Z,7787.25,7787.75,7783.0,7783.5,2073
2026-08-05T08:25:00Z,7783.5,7785.5,7782.25,7785.0,1613
2026-08-05T08:30:00Z,7785.25,7785.5,7781.75,7782.75,1146
2026-08-05T08:35:00Z,7782.75,7785.5,7781.5,7782.75,1960
2026-08-05T08:40:00Z,7782.75,7783.75,7780.25,7782.5,2602
2026-08-05T08:45:00Z,7782.75,7783.25,7780.25,7783.25,1917
2026-08-05T08:50:00Z,7783.0,7784.25,7781.75,7782.0,1462
2026-08-05T08:55:00Z,7782.25,7785.0,7781.75,7784.25,1243
2026-08-05T09:00:00Z,7784.25,7785.75,7782.5,7784.5,993
2026-08-05T09:05:00Z,7784.5,7787.0,7784.5,7786.75,740
2026-08-05T09:10:00Z,7786.75,7787.5,7785.75,7785.75,957
2026-08-05T09:15:00Z,7785.75,7786.25,7784.0,7785.25,987
2026-08-05T09:20:00Z,7785.5,7788.0,7785.25,7787.75,1332
2026-08-05T09:25:00Z,7787.5,7788.75,7786.5,7788.75,1199
2026-08-05T09:30:00Z,7788.75,7791.25,7788.5,7791.25,1474
2026-08-05T09:35:00Z,7791.25,7792.0,7789.25,7789.75,1391
2026-08-05T09:40:00Z,7789.75,7790.5,7788.5,7790.25,1178
2026-08-05T09:45:00Z,7790.0,7790.75,7787.25,7787.5,1230
2026-08-05T09:50:00Z,7787.75,7789.5,7787.5,7789.25,464
2026-08-05T09:55:00Z,7789.25,7789.75,7788.25,7788.5,707
2026-08-05T10:00:00Z,7788.5,7789.75,7788.0,7789.0,729
2026-08-05T10:05:00Z,7789.25,7790.0,7788.5,7789.5,801
2026-08-05T10:10:00Z,7789.5,7789.75,7787.5,7789.0,932
2026-08-05T10:15:00Z,7788.75,7793.0,7788.25,7791.0,1124
2026-08-05T10:20:00Z,7791.0,7792.25,7790.0,7792.0,524
2026-08-05T10:25:00Z,7791.75,7793.5,7791.25,7793.0,760
2026-08-05T10:30:00Z,7793.0,7794.5,7791.75,7794.25,1372
2026-08-05T10:35:00Z,7794.25,7795.0,7792.75,7793.0,960
2026-08-05T10:40:00Z,7792.75,7793.5,7792.25,7793.0,910
2026-08-05T10:45:00Z,7793.25,7797.0,7792.5,7794.0,2845
2026-08-05T10:50:00Z,7793.75,7798.0,7793.25,7797.5,1037
2026-08-05T10:55:00Z,7797.75,7797.75,7796.0,7797.5,916
2026-08-05T11:00:00Z,7797.75,7798.0,7795.25,7796.0,2227
2026-08-05T11:05:00Z,7796.25,7799.0,7795.25,7798.75,929
2026-08-05T11:10:00Z,7798.75,7799.0,7795.75,7797.5,949
2026-08-05T11:15:00Z,7797.75,7798.5,7797.0,7797.5,661
2026-08-05T11:20:00Z,7797.75,7798.5,7797.0,7798.25,766
2026-08-05T11:25:00Z,7798.5,7799.75,7794.5,7794.5,1555
2026-08-05T11:30:00Z,7794.5,7798.0,7793.25,7797.75,1893
2026-08-05T11:35:00Z,7797.5,7798.0,7795.75,7796.5,872
2026-08-05T11:40:00Z,7796.75,7797.25,7794.5,7794.5,1037
2026-08-05T11:45:00Z,7794.0,7797.25,7792.5,7797.0,1504
2026-08-05T11:50:00Z,7797.0,7798.25,7795.5,7796.25,1683
2026-08-05T11:55:00Z,7796.25,7798.25,7796.0,7798.0,895
2026-08-05T12:00:00Z,7798.0,7801.75,7797.5,7799.5,3466
2026-08-05T12:05:00Z,7799.5,7800.25,7798.25,7798.5,1953
2026-08-05T12:10:00Z,7798.75,7802.75,7798.25,7800.5,1452
2026-08-05T12:15:00Z,7800.5,7802.75,7799.25,7801.75,2291
2026-08-05T12:20:00Z,7801.75,7804.0,7801.25,7802.75,2628
2026-08-05T12:25:00Z,7803.0,7805.25,7801.5,7803.25,3576
2026-08-05T12:30:00Z,7803.25,7804.5,7795.5,7801.25,4256
2026-08-05T12:35:00Z,7801.25,7804.25,7801.25,7801.5,2582
2026-08-05T12:40:00Z,7801.75,7802.75,7800.5,7802.5,1269
2026-08-05T12:45:00Z,7802.25,7803.25,7799.75,7802.75,2116
2026-08-05T12:50:00Z,7802.5,7802.75,7799.75,7800.0,1306
2026-08-05T12:55:00Z,7799.75,7801.25,7798.5,7799.5,1508
2026-08-05T13:00:00Z,7799.5,7804.25,7799.25,7803.5,2034
2026-08-05T13:05:00Z,7803.5,7808.25,7803.25,7807.75,3117
2026-08-05T13:10:00Z,7807.75,7808.5,7805.75,7806.5,2437
2026-08-05T13:15:00Z,7806.25,7807.25,7804.5,7805.75,3178
2026-08-05T13:20:00Z,7805.75,7806.25,7803.0,7804.0,2169
2026-08-05T13:25:00Z,7803.75,7810.25,7803.75,7809.5,7219
2026-08-05T13:30:00Z,7809.75,7819.5,7804.0,7813.75,43965
2026-08-05T13:35:00Z,7813.75,7820.25,7804.5,7817.0,35174
2026-08-05T13:40:00Z,7817.25,7820.25,7810.25,7816.5,25719
2026-08-05T13:45:00Z,7817.0,7818.5,7804.75,7805.5,28352
2026-08-05T13:50:00Z,7805.5,7811.0,7795.0,7810.75,28467
2026-08-05T13:55:00Z,7810.75,7819.5,7805.5,7819.5,21212
2026-08-05T14:00:00Z,7818.0,7818.75,7801.0,7809.75,27176
2026-08-05T14:05:00Z,7810.0,7817.75,7808.0,7812.5,22789
2026-08-05T14:10:00Z,7812.75,7817.25,7809.75,7813.75,16177
2026-08-05T14:15:00Z,7813.5,7816.75,7808.25,7808.5,14974
2026-08-05T14:20:00Z,7808.75,7810.25,7799.25,7809.5,22212
2026-08-05T14:25:00Z,7809.5,7814.25,7799.25,7799.75,18772
2026-08-05T14:30:00Z,7798.75,7802.5,7794.0,7798.0,28657
2026-08-05T14:35:00Z,7798.0,7800.75,7790.25,7791.25,20348
2026-08-05T14:40:00Z,7791.25,7796.25,7788.0,7792.5,26292
2026-08-05T14:45:00Z,7792.25,7799.25,7790.25,7798.0,16451
2026-08-05T14:50:00Z,7797.75,7800.5,7776.0,7783.0,32921
2026-08-05T14:55:00Z,7783.25,7789.25,7778.75,7786.5,18985
2026-08-05T15:00:00Z,7786.75,7791.5,7784.75,7787.75,18007
2026-08-05T15:05:00Z,7788.0,7790.5,7783.0,7788.0,16128
2026-08-05T15:10:00Z,7788.0,7791.25,7781.75,7782.5,13933
2026-08-05T15:15:00Z,7782.25,7783.5,7761.0,7775.5,29218
2026-08-05T15:20:00Z,7775.75,7778.5,7772.25,7773.75,14120
2026-08-05T15:25:00Z,7773.5,7774.25,7766.75,7768.75,17541
2026-08-05T15:30:00Z,7768.75,7777.25,7768.25,7770.25,13296
2026-08-05T15:35:00Z,7770.5,7774.5,7769.5,7773.0,9834
2026-08-05T15:40:00Z,7773.0,7774.0,7768.25,7771.5,9806
2026-08-05T15:45:00Z,7771.5,7771.5,7764.25,7764.75,14794
2026-08-05T15:50:00Z,7764.75,7767.5,7762.75,7763.75,14843
2026-08-05T15:55:00Z,7763.75,7764.25,7754.5,7758.0,18072
2026-08-05T16:00:00Z,7757.75,7762.0,7752.0,7760.0,17458
2026-08-05T16:05:00Z,7760.25,7760.25,7750.5,7754.0,15205
2026-08-05T16:10:00Z,7754.0,7756.25,7750.5,7756.0,9732
2026-08-05T16:15:00Z,7756.0,7763.0,7753.75,7757.75,12725
2026-08-05T16:20:00Z,7757.5,7770.0,7757.0,7762.25,20749
2026-08-05T16:25:00Z,7762.25,7772.5,7762.0,7772.25,14223
2026-08-05T16:30:00Z,7772.25,7773.75,7763.25,7768.25,13286
2026-08-05T16:35:00Z,7768.25,7769.75,7764.75,7766.75,8261
2026-08-05T16:40:00Z,7766.75,7771.25,7765.25,7767.25,8037
2026-08-05T16:45:00Z,7767.25,7768.75,7764.0,7765.5,7466
2026-08-05T16:50:00Z,7765.25,7772.0,7764.75,7771.25,10541
2026-08-05T16:55:00Z,7771.25,7773.0,7768.0,7769.5,10533
2026-08-05T17:00:00Z,7769.75,7773.0,7764.25,7765.5,8894
2026-08-05T17:05:00Z,7765.25,7767.5,7762.25,7764.75,10264
2026-08-05T17:10:00Z,7764.75,7769.25,7762.0,7766.75,7774
2026-08-05T17:15:00Z,7766.25,7769.5,7763.5,7765.0,7453
2026-08-05T17:20:00Z,7765.25,7766.0,7761.75,7766.0,5660
2026-08-05T17:25:00Z,7765.75,7769.5,7764.0,7765.0,6275
2026-08-05T17:30:00Z,7764.75,7768.75,7762.25,7767.5,6922
2026-08-05T17:35:00Z,7767.5,7769.5,7766.25,7768.25,5170
2026-08-05T17:40:00Z,7768.25,7771.75,7768.0,7768.75,6183
2026-08-05T17:45:00Z,7768.75,7771.0,7765.0,7769.75,6190
2026-08-05T17:50:00Z,7770.25,7771.75,7767.5,7768.0,5293
2026-08-05T17:55:00Z,7767.75,7769.75,7766.0,7767.0,5467
2026-08-05T18:00:00Z,7767.0,7773.75,7766.75,7773.0,7575
2026-08-05T18:05:00Z,7773.0,7774.5,7768.5,7770.75,9122
2026-08-05T18:10:00Z,7771.0,7773.0,7769.25,7769.5,5059
2026-08-05T18:15:00Z,7769.5,7772.75,7768.5,7772.0,4960
2026-08-05T18:20:00Z,7771.75,7772.25,7769.0,7770.25,4707
2026-08-05T18:25:00Z,7770.25,7772.75,7769.5,7771.0,5001
2026-08-05T18:30:00Z,7771.0,7771.0,7763.25,7765.5,9489
2026-08-05T18:35:00Z,7765.25,7768.75,7765.0,7766.75,4859
2026-08-05T18:40:00Z,7766.5,7768.5,7765.5,7767.5,4532
2026-08-05T18:45:00Z,7767.5,7771.5,7767.0,7770.0,5335
2026-08-05T18:50:00Z,7770.0,7771.5,7768.25,7769.25,4855
2026-08-05T18:55:00Z,7769.25,7769.5,7765.0,7765.5,6604
2026-08-05T19:00:00Z,7765.5,7767.75,7764.0,7767.75,8787
2026-08-05T19:05:00Z,7767.75,7770.0,7766.75,7768.5,6612
2026-08-05T19:10:00Z,7768.5,7769.5,7766.5,7768.75,7967
2026-08-05T19:15:00Z,7769.0,7770.75,7768.0,7769.75,6746
2026-08-05T19:20:00Z,7770.0,7771.5,7767.75,7770.0,7818
2026-08-05T19:25:00Z,7769.75,7771.0,7768.75,7769.0,7048
2026-08-05T19:30:00Z,7769.0,7770.0,7764.75,7766.75,10304
2026-08-05T19:35:00Z,7766.5,7766.5,7763.5,7764.0,9247
2026-08-05T19:40:00Z,7764.0,7767.5,7763.75,7766.25,8886
2026-08-05T19:45:00Z,7766.0,7767.75,7763.0,7766.25,12242
2026-08-05T19:50:00Z,7766.0,7768.5,7764.5,7766.0,17376
2026-08-05T19:55:00Z,7766.25,7767.25,7745.75,7748.25,104300
2026-08-05T20:00:00Z,7748.0,7754.25,7746.75,7753.25,30642
2026-08-05T20:05:00Z,7753.5,7755.0,7748.5,7754.5,10889
2026-08-05T20:10:00Z,7754.25,7760.5,7753.5,7759.5,6133
2026-08-05T20:15:00Z,7760.25,7760.5,7754.75,7755.0,4160
2026-08-05T20:20:00Z,7755.0,7758.75,7755.0,7757.75,1963
2026-08-05T20:25:00Z,7757.75,7757.75,7756.0,7757.25,1277
2026-08-05T20:30:00Z,7757.25,7760.5,7756.5,7760.25,1696
2026-08-05T20:35:00Z,7760.25,7760.5,7758.5,7759.0,1382
2026-08-05T20:40:00Z,7759.0,7761.25,7758.5,7761.25,1395
2026-08-05T20:45:00Z,7761.0,7761.75,7758.75,7759.75,1360
2026-08-05T20:50:00Z,7759.75,7760.0,7758.5,7760.0,905
2026-08-05T20:55:00Z,7760.0,7760.75,7758.0,7758.75,1603
2026-08-05T22:00:00Z,7756.75,7761.0,7756.75,7759.5,0
2026-08-05T22:05:00Z,7759.0,7760.0,7757.0,7758.25,811
2026-08-05T22:10:00Z,7758.0,7758.75,7756.75,7758.25,438
2026-08-05T22:15:00Z,7758.25,7761.75,7758.0,7761.25,490
2026-08-05T22:20:00Z,7761.5,7767.5,7761.5,7767.25,1100
2026-08-05T22:25:00Z,7767.25,7767.5,7766.0,7767.0,611
2026-08-05T22:30:00Z,7766.75,7770.75,7766.0,7770.75,988
2026-08-05T22:35:00Z,7770.5,7770.75,7769.25,7769.5,378
2026-08-05T22:40:00Z,7769.5,7769.5,7768.5,7768.75,245
2026-08-05T22:45:00Z,7769.0,7770.75,7767.75,7768.0,407
2026-08-05T22:50:00Z,7767.75,7768.0,7764.75,7765.5,666
2026-08-05T22:55:00Z,7765.25,7765.5,7764.0,7764.25,373
2026-08-05T23:00:00Z,7764.25,7765.0,7762.75,7764.25,338
2026-08-05T23:05:00Z,7764.0,7765.5,7763.75,7764.75,214
2026-08-05T23:10:00Z,7764.5,7766.5,7764.25,7766.25,208
2026-08-05T23:15:00Z,7766.0,7766.0,7765.0,7765.5,175
2026-08-05T23:20:00Z,7765.25,7766.5,7765.25,7765.75,204
2026-08-05T23:25:00Z,7766.0,7767.75,7765.5,7765.75,248
2026-08-05T23:30:00Z,7765.5,7766.75,7763.0,7763.25,478
2026-08-05T23:35:00Z,7763.0,7765.25,7761.75,7763.75,707
2026-08-05T23:40:00Z,7764.0,7765.0,7762.75,7763.5,199
2026-08-05T23:45:00Z,7763.0,7763.5,7760.0,7761.25,804
2026-08-05T23:50:00Z,7761.25,7762.5,7761.0,7761.75,315
2026-08-05T23:55:00Z,7762.0,7762.25,7760.25,7761.75,455
2026-08-06T00:00:00Z,7762.0,7763.25,7757.75,7761.5,1458
2026-08-06T00:05:00Z,7761.75,7762.75,7760.0,7761.5,788
2026-08-06T00:10:00Z,7761.5,7761.75,7757.75,7760.25,689
2026-08-06T00:15:00Z,7760.25,7760.75,7756.75,7760.75,769
2026-08-06T00:20:00Z,7760.75,7762.5,7759.5,7762.25,532
2026-08-06T00:25:00Z,7762.25,7762.5,7757.25,7758.0,549
2026-08-06T00:30:00Z,7758.25,7759.75,7757.75,7759.25,481
2026-08-06T00:35:00Z,7759.5,7760.25,7758.25,7759.25,332
2026-08-06T00:40:00Z,7759.25,7762.0,7759.25,7760.0,566
2026-08-06T00:45:00Z,7760.5,7761.25,7758.75,7759.5,372
2026-08-06T00:50:00Z,7759.5,7759.5,7757.5,7757.75,365
2026-08-06T00:55:00Z,7757.75,7758.75,7757.0,7757.0,429
2026-08-06T01:00:00Z,7757.0,7757.5,7754.5,7754.75,1432
2026-08-06T01:05:00Z,7755.0,7755.75,7753.5,7755.0,967
2026-08-06T01:10:00Z,7754.75,7755.75,7752.75,7755.0,1069
2026-08-06T01:15:00Z,7754.75,7755.0,7751.5,7752.25,928
2026-08-06T01:20:00Z,7752.0,7752.0,7750.0,7751.0,1072
2026-08-06T01:25:00Z,7751.0,7751.25,7748.0,7749.75,1330
2026-08-06T01:30:00Z,7749.75,7754.25,7749.5,7751.75,1052
2026-08-06T01:35:00Z,7752.0,7753.75,7750.75,7753.5,622
2026-08-06T01:40:00Z,7753.25,7753.25,7750.0,7750.75,867
2026-08-06T01:45:00Z,7750.75,7755.5,7750.25,7755.25,1175
2026-08-06T01:50:00Z,7755.25,7756.0,7753.75,7755.75,747
2026-08-06T01:55:00Z,7755.5,7756.5,7754.25,7755.0,481
2026-08-06T02:00:00Z,7755.0,7758.5,7755.0,7758.0,1213
2026-08-06T02:05:00Z,7758.25,7761.75,7758.25,7761.5,954
2026-08-06T02:10:00Z,7761.25,7763.75,7759.25,7761.0,867
2026-08-06T02:15:00Z,7761.0,7761.75,7759.5,7760.75,377
2026-08-06T02:20:00Z,7761.0,7763.75,7760.75,7762.5,496
2026-08-06T02:25:00Z,7762.75,7762.75,7760.0,7760.5,341
2026-08-06T02:30:00Z,7760.0,7763.5,7758.5,7762.5,498
2026-08-06T02:35:00Z,7762.5,7762.75,7761.0,7762.5,256
2026-08-06T02:40:00Z,7762.25,7767.25,7762.25,7767.25,890
2026-08-06T02:45:00Z,7767.25,7768.0,7765.25,7766.5,908
2026-08-06T02:50:00Z,7766.75,7766.75,7764.75,7765.5,480
2026-08-06T02:55:00Z,7765.25,7765.25,7763.75,7765.0,364
2026-08-06T03:00:00Z,7765.0,7767.25,7764.0,7767.0,399
2026-08-06T03:05:00Z,7767.25,7767.25,7764.5,7765.25,319
2026-08-06T03:10:00Z,7765.25,7766.25,7765.0,7765.0,303
2026-08-06T03:15:00Z,7765.0,7765.75,7763.0,7763.0,372
2026-08-06T03:20:00Z,7763.25,7763.75,7761.5,7761.5,441
2026-08-06T03:25:00Z,7761.75,7761.75,7760.0,7760.75,336
2026-08-06T03:30:00Z,7760.75,7762.0,7759.0,7760.75,386
2026-08-06T03:35:00Z,7761.0,7762.75,7760.5,7762.0,306
2026-08-06T03:40:00Z,7762.0,7763.0,7760.75,7761.75,231
2026-08-06T03:45:00Z,7761.5,7763.5,7761.25,7762.5,258
2026-08-06T03:50:00Z,7762.75,7763.25,7759.25,7760.5,301
2026-08-06T03:55:00Z,7760.25,7762.25,7760.0,7761.75,265
2026-08-06T04:05:00Z,7763.0,7763.0,7762.25,7762.5,740
2026-08-06T04:10:00Z,7762.25,7763.0,7761.0,7761.25,235
2026-08-06T04:15:00Z,7761.25,7763.25,7761.0,7762.0,198
2026-08-06T04:20:00Z,7762.0,7764.25,7762.0,7764.0,247
2026-08-06T04:25:00Z,7764.5,7765.0,7763.5,7763.75,339
2026-08-06T04:30:00Z,7763.75,7765.25,7761.75,7762.5,267
2026-08-06T04:35:00Z,7762.75,7763.25,7760.0,7760.5,175
2026-08-06T04:40:00Z,7760.5,7761.25,7759.75,7760.75,182
2026-08-06T04:45:00Z,7760.75,7761.75,7760.0,7760.5,126
2026-08-06T04:50:00Z,7760.75,7762.75,7760.75,7762.75,221
2026-08-06T04:55:00Z,7762.75,7763.0,7761.75,7763.0,143
2026-08-06T05:00:00Z,7763.0,7764.75,7761.5,7763.75,307
2026-08-06T05:05:00Z,7763.75,7765.5,7763.25,7764.5,266
2026-08-06T05:10:00Z,7764.25,7764.5,7762.5,7763.5,357
2026-08-06T05:15:00Z,7763.75,7764.5,7761.25,7763.25,617
2026-08-06T05:20:00Z,7763.5,7765.25,7763.25,7763.75,639
2026-08-06T05:25:00Z,7763.5,7764.25,7763.0,7763.75,130
2026-08-06T05:30:00Z,7763.5,7764.0,7761.5,7762.0,233
2026-08-06T05:35:00Z,7762.0,7763.5,7761.25,7762.0,222
2026-08-06T05:40:00Z,7762.0,7764.0,7761.5,7764.0,204
2026-08-06T05:45:00Z,7764.25,7764.5,7760.5,7761.25,317
2026-08-06T05:50:00Z,7761.25,7764.0,7761.0,7763.25,305
2026-08-06T05:55:00Z,7763.25,7765.25,7762.25,7765.0,289
2026-08-06T06:00:00Z,7765.25,7765.25,7761.0,7762.25,537
2026-08-06T06:05:00Z,7762.25,7762.25,7760.0,7760.5,571
2026-08-06T06:10:00Z,7760.5,7760.75,7755.5,7756.25,818
2026-08-06T06:15:00Z,7756.25,7757.25,7754.0,7755.5,866
2026-08-06T06:20:00Z,7755.25,7759.25,7754.5,7759.0,539
2026-08-06T06:25:00Z,7759.0,7761.5,7758.75,7761.0,681
2026-08-06T06:30:00Z,7761.0,7761.5,7756.75,7758.75,615
2026-08-06T06:35:00Z,7759.0,7760.0,7757.25,7757.5,352
2026-08-06T06:40:00Z,7757.5,7757.5,7755.5,7757.25,453
2026-08-06T06:45:00Z,7757.5,7758.25,7755.25,7756.75,427
2026-08-06T06:50:00Z,7757.0,7758.25,7756.5,7758.0,399
2026-08-06T06:55:00Z,7757.75,7760.5,7757.75,7760.25,449
2026-08-06T07:00:00Z,7759.75,7760.5,7758.0,7758.75,1688
2026-08-06T07:05:00Z,7758.75,7762.75,7758.25,7762.25,1054
2026-08-06T07:10:00Z,7762.25,7764.5,7762.0,7763.5,864
2026-08-06T07:15:00Z,7763.5,7764.25,7762.5,7763.5,742
2026-08-06T07:20:00Z,7763.75,7764.0,7761.25,7761.5,573
2026-08-06T07:25:00Z,7761.25,7762.5,7759.75,7760.25,760
2026-08-06T07:30:00Z,7760.25,7760.25,7758.25,7759.25,835
2026-08-06T07:35:00Z,7759.25,7759.25,7754.75,7756.0,859
2026-08-06T07:40:00Z,7755.75,7756.5,7755.25,7756.0,625
2026-08-06T07:45:00Z,7756.25,7759.0,7755.25,7758.25,981
2026-08-06T07:50:00Z,7758.25,7758.5,7756.5,7757.5,518
2026-08-06T07:55:00Z,7757.5,7759.0,7757.25,7758.5,468
2026-08-06T08:00:00Z,7758.25,7758.75,7750.0,7752.5,1545
2026-08-06T08:05:00Z,7752.5,7757.25,7752.0,7754.0,971
2026-08-06T08:10:00Z,7753.75,7754.25,7751.5,7753.25,1204
2026-08-06T08:15:00Z,7753.25,7755.5,7751.5,7754.5,732
2026-08-06T08:20:00Z,7754.5,7755.5,7753.0,7755.0,779
2026-08-06T08:25:00Z,7755.25,7760.5,7755.25,7760.5,897
2026-08-06T08:30:00Z,7760.5,7763.5,7760.0,7763.25,1071
2026-08-06T08:35:00Z,7763.25,7763.5,7760.5,7761.25,1009
2026-08-06T08:40:00Z,7761.5,7762.25,7761.25,7761.5,480
2026-08-06T08:45:00Z,7761.5,7762.5,7760.0,7762.0,1092
2026-08-06T08:50:00Z,7762.5,7765.5,7762.25,7765.0,1027
2026-08-06T08:55:00Z,7765.0,7765.25,7763.5,7764.75,625
2026-08-06T09:00:00Z,7764.75,7764.75,7758.75,7759.75,1003
2026-08-06T09:05:00Z,7759.5,7760.25,7756.0,7757.25,807
2026-08-06T09:10:00Z,7757.25,7757.5,7755.25,7756.25,657
2026-08-06T09:15:00Z,7756.5,7760.5,7756.25,7759.75,1096
2026-08-06T09:20:00Z,7759.75,7761.25,7759.5,7760.25,511
2026-08-06T09:25:00Z,7760.0,7761.75,7759.25,7760.25,467
2026-08-06T09:30:00Z,7760.25,7760.5,7758.5,7759.75,396
2026-08-06T09:35:00Z,7760.0,7761.0,7759.25,7760.5,386
2026-08-06T09:40:00Z,7760.25,7762.25,7760.0,7761.0,580
2026-08-06T09:45:00Z,7761.0,7764.75,7761.0,7764.5,636
2026-08-06T09:50:00Z,7764.5,7765.25,7763.0,7765.25,399
2026-08-06T09:55:00Z,7765.25,7767.5,7764.75,7767.0,992
2026-08-06T10:00:00Z,7767.0,7767.25,7764.5,7765.0,933
2026-08-06T10:05:00Z,7764.75,7765.25,7763.5,7764.25,845
2026-08-06T10:10:00Z,7764.5,7764.5,7763.0,7763.5,455
2026-08-06T10:15:00Z,7763.5,7764.75,7762.25,7764.25,582
2026-08-06T10:20:00Z,7764.5,7765.25,7763.5,7765.0,431
2026-08-06T10:25:00Z,7765.0,7766.0,7764.75,7765.25,267
2026-08-06T10:30:00Z,7765.25,7765.5,7762.75,7763.0,581
2026-08-06T10:35:00Z,7763.5,7764.0,7761.25,7761.25,557
2026-08-06T10:40:00Z,7761.5,7761.75,7759.25,7760.0,775
2026-08-06T10:45:00Z,7759.75,7761.75,7758.75,7761.5,676
2026-08-06T10:50:00Z,7761.25,7761.75,7760.0,7760.0,407
2026-08-06T10:55:00Z,7760.25,7762.0,7759.5,7761.75,394
2026-08-06T11:00:00Z,7761.75,7761.75,7753.25,7754.75,2557
2026-08-06T11:05:00Z,7754.75,7756.5,7750.5,7756.5,2048
2026-08-06T11:10:00Z,7756.25,7756.75,7754.5,7756.0,839
2026-08-06T11:15:00Z,7756.0,7760.0,7755.75,7760.0,1261
2026-08-06T11:20:00Z,7760.0,7760.25,7758.75,7760.25,907
2026-08-06T11:25:00Z,7760.25,7762.75,7759.5,7762.0,1146
2026-08-06T11:30:00Z,7762.25,7765.5,7762.25,7764.0,1926
2026-08-06T11:35:00Z,7764.0,7765.5,7763.5,7763.75,1157
2026-08-06T11:40:00Z,7763.75,7764.75,7761.5,7762.25,1292
2026-08-06T11:45:00Z,7762.0,7764.25,7756.5,7757.75,2938
2026-08-06T11:50:00Z,7757.5,7757.75,7754.5,7756.0,1536
2026-08-06T11:55:00Z,7756.0,7760.5,7755.75,7759.75,1554
2026-08-06T12:00:00Z,7759.5,7760.5,7754.75,7756.75,1717
2026-08-06T12:05:00Z,7756.75,7758.25,7754.75,7755.5,1574
2026-08-06T12:10:00Z,7755.25,7756.0,7753.25,7754.25,1461
2026-08-06T12:15:00Z,7754.25,7755.25,7751.75,7752.5,1654
2026-08-06T12:20:00Z,7752.5,7759.75,7752.25,7758.25,2905
2026-08-06T12:25:00Z,7758.0,7760.25,7757.0,7757.0,1368
2026-08-06T12:30:00Z,7756.25,7759.25,7754.75,7758.5,1566
2026-08-06T12:35:00Z,7758.25,7761.5,7758.25,7760.75,1197
2026-08-06T12:40:00Z,7760.5,7761.5,7757.75,7758.25,1931
2026-08-06T12:45:00Z,7758.25,7760.0,7756.75,7757.75,1740
2026-08-06T12:50:00Z,7757.75,7758.5,7754.25,7755.5,1794
2026-08-06T12:55:00Z,7755.5,7756.25,7752.5,7754.25,1789
2026-08-06T13:00:00Z,7754.25,7754.75,7751.5,7752.25,2548
2026-08-06T13:05:00Z,7752.0,7752.25,7747.5,7749.75,3173
2026-08-06T13:10:00Z,7749.5,7750.75,7748.75,7749.0,2222
2026-08-06T13:15:00Z,7749.5,7752.5,7748.0,7752.25,4462
2026-08-06T13:20:00Z,7752.0,7754.25,7751.0,7751.25,3263
2026-08-06T13:25:00Z,7751.75,7753.0,7748.75,7751.75,7313
2026-08-06T13:30:00Z,7751.75,7757.5,7740.25,7749.0,40686
2026-08-06T13:35:00Z,7749.0,7759.0,7746.0,7747.0,31026
2026-08-06T13:40:00Z,7747.0,7759.0,7745.0,7755.25,27470
2026-08-06T13:45:00Z,7755.0,7765.5,7755.0,7763.0,19932
2026-08-06T13:50:00Z,7763.0,7765.5,7758.0,7759.25,15155
2026-08-06T13:55:00Z,7759.5,7763.0,7755.5,7759.25,16397
2026-08-06T14:00:00Z,7759.5,7763.75,7756.0,7761.5,17620
2026-08-06T14:05:00Z,7761.75,7765.25,7759.0,7764.5,12254
2026-08-06T14:10:00Z,7764.5,7767.75,7764.0,7765.5,13494
2026-08-06T14:15:00Z,7765.75,7768.5,7761.25,7767.25,13507
2026-08-06T14:20:00Z,7767.25,7768.5,7761.75,7762.25,10162
2026-08-06T14:25:00Z,7762.5,7762.75,7750.75,7754.5,20187
2026-08-06T14:30:00Z,7755.0,7759.0,7751.75,7758.0,19303
2026-08-06T14:35:00Z,7758.0,7759.75,7747.5,7747.5,18095
2026-08-06T14:40:00Z,7747.5,7757.25,7746.25,7751.5,15820
2026-08-06T14:45:00Z,7751.5,7752.5,7746.5,7746.75,13876
2026-08-06T14:50:00Z,7746.5,7755.0,7745.25,7755.0,12214
2026-08-06T14:55:00Z,7755.0,7760.75,7753.0,7760.0,13039
2026-08-06T15:00:00Z,7760.0,7762.5,7751.0,7752.75,14925
2026-08-06T15:05:00Z,7752.75,7758.25,7752.5,7755.75,10223
2026-08-06T15:10:00Z,7755.75,7757.5,7754.5,7755.0,4171
2026-08-06T15:15:00Z,7749.0,7750.5,7739.0,7739.25,24597
2026-08-06T15:20:00Z,7739.5,7742.5,7736.0,7739.0,19066
2026-08-06T15:25:00Z,7738.75,7742.75,7736.25,7742.25,12619
2026-08-06T15:30:00Z,7742.25,7744.5,7734.75,7735.0,13090
2026-08-06T15:35:00Z,7734.75,7738.75,7732.75,7736.5,13392
2026-08-06T15:40:00Z,7736.75,7739.0,7732.75,7733.0,9287
2026-08-06T15:45:00Z,7732.75,7745.75,7732.5,7741.75,15023
2026-08-06T15:50:00Z,7741.75,7747.5,7730.25,7731.0,21382
2026-08-06T15:55:00Z,7730.75,7735.25,7729.25,7731.0,20131
2026-08-06T16:00:00Z,7731.25,7732.75,7727.25,7730.0,16235
2026-08-06T16:05:00Z,7730.25,7734.75,7728.75,7733.0,11104
2026-08-06T16:10:00Z,7732.75,7735.0,7728.0,7729.75,10247
2026-08-06T16:15:00Z,7729.5,7732.75,7724.25,7731.75,14728
2026-08-06T16:20:00Z,7732.0,7733.0,7728.25,7732.25,11176
2026-08-06T16:25:00Z,7732.25,7734.75,7729.5,7732.25,9811
2026-08-06T16:30:00Z,7732.25,7738.0,7730.75,7732.75,11780
2026-08-06T16:35:00Z,7733.25,7738.5,7731.5,7738.25,8741
2026-08-06T16:40:00Z,7738.5,7738.5,7730.0,7730.25,10598
2026-08-06T16:45:00Z,7730.25,7733.75,7728.75,7733.75,8855
2026-08-06T16:50:00Z,7734.0,7736.5,7732.0,7733.25,9327
2026-08-06T16:55:00Z,7733.5,7740.0,7733.0,7739.5,6775
2026-08-06T17:00:00Z,7739.5,7741.5,7736.5,7737.25,10871
2026-08-06T17:05:00Z,7737.25,7741.0,7732.25,7732.75,9146
2026-08-06T17:10:00Z,7732.75,7735.5,7730.5,7731.0,6891
2026-08-06T17:15:00Z,7731.0,7734.25,7729.75,7733.0,7347
2026-08-06T17:20:00Z,7733.25,7733.75,7728.75,7729.0,6046
2026-08-06T17:25:00Z,7729.0,7732.25,7727.75,7727.75,5738
2026-08-06T17:30:00Z,7728.0,7731.75,7726.75,7730.5,5919
2026-08-06T17:35:00Z,7730.5,7732.5,7729.25,7729.75,4481
2026-08-06T17:40:00Z,7729.75,7731.0,7727.75,7731.0,5386
2026-08-06T17:45:00Z,7731.0,7733.5,7729.5,7729.5,6368
2026-08-06T17:50:00Z,7729.5,7734.75,7729.25,7734.0,6906
2026-08-06T17:55:00Z,7734.0,7736.25,7732.5,7736.25,6512
2026-08-06T18:00:00Z,7736.25,7738.75,7734.5,7738.75,7403
2026-08-06T18:05:00Z,7738.5,7739.5,7736.25,7738.5,6648
2026-08-06T18:10:00Z,7738.5,7742.75,7736.75,7741.25,7922
2026-08-06T18:15:00Z,7741.5,7747.25,7735.75,7743.0,18952
2026-08-06T18:20:00Z,7743.0,7746.0,7743.0,7745.25,7324
2026-08-06T18:25:00Z,7745.25,7745.75,7741.5,7743.75,6304
2026-08-06T18:30:00Z,7744.0,7744.25,7740.25,7740.75,5993
2026-08-06T18:35:00Z,7740.5,7742.75,7737.5,7738.25,6445
2026-08-06T18:40:00Z,7738.25,7739.0,7734.5,7737.25,6263
2026-08-06T18:45:00Z,7737.5,7741.25,7736.5,7738.75,6426
2026-08-06T18:50:00Z,7738.75,7740.0,7737.25,7738.75,5470
2026-08-06T18:55:00Z,7738.5,7740.75,7738.0,7739.5,6166
2026-08-06T19:00:00Z,7739.75,7745.75,7739.5,7745.75,9745
2026-08-06T19:05:00Z,7745.5,7747.0,7742.75,7747.0,6381
2026-08-06T19:10:00Z,7747.25,7747.75,7742.75,7743.25,6203
2026-08-06T19:15:00Z,7743.25,7743.5,7740.5,7741.5,6588
2026-08-06T19:20:00Z,7741.75,7744.75,7737.75,7738.25,8350
2026-08-06T19:25:00Z,7738.0,7740.0,7735.25,7736.5,12868
2026-08-06T19:30:00Z,7736.5,7740.0,7734.0,7739.5,10848
2026-08-06T19:35:00Z,7739.25,7739.75,7735.0,7735.0,7424
2026-08-06T19:40:00Z,7735.0,7735.75,7730.5,7733.0,11692
2026-08-06T19:45:00Z,7732.75,7735.0,7729.25,7734.0,11171
2026-08-06T19:50:00Z,7734.0,7738.25,7727.0,7736.75,25585
2026-08-06T19:55:00Z,7736.25,7739.25,7731.25,7735.75,71746
2026-08-06T20:00:00Z,7735.5,7741.5,7735.25,7739.5,19818
2026-08-06T20:05:00Z,7739.25,7740.75,7738.25,7740.0,4629
2026-08-06T20:10:00Z,7740.0,7740.75,7737.5,7738.25,3771
2026-08-06T20:15:00Z,7738.0,7739.0,7734.75,7736.5,4071
2026-08-06T20:20:00Z,7736.5,7738.0,7731.0,7731.75,3639
2026-08-06T20:25:00Z,7731.75,7733.25,7728.75,7730.25,2201
2026-08-06T20:30:00Z,7730.25,7731.75,7728.75,7731.5,1378
2026-08-06T20:35:00Z,7731.5,7731.75,7727.75,7730.75,1240
2026-08-06T20:40:00Z,7730.75,7731.25,7730.25,7730.25,713
2026-08-06T20:45:00Z,7730.5,7731.0,7729.75,7730.25,845
2026-08-06T20:50:00Z,7730.5,7731.5,7730.25,7730.75,728
2026-08-06T20:55:00Z,7731.0,7732.75,7730.75,7731.5,1307
2026-08-06T22:00:00Z,7733.5,7735.0,7729.75,7732.75,0
2026-08-06T22:05:00Z,7733.0,7737.25,7732.5,7737.0,534
2026-08-06T22:10:00Z,7736.75,7740.0,7736.25,7739.5,502
2026-08-06T22:15:00Z,7739.25,7741.0,7738.75,7739.0,484
2026-08-06T22:20:00Z,7739.0,7740.0,7736.25,7737.5,374
2026-08-06T22:25:00Z,7737.75,7739.75,7736.0,7736.5,598
2026-08-06T22:30:00Z,7736.5,7736.5,7733.25,7735.0,456
2026-08-06T22:35:00Z,7735.0,7735.25,7734.25,7734.75,125
2026-08-06T22:40:00Z,7734.75,7736.75,7734.75,7735.5,252
2026-08-06T22:45:00Z,7736.0,7736.25,7735.5,7735.75,127
2026-08-06T22:50:00Z,7736.0,7737.75,7736.0,7737.25,204
2026-08-06T22:55:00Z,7737.0,7738.5,7736.5,7737.75,203
2026-08-06T23:00:00Z,7737.75,7738.5,7737.25,7737.75,120
2026-08-06T23:05:00Z,7737.75,7737.75,7736.25,7736.75,117
2026-08-06T23:10:00Z,7737.0,7737.5,7736.5,7736.75,51
2026-08-06T23:15:00Z,7737.0,7740.75,7736.75,7738.25,374
2026-08-06T23:20:00Z,7738.5,7739.75,7737.75,7739.75,128
2026-08-06T23:25:00Z,7739.75,7740.0,7737.25,7738.0,153
2026-08-06T23:30:00Z,7738.0,7739.5,7737.5,7739.5,201
2026-08-06T23:35:00Z,7739.5,7739.5,7738.25,7738.75,177
2026-08-06T23:40:00Z,7739.0,7740.0,7737.25,7739.75,235
2026-08-06T23:45:00Z,7739.75,7741.0,7738.25,7740.75,409
2026-08-06T23:50:00Z,7740.75,7741.25,7738.75,7739.5,371
2026-08-06T23:55:00Z,7739.5,7740.0,7738.75,7740.0,171
2026-08-07T00:00:00Z,7740.0,7742.0,7737.75,7741.25,925
2026-08-07T00:05:00Z,7741.5,7742.5,7738.25,7738.25,696
2026-08-07T00:10:00Z,7738.0,7739.0,7736.5,7738.0,874
2026-08-07T00:15:00Z,7738.25,7738.25,7731.5,7732.5,1287
2026-08-07T00:20:00Z,7732.5,7732.75,7729.0,7730.0,1167
2026-08-07T00:25:00Z,7730.25,7732.25,7729.5,7730.25,583
2026-08-07T00:30:00Z,7730.25,7739.5,7729.75,7738.75,1190
2026-08-07T00:35:00Z,7739.25,7739.25,7731.5,7734.25,734
2026-08-07T00:40:00Z,7734.5,7735.5,7730.5,7734.75,536
2026-08-07T00:45:00Z,7734.75,7736.5,7730.5,7731.5,513
2026-08-07T00:50:00Z,7731.25,7737.0,7731.0,7735.25,714
2026-08-07T00:55:00Z,7735.25,7737.0,7733.0,7735.75,593
2026-08-07T01:00:00Z,7735.75,7737.75,7734.75,7736.25,861
2026-08-07T01:05:00Z,7736.25,7737.0,7734.25,7735.25,571
2026-08-07T01:10:00Z,7735.0,7736.0,7730.75,7731.75,763
2026-08-07T01:15:00Z,7732.0,7732.0,7729.25,7729.75,708
2026-08-07T01:20:00Z,7729.75,7729.75,7727.25,7729.5,875
2026-08-07T01:25:00Z,7729.75,7734.25,7728.75,7733.75,859
2026-08-07T01:30:00Z,7733.75,7739.25,7733.25,7736.25,1047
2026-08-07T01:35:00Z,7736.25,7736.25,7730.0,7730.25,1221
2026-08-07T01:40:00Z,7730.25,7732.75,7729.5,7732.75,701
2026-08-07T01:45:00Z,7732.5,7734.5,7729.75,7733.0,721
2026-08-07T01:50:00Z,7733.0,7733.0,7730.5,7731.75,436
2026-08-07T01:55:00Z,7732.0,7733.5,7731.25,7732.75,424
2026-08-07T02:00:00Z,7732.75,7735.25,7732.25,7734.5,443
2026-08-07T02:05:00Z,7734.5,7734.75,7730.5,7731.0,503
2026-08-07T02:10:00Z,7730.75,7734.0,7729.0,7732.5,666
2026-08-07T02:15:00Z,7732.5,7733.75,7732.5,7733.25,477
2026-08-07T02:20:00Z,7733.25,7734.25,7731.5,7734.25,260
2026-08-07T02:25:00Z,7734.0,7734.0,7732.0,7732.5,197
2026-08-07T02:30:00Z,7732.75,7732.75,7730.25,7730.25,373
2026-08-07T02:35:00Z,7730.25,7731.5,7726.5,7727.75,932
2026-08-07T02:40:00Z,7727.75,7730.25,7727.5,7729.5,512
2026-08-07T02:45:00Z,7729.5,7733.0,7729.0,7733.0,396
2026-08-07T02:50:00Z,7733.0,7733.25,7732.25,7732.5,287
2026-08-07T02:55:00Z,7732.75,7733.5,7731.75,7732.0,227
2026-08-07T03:00:00Z,7732.25,7734.25,7732.0,7733.25,1132
2026-08-07T03:05:00Z,7733.25,7734.0,7732.75,7733.25,320
2026-08-07T03:10:00Z,7733.25,7733.5,7731.75,7732.0,258
2026-08-07T03:15:00Z,7732.0,7732.5,7729.25,7729.5,376
2026-08-07T03:20:00Z,7729.5,7730.5,7728.5,7730.5,338
2026-08-07T03:25:00Z,7730.5,7731.5,7729.5,7730.75,294
2026-08-07T03:30:00Z,7730.5,7732.5,7730.0,7730.25,287
2026-08-07T03:35:00Z,7730.25,7732.0,7729.75,7730.5,150
2026-08-07T03:40:00Z,7730.5,7731.25,7729.25,7730.25,247
2026-08-07T03:45:00Z,7730.25,7730.75,7728.75,7730.5,202
2026-08-07T03:50:00Z,7730.5,7731.25,7728.5,7729.25,183
2026-08-07T03:55:00Z,7729.0,7729.75,7728.75,7729.25,105
2026-08-07T04:05:00Z,7729.75,7730.25,7729.25,7729.5,649
2026-08-07T04:10:00Z,7729.25,7730.5,7727.75,7728.25,460
2026-08-07T04:15:00Z,7728.25,7728.75,7725.5,7728.75,605
2026-08-07T04:20:00Z,7728.75,7732.25,7728.75,7731.5,502
2026-08-07T04:25:00Z,7731.5,7731.75,7729.0,7730.5,313
2026-08-07T04:30:00Z,7730.75,7733.5,7729.75,7731.75,484
2026-08-07T04:35:00Z,7731.75,7732.25,7730.0,7730.5,178
2026-08-07T04:40:00Z,7730.5,7730.5,7729.5,7729.5,113
2026-08-07T04:45:00Z,7729.5,7730.75,7729.25,7730.0,162
2026-08-07T04:50:00Z,7729.75,7731.0,7729.0,7731.0,327
2026-08-07T04:55:00Z,7731.0,7732.25,7731.0,7731.5,253
2026-08-07T05:00:00Z,7731.5,7733.75,7731.25,7733.25,442
2026-08-07T05:05:00Z,7733.5,7737.0,7733.0,7734.75,1579
2026-08-07T05:10:00Z,7734.75,7735.5,7733.75,7733.75,346
2026-08-07T05:15:00Z,7733.75,7735.25,7733.75,7734.75,171
2026-08-07T05:20:00Z,7734.75,7735.25,7733.75,7734.5,187
2026-08-07T05:25:00Z,7734.25,7735.5,7734.25,7734.5,237
2026-08-07T05:30:00Z,7734.75,7734.75,7733.25,7733.5,323
2026-08-07T05:35:00Z,7733.25,7734.0,7732.75,7733.0,276
2026-08-07T05:40:00Z,7733.0,7733.5,7731.75,7733.0,308
2026-08-07T05:45:00Z,7733.0,7733.0,7732.25,7733.0,127
2026-08-07T05:50:00Z,7733.25,7733.75,7732.75,7733.25,175
2026-08-07T05:55:00Z,7733.5,7733.75,7731.5,7731.75,218
2026-08-07T06:00:00Z,7731.75,7734.5,7731.75,7734.0,409
2026-08-07T06:05:00Z,7733.75,7736.5,7733.75,7735.75,594
2026-08-07T06:10:00Z,7735.75,7738.25,7735.75,7737.75,1362
2026-08-07T06:15:00Z,7737.5,7738.5,7737.0,7737.5,636
2026-08-07T06:20:00Z,7737.25,7738.5,7736.25,7738.25,303
2026-08-07T06:25:00Z,7738.75,7740.0,7737.25,7739.25,602
2026-08-07T06:30:00Z,7739.75,7739.75,7737.5,7737.75,620
2026-08-07T06:35:00Z,7737.75,7738.25,7736.5,7736.75,278
2026-08-07T06:40:00Z,7736.75,7736.75,7734.25,7734.75,393
2026-08-07T06:45:00Z,7734.5,7735.5,7734.25,7734.75,346
2026-08-07T06:50:00Z,7734.75,7736.0,7734.5,7735.5,261
2026-08-07T06:55:00Z,7735.5,7738.5,7735.25,7738.0,493
2026-08-07T07:00:00Z,7738.0,7739.0,7736.0,7736.0,1016
2026-08-07T07:05:00Z,7736.0,7740.75,7736.0,7740.25,736
2026-08-07T07:10:00Z,7740.25,7742.75,7739.75,7742.25,889
2026-08-07T07:15:00Z,7742.25,7742.5,7740.25,7740.75,453
2026-08-07T07:20:00Z,7740.75,7740.75,7739.75,7740.5,406
2026-08-07T07:25:00Z,7740.25,7742.0,7740.0,7741.5,377
2026-08-07T07:30:00Z,7741.5,7741.75,7739.75,7740.0,425
2026-08-07T07:35:00Z,7740.0,7741.25,7739.75,7740.25,500
2026-08-07T07:40:00Z,7740.25,7743.75,7740.25,7740.75,1146
2026-08-07T07:45:00Z,7740.75,7741.0,7739.0,7740.5,577
2026-08-07T07:50:00Z,7740.5,7740.75,7738.25,7740.75,623
2026-08-07T07:55:00Z,7740.75,7741.5,7740.0,7740.25,709
2026-08-07T08:00:00Z,7740.5,7744.5,7740.25,7743.25,1555
2026-08-07T08:05:00Z,7743.25,7745.75,7743.0,7745.5,1099
2026-08-07T08:10:00Z,7745.25,7746.5,7745.0,7746.0,744
2026-08-07T08:15:00Z,7746.0,7746.5,7742.5,7742.75,732
2026-08-07T08:20:00Z,7742.75,7744.25,7742.0,7743.5,989
2026-08-07T08:25:00Z,7743.5,7745.0,7743.5,7744.0,529
2026-08-07T08:30:00Z,7744.25,7747.25,7743.5,7745.75,862
2026-08-07T08:35:00Z,7746.0,7746.0,7742.0,7743.5,804
2026-08-07T08:40:00Z,7743.5,7744.75,7743.0,7743.75,649
2026-08-07T08:45:00Z,7743.75,7744.5,7743.25,7743.75,630
2026-08-07T08:50:00Z,7743.75,7744.5,7743.25,7744.25,321
2026-08-07T08:55:00Z,7744.25,7746.25,7744.0,7745.25,946
2026-08-07T09:00:00Z,7745.5,7747.0,7744.75,7745.75,584
2026-08-07T09:05:00Z,7745.5,7746.0,7744.25,7745.25,396
2026-08-07T09:10:00Z,7745.25,7747.75,7745.25,7747.0,612
2026-08-07T09:15:00Z,7747.0,7747.5,7745.0,7745.25,424
2026-08-07T09:20:00Z,7745.5,7749.5,7745.25,7748.25,938
2026-08-07T09:25:00Z,7748.25,7748.75,7746.75,7746.75,319
2026-08-07T09:30:00Z,7747.0,7748.75,7745.75,7747.25,536
2026-08-07T09:35:00Z,7747.25,7748.25,7747.0,7747.5,301
2026-08-07T09:40:00Z,7747.5,7747.5,7746.5,7747.0,408
2026-08-07T09:45:00Z,7747.25,7748.0,7746.25,7747.25,491
2026-08-07T09:50:00Z,7747.25,7748.5,7746.5,7747.0,360
2026-08-07T09:55:00Z,7747.25,7747.25,7745.5,7745.75,771
2026-08-07T10:00:00Z,7746.0,7747.0,7745.75,7746.5,579
2026-08-07T10:05:00Z,7746.5,7747.25,7746.0,7746.0,394
2026-08-07T10:10:00Z,7745.75,7747.0,7745.25,7745.25,447
2026-08-07T10:15:00Z,7745.25,7745.5,7744.25,7745.0,514
2026-08-07T10:20:00Z,7745.25,7745.5,7744.0,7744.75,381
2026-08-07T10:25:00Z,7744.75,7747.0,7744.75,7747.0,377
2026-08-07T10:30:00Z,7747.0,7747.5,7746.0,7747.25,315
2026-08-07T10:35:00Z,7747.25,7748.25,7747.0,7748.0,290
2026-08-07T10:40:00Z,7748.0,7749.0,7747.5,7748.75,503
2026-08-07T10:45:00Z,7749.0,7749.5,7746.0,7746.75,764
2026-08-07T10:50:00Z,7746.75,7747.75,7745.0,7745.25,429
2026-08-07T10:55:00Z,7745.25,7746.5,7744.75,7746.5,368
2026-08-07T11:00:00Z,7746.25,7750.5,7746.25,7749.5,1568
2026-08-07T11:05:00Z,7749.25,7751.5,7748.75,7751.25,876
2026-08-07T11:10:00Z,7751.25,7751.75,7749.75,7750.0,1037
2026-08-07T11:15:00Z,7750.0,7752.75,7749.75,7752.25,640
2026-08-07T11:20:00Z,7752.0,7753.0,7751.5,7752.75,703
2026-08-07T11:25:00Z,7752.75,7754.75,7752.75,7753.5,836
2026-08-07T11:30:00Z,7753.5,7755.25,7753.0,7755.0,747
2026-08-07T11:35:00Z,7755.0,7756.75,7754.5,7755.75,969
2026-08-07T11:40:00Z,7755.5,7756.25,7755.0,7756.0,839
2026-08-07T11:45:00Z,7755.75,7756.0,7754.0,7754.75,1163
2026-08-07T11:50:00Z,7754.75,7755.25,7752.5,7752.75,1687
2026-08-07T11:55:00Z,7752.5,7753.0,7748.25,7748.75,2221
2026-08-07T12:00:00Z,7748.5,7755.75,7747.25,7753.5,2247
2026-08-07T12:05:00Z,7753.5,7754.0,7751.25,7752.25,912
2026-08-07T12:10:00Z,7752.5,7754.0,7752.0,7753.0,852
2026-08-07T12:15:00Z,7753.0,7755.75,7753.0,7754.75,1485
2026-08-07T12:20:00Z,7754.75,7755.75,7752.0,7755.0,1638
2026-08-07T12:25:00Z,7755.0,7759.5,7750.5,7757.0,3562
2026-08-07T12:30:00Z,7756.5,7774.5,7754.5,7766.25,15973
2026-08-07T12:35:00Z,7766.0,7776.25,7763.5,7775.5,10401
2026-08-07T12:40:00Z,7775.75,7776.5,7771.5,7772.25,6015
2026-08-07T12:45:00Z,7772.75,7776.5,7772.25,7775.75,4774
2026-08-07T12:50:00Z,7775.75,7778.75,7774.75,7777.5,5571
2026-08-07T12:55:00Z,7777.5,7777.5,7774.0,7774.75,5575
2026-08-07T13:00:00Z,7775.0,7776.0,7766.75,7766.75,5102
2026-08-07T13:05:00Z,7766.75,7769.75,7763.25,7765.5,4388
2026-08-07T13:10:00Z,7765.75,7766.25,7760.0,7761.5,4753
2026-08-07T13:15:00Z,7761.5,7762.25,7757.5,7760.75,5494
2026-08-07T13:20:00Z,7760.75,7761.5,7759.75,7760.75,2829
2026-08-07T13:25:00Z,7760.75,7762.0,7753.25,7757.0,9496
2026-08-07T13:30:00Z,7757.0,7763.5,7753.25,7762.0,42203
2026-08-07T13:35:00Z,7762.0,7762.75,7753.75,7758.25,25444
2026-08-07T13:40:00Z,7758.5,7768.5,7756.0,7767.25,23815
2026-08-07T13:45:00Z,7767.0,7770.75,7758.25,7764.75,21467
2026-08-07T13:50:00Z,7765.0,7769.5,7763.0,7767.0,15121
2026-08-07T13:55:00Z,7767.25,7769.0,7751.75,7758.0,27082
2026-08-07T14:00:00Z,7758.25,7763.5,7751.25,7751.75,25897
2026-08-07T14:05:00Z,7751.5,7758.25,7751.25,7752.5,20489
2026-08-07T14:10:00Z,7752.5,7755.5,7743.5,7745.75,24336
2026-08-07T14:15:00Z,7746.0,7766.0,7744.0,7765.5,21922
2026-08-07T14:20:00Z,7765.75,7770.25,7762.5,7767.75,17737
2026-08-07T14:25:00Z,7768.0,7780.5,7767.75,7779.5,18374
2026-08-07T14:30:00Z,7779.25,7781.25,7771.5,7773.5,16077
2026-08-07T14:35:00Z,7773.75,7775.75,7764.5,7766.5,20745
2026-08-07T14:40:00Z,7766.5,7772.25,7764.5,7767.25,16014
2026-08-07T14:45:00Z,7767.25,7774.75,7767.0,7771.5,13077
2026-08-07T14:50:00Z,7771.5,7772.75,7766.25,7769.75,10566
2026-08-07T14:55:00Z,7769.75,7777.5,7769.25,7776.25,10378
2026-08-07T15:00:00Z,7776.5,7776.75,7771.25,7775.0,11627
2026-08-07T15:05:00Z,7775.25,7778.0,7774.75,7777.0,8902
2026-08-07T15:10:00Z,7777.25,7781.75,7774.0,7778.75,11279
2026-08-07T15:15:00Z,7778.5,7779.25,7775.25,7776.25,8556
2026-08-07T15:20:00Z,7776.25,7784.0,7775.75,7783.25,10201
2026-08-07T15:25:00Z,7783.0,7786.75,7782.25,7784.0,10470
2026-08-07T15:30:00Z,7784.25,7786.75,7781.5,7782.0,13336
2026-08-07T15:35:00Z,7782.0,7783.25,7779.5,7781.5,10657
2026-08-07T15:40:00Z,7781.75,7784.0,7776.5,7779.25,9589
2026-08-07T15:45:00Z,7779.5,7783.75,7778.0,7783.0,7094
2026-08-07T15:50:00Z,7783.25,7784.0,7778.0,7780.75,8043
2026-08-07T15:55:00Z,7780.5,7781.0,7775.5,7778.0,7514
2026-08-07T16:00:00Z,7778.0,7779.25,7774.75,7779.0,7609
2026-08-07T16:05:00Z,7779.25,7781.25,7777.75,7779.25,7174
2026-08-07T16:10:00Z,7779.25,7781.0,7777.5,7777.5,4993
2026-08-07T16:15:00Z,7777.5,7779.75,7776.25,7777.25,5999
2026-08-07T16:20:00Z,7777.25,7781.25,7769.75,7769.75,13645
2026-08-07T16:25:00Z,7770.0,7770.75,7760.75,7764.75,18084
2026-08-07T16:30:00Z,7764.75,7767.25,7757.75,7766.75,15285
2026-08-07T16:35:00Z,7766.75,7771.25,7764.25,7770.5,10677
2026-08-07T16:40:00Z,7770.5,7774.0,7769.75,7773.25,9277
2026-08-07T16:45:00Z,7773.5,7775.0,7771.75,7774.0,6588
2026-08-07T16:50:00Z,7773.75,7776.25,7768.25,7769.25,7338
2026-08-07T16:55:00Z,7769.5,7771.25,7766.75,7766.75,5579
2026-08-07T17:00:00Z,7767.0,7770.25,7765.0,7767.75,7194
2026-08-07T17:05:00Z,7767.75,7770.5,7767.75,7770.0,4568
2026-08-07T17:10:00Z,7770.0,7771.0,7767.25,7768.0,4370
2026-08-07T17:15:00Z,7767.75,7771.25,7767.25,7770.5,3449
2026-08-07T17:20:00Z,7770.5,7771.75,7766.25,7766.5,4139
2026-08-07T17:25:00Z,7766.5,7769.75,7764.25,7768.25,5374
2026-08-07T17:30:00Z,7768.25,7769.75,7764.5,7766.75,6997
2026-08-07T17:35:00Z,7766.5,7771.5,7766.25,7771.25,3412
2026-08-07T17:40:00Z,7771.25,7771.5,7768.5,7769.0,3857
2026-08-07T17:45:00Z,7769.0,7771.75,7768.25,7770.0,3731
2026-08-07T17:50:00Z,7770.0,7772.25,7767.0,7770.5,5177
2026-08-07T17:55:00Z,7770.5,7771.5,7768.75,7768.75,2860
2026-08-07T18:00:00Z,7769.0,7770.25,7768.25,7768.5,4747
2026-08-07T18:05:00Z,7768.75,7769.25,7765.5,7767.75,5223
2026-08-07T18:10:00Z,7767.75,7768.75,7761.75,7763.0,6008
2026-08-07T18:15:00Z,7763.25,7765.5,7762.0,7764.75,5256
2026-08-07T18:20:00Z,7764.75,7765.25,7762.75,7763.75,3932
2026-08-07T18:25:00Z,7764.0,7765.0,7761.75,7762.0,4945
2026-08-07T18:30:00Z,7762.0,7764.0,7760.5,7761.25,5699
2026-08-07T18:35:00Z,7761.25,7762.5,7759.0,7760.25,5109
2026-08-07T18:40:00Z,7760.5,7761.25,7756.0,7756.75,5372
2026-08-07T18:45:00Z,7757.0,7760.25,7756.25,7759.75,5953
2026-08-07T18:50:00Z,7759.75,7762.5,7759.5,7760.5,4655
2026-08-07T18:55:00Z,7760.75,7765.5,7759.5,7764.5,8282
2026-08-07T19:00:00Z,7764.25,7772.25,7763.75,7768.0,15461
2026-08-07T19:05:00Z,7768.0,7774.5,7767.75,7774.25,10091
2026-08-07T19:10:00Z,7774.25,7778.25,7774.25,7776.5,11220
2026-08-07T19:15:00Z,7776.75,7782.5,7775.5,7776.0,14243
2026-08-07T19:20:00Z,7776.25,7780.0,7776.0,7776.5,8856
2026-08-07T19:25:00Z,7776.5,7778.75,7776.0,7778.5,8104
2026-08-07T19:30:00Z,7778.25,7778.5,7774.0,7775.25,8858
2026-08-07T19:35:00Z,7775.25,7779.0,7773.75,7777.0,7791
2026-08-07T19:40:00Z,7777.0,7777.25,7772.75,7773.25,7994
2026-08-07T19:45:00Z,7773.25,7777.5,7773.0,7776.25,10096
2026-08-07T19:50:00Z,7776.0,7778.75,7774.0,7776.0,15619
2026-08-07T19:55:00Z,7775.75,7785.5,7775.5,7778.5,78008
2026-08-07T20:00:00Z,7778.5,7781.25,7775.25,7776.0,26674
2026-08-07T20:05:00Z,7775.75,7777.75,7774.0,7774.75,6034
2026-08-07T20:10:00Z,7774.75,7776.25,7774.0,7775.5,3507
2026-08-07T20:15:00Z,7775.5,7777.0,7774.25,7775.75,1893
2026-08-07T20:20:00Z,7775.75,7775.75,7773.75,7774.5,1710
2026-08-07T20:25:00Z,7774.5,7775.0,7773.0,7773.75,1435
2026-08-07T20:30:00Z,7773.25,7776.0,7773.0,7776.0,1113
2026-08-07T20:35:00Z,7776.0,7777.25,7775.75,7776.5,978
2026-08-07T20:40:00Z,7776.75,7776.75,7775.5,7776.0,911
2026-08-07T20:45:00Z,7776.0,7776.5,7775.25,7775.5,1062
2026-08-07T20:50:00Z,7775.5,7776.5,7775.25,7776.25,720
2026-08-07T20:55:00Z,7776.5,7779.75,7776.0,7779.75,2566
2026-08-09T22:10:00Z,7772.0,7773.5,7767.0,7768.25,1218
2026-08-09T22:15:00Z,7768.25,7768.5,7763.0,7765.25,1346
2026-08-09T22:20:00Z,7765.25,7768.25,7765.0,7768.25,805
2026-08-09T22:25:00Z,7768.0,7770.25,7767.5,7769.25,552
2026-08-09T22:30:00Z,7769.25,7770.5,7766.5,7766.5,421
2026-08-09T22:35:00Z,7767.0,7768.75,7766.5,7768.0,238
2026-08-09T22:40:00Z,7768.25,7769.75,7768.25,7768.75,248
2026-08-09T22:45:00Z,7768.75,7769.25,7767.75,7768.25,333
2026-08-09T22:50:00Z,7768.5,7769.5,7768.5,7769.25,167
2026-08-09T22:55:00Z,7769.25,7769.25,7768.5,7768.5,59
2026-08-09T23:00:00Z,7769.0,7770.0,7767.25,7770.0,262
2026-08-09T23:05:00Z,7769.75,7772.25,7769.75,7771.75,503
2026-08-09T23:10:00Z,7771.5,7772.25,7771.5,7771.75,167
2026-08-09T23:15:00Z,7771.5,7772.5,7771.5,7771.75,178
2026-08-09T23:20:00Z,7771.75,7773.25,7771.75,7772.0,244
2026-08-09T23:25:00Z,7772.0,7772.75,7771.25,7771.75,177
2026-08-09T23:30:00Z,7771.75,7772.0,7767.75,7768.5,1056
2026-08-09T23:35:00Z,7768.75,7770.5,7768.0,7770.0,175
2026-08-09T23:40:00Z,7770.0,7771.5,7769.5,7771.25,381
2026-08-09T23:45:00Z,7771.25,7772.5,7770.75,7772.0,607
2026-08-09T23:50:00Z,7771.75,7771.75,7769.75,7770.25,600
2026-08-09T23:55:00Z,7770.0,7770.0,7766.75,7767.0,528
2026-08-10T00:00:00Z,7766.5,7769.25,7765.25,7768.5,1418
2026-08-10T00:05:00Z,7768.5,7776.25,7768.0,7775.25,1564
2026-08-10T00:10:00Z,7775.25,7778.0,7774.75,7776.25,766
2026-08-10T00:15:00Z,7776.25,7776.25,7774.0,7774.0,726
2026-08-10T00:20:00Z,7774.0,7775.5,7771.5,7772.0,616
2026-08-10T00:25:00Z,7772.0,7773.0,7770.5,7771.0,584
2026-08-10T00:30:00Z,7771.0,7773.0,7770.75,7772.25,434
2026-08-10T00:35:00Z,7772.5,7773.0,7769.25,7770.25,809
2026-08-10T00:40:00Z,7770.0,7771.75,7768.75,7769.75,507
2026-08-10T00:45:00Z,7770.0,7772.25,7769.75,7772.25,492
2026-08-10T00:50:00Z,7772.25,7773.0,7770.5,7771.0,485
2026-08-10T00:55:00Z,7771.25,7771.5,7769.0,7770.75,438
2026-08-10T01:00:00Z,7770.75,7774.0,7769.75,7773.0,852
2026-08-10T01:05:00Z,7773.0,7775.75,7772.75,7774.5,605
2026-08-10T01:10:00Z,7774.5,7777.25,7774.25,7776.75,611
2026-08-10T01:15:00Z,7777.0,7778.5,7776.5,7778.25,673
2026-08-10T01:20:00Z,7778.5,7780.0,7777.25,7780.0,733
2026-08-10T01:25:00Z,7780.0,7780.5,7779.0,7779.25,484
2026-08-10T01:30:00Z,7779.25,7779.25,7776.0,7777.5,690
2026-08-10T01:35:00Z,7777.5,7780.25,7776.5,7779.75,598
2026-08-10T01:40:00Z,7780.0,7780.0,7778.0,7780.0,274
2026-08-10T01:45:00Z,7780.0,7781.0,7779.25,7780.5,434
2026-08-10T01:50:00Z,7780.75,7781.5,7780.25,7780.75,423
2026-08-10T01:55:00Z,7780.75,7780.75,7780.25,7780.5,248
2026-08-10T02:00:00Z,7780.75,7781.5,7779.5,7781.25,360
2026-08-10T02:05:00Z,7781.25,7781.5,7780.25,7780.25,243
2026-08-10T02:10:00Z,7780.25,7781.25,7779.5,7779.5,214
2026-08-10T02:15:00Z,7779.75,7779.75,7777.5,7778.25,489
2026-08-10T02:20:00Z,7778.25,7779.25,7778.0,7778.5,210
2026-08-10T02:25:00Z,7778.5,7780.0,7778.5,7779.75,196
2026-08-10T02:30:00Z,7779.75,7780.25,7779.0,7779.25,256
2026-08-10T02:35:00Z,7779.25,7782.0,7778.75,7782.0,340
2026-08-10T02:40:00Z,7782.0,7782.75,7781.5,7782.75,382
2026-08-10T02:45:00Z,7782.75,7783.0,7781.75,7781.75,281
2026-08-10T02:50:00Z,7781.75,7783.25,7781.75,7782.75,243
2026-08-10T02:55:00Z,7782.5,7782.75,7782.0,7782.25,312
2026-08-10T03:00:00Z,7782.0,7783.0,7781.5,7781.75,261
2026-08-10T03:05:00Z,7781.75,7781.75,7780.75,7781.25,212
2026-08-10T03:10:00Z,7781.25,7781.75,7780.5,7781.0,208
2026-08-10T03:15:00Z,7781.0,7783.25,7780.75,7783.0,182
2026-08-10T03:20:00Z,7782.75,7783.25,7782.5,7782.75,220
2026-08-10T03:25:00Z,7782.75,7783.25,7781.75,7782.75,269
2026-08-10T03:30:00Z,7782.75,7784.25,7782.25,7784.25,497
2026-08-10T03:35:00Z,7784.25,7785.5,7783.75,7784.75,545
2026-08-10T03:40:00Z,7784.75,7785.75,7784.5,7785.75,343
2026-08-10T03:45:00Z,7785.75,7786.25,7785.0,7785.25,342
2026-08-10T03:50:00Z,7785.5,7786.0,7784.0,7784.0,214
2026-08-10T03:55:00Z,7784.25,7784.25,7783.0,7783.75,258
2026-08-10T04:00:00Z,7783.5,7784.75,7783.0,7784.0,454
2026-08-10T04:05:00Z,7784.0,7785.75,7782.25,7785.5,378
2026-08-10T04:10:00Z,7785.75,7786.0,7784.5,7786.0,233
2026-08-10T04:15:00Z,7786.0,7787.25,7785.75,7786.75,320
2026-08-10T04:20:00Z,7786.5,7787.0,7786.25,7787.0,141
2026-08-10T04:25:00Z,7787.0,7788.75,7786.25,7787.25,356
2026-08-10T04:30:00Z,7787.25,7787.25,7786.0,7786.25,208
2026-08-10T04:35:00Z,7786.25,7786.75,7785.75,7786.0,132
2026-08-10T04:40:00Z,7785.75,7786.25,7783.5,7786.0,485
2026-08-10T04:45:00Z,7786.25,7787.5,7786.25,7787.0,193
2026-08-10T04:50:00Z,7787.0,7788.75,7787.0,7787.75,249
2026-08-10T04:55:00Z,7787.0,7787.5,7785.75,7787.25,318
2026-08-10T05:00:00Z,7787.5,7789.5,7787.25,7788.75,368
2026-08-10T05:05:00Z,7789.0,7790.75,7789.0,7789.75,386
2026-08-10T05:10:00Z,7789.75,7790.5,7789.5,7790.25,189
2026-08-10T05:15:00Z,7790.25,7790.5,7789.5,7789.75,212
2026-08-10T05:20:00Z,7790.0,7790.25,7789.0,7790.25,282
2026-08-10T05:25:00Z,7790.25,7790.25,7788.75,7789.0,195
2026-08-10T05:30:00Z,7789.0,7789.25,7788.5,7789.25,275
2026-08-10T05:35:00Z,7789.25,7790.25,7789.25,7789.5,256
2026-08-10T05:40:00Z,7789.5,7789.75,7789.0,7789.0,178
2026-08-10T05:45:00Z,7789.0,7790.0,7788.75,7789.25,185
2026-08-10T05:50:00Z,7789.0,7790.75,7788.75,7790.75,221
2026-08-10T05:55:00Z,7790.75,7791.25,7790.25,7790.75,251
2026-08-10T06:00:00Z,7790.75,7791.75,7790.25,7790.75,624
2026-08-10T06:05:00Z,7790.75,7791.75,7790.75,7791.75,286
2026-08-10T06:10:00Z,7791.5,7792.75,7791.25,7791.75,611
2026-08-10T06:15:00Z,7791.5,7792.0,7791.25,7791.75,586
2026-08-10T06:20:00Z,7791.75,7791.75,7787.0,7787.25,961
2026-08-10T06:25:00Z,7787.25,7787.75,7784.75,7785.25,548
2026-08-10T06:30:00Z,7785.25,7787.0,7784.5,7786.5,782
2026-08-10T06:35:00Z,7786.25,7786.5,7784.75,7784.75,283
2026-08-10T06:40:00Z,7785.0,7785.75,7784.5,7785.5,373
2026-08-10T06:45:00Z,7785.75,7786.5,7785.5,7786.0,334
2026-08-10T06:50:00Z,7786.25,7787.25,7786.0,7786.5,299
2026-08-10T06:55:00Z,7786.5,7788.25,7786.0,7787.0,578
2026-08-10T07:00:00Z,7787.0,7788.75,7786.25,7787.0,1429
2026-08-10T07:05:00Z,7787.25,7787.5,7785.5,7786.0,763
2026-08-10T07:10:00Z,7786.0,7786.25,7783.5,7785.25,837
2026-08-10T07:15:00Z,7785.5,7787.5,7785.25,7787.5,654
2026-08-10T07:20:00Z,7787.5,7792.0,7787.25,7791.5,1276
2026-08-10T07:25:00Z,7791.75,7792.5,7789.75,7792.25,753
2026-08-10T07:30:00Z,7792.25,7793.0,7791.25,7792.0,761
2026-08-10T07:35:00Z,7792.0,7794.0,7792.0,7793.75,865
2026-08-10T07:40:00Z,7793.5,7794.25,7792.75,7794.0,846
2026-08-10T07:45:00Z,7794.0,7796.25,7790.0,7790.25,2142
2026-08-10T07:50:00Z,7790.25,7791.75,7789.5,7791.0,487
2026-08-10T07:55:00Z,7791.25,7792.75,7791.25,7792.25,458
2026-08-10T08:00:00Z,7792.25,7793.75,7790.75,7793.25,1153
2026-08-10T08:05:00Z,7793.25,7793.75,7791.25,7791.75,909
2026-08-10T08:10:00Z,7791.5,7791.5,7789.5,7791.25,546
2026-08-10T08:15:00Z,7791.25,7792.75,7791.0,7792.25,629
2026-08-10T08:20:00Z,7792.0,7792.0,7789.0,7791.25,622
2026-08-10T08:25:00Z,7791.5,7791.75,7790.5,7790.75,353
2026-08-10T08:30:00Z,7791.0,7791.5,7790.0,7791.0,528
2026-08-10T08:35:00Z,7791.25,7793.25,7791.25,7792.75,495
2026-08-10T08:40:00Z,7792.5,7793.0,7790.75,7791.25,493
2026-08-10T08:45:00Z,7791.25,7791.25,7790.25,7790.5,307
2026-08-10T08:50:00Z,7790.25,7791.0,7789.5,7790.5,567
2026-08-10T08:55:00Z,7790.5,7792.25,7790.25,7791.75,722
2026-08-10T09:00:00Z,7791.75,7792.5,7791.0,7792.0,630
2026-08-10T09:05:00Z,7792.0,7792.25,7791.25,7791.25,362
2026-08-10T09:10:00Z,7791.0,7792.5,7790.5,7792.0,457
2026-08-10T09:15:00Z,7792.0,7792.75,7790.5,7790.5,504
2026-08-10T09:20:00Z,7790.75,7792.75,7790.5,7792.75,358
2026-08-10T09:25:00Z,7792.75,7793.25,7791.75,7792.25,380
2026-08-10T09:30:00Z,7792.25,7793.25,7791.75,7792.75,553
2026-08-10T09:35:00Z,7792.5,7792.5,7789.75,7790.0,535
2026-08-10T09:40:00Z,7790.25,7790.25,7788.5,7789.75,381
2026-08-10T09:45:00Z,7789.75,7790.0,7789.0,7789.25,342
2026-08-10T09:50:00Z,7789.25,7790.0,7788.75,7789.5,541
2026-08-10T09:55:00Z,7789.5,7789.75,7789.0,7789.0,228
2026-08-10T10:00:00Z,7789.0,7791.0,7788.25,7790.75,822
2026-08-10T10:05:00Z,7790.75,7791.0,7789.25,7789.25,655
2026-08-10T10:10:00Z,7789.25,7789.25,7786.5,7787.0,491
2026-08-10T10:15:00Z,7786.75,7788.75,7786.5,7788.5,398
2026-08-10T10:20:00Z,7788.5,7791.0,7788.5,7790.75,660
2026-08-10T10:25:00Z,7790.75,7791.0,7789.75,7790.25,354
2026-08-10T10:30:00Z,7790.25,7790.25,7788.5,7789.25,552
2026-08-10T10:35:00Z,7789.25,7789.25,7785.75,7786.0,1277
2026-08-10T10:40:00Z,7786.0,7786.0,7784.75,7786.0,716
2026-08-10T10:45:00Z,7785.75,7786.5,7785.75,7786.25,407
2026-08-10T10:50:00Z,7786.25,7788.0,7786.25,7786.25,584
2026-08-10T10:55:00Z,7786.25,7786.25,7784.0,7785.5,957
2026-08-10T11:00:00Z,7785.5,7786.25,7780.5,7780.75,2372
2026-08-10T11:05:00Z,7780.75,7782.25,7780.0,7780.75,865
2026-08-10T11:10:00Z,7780.75,7781.75,7778.5,7780.5,1301
2026-08-10T11:15:00Z,7780.5,7781.75,7780.0,7780.75,1047
2026-08-10T11:20:00Z,7780.75,7783.5,7780.5,7782.5,921
2026-08-10T11:25:00Z,7782.25,7786.0,7781.75,7785.5,1025
2026-08-10T11:30:00Z,7785.75,7787.25,7785.5,7786.75,1146
2026-08-10T11:35:00Z,7787.0,7787.0,7784.25,7785.0,881
2026-08-10T11:40:00Z,7784.75,7786.75,7784.0,7784.0,1075
2026-08-10T11:45:00Z,7783.75,7785.25,7780.75,7781.25,1534
2026-08-10T11:50:00Z,7781.25,7783.25,7781.0,7782.75,1115
2026-08-10T11:55:00Z,7782.5,7783.0,7781.5,7782.5,701
2026-08-10T12:00:00Z,7782.5,7784.25,7781.0,7783.75,1385
2026-08-10T12:05:00Z,7783.75,7785.25,7781.75,7785.25,1084
2026-08-10T12:10:00Z,7785.25,7785.75,7781.0,7781.25,832
2026-08-10T12:15:00Z,7781.5,7781.5,7779.0,7779.75,1635
2026-08-10T12:20:00Z,7779.75,7780.25,7776.5,7777.5,1646
2026-08-10T12:25:00Z,7777.25,7779.0,7777.0,7778.75,1027
2026-08-10T12:30:00Z,7778.75,7779.25,7774.0,7774.0,2024
2026-08-10T12:35:00Z,7774.25,7776.0,7772.75,7773.5,1979
2026-08-10T12:40:00Z,7773.5,7774.75,7773.0,7774.5,1546
2026-08-10T12:45:00Z,7774.25,7775.5,7774.0,7774.25,1414
2026-08-10T12:50:00Z,7774.0,7774.0,7771.75,7772.0,1625
2026-08-10T12:55:00Z,7772.0,7774.0,7771.5,7773.75,1175
2026-08-10T13:00:00Z,7773.75,7776.25,7772.75,7776.0,3106
2026-08-10T13:05:00Z,7775.5,7776.5,7775.25,7776.25,1679
2026-08-10T13:10:00Z,7776.0,7777.25,7775.25,7776.5,1604
2026-08-10T13:15:00Z,7776.0,7777.75,7773.75,7775.5,2909
2026-08-10T13:20:00Z,7775.75,7776.0,7771.5,7773.75,3367
2026-08-10T13:25:00Z,7773.5,7774.25,7769.75,7772.75,5535
2026-08-10T13:30:00Z,7773.0,7783.5,7772.0,7772.75,28961
2026-08-10T13:35:00Z,7772.75,7777.75,7771.25,7774.5,20624
2026-08-10T13:40:00Z,7774.75,7777.5,7771.5,7773.0,17324
2026-08-10T13:45:00Z,7773.0,7779.25,7772.5,7777.5,13904
2026-08-10T13:50:00Z,7777.5,7781.0,7771.25,7777.75,18876
2026-08-10T13:55:00Z,7777.75,7781.75,7776.5,7781.0,10876
2026-08-10T14:00:00Z,7780.75,7785.0,7780.25,7783.5,16026
2026-08-10T14:05:00Z,7783.5,7787.0,7782.25,7787.0,8933
2026-08-10T14:10:00Z,7787.0,7789.5,7785.5,7789.0,8971
2026-08-10T14:15:00Z,7788.75,7790.25,7786.25,7789.5,8979
2026-08-10T14:20:00Z,7789.5,7791.0,7784.75,7786.25,10280
2026-08-10T14:25:00Z,7786.25,7791.25,7784.0,7790.0,9801
2026-08-10T14:30:00Z,7790.0,7793.5,7789.25,7790.0,11350
2026-08-10T14:35:00Z,7790.0,7792.75,7788.25,7790.0,7755
2026-08-10T14:40:00Z,7789.75,7793.0,7789.5,7792.5,5897
2026-08-10T14:45:00Z,7792.5,7798.0,7792.5,7795.5,11047
2026-08-10T14:50:00Z,7795.75,7796.25,7784.5,7785.25,14110
2026-08-10T14:55:00Z,7785.0,7787.5,7781.25,7781.5,15300
2026-08-10T15:00:00Z,7781.75,7786.0,7779.25,7783.5,15586
2026-08-10T15:05:00Z,7783.75,7786.75,7782.0,7782.0,8708
2026-08-10T15:10:00Z,7782.0,7785.75,7780.75,7784.75,7708
2026-08-10T15:15:00Z,7784.75,7788.5,7784.25,7785.75,9692
2026-08-10T15:20:00Z,7786.0,7787.5,7784.5,7785.75,6412
2026-08-10T15:25:00Z,7785.75,7786.0,7780.75,7784.25,7827
2026-08-10T15:30:00Z,7784.0,7785.5,7780.0,7780.75,9349
2026-08-10T15:35:00Z,7780.75,7782.5,7778.5,7779.0,7683
2026-08-10T15:40:00Z,7779.0,7784.75,7778.0,7784.5,6870
2026-08-10T15:45:00Z,7784.5,7785.25,7781.5,7782.0,5730
2026-08-10T15:50:00Z,7782.0,7790.25,7781.5,7788.75,7950
2026-08-10T15:55:00Z,7788.75,7790.75,7787.0,7790.0,7801
2026-08-10T16:00:00Z,7790.0,7791.25,7787.0,7788.25,6436
2026-08-10T16:05:00Z,7788.5,7788.75,7785.25,7786.5,5604
2026-08-10T16:10:00Z,7786.5,7788.0,7784.25,7784.5,5384
2026-08-10T16:15:00Z,7784.5,7784.5,7781.0,7783.25,7165
2026-08-10T16:20:00Z,7783.25,7785.25,7781.25,7784.0,4791
2026-08-10T16:25:00Z,7784.0,7785.75,7780.0,7780.25,6661
2026-08-10T16:30:00Z,7780.25,7781.25,7764.75,7773.75,19487
2026-08-10T16:35:00Z,7773.75,7777.25,7771.0,7772.0,9731
2026-08-10T16:40:00Z,7772.0,7773.0,7766.0,7768.0,11668
2026-08-10T16:45:00Z,7768.0,7772.75,7765.75,7772.75,9646
2026-08-10T16:50:00Z,7772.75,7773.0,7769.25,7771.75,6447
2026-08-10T16:55:00Z,7772.0,7776.25,7771.75,7776.25,6975
2026-08-10T17:00:00Z,7776.25,7777.0,7771.5,7773.5,6332
2026-08-10T17:05:00Z,7773.5,7777.75,7772.5,7777.5,5380
2026-08-10T17:10:00Z,7777.5,7779.0,7775.75,7777.5,4797
2026-08-10T17:15:00Z,7777.5,7779.5,7776.5,7778.0,4923
2026-08-10T17:20:00Z,7778.0,7778.75,7776.5,7778.25,4088
2026-08-10T17:25:00Z,7777.75,7778.5,7775.0,7777.75,5071
2026-08-10T17:30:00Z,7777.5,7779.25,7777.25,7777.75,4692
2026-08-10T17:35:00Z,7777.75,7778.25,7774.0,7775.0,4437
2026-08-10T17:40:00Z,7774.75,7776.25,7772.5,7773.0,4582
2026-08-10T17:45:00Z,7773.0,7774.25,7772.0,7773.25,4963
2026-08-10T17:50:00Z,7773.5,7774.0,7771.25,7772.75,5416
2026-08-10T17:55:00Z,7772.75,7774.75,7771.75,7773.75,4296
2026-08-10T18:00:00Z,7773.75,7775.25,7773.0,7773.75,4944
2026-08-10T18:05:00Z,7774.0,7776.75,7773.0,7776.0,4087
2026-08-10T18:10:00Z,7776.0,7777.25,7772.75,7773.25,4284
2026-08-10T18:15:00Z,7773.25,7774.0,7771.75,7772.25,4402
2026-08-10T18:20:00Z,7772.25,7774.0,7771.25,7772.0,3977
2026-08-10T18:25:00Z,7772.0,7773.5,7771.5,7771.75,3029
2026-08-10T18:30:00Z,7771.75,7773.25,7769.25,7771.75,6685
2026-08-10T18:35:00Z,7772.0,7773.5,7769.5,7772.0,4033
2026-08-10T18:40:00Z,7772.0,7775.75,7772.0,7775.25,4940
2026-08-10T18:45:00Z,7775.25,7776.0,7774.0,7775.0,4924
2026-08-10T18:50:00Z,7775.25,7778.25,7775.0,7777.75,4668
2026-08-10T18:55:00Z,7777.75,7779.75,7776.5,7778.5,5212
2026-08-10T19:00:00Z,7778.75,7780.0,7777.25,7778.75,6071
2026-08-10T19:05:00Z,7778.75,7780.75,7777.75,7780.75,6204
2026-08-10T19:10:00Z,7780.75,7780.75,7778.75,7779.75,5268
2026-08-10T19:15:00Z,7779.75,7781.25,7778.75,7779.75,4929
2026-08-10T19:20:00Z,7779.75,7780.75,7778.5,7780.5,5086
2026-08-10T19:25:00Z,7780.5,7780.5,7775.25,7775.75,7479
2026-08-10T19:30:00Z,7776.0,7776.75,7773.75,7775.25,8416
2026-08-10T19:35:00Z,7775.25,7779.5,7774.5,7778.5,6631
2026-08-10T19:40:00Z,7778.5,7778.75,7776.0,7777.5,5320
2026-08-10T19:45:00Z,7777.5,7778.75,7775.25,7778.25,6493
2026-08-10T19:50:00Z,7777.0,7778.0,7770.5,7771.25,18624
2026-08-10T19:55:00Z,7771.75,7779.0,7770.25,7778.0,67497
2026-08-10T20:00:00Z,7778.0,7778.25,7775.0,7775.75,16086
2026-08-10T20:05:00Z,7775.75,7776.5,7775.0,7775.75,3221
2026-08-10T20:10:00Z,7775.75,7776.0,7775.0,7775.5,2538
2026-08-10T20:15:00Z,7775.0,7776.75,7773.0,7773.25,4557
2026-08-10T20:20:00Z,7773.5,7775.0,7773.25,7774.75,2108
2026-08-10T20:25:00Z,7774.75,7776.75,7774.25,7776.25,1140
2026-08-10T20:30:00Z,7776.0,7776.25,7775.0,7775.75,1110
2026-08-10T20:35:00Z,7775.5,7776.0,7775.25,7775.5,605
2026-08-10T20:40:00Z,7775.5,7776.5,7775.25,7776.25,467
2026-08-10T20:45:00Z,7776.5,7777.25,7776.0,7777.25,1038
2026-08-10T20:50:00Z,7777.0,7778.5,7776.75,7778.25,1010
2026-08-10T20:55:00Z,7778.25,7778.25,7777.0,7777.25,1504
2026-08-10T22:00:00Z,7778.25,7781.25,7777.25,7779.0,0
2026-08-10T22:05:00Z,7779.0,7779.75,7777.25,7777.5,545
2026-08-10T22:10:00Z,7777.5,7778.0,7776.75,7777.5,394
2026-08-10T22:15:00Z,7777.75,7778.0,7775.75,7776.0,449
2026-08-10T22:20:00Z,7776.0,7776.5,7773.5,7774.0,617
2026-08-10T22:25:00Z,7774.0,7775.0,7774.0,7774.5,368
2026-08-10T22:30:00Z,7774.5,7774.5,7771.5,7772.25,598
2026-08-10T22:35:00Z,7772.25,7772.75,7771.25,7772.25,271
2026-08-10T22:40:00Z,7772.25,7772.75,7772.0,7772.25,246
2026-08-10T22:45:00Z,7772.25,7772.25,7772.0,7772.25,113
2026-08-10T22:50:00Z,7772.25,7773.0,7772.0,7772.5,139
2026-08-10T22:55:00Z,7772.5,7773.75,7772.25,7773.5,128
2026-08-10T23:00:00Z,7773.5,7774.0,7771.75,7772.5,673
2026-08-10T23:05:00Z,7772.5,7773.0,7772.5,7772.75,364
2026-08-10T23:10:00Z,7772.5,7773.0,7772.25,7772.75,262
2026-08-10T23:15:00Z,7772.75,7772.75,7771.25,7771.5,347
2026-08-10T23:20:00Z,7771.5,7771.75,7769.25,7770.25,890
2026-08-10T23:25:00Z,7770.5,7770.75,7769.25,7770.0,401
2026-08-10T23:30:00Z,7770.0,7770.25,7768.5,7769.75,367
2026-08-10T23:35:00Z,7770.0,7770.75,7769.75,7770.5,256
2026-08-10T23:40:00Z,7770.5,7772.0,7770.5,7771.5,218
2026-08-10T23:45:00Z,7771.5,7773.0,7770.5,7772.0,362
2026-08-10T23:50:00Z,7772.0,7772.0,7769.0,7769.5,430
2026-08-10T23:55:00Z,7769.25,7771.25,7766.5,7770.75,1077
2026-08-11T00:00:00Z,7770.75,7770.75,7767.75,7769.5,1258
2026-08-11T00:05:00Z,7769.5,7773.0,7769.0,7771.25,715
2026-08-11T00:10:00Z,7771.0,7777.0,7771.0,7776.25,1160
2026-08-11T00:15:00Z,7776.25,7776.25,7773.75,7774.75,578
2026-08-11T00:20:00Z,7775.0,7776.5,7773.25,7776.0,336
2026-08-11T00:25:00Z,7776.0,7778.25,7775.75,7778.0,471
2026-08-11T00:30:00Z,7778.0,7778.25,7776.75,7777.75,338
2026-08-11T00:35:00Z,7777.75,7779.0,7776.75,7777.25,336
2026-08-11T00:40:00Z,7777.25,7780.25,7777.25,7779.5,1130
2026-08-11T00:45:00Z,7779.75,7781.25,7779.0,7779.25,544
2026-08-11T00:50:00Z,7779.25,7780.5,7779.25,7780.0,340
2026-08-11T00:55:00Z,7780.0,7780.25,7779.25,7779.75,223
2026-08-11T01:00:00Z,7779.5,7780.5,7778.0,7779.25,827
2026-08-11T01:05:00Z,7779.25,7781.0,7778.5,7780.75,408
2026-08-11T01:10:00Z,7781.0,7785.25,7780.75,7784.75,1761
2026-08-11T01:15:00Z,7785.0,7785.25,7782.5,7783.0,710
2026-08-11T01:20:00Z,7783.25,7786.25,7783.0,7785.75,648
2026-08-11T01:25:00Z,7785.75,7785.75,7783.5,7784.75,322
2026-08-11T01:30:00Z,7784.75,7785.75,7783.75,7784.75,390
2026-08-11T01:35:00Z,7784.5,7784.75,7783.5,7784.25,313
2026-08-11T01:40:00Z,7783.75,7784.75,7783.5,7784.0,316
2026-08-11T01:45:00Z,7784.0,7786.5,7783.25,7786.0,695
2026-08-11T01:50:00Z,7786.0,7786.25,7785.0,7785.75,320
2026-08-11T01:55:00Z,7785.5,7786.0,7783.25,7783.25,497
2026-08-11T02:00:00Z,7783.0,7784.25,7782.75,7784.0,359
2026-08-11T02:05:00Z,7784.0,7784.0,7782.5,7783.0,348
2026-08-11T02:10:00Z,7783.0,7784.0,7783.0,7783.75,261
2026-08-11T02:15:00Z,7783.75,7784.75,7783.0,7783.5,267
2026-08-11T02:20:00Z,7783.75,7784.0,7783.0,7783.75,260
2026-08-11T02:25:00Z,7783.75,7785.0,7783.25,7784.75,272
2026-08-11T02:30:00Z,7784.75,7786.25,7784.75,7786.0,439
2026-08-11T02:35:00Z,7785.75,7786.0,7784.75,7785.0,247
2026-08-11T02:40:00Z,7785.25,7786.5,7785.25,7786.5,293
2026-08-11T02:45:00Z,7786.25,7786.75,7785.5,7785.75,290
2026-08-11T02:50:00Z,7785.5,7785.5,7784.5,7785.0,332
2026-08-11T02:55:00Z,7785.25,7785.25,7784.0,7784.5,242
2026-08-11T03:00:00Z,7784.25,7786.5,7784.25,7786.5,315
2026-08-11T03:05:00Z,7786.25,7786.5,7785.25,7786.25,291
2026-08-11T03:10:00Z,7786.25,7786.25,7785.5,7785.75,177
2026-08-11T03:15:00Z,7786.0,7786.5,7785.5,7786.25,222
2026-08-11T03:20:00Z,7786.0,7788.25,7785.75,7788.25,513
2026-08-11T03:25:00Z,7788.5,7789.25,7788.0,7788.5,382
2026-08-11T03:30:00Z,7788.75,7789.0,7786.75,7787.0,330
2026-08-11T03:35:00Z,7787.25,7788.5,7787.25,7788.0,220
2026-08-11T03:40:00Z,7788.0,7789.0,7787.25,7787.25,238
2026-08-11T03:45:00Z,7787.5,7787.5,7786.5,7787.25,318
2026-08-11T03:50:00Z,7787.0,7788.0,7787.0,7788.0,172
2026-08-11T03:55:00Z,7787.75,7787.75,7786.25,7787.0,193
2026-08-11T04:05:00Z,7787.0,7787.25,7787.0,7787.0,448
2026-08-11T04:10:00Z,7787.0,7788.25,7787.0,7787.75,235
2026-08-11T04:15:00Z,7788.0,7788.0,7787.25,7787.5,135
2026-08-11T04:20:00Z,7787.25,7787.25,7786.75,7787.0,174
2026-08-11T04:25:00Z,7786.75,7788.0,7786.75,7788.0,265
2026-08-11T04:30:00Z,7788.0,7789.5,7787.75,7787.75,465
2026-08-11T04:35:00Z,7787.75,7788.25,7787.25,7788.25,241
2026-08-11T04:40:00Z,7788.25,7788.25,7787.0,7787.25,178
2026-08-11T04:45:00Z,7787.25,7788.0,7787.25,7787.5,134
2026-08-11T04:50:00Z,7787.5,7787.5,7786.75,7787.0,178
2026-08-11T04:55:00Z,7787.0,7787.5,7787.0,7787.0,109
2026-08-11T05:00:00Z,7787.0,7787.5,7786.5,7787.0,216
2026-08-11T05:05:00Z,7786.75,7788.0,7786.25,7787.5,227
2026-08-11T05:10:00Z,7787.75,7788.75,7787.5,7788.75,256
2026-08-11T05:15:00Z,7788.75,7788.75,7786.5,7786.5,315
2026-08-11T05:20:00Z,7786.25,7786.25,7785.0,7785.25,363
2026-08-11T05:25:00Z,7785.25,7785.5,7784.75,7785.0,192
2026-08-11T05:30:00Z,7785.25,7785.25,7783.0,7785.25,508
2026-08-11T05:35:00Z,7785.25,7786.25,7784.75,7785.5,280
2026-08-11T05:40:00Z,7785.5,7786.0,7785.0,7785.5,108
2026-08-11T05:45:00Z,7785.25,7785.5,7781.75,7781.75,483
2026-08-11T05:50:00Z,7782.0,7782.75,7780.5,7781.25,642
2026-08-11T05:55:00Z,7780.75,7781.75,7780.5,7780.5,370
2026-08-11T06:00:00Z,7780.75,7783.5,7780.25,7783.25,523
2026-08-11T06:05:00Z,7783.0,7783.5,7782.75,7783.0,285
2026-08-11T06:10:00Z,7783.0,7784.5,7783.0,7783.5,272
2026-08-11T06:15:00Z,7783.5,7783.75,7778.75,7778.75,586
2026-08-11T06:20:00Z,7779.0,7779.25,7777.25,7777.5,884
2026-08-11T06:25:00Z,7777.75,7777.75,7775.0,7775.5,685
2026-08-11T06:30:00Z,7775.5,7777.0,7770.5,7772.5,1860
2026-08-11T06:35:00Z,7772.5,7777.75,7771.75,7777.5,1145
2026-08-11T06:40:00Z,7777.5,7778.5,7777.0,7777.0,724
2026-08-11T06:45:00Z,7777.25,7777.5,7775.25,7775.5,524
2026-08-11T06:50:00Z,7775.25,7776.0,7773.0,7773.0,595
2026-08-11T06:55:00Z,7773.25,7774.75,7773.0,7774.75,418
2026-08-11T07:00:00Z,7775.0,7777.0,7773.5,7775.25,1295
2026-08-11T07:05:00Z,7775.25,7775.25,7771.75,7773.5,1298
2026-08-11T07:10:00Z,7773.5,7775.25,7773.0,7774.25,588
2026-08-11T07:15:00Z,7774.0,7775.0,7772.25,7772.75,531
2026-08-11T07:20:00Z,7772.75,7773.0,7770.75,7771.75,806
2026-08-11T07:25:00Z,7771.75,7774.5,7771.5,7772.75,532
2026-08-11T07:30:00Z,7773.0,7776.0,7773.0,7776.0,655
2026-08-11T07:35:00Z,7776.0,7777.5,7775.75,7775.75,659
2026-08-11T07:40:00Z,7775.75,7776.75,7774.25,7776.0,737
2026-08-11T07:45:00Z,7775.75,7776.5,7774.25,7774.75,615
2026-08-11T07:50:00Z,7774.75,7776.25,7773.75,7773.75,366
2026-08-11T07:55:00Z,7773.75,7776.75,7773.5,7776.0,456
2026-08-11T08:00:00Z,7776.25,7780.5,7775.75,7777.25,1705
2026-08-11T08:05:00Z,7777.25,7777.5,7773.25,7773.5,932
2026-08-11T08:10:00Z,7773.75,7774.75,7771.0,7771.25,1023
2026-08-11T08:15:00Z,7771.5,7772.75,7770.75,7771.25,768
2026-08-11T08:20:00Z,7771.25,7773.25,7770.0,7772.75,1282
2026-08-11T08:25:00Z,7772.75,7774.75,7772.5,7772.75,787
2026-08-11T08:30:00Z,7772.75,7774.25,7771.25,7772.25,529
2026-08-11T08:35:00Z,7772.5,7773.0,7771.0,7772.75,518
2026-08-11T08:40:00Z,7772.75,7776.25,7772.5,7776.0,618
2026-08-11T08:45:00Z,7776.0,7777.5,7775.25,7776.5,1251
2026-08-11T08:50:00Z,7776.25,7776.75,7775.25,7776.25,519
2026-08-11T08:55:00Z,7776.25,7776.25,7774.25,7775.0,667
2026-08-11T09:00:00Z,7775.0,7775.5,7773.0,7774.0,1204
2026-08-11T09:05:00Z,7774.25,7776.0,7771.5,7771.5,753
2026-08-11T09:10:00Z,7771.75,7774.0,7771.75,7774.0,774
2026-08-11T09:15:00Z,7774.0,7777.75,7773.25,7777.0,707
2026-08-11T09:20:00Z,7777.0,7778.25,7775.75,7776.5,510
2026-08-11T09:25:00Z,7776.25,7777.0,7775.0,7776.75,516
2026-08-11T09:30:00Z,7776.75,7779.25,7776.5,7777.75,920
2026-08-11T09:35:00Z,7778.0,7779.0,7777.5,7778.75,588
2026-08-11T09:40:00Z,7778.75,7780.5,7778.25,7778.25,579
2026-08-11T09:45:00Z,7778.25,7779.75,7778.25,7779.0,441
2026-08-11T09:50:00Z,7778.75,7778.75,7777.5,7777.75,312
2026-08-11T09:55:00Z,7778.0,7778.75,7777.25,7778.0,343
2026-08-11T10:00:00Z,7778.0,7778.5,7776.75,7776.75,538
2026-08-11T10:05:00Z,7776.5,7777.25,7775.75,7777.25,542
2026-08-11T10:10:00Z,7777.5,7777.5,7776.0,7776.0,483
2026-08-11T10:15:00Z,7776.0,7778.0,7775.0,7778.0,477
2026-08-11T10:20:00Z,7777.75,7783.0,7777.75,7782.0,1961
2026-08-11T10:25:00Z,7782.25,7787.75,7781.5,7785.75,1809
2026-08-11T10:30:00Z,7786.0,7786.0,7782.5,7783.5,1012
2026-08-11T10:35:00Z,7783.5,7784.0,7782.5,7782.5,483
2026-08-11T10:40:00Z,7782.75,7785.0,7782.5,7784.75,457
2026-08-11T10:45:00Z,7784.5,7786.25,7784.25,7786.0,574
2026-08-11T10:50:00Z,7786.0,7786.25,7785.0,7785.0,516
2026-08-11T10:55:00Z,7785.0,7785.25,7784.25,7785.25,558
2026-08-11T11:00:00Z,7785.5,7796.0,7784.75,7794.25,8363
2026-08-11T11:05:00Z,7794.0,7795.0,7791.5,7792.5,2151
2026-08-11T11:10:00Z,7792.75,7794.75,7792.25,7793.5,1300
2026-08-11T11:15:00Z,7793.5,7794.25,7787.75,7788.0,1597
2026-08-11T11:20:00Z,7788.0,7789.0,7787.25,7787.25,1061
2026-08-11T11:25:00Z,7787.25,7789.0,7787.0,7788.25,1020
2026-08-11T11:30:00Z,7788.25,7789.25,7786.0,7787.0,982
2026-08-11T11:35:00Z,7787.0,7787.75,7785.75,7786.5,1122
2026-08-11T11:40:00Z,7786.5,7788.5,7786.25,7788.25,1440
2026-08-11T11:45:00Z,7788.25,7788.75,7787.0,7787.75,853
2026-08-11T11:50:00Z,7788.0,7790.5,7787.75,7790.25,748
2026-08-11T11:55:00Z,7790.0,7790.25,7788.25,7789.25,545
2026-08-11T12:00:00Z,7789.25,7790.25,7788.0,7789.25,840
2026-08-11T12:05:00Z,7789.25,7791.75,7789.25,7791.5,1174
2026-08-11T12:10:00Z,7791.5,7792.75,7791.0,7792.75,1328
2026-08-11T12:15:00Z,7792.75,7795.25,7792.0,7793.0,2897
2026-08-11T12:20:00Z,7793.0,7794.0,7785.25,7786.25,5542
2026-08-11T12:25:00Z,7786.5,7788.75,7786.25,7788.25,1674
2026-08-11T12:30:00Z,7788.0,7788.75,7786.5,7788.25,1595
2026-08-11T12:35:00Z,7788.0,7791.25,7787.75,7790.75,1166
2026-08-11T12:40:00Z,7790.5,7790.75,7789.0,7789.75,931
2026-08-11T12:45:00Z,7789.75,7790.0,7788.0,7788.25,1223
2026-08-11T12:50:00Z,7788.25,7788.75,7786.75,7787.75,1154
2026-08-11T12:55:00Z,7788.0,7789.0,7787.5,7787.5,882
2026-08-11T13:00:00Z,7788.0,7790.25,7787.5,7788.5,1870
2026-08-11T13:05:00Z,7788.5,7791.75,7788.5,7791.0,1505
2026-08-11T13:10:00Z,7791.0,7791.0,7787.0,7787.75,1645
2026-08-11T13:15:00Z,7787.75,7792.0,7786.25,7791.25,3287
2026-08-11T13:20:00Z,7791.0,7792.0,7790.5,7791.25,1283
2026-08-11T13:25:00Z,7791.25,7793.5,7790.0,7791.75,5728
2026-08-11T13:30:00Z,7791.75,7792.5,7778.5,7780.75,31111
2026-08-11T13:35:00Z,7780.75,7781.75,7774.75,7777.25,19746
2026-08-11T13:40:00Z,7777.5,7783.5,7777.0,7778.75,15393
2026-08-11T13:45:00Z,7778.75,7781.0,7771.75,7774.5,20649
2026-08-11T13:50:00Z,7774.25,7777.5,7771.75,7775.0,12043
2026-08-11T13:55:00Z,7775.0,7782.5,7774.0,7782.0,10837
2026-08-11T14:00:00Z,7782.25,7787.0,7780.75,7785.0,14612
2026-08-11T14:05:00Z,7784.75,7786.0,7781.25,7784.0,11177
2026-08-11T14:10:00Z,7784.0,7785.75,7781.75,7783.75,9325
2026-08-11T14:15:00Z,7784.0,7785.75,7779.75,7782.5,10108
2026-08-11T14:20:00Z,7782.5,7784.75,7779.75,7780.25,7665
2026-08-11T14:25:00Z,7780.0,7785.5,7779.25,7784.75,9039
2026-08-11T14:30:00Z,7784.75,7785.25,7780.5,7782.5,7223
2026-08-11T14:35:00Z,7782.75,7783.75,7778.0,7779.5,8888
2026-08-11T14:40:00Z,7779.5,7782.75,7778.75,7779.5,12998
2026-08-11T14:45:00Z,7779.5,7785.5,7779.5,7784.75,13332
2026-08-11T14:50:00Z,7784.75,7786.25,7780.25,7784.75,15247
2026-08-11T14:55:00Z,7784.75,7786.25,7781.25,7782.0,7569
2026-08-11T15:00:00Z,7782.0,7784.0,7779.5,7780.75,7100
2026-08-11T15:05:00Z,7780.75,7780.75,7772.75,7773.5,12697
2026-08-11T15:10:00Z,7773.5,7775.0,7771.0,7772.25,11855
2026-08-11T15:15:00Z,7772.0,7772.25,7767.5,7769.75,12048
2026-08-11T15:20:00Z,7770.0,7774.0,7769.25,7770.75,9937
2026-08-11T15:25:00Z,7770.75,7772.5,7769.5,7769.5,7536
2026-08-11T15:30:00Z,7769.75,7771.25,7763.25,7765.0,16167
2026-08-11T15:35:00Z,7765.0,7766.75,7762.25,7764.0,13230
2026-08-11T15:40:00Z,7764.0,7767.5,7763.25,7767.25,9689
2026-08-11T15:45:00Z,7766.75,7767.25,7764.25,7765.5,7559
2026-08-11T15:50:00Z,7765.25,7768.0,7763.0,7763.75,7155
2026-08-11T15:55:00Z,7763.75,7767.0,7763.25,7765.5,5740
2026-08-11T16:00:00Z,7765.5,7768.75,7765.5,7765.75,6129
2026-08-11T16:05:00Z,7765.75,7769.5,7765.0,7768.75,5883
2026-08-11T16:10:00Z,7768.5,7768.75,7764.75,7765.0,5313
2026-08-11T16:15:00Z,7765.25,7769.75,7765.0,7766.25,4672
2026-08-11T16:20:00Z,7766.0,7767.5,7761.5,7762.5,8853
2026-08-11T16:25:00Z,7762.25,7764.25,7759.25,7763.5,11143
2026-08-11T16:30:00Z,7763.25,7764.5,7760.0,7761.0,5783
2026-08-11T16:35:00Z,7760.75,7765.25,7760.5,7764.0,5274
2026-08-11T16:40:00Z,7764.0,7764.0,7760.75,7761.5,4645
2026-08-11T16:45:00Z,7761.25,7761.5,7758.0,7759.75,7780
2026-08-11T16:50:00Z,7759.5,7761.0,7758.25,7759.0,5151
2026-08-11T16:55:00Z,7759.25,7759.25,7755.75,7756.75,8527
2026-08-11T17:00:00Z,7756.75,7758.0,7753.0,7753.0,7370
2026-08-11T17:05:00Z,7753.0,7756.25,7753.0,7754.25,5308
2026-08-11T17:10:00Z,7753.75,7754.0,7748.25,7748.5,8453
2026-08-11T17:15:00Z,7748.5,7753.75,7747.75,7752.75,8206
2026-08-11T17:20:00Z,7752.75,7755.5,7751.25,7754.25,8309
2026-08-11T17:25:00Z,7754.25,7755.5,7752.0,7753.5,5949
2026-08-11T17:30:00Z,7753.75,7754.75,7752.5,7754.75,4827
2026-08-11T17:35:00Z,7754.5,7756.75,7753.0,7754.25,5917
2026-08-11T17:40:00Z,7754.0,7758.5,7753.75,7757.75,6167
2026-08-11T17:45:00Z,7758.0,7759.0,7756.5,7757.0,5479
2026-08-11T17:50:00Z,7757.25,7758.5,7756.75,7758.0,3894
2026-08-11T17:55:00Z,7758.25,7758.25,7756.25,7757.5,4535
2026-08-11T18:00:00Z,7757.75,7757.75,7754.5,7756.25,6463
2026-08-11T18:05:00Z,7756.0,7757.0,7752.0,7752.5,5413
2026-08-11T18:10:00Z,7752.5,7754.75,7752.0,7753.75,4101
2026-08-11T18:15:00Z,7753.75,7755.0,7752.0,7753.0,3766
2026-08-11T18:20:00Z,7753.0,7753.0,7748.0,7750.5,7787
2026-08-11T18:25:00Z,7750.5,7751.0,7738.0,7740.5,14937
2026-08-11T18:30:00Z,7740.5,7746.0,7740.5,7745.25,12231
2026-08-11T18:35:00Z,7745.5,7747.75,7744.75,7745.5,7203
2026-08-11T18:40:00Z,7745.5,7745.5,7742.0,7743.25,6994
2026-08-11T18:45:00Z,7743.25,7749.0,7743.25,7748.75,6675
2026-08-11T18:50:00Z,7748.75,7750.25,7747.0,7749.0,6054
2026-08-11T18:55:00Z,7749.0,7749.25,7746.0,7746.25,6537
2026-08-11T19:00:00Z,7746.0,7747.5,7744.0,7746.5,7646
2026-08-11T19:05:00Z,7746.25,7746.75,7743.75,7746.25,5342
2026-08-11T19:10:00Z,7746.25,7749.0,7745.5,7748.0,5670
2026-08-11T19:15:00Z,7748.0,7750.5,7747.0,7749.75,6008
2026-08-11T19:20:00Z,7750.0,7752.0,7749.25,7751.75,6605
2026-08-11T19:25:00Z,7751.75,7752.25,7749.75,7751.75,6779
2026-08-11T19:30:00Z,7751.75,7753.75,7751.25,7753.5,8433
2026-08-11T19:35:00Z,7753.5,7756.5,7752.5,7756.25,8397
2026-08-11T19:40:00Z,7756.5,7756.5,7752.5,7752.75,8309
2026-08-11T19:45:00Z,7752.75,7753.0,7748.5,7749.25,11439
2026-08-11T19:50:00Z,7749.25,7750.0,7743.5,7749.5,21596
2026-08-11T19:55:00Z,7749.25,7750.75,7743.25,7750.0,70770
2026-08-11T20:00:00Z,7750.0,7752.5,7746.75,7748.0,19586
2026-08-11T20:05:00Z,7748.0,7752.0,7748.0,7752.0,5054
2026-08-11T20:10:00Z,7751.75,7753.0,7750.25,7752.25,3325
2026-08-11T20:15:00Z,7752.0,7753.5,7751.5,7752.75,2177
2026-08-11T20:20:00Z,7752.75,7755.75,7752.75,7755.75,1331
2026-08-11T20:25:00Z,7755.5,7757.0,7754.75,7756.75,1350
2026-08-11T20:30:00Z,7756.75,7757.75,7756.5,7757.25,1417
2026-08-11T20:35:00Z,7757.0,7757.5,7756.25,7756.5,868
2026-08-11T20:40:00Z,7756.75,7756.75,7755.75,7756.75,964
2026-08-11T20:45:00Z,7756.5,7756.5,7754.25,7754.25,1756
2026-08-11T20:50:00Z,7754.25,7754.5,7753.0,7753.5,1725
2026-08-11T20:55:00Z,7753.5,7754.25,7752.5,7753.25,2166
2026-08-11T22:00:00Z,7756.0,7756.5,7751.5,7752.75,0
2026-08-11T22:05:00Z,7752.5,7754.0,7751.75,7753.25,436
2026-08-11T22:10:00Z,7753.0,7755.5,7751.75,7755.25,307
2026-08-11T22:15:00Z,7755.75,7755.75,7754.75,7754.75,176
2026-08-11T22:20:00Z,7755.0,7755.75,7755.0,7755.25,164
2026-08-11T22:25:00Z,7755.25,7755.25,7754.0,7754.75,174
2026-08-11T22:30:00Z,7754.25,7755.25,7752.5,7754.0,362
2026-08-11T22:35:00Z,7754.25,7755.0,7753.25,7753.25,174
2026-08-11T22:40:00Z,7753.5,7754.0,7751.75,7752.0,500
2026-08-11T22:45:00Z,7751.75,7752.75,7750.5,7752.25,638
2026-08-11T22:50:00Z,7752.25,7753.25,7751.75,7752.75,113
2026-08-11T22:55:00Z,7753.25,7753.75,7752.5,7752.75,139
2026-08-11T23:00:00Z,7753.0,7753.75,7752.25,7752.75,164
2026-08-11T23:05:00Z,7753.0,7753.25,7751.75,7753.25,101
2026-08-11T23:10:00Z,7753.0,7753.25,7752.0,7752.5,76
2026-08-11T23:15:00Z,7752.5,7753.0,7752.5,7753.0,78
2026-08-11T23:20:00Z,7753.0,7753.25,7752.75,7753.0,69
2026-08-11T23:25:00Z,7753.0,7754.25,7753.0,7754.0,121
2026-08-11T23:30:00Z,7753.75,7753.75,7752.0,7752.5,190
2026-08-11T23:35:00Z,7752.5,7752.75,7752.0,7752.25,66
2026-08-11T23:40:00Z,7752.25,7753.25,7752.25,7753.0,72
2026-08-11T23:45:00Z,7753.0,7753.0,7752.0,7752.5,159
2026-08-11T23:50:00Z,7752.75,7755.5,7752.75,7755.25,289
2026-08-11T23:55:00Z,7755.0,7755.75,7755.0,7755.25,194
2026-08-12T00:00:00Z,7755.25,7755.5,7750.0,7751.25,1536
2026-08-12T00:05:00Z,7751.5,7752.0,7749.0,7750.25,552
2026-08-12T00:10:00Z,7750.0,7752.25,7749.25,7752.25,416
2026-08-12T00:15:00Z,7752.0,7754.25,7750.25,7754.0,537
2026-08-12T00:20:00Z,7754.0,7754.75,7752.75,7754.0,312
2026-08-12T00:25:00Z,7754.25,7754.25,7751.75,7752.5,310
2026-08-12T00:30:00Z,7752.75,7753.25,7751.25,7752.75,460
2026-08-12T00:35:00Z,7752.5,7754.0,7752.0,7752.0,378
2026-08-12T00:40:00Z,7752.0,7752.75,7751.5,7752.5,262
2026-08-12T00:45:00Z,7752.5,7753.25,7751.5,7752.0,322
2026-08-12T00:50:00Z,7752.0,7752.25,7751.0,7751.25,378
2026-08-12T00:55:00Z,7751.25,7752.75,7751.25,7752.5,206
2026-08-12T01:00:00Z,7752.5,7753.5,7751.5,7753.25,371
2026-08-12T01:05:00Z,7753.5,7754.0,7751.25,7753.25,326
2026-08-12T01:10:00Z,7753.25,7753.5,7751.75,7752.25,202
2026-08-12T01:15:00Z,7752.5,7752.5,7749.75,7750.75,497
2026-08-12T01:20:00Z,7750.75,7751.25,7748.5,7749.5,482
2026-08-12T01:25:00Z,7749.5,7751.5,7749.0,7751.0,337
2026-08-12T01:30:00Z,7750.75,7750.75,7749.5,7749.5,185
2026-08-12T01:35:00Z,7749.75,7750.5,7749.25,7750.0,226
2026-08-12T01:40:00Z,7750.0,7752.5,7750.0,7752.25,892
2026-08-12T01:45:00Z,7752.25,7752.75,7751.0,7752.0,407
2026-08-12T01:50:00Z,7752.0,7752.5,7749.75,7750.75,498
2026-08-12T01:55:00Z,7750.75,7750.75,7748.75,7749.75,427
2026-08-12T02:00:00Z,7749.75,7751.5,7749.75,7750.5,380
2026-08-12T02:05:00Z,7750.5,7751.25,7750.0,7751.0,223
2026-08-12T02:10:00Z,7751.25,7751.5,7750.25,7751.5,165
2026-08-12T02:15:00Z,7751.5,7752.25,7751.0,7751.75,236
2026-08-12T02:20:00Z,7752.0,7752.25,7751.25,7751.25,195
2026-08-12T02:25:00Z,7751.25,7753.0,7751.25,7752.75,257
2026-08-12T02:30:00Z,7752.75,7754.0,7752.75,7753.5,625
2026-08-12T02:35:00Z,7753.25,7753.75,7753.25,7753.25,203
2026-08-12T02:40:00Z,7753.25,7754.5,7753.25,7753.75,520
2026-08-12T02:45:00Z,7753.75,7754.5,7753.75,7754.5,158
2026-08-12T02:50:00Z,7754.5,7755.25,7754.5,7755.0,190
2026-08-12T02:55:00Z,7755.25,7755.5,7755.0,7755.5,192
2026-08-12T03:00:00Z,7755.5,7756.5,7755.5,7755.75,436
2026-08-12T03:05:00Z,7755.5,7756.0,7755.25,7755.25,244
2026-08-12T03:10:00Z,7755.5,7756.5,7755.5,7756.25,242
2026-08-12T03:15:00Z,7756.25,7756.5,7754.5,7755.25,195
2026-08-12T03:20:00Z,7755.25,7755.75,7755.0,7755.25,167
2026-08-12T03:25:00Z,7755.0,7756.5,7755.0,7756.0,221
2026-08-12T03:30:00Z,7755.75,7756.0,7754.5,7754.75,241
2026-08-12T03:35:00Z,7754.75,7755.5,7754.0,7754.25,197
2026-08-12T03:40:00Z,7754.25,7754.5,7753.75,7754.0,222
2026-08-12T03:45:00Z,7754.25,7755.25,7754.25,7755.25,105
2026-08-12T03:50:00Z,7755.25,7755.5,7754.25,7754.5,203
2026-08-12T03:55:00Z,7754.5,7755.5,7754.5,7755.5,101
2026-08-12T04:05:00Z,7754.5,7755.0,7754.5,7755.0,427
2026-08-12T04:10:00Z,7755.0,7755.75,7754.75,7755.5,87
2026-08-12T04:15:00Z,7755.5,7755.5,7754.5,7755.0,197
2026-08-12T04:20:00Z,7755.0,7756.0,7755.0,7756.0,189
2026-08-12T04:25:00Z,7756.25,7756.5,7755.75,7756.0,284
2026-08-12T04:30:00Z,7756.25,7756.25,7754.5,7754.75,229
2026-08-12T04:35:00Z,7755.0,7755.75,7755.0,7755.5,97
2026-08-12T04:40:00Z,7755.75,7755.75,7755.0,7755.25,161
2026-08-12T04:45:00Z,7755.25,7757.75,7754.75,7757.75,250
2026-08-12T04:50:00Z,7757.5,7758.0,7757.25,7757.5,173
2026-08-12T04:55:00Z,7757.5,7757.75,7757.0,7757.25,169
2026-08-12T05:00:00Z,7757.5,7757.5,7756.5,7756.75,253
2026-08-12T05:05:00Z,7756.75,7757.0,7755.0,7755.75,222
2026-08-12T05:10:00Z,7756.0,7756.0,7755.0,7755.0,150
2026-08-12T05:15:00Z,7754.75,7755.5,7754.5,7755.0,261
2026-08-12T05:20:00Z,7754.75,7754.75,7752.75,7754.25,320
2026-08-12T05:25:00Z,7754.25,7755.5,7754.25,7755.5,174
2026-08-12T05:30:00Z,7755.5,7757.5,7755.25,7756.5,249
2026-08-12T05:35:00Z,7756.25,7756.75,7756.0,7756.5,189
2026-08-12T05:40:00Z,7756.5,7756.5,7755.5,7755.5,189
2026-08-12T05:45:00Z,7755.5,7756.5,7755.5,7756.0,142
2026-08-12T05:50:00Z,7756.0,7757.25,7755.5,7757.0,192
2026-08-12T05:55:00Z,7757.25,7757.5,7756.5,7756.75,202
2026-08-12T06:00:00Z,7756.75,7757.75,7756.75,7757.75,385
2026-08-12T06:05:00Z,7757.5,7757.75,7757.0,7757.0,285
2026-08-12T06:10:00Z,7757.0,7757.0,7754.25,7755.25,571
2026-08-12T06:15:00Z,7755.25,7756.0,7754.25,7755.75,315
2026-08-12T06:20:00Z,7755.75,7755.75,7754.25,7754.75,234
2026-08-12T06:25:00Z,7754.75,7756.5,7754.5,7756.0,284
2026-08-12T06:30:00Z,7756.0,7757.5,7755.5,7757.0,448
2026-08-12T06:35:00Z,7756.75,7758.75,7756.75,7758.25,315
2026-08-12T06:40:00Z,7758.25,7758.5,7755.75,7756.5,439
2026-08-12T06:45:00Z,7756.75,7758.25,7756.75,7758.0,488
2026-08-12T06:50:00Z,7758.0,7759.25,7758.0,7758.5,424
2026-08-12T06:55:00Z,7758.5,7759.75,7758.5,7759.75,612
2026-08-12T07:00:00Z,7759.5,7760.75,7759.0,7760.25,2021
2026-08-12T07:05:00Z,7760.25,7761.25,7759.75,7760.5,859
2026-08-12T07:10:00Z,7760.5,7761.5,7760.0,7760.0,600
2026-08-12T07:15:00Z,7760.0,7761.0,7760.0,7760.25,348
2026-08-12T07:20:00Z,7760.25,7760.25,7757.75,7758.0,944
2026-08-12T07:25:00Z,7758.25,7759.0,7757.25,7758.75,856
2026-08-12T07:30:00Z,7758.5,7759.0,7758.0,7758.75,370
2026-08-12T07:35:00Z,7758.75,7760.5,7758.75,7759.75,625
2026-08-12T07:40:00Z,7759.5,7760.5,7758.75,7760.5,373
2026-08-12T07:45:00Z,7760.25,7760.5,7758.5,7758.75,462
2026-08-12T07:50:00Z,7758.75,7759.5,7758.5,7759.0,359
2026-08-12T07:55:00Z,7758.75,7759.5,7757.0,7759.5,525
2026-08-12T08:00:00Z,7759.25,7762.75,7759.0,7761.5,1236
2026-08-12T08:05:00Z,7761.5,7762.25,7760.75,7761.0,571
2026-08-12T08:10:00Z,7761.25,7762.0,7760.75,7761.75,646
2026-08-12T08:15:00Z,7761.5,7762.5,7761.0,7762.0,514
2026-08-12T08:20:00Z,7762.0,7762.75,7761.75,7762.5,421
2026-08-12T08:25:00Z,7762.5,7762.5,7761.5,7762.0,384
2026-08-12T08:30:00Z,7761.75,7761.75,7758.25,7758.5,713
2026-08-12T08:35:00Z,7758.25,7759.75,7758.25,7759.75,380
2026-08-12T08:40:00Z,7759.75,7760.5,7759.25,7760.5,362
2026-08-12T08:45:00Z,7760.25,7762.0,7760.0,7762.0,536
2026-08-12T08:50:00Z,7762.25,7763.5,7762.25,7763.25,433
2026-08-12T08:55:00Z,7763.25,7763.5,7762.25,7762.25,456
2026-08-12T09:00:00Z,7762.5,7764.5,7762.25,7763.75,619
2026-08-12T09:05:00Z,7763.75,7764.75,7762.75,7764.25,350
2026-08-12T09:10:00Z,7764.25,7765.25,7764.25,7764.75,549
2026-08-12T09:15:00Z,7765.0,7765.5,7764.75,7765.0,327
2026-08-12T09:20:00Z,7765.0,7771.75,7764.25,7771.75,2726
2026-08-12T09:25:00Z,7771.5,7773.75,7767.75,7768.25,2655
2026-08-12T09:30:00Z,7768.25,7770.5,7768.25,7769.0,2438
2026-08-12T09:35:00Z,7769.25,7770.25,7768.5,7770.0,670
2026-08-12T09:40:00Z,7770.0,7770.25,7768.75,7769.25,513
2026-08-12T09:45:00Z,7769.25,7769.25,7767.5,7768.75,1000
2026-08-12T09:50:00Z,7768.75,7771.0,7765.0,7765.25,1609
2026-08-12T09:55:00Z,7765.25,7767.0,7765.0,7766.5,565
2026-08-12T10:00:00Z,7766.25,7768.0,7766.25,7767.75,493
2026-08-12T10:05:00Z,7767.5,7768.25,7767.0,7768.25,460
2026-08-12T10:10:00Z,7768.0,7769.75,7768.0,7769.25,486
2026-08-12T10:15:00Z,7769.25,7769.75,7768.75,7769.25,329
2026-08-12T10:20:00Z,7769.5,7770.0,7769.25,7769.75,453
2026-08-12T10:25:00Z,7769.75,7769.75,7768.25,7768.25,517
2026-08-12T10:30:00Z,7768.25,7769.5,7767.75,7769.5,614
2026-08-12T10:35:00Z,7769.5,7770.0,7768.5,7769.25,352
2026-08-12T10:40:00Z,7769.25,7770.25,7769.25,7769.5,328
2026-08-12T10:45:00Z,7769.25,7770.0,7759.25,7765.25,4028
2026-08-12T10:50:00Z,7765.0,7766.75,7762.5,7765.75,2216
2026-08-12T10:55:00Z,7765.75,7766.5,7765.25,7766.5,848
2026-08-12T11:00:00Z,7766.75,7768.0,7765.75,7767.0,1431
2026-08-12T11:05:00Z,7767.0,7769.25,7766.5,7769.0,766
2026-08-12T11:10:00Z,7769.25,7769.5,7766.75,7766.75,935
2026-08-12T11:15:00Z,7766.5,7766.75,7764.5,7765.0,711
2026-08-12T11:20:00Z,7765.25,7766.25,7765.0,7765.25,541
2026-08-12T11:25:00Z,7765.25,7766.75,7765.0,7765.75,553
2026-08-12T11:30:00Z,7766.0,7768.25,7765.75,7767.5,705
2026-08-12T11:35:00Z,7767.5,7768.5,7765.5,7768.0,710
2026-08-12T11:40:00Z,7768.0,7769.25,7767.75,7768.5,791
2026-08-12T11:45:00Z,7768.5,7769.0,7767.75,7768.25,892
2026-08-12T11:50:00Z,7768.25,7769.25,7768.0,7769.25,616
2026-08-12T11:55:00Z,7769.5,7771.5,7769.25,7770.5,1051
2026-08-12T12:00:00Z,7770.5,7772.25,7769.25,7770.75,1974
2026-08-12T12:05:00Z,7770.75,7770.75,7768.25,7768.75,1215
2026-08-12T12:10:00Z,7768.75,7770.25,7768.5,7769.5,1249
2026-08-12T12:15:00Z,7769.75,7771.5,7768.75,7770.25,1649
2026-08-12T12:20:00Z,7770.5,7772.25,7769.5,7771.5,1879
2026-08-12T12:25:00Z,7771.5,7782.25,7771.0,7781.25,4834
2026-08-12T12:30:00Z,7783.0,7788.0,7760.75,7779.0,12672
2026-08-12T12:35:00Z,7779.25,7783.0,7774.25,7782.75,5938
2026-08-12T12:40:00Z,7782.75,7787.25,7781.75,7783.0,6731
2026-08-12T12:45:00Z,7783.0,7783.5,7779.5,7781.25,4521
2026-08-12T12:50:00Z,7781.25,7784.0,7779.75,7782.75,2608
2026-08-12T12:55:00Z,7783.0,7785.0,7782.0,7785.0,2409
2026-08-12T13:00:00Z,7785.0,7786.5,7783.0,7786.0,3227
2026-08-12T13:05:00Z,7786.0,7787.5,7784.25,7784.75,2627
2026-08-12T13:10:00Z,7784.75,7786.5,7784.25,7785.75,1797
2026-08-12T13:15:00Z,7786.0,7790.5,7785.25,7790.0,3390
2026-08-12T13:20:00Z,7790.0,7792.0,7788.25,7788.75,3492
2026-08-12T13:25:00Z,7788.75,7793.75,7787.25,7791.5,6469
2026-08-12T13:30:00Z,7791.5,7794.0,7771.75,7775.0,40348
2026-08-12T13:35:00Z,7775.0,7780.5,7772.5,7773.25,22231
2026-08-12T13:40:00Z,7773.5,7775.75,7769.25,7772.75,19616
2026-08-12T13:45:00Z,7772.75,7781.25,7768.25,7780.0,22568
2026-08-12T13:50:00Z,7780.0,7780.0,7770.25,7770.75,15803
2026-08-12T13:55:00Z,7771.0,7772.5,7765.5,7770.75,14344
2026-08-12T14:00:00Z,7770.5,7772.75,7763.75,7764.0,18277
2026-08-12T14:05:00Z,7764.0,7770.0,7763.5,7768.5,10799
2026-08-12T14:10:00Z,7768.5,7772.75,7766.0,7768.25,12778
2026-08-12T14:15:00Z,7768.5,7775.0,7767.0,7769.75,12697
2026-08-12T14:20:00Z,7769.5,7775.0,7766.5,7774.0,13503
2026-08-12T14:25:00Z,7774.0,7777.75,7770.25,7772.25,12615
2026-08-12T14:30:00Z,7772.25,7774.75,7756.5,7765.25,25134
2026-08-12T14:35:00Z,7765.25,7772.5,7763.75,7772.5,12169
2026-08-12T14:40:00Z,7772.5,7775.5,7771.5,7775.25,9445
2026-08-12T14:45:00Z,7775.25,7776.75,7768.5,7771.5,9963
2026-08-12T14:50:00Z,7771.25,7771.75,7764.5,7765.0,11362
2026-08-12T14:55:00Z,7765.0,7768.0,7762.75,7766.75,11649
2026-08-12T15:00:00Z,7766.75,7767.5,7762.0,7763.25,11503
2026-08-12T15:05:00Z,7763.0,7766.75,7761.75,7765.75,10710
2026-08-12T15:10:00Z,7765.75,7768.75,7762.25,7766.25,10579
2026-08-12T15:15:00Z,7766.0,7767.75,7764.0,7765.75,7128
2026-08-12T15:20:00Z,7766.0,7766.5,7761.5,7763.5,6722
2026-08-12T15:25:00Z,7763.75,7768.25,7763.0,7768.25,7519
2026-08-12T15:30:00Z,7768.25,7769.5,7761.25,7763.5,8648
2026-08-12T15:35:00Z,7763.5,7766.75,7761.0,7761.5,7437
2026-08-12T15:40:00Z,7761.0,7764.25,7760.25,7762.5,6223
2026-08-12T15:45:00Z,7762.5,7766.5,7762.0,7766.5,5897
2026-08-12T15:50:00Z,7766.25,7766.5,7763.0,7764.25,3734
2026-08-12T15:55:00Z,7764.0,7765.5,7763.25,7764.75,6051
2026-08-12T16:00:00Z,7764.75,7769.0,7764.25,7767.0,6305
2026-08-12T16:05:00Z,7767.0,7768.25,7764.25,7768.0,4611
2026-08-12T16:10:00Z,7768.25,7770.75,7766.5,7769.75,6224
2026-08-12T16:15:00Z,7769.75,7770.75,7768.25,7768.5,6461
2026-08-12T16:20:00Z,7768.75,7770.75,7767.75,7770.25,6287
2026-08-12T16:25:00Z,7770.25,7771.25,7768.5,7769.0,4022
2026-08-12T16:30:00Z,7769.0,7769.75,7766.25,7766.25,6616
2026-08-12T16:35:00Z,7766.25,7772.25,7766.25,7772.25,5551
2026-08-12T16:40:00Z,7772.0,7773.5,7771.0,7772.0,6732
2026-08-12T16:45:00Z,7771.75,7773.25,7770.0,7772.75,5584
2026-08-12T16:50:00Z,7772.75,7776.25,7772.75,7775.0,7613
2026-08-12T16:55:00Z,7775.0,7775.0,7772.5,7773.25,5956
2026-08-12T17:00:00Z,7773.5,7775.25,7772.75,7774.75,5926
2026-08-12T17:05:00Z,7774.75,7777.5,7774.25,7774.25,5355
2026-08-12T17:10:00Z,7774.25,7775.0,7772.0,7774.75,4872
2026-08-12T17:15:00Z,7774.75,7774.75,7770.25,7772.25,5316
2026-08-12T17:20:00Z,7772.0,7773.5,7771.0,7772.25,4411
2026-08-12T17:25:00Z,7772.0,7774.75,7771.75,7772.25,4523
2026-08-12T17:30:00Z,7772.75,7774.5,7771.25,7773.5,5621
2026-08-12T17:35:00Z,7773.5,7774.0,7771.75,7773.0,3491
2026-08-12T17:40:00Z,7772.75,7774.25,7771.25,7773.25,5828
2026-08-12T17:45:00Z,7773.0,7774.25,7772.0,7772.5,3302
2026-08-12T17:50:00Z,7772.25,7774.25,7771.75,7772.0,5151
2026-08-12T17:55:00Z,7771.75,7773.5,7770.75,7772.5,3494
2026-08-12T18:00:00Z,7772.5,7774.25,7772.25,7773.5,4504
2026-08-12T18:05:00Z,7773.25,7774.25,7772.75,7773.5,3043
2026-08-12T18:10:00Z,7773.5,7776.75,7773.25,7775.5,4394
2026-08-12T18:15:00Z,7775.5,7776.0,7774.5,7776.0,4234
2026-08-12T18:20:00Z,7776.0,7777.0,7774.25,7776.75,5242
2026-08-12T18:25:00Z,7776.75,7777.5,7775.25,7775.5,4290
2026-08-12T18:30:00Z,7775.25,7779.25,7775.25,7778.25,5899
2026-08-12T18:35:00Z,7778.0,7779.75,7777.75,7778.75,4124
2026-08-12T18:40:00Z,7778.75,7781.0,7778.5,7779.5,5462
2026-08-12T18:45:00Z,7779.75,7780.25,7778.25,7780.25,4329
2026-08-12T18:50:00Z,7780.0,7781.0,7779.0,7779.25,4181
2026-08-12T18:55:00Z,7779.25,7779.25,7774.75,7775.0,8679
2026-08-12T19:00:00Z,7774.75,7777.75,7774.75,7777.25,4667
2026-08-12T19:05:00Z,7777.5,7778.75,7777.0,7777.0,4286
2026-08-12T19:10:00Z,7777.0,7777.75,7774.75,7775.75,5325
2026-08-12T19:15:00Z,7775.5,7777.0,7775.25,7776.0,4320
2026-08-12T19:20:00Z,7776.0,7776.25,7772.75,7773.5,7787
2026-08-12T19:25:00Z,7773.25,7774.75,7772.75,7774.5,4488
2026-08-12T19:30:00Z,7774.5,7775.0,7772.5,7773.5,6660
2026-08-12T19:35:00Z,7773.25,7774.75,7773.25,7773.75,4400
2026-08-12T19:40:00Z,7773.5,7774.0,7770.25,7773.5,9067
2026-08-12T19:45:00Z,7773.25,7774.75,7771.5,7773.5,7677
2026-08-12T19:50:00Z,7773.5,7774.25,7766.25,7767.0,21433
2026-08-12T19:55:00Z,7767.0,7771.75,7764.5,7769.5,49805
2026-08-12T20:00:00Z,7769.75,7775.5,7768.5,7774.5,14391
2026-08-12T20:05:00Z,7774.5,7777.75,7772.25,7773.75,7860
2026-08-12T20:10:00Z,7773.75,7774.5,7770.75,7772.25,3137
2026-08-12T20:15:00Z,7772.5,7773.5,7769.75,7769.75,2987
2026-08-12T20:20:00Z,7770.0,7770.75,7768.75,7769.5,1526
2026-08-12T20:25:00Z,7769.5,7769.5,7767.0,7768.0,1712
2026-08-12T20:30:00Z,7768.25,7769.0,7767.5,7768.5,927
2026-08-12T20:35:00Z,7768.25,7769.0,7767.25,7768.0,1271
2026-08-12T20:40:00Z,7768.0,7768.75,7768.0,7768.0,615
2026-08-12T20:45:00Z,7768.25,7768.5,7767.0,7767.25,1199
2026-08-12T20:50:00Z,7767.5,7769.0,7767.25,7767.5,955
2026-08-12T20:55:00Z,7767.5,7768.0,7766.5,7766.75,819
2026-08-12T22:00:00Z,7770.0,7771.0,7768.5,7769.0,0
2026-08-12T22:05:00Z,7769.5,7771.0,7768.75,7770.25,375
2026-08-12T22:10:00Z,7770.25,7770.5,7768.0,7769.25,336
2026-08-12T22:15:00Z,7769.0,7769.75,7768.25,7768.5,264
2026-08-12T22:20:00Z,7768.5,7769.5,7768.0,7769.25,420
2026-08-12T22:25:00Z,7769.5,7769.75,7767.75,7769.0,260
2026-08-12T22:30:00Z,7768.5,7768.75,7767.0,7767.25,284
2026-08-12T22:35:00Z,7767.25,7768.0,7766.5,7767.75,195
2026-08-12T22:40:00Z,7767.75,7768.75,7767.75,7768.0,162
2026-08-12T22:45:00Z,7768.0,7769.25,7768.0,7768.25,149
2026-08-12T22:50:00Z,7768.25,7769.0,7768.25,7769.0,56
2026-08-12T22:55:00Z,7768.75,7768.75,7768.5,7768.75,95
2026-08-12T23:00:00Z,7768.5,7770.25,7768.5,7769.75,216
2026-08-12T23:05:00Z,7769.75,7770.75,7769.75,7770.25,197
2026-08-12T23:10:00Z,7770.5,7771.25,7770.5,7771.0,228
2026-08-12T23:15:00Z,7771.25,7771.25,7770.5,7771.25,119
2026-08-12T23:20:00Z,7771.25,7771.75,7771.0,7771.0,119
2026-08-12T23:25:00Z,7771.0,7771.25,7770.25,7770.75,217
2026-08-12T23:30:00Z,7770.75,7771.0,7769.25,7770.0,264
2026-08-12T23:35:00Z,7770.0,7771.5,7769.75,7771.5,141
2026-08-12T23:40:00Z,7771.25,7771.5,7770.0,7770.75,185
2026-08-12T23:45:00Z,7771.0,7771.0,7767.5,7768.0,447
2026-08-12T23:50:00Z,7767.75,7769.25,7767.75,7769.25,172
2026-08-12T23:55:00Z,7769.0,7769.25,7767.75,7768.25,252
2026-08-13T00:00:00Z,7768.25,7772.75,7767.5,7771.25,1014
2026-08-13T00:05:00Z,7771.25,7773.5,7770.75,7772.0,707
2026-08-13T00:10:00Z,7772.0,7772.75,7770.25,7770.25,480
2026-08-13T00:15:00Z,7770.5,7771.5,7769.5,7771.5,510
2026-08-13T00:20:00Z,7771.5,7772.75,7770.25,7772.25,385
2026-08-13T00:25:00Z,7772.25,7772.5,7768.75,7769.0,516
2026-08-13T00:30:00Z,7769.0,7770.5,7767.75,7769.25,658
2026-08-13T00:35:00Z,7769.0,7769.5,7767.75,7768.75,402
2026-08-13T00:40:00Z,7768.75,7769.75,7768.0,7769.5,342
2026-08-13T00:45:00Z,7769.5,7770.25,7768.75,7770.25,230
2026-08-13T00:50:00Z,7770.25,7770.5,7768.5,7768.75,288
2026-08-13T00:55:00Z,7769.0,7770.5,7768.0,7770.5,306
2026-08-13T01:00:00Z,7770.25,7770.75,7767.25,7768.5,625
2026-08-13T01:05:00Z,7768.5,7769.0,7768.0,7769.0,361
2026-08-13T01:10:00Z,7768.75,7769.25,7766.0,7766.25,605
2026-08-13T01:15:00Z,7766.25,7767.0,7765.25,7766.5,455
2026-08-13T01:20:00Z,7766.5,7766.5,7765.25,7766.25,251
2026-08-13T01:25:00Z,7766.25,7766.25,7764.25,7765.25,502
2026-08-13T01:30:00Z,7765.25,7767.75,7765.25,7767.25,473
2026-08-13T01:35:00Z,7767.5,7768.0,7767.0,7767.5,277
2026-08-13T01:40:00Z,7767.25,7767.5,7766.5,7767.0,229
2026-08-13T01:45:00Z,7767.0,7767.75,7766.5,7767.0,292
2026-08-13T01:50:00Z,7767.0,7770.5,7767.0,7770.25,565
2026-08-13T01:55:00Z,7770.25,7771.25,7769.75,7770.0,329
2026-08-13T02:00:00Z,7770.25,7771.75,7770.0,7770.75,386
2026-08-13T02:05:00Z,7771.0,7772.0,7770.75,7771.5,236
2026-08-13T02:10:00Z,7771.5,7772.0,7771.25,7771.75,207
2026-08-13T02:15:00Z,7771.75,7772.5,7771.5,7772.25,251
2026-08-13T02:20:00Z,7772.0,7773.0,7771.25,7772.0,341
2026-08-13T02:25:00Z,7772.0,7772.5,7770.5,7771.0,261
2026-08-13T02:30:00Z,7770.75,7770.75,7768.0,7768.25,537
2026-08-13T02:35:00Z,7768.25,7770.25,7768.25,7770.0,281
2026-08-13T02:40:00Z,7770.25,7774.5,7770.25,7773.25,620
2026-08-13T02:45:00Z,7773.25,7773.5,7772.75,7773.25,255
2026-08-13T02:50:00Z,7773.25,7773.5,7772.5,7773.0,160
2026-08-13T02:55:00Z,7773.0,7773.25,7772.75,7773.0,160
2026-08-13T03:00:00Z,7772.75,7772.75,7772.0,7772.25,357
2026-08-13T03:05:00Z,7772.5,7772.75,7772.25,7772.25,272
2026-08-13T03:10:00Z,7772.5,7773.25,7772.0,7773.25,332
2026-08-13T03:15:00Z,7773.0,7773.75,7773.0,7773.5,267
2026-08-13T03:20:00Z,7773.5,7773.75,7772.75,7773.25,278
2026-08-13T03:25:00Z,7773.25,7774.0,7773.25,7773.5,238
2026-08-13T03:30:00Z,7773.5,7773.75,7772.5,7773.0,153
2026-08-13T03:35:00Z,7773.0,7774.25,7772.75,7774.0,252
2026-08-13T03:40:00Z,7773.75,7774.75,7773.25,7774.5,264
2026-08-13T03:45:00Z,7774.5,7775.25,7774.25,7774.75,287
2026-08-13T03:50:00Z,7774.75,7775.5,7774.75,7775.25,155
2026-08-13T03:55:00Z,7775.0,7775.25,7774.75,7775.0,165
2026-08-13T04:05:00Z,7775.75,7776.25,7775.75,7776.25,569
2026-08-13T04:10:00Z,7776.5,7777.25,7773.5,7773.75,461
2026-08-13T04:15:00Z,7773.5,7774.0,7773.25,7773.75,204
2026-08-13T04:20:00Z,7773.5,7773.75,7772.0,7773.75,503
2026-08-13T04:25:00Z,7773.75,7775.25,7773.75,7774.75,244
2026-08-13T04:30:00Z,7774.5,7775.75,7774.5,7775.75,145
2026-08-13T04:35:00Z,7775.5,7776.25,7775.0,7775.0,146
2026-08-13T04:40:00Z,7775.0,7775.5,7774.5,7775.0,166
2026-08-13T04:45:00Z,7775.0,7777.25,7774.5,7776.75,330
2026-08-13T04:50:00Z,7777.0,7777.5,7776.75,7776.75,197
2026-08-13T04:55:00Z,7776.75,7777.0,7775.5,7775.75,262
2026-08-13T05:00:00Z,7775.75,7778.5,7775.0,7777.25,478
2026-08-13T05:05:00Z,7777.25,7778.0,7777.0,7778.0,239
2026-08-13T05:10:00Z,7778.0,7779.75,7777.75,7779.5,377
2026-08-13T05:15:00Z,7779.5,7780.0,7779.25,7779.25,220
2026-08-13T05:20:00Z,7778.5,7778.75,7778.5,7778.75,342
2026-08-13T05:25:00Z,7778.75,7780.0,7778.5,7779.5,441
2026-08-13T05:30:00Z,7779.75,7780.5,7778.25,7779.5,809
2026-08-13T05:35:00Z,7779.75,7779.75,7778.25,7779.0,345
2026-08-13T05:40:00Z,7779.0,7779.5,7778.25,7778.5,291
2026-08-13T05:45:00Z,7778.5,7778.75,7778.0,7778.5,215
2026-08-13T05:50:00Z,7778.5,7778.75,7777.5,7777.75,248
2026-08-13T05:55:00Z,7777.75,7778.25,7776.25,7776.25,451
2026-08-13T06:00:00Z,7776.5,7777.0,7775.75,7777.0,528
2026-08-13T06:05:00Z,7776.75,7778.0,7776.5,7778.0,343
2026-08-13T06:10:00Z,7778.0,7778.75,7777.75,7778.25,241
2026-08-13T06:15:00Z,7778.25,7779.5,7777.75,7779.0,295
2026-08-13T06:20:00Z,7778.75,7779.75,7778.25,7779.5,409
2026-08-13T06:25:00Z,7779.5,7779.5,7777.75,7778.25,482
2026-08-13T06:30:00Z,7778.5,7779.0,7777.0,7777.75,366
2026-08-13T06:35:00Z,7777.5,7778.0,7776.25,7776.5,261
2026-08-13T06:40:00Z,7776.5,7776.5,7774.5,7775.0,474
2026-08-13T06:45:00Z,7775.0,7775.0,7773.75,7774.5,167
2026-08-13T06:50:00Z,7774.5,7776.25,7774.25,7776.0,361
2026-08-13T06:55:00Z,7775.75,7778.25,7775.75,7777.75,374
2026-08-13T07:00:00Z,7778.0,7778.75,7774.0,7774.5,957
2026-08-13T07:05:00Z,7774.75,7775.25,7774.25,7775.0,778
2026-08-13T07:10:00Z,7775.0,7775.25,7774.25,7775.0,418
2026-08-13T07:15:00Z,7775.0,7775.5,7774.0,7775.0,378
2026-08-13T07:20:00Z,7775.25,7777.25,7775.0,7777.0,310
2026-08-13T07:25:00Z,7776.75,7777.75,7776.0,7777.5,428
2026-08-13T07:30:00Z,7777.5,7778.25,7776.75,7777.5,390
2026-08-13T07:35:00Z,7777.25,7778.5,7776.75,7778.25,352
2026-08-13T07:40:00Z,7778.25,7779.5,7777.75,7779.5,525
2026-08-13T07:45:00Z,7779.5,7779.75,7778.25,7779.5,571
2026-08-13T07:50:00Z,7779.5,7780.0,7778.75,7778.75,490
2026-08-13T07:55:00Z,7778.75,7779.5,7777.5,7777.75,373
2026-08-13T08:00:00Z,7778.0,7778.5,7775.25,7775.75,1520
2026-08-13T08:05:00Z,7776.0,7780.25,7775.75,7779.0,893
2026-08-13T08:10:00Z,7779.0,7779.75,7777.5,7779.5,603
2026-08-13T08:15:00Z,7779.75,7780.0,7777.25,7778.75,544
2026-08-13T08:20:00Z,7779.0,7781.5,7778.0,7780.75,828
2026-08-13T08:25:00Z,7781.0,7782.0,7781.0,7781.5,409
2026-08-13T08:30:00Z,7781.5,7781.75,7780.5,7781.5,484
2026-08-13T08:35:00Z,7781.5,7781.5,7780.25,7781.25,274
2026-08-13T08:40:00Z,7781.0,7782.25,7780.75,7781.75,277
2026-08-13T08:45:00Z,7781.5,7781.75,7780.75,7781.0,363
2026-08-13T08:50:00Z,7781.25,7783.0,7781.0,7781.0,683
2026-08-13T08:55:00Z,7781.0,7782.0,7781.0,7781.5,237
2026-08-13T09:00:00Z,7781.5,7782.25,7780.25,7780.75,399
2026-08-13T09:05:00Z,7780.75,7781.25,7779.5,7780.0,542
2026-08-13T09:10:00Z,7780.25,7781.25,7779.5,7779.5,501
2026-08-13T09:15:00Z,7779.25,7780.75,7778.0,7780.75,449
2026-08-13T09:20:00Z,7780.75,7781.5,7780.25,7781.5,290
2026-08-13T09:25:00Z,7781.75,7781.75,7780.0,7780.5,318
2026-08-13T09:30:00Z,7780.25,7783.0,7780.25,7782.5,481
2026-08-13T09:35:00Z,7782.75,7782.75,7781.75,7782.0,318
2026-08-13T09:40:00Z,7782.25,7783.75,7782.0,7783.5,656
2026-08-13T09:45:00Z,7783.25,7784.0,7782.5,7783.0,399
2026-08-13T09:50:00Z,7783.5,7784.5,7783.25,7784.25,335
2026-08-13T09:55:00Z,7784.25,7784.75,7784.25,7784.25,371
2026-08-13T10:00:00Z,7784.25,7784.5,7783.0,7783.0,672
2026-08-13T10:05:00Z,7783.25,7784.0,7783.25,7783.25,278
2026-08-13T10:10:00Z,7783.5,7783.75,7783.25,7783.5,302
2026-08-13T10:15:00Z,7783.5,7784.75,7783.5,7784.25,345
2026-08-13T10:20:00Z,7784.25,7784.75,7783.75,7784.0,458
2026-08-13T10:25:00Z,7783.75,7784.75,7783.0,7783.5,452
2026-08-13T10:30:00Z,7783.75,7784.5,7783.5,7783.75,323
2026-08-13T10:35:00Z,7783.75,7784.5,7783.5,7784.0,367
2026-08-13T10:40:00Z,7784.0,7784.75,7784.0,7784.5,295
2026-08-13T10:45:00Z,7784.5,7785.5,7784.0,7785.25,354
2026-08-13T10:50:00Z,7785.5,7785.5,7784.5,7785.5,207
2026-08-13T10:55:00Z,7785.25,7785.25,7784.25,7784.75,339
2026-08-13T11:00:00Z,7785.0,7785.75,7784.25,7784.5,695
2026-08-13T11:05:00Z,7784.5,7785.25,7783.75,7784.5,307
2026-08-13T11:10:00Z,7784.5,7785.25,7784.25,7784.75,319
2026-08-13T11:15:00Z,7784.75,7785.0,7783.0,7783.0,636
2026-08-13T11:20:00Z,7783.0,7784.0,7783.0,7783.75,403
2026-08-13T11:25:00Z,7783.75,7784.0,7782.75,7783.75,439
2026-08-13T11:30:00Z,7783.75,7785.75,7783.5,7785.75,715
2026-08-13T11:35:00Z,7786.0,7787.5,7785.25,7787.25,660
2026-08-13T11:40:00Z,7787.5,7788.5,7786.25,7788.5,1054
2026-08-13T11:45:00Z,7788.5,7789.0,7786.5,7786.75,872
2026-08-13T11:50:00Z,7786.5,7787.0,7785.0,7786.75,796
2026-08-13T11:55:00Z,7786.5,7786.75,7783.75,7784.0,764
2026-08-13T12:00:00Z,7784.0,7784.5,7781.5,7782.0,1475
2026-08-13T12:05:00Z,7781.75,7784.0,7781.75,7783.25,1166
2026-08-13T12:10:00Z,7783.0,7784.0,7780.75,7782.5,1380
2026-08-13T12:15:00Z,7782.5,7782.5,7778.5,7779.0,875
2026-08-13T12:20:00Z,7779.25,7780.0,7779.0,7779.75,814
2026-08-13T12:25:00Z,7779.75,7783.5,7779.25,7783.5,1164
2026-08-13T12:30:00Z,7783.0,7790.25,7778.0,7782.0,5162
2026-08-13T12:35:00Z,7782.0,7785.25,7781.5,7784.75,2384
2026-08-13T12:40:00Z,7784.75,7786.75,7782.25,7784.25,3694
2026-08-13T12:45:00Z,7784.0,7786.5,7783.75,7785.0,1769
2026-08-13T12:50:00Z,7785.0,7787.5,7784.75,7787.0,1252
2026-08-13T12:55:00Z,7787.0,7788.5,7787.0,7788.25,1841
2026-08-13T13:00:00Z,7788.25,7790.0,7788.0,7789.75,3645
2026-08-13T13:05:00Z,7789.75,7791.75,7789.5,7791.0,3771
2026-08-13T13:10:00Z,7791.0,7791.75,7790.0,7790.75,1627
2026-08-13T13:15:00Z,7790.75,7792.75,7790.0,7792.0,2932
2026-08-13T13:20:00Z,7792.0,7793.25,7791.0,7791.0,1905
2026-08-13T13:25:00Z,7791.0,7793.5,7790.5,7793.0,3910
2026-08-13T13:30:00Z,7793.25,7799.5,7785.5,7798.25,30418
2026-08-13T13:35:00Z,7798.25,7809.25,7798.0,7809.0,22756
2026-08-13T13:40:00Z,7809.0,7809.0,7800.0,7801.5,17024
2026-08-13T13:45:00Z,7801.5,7814.25,7800.5,7812.75,20928
2026-08-13T13:50:00Z,7813.0,7816.25,7810.75,7816.0,16060
2026-08-13T13:55:00Z,7816.0,7821.5,7813.5,7820.75,17143
2026-08-13T14:00:00Z,7820.75,7827.5,7819.75,7827.0,23799
2026-08-13T14:05:00Z,7827.0,7828.75,7823.75,7826.0,16721
2026-08-13T14:10:00Z,7826.0,7830.25,7825.75,7829.5,13447
2026-08-13T14:15:00Z,7829.75,7831.25,7824.5,7829.75,18832
2026-08-13T14:20:00Z,7830.0,7836.75,7828.25,7834.75,15984
2026-08-13T14:25:00Z,7835.0,7837.0,7833.5,7836.5,12268
2026-08-13T14:30:00Z,7836.5,7838.25,7834.25,7836.75,13127
2026-08-13T14:35:00Z,7836.75,7838.5,7832.5,7835.25,11163
2026-08-13T14:40:00Z,7835.0,7835.75,7830.25,7830.25,13439
2026-08-13T14:45:00Z,7830.25,7830.5,7819.5,7821.0,20962
2026-08-13T14:50:00Z,7821.0,7823.75,7820.0,7823.0,15527
2026-08-13T14:55:00Z,7822.75,7824.25,7818.0,7822.0,14856
2026-08-13T15:00:00Z,7822.0,7826.75,7817.5,7818.0,20999
2026-08-13T15:05:00Z,7818.25,7820.5,7813.75,7816.75,17441
2026-08-13T15:10:00Z,7816.75,7818.0,7814.5,7815.5,13589
2026-08-13T15:15:00Z,7815.5,7816.75,7811.25,7816.25,11979
2026-08-13T15:20:00Z,7816.0,7817.0,7812.5,7813.25,11209
2026-08-13T15:25:00Z,7813.25,7813.5,7803.5,7805.75,23375
2026-08-13T15:30:00Z,7806.0,7807.5,7801.25,7801.5,18846
2026-08-13T15:35:00Z,7801.5,7805.75,7800.0,7803.5,14828
2026-08-13T15:40:00Z,7803.5,7808.0,7801.0,7803.75,13682
2026-08-13T15:45:00Z,7803.5,7805.5,7801.0,7803.0,9017
2026-08-13T15:50:00Z,7803.0,7803.5,7799.25,7800.75,9723
2026-08-13T15:55:00Z,7800.5,7803.75,7797.75,7798.75,10248
2026-08-13T16:00:00Z,7799.0,7804.75,7798.5,7803.0,9111
2026-08-13T16:05:00Z,7803.25,7807.0,7802.75,7803.75,7632
2026-08-13T16:10:00Z,7803.5,7805.25,7800.75,7801.0,7253
2026-08-13T16:15:00Z,7801.0,7803.0,7800.0,7802.5,6723
2026-08-13T16:20:00Z,7802.5,7805.0,7801.5,7804.5,5335
2026-08-13T16:25:00Z,7804.75,7809.5,7804.25,7809.5,7482
2026-08-13T16:30:00Z,7809.5,7811.25,7808.0,7810.75,7968
2026-08-13T16:35:00Z,7810.5,7811.25,7806.0,7807.0,6263
2026-08-13T16:40:00Z,7807.0,7809.25,7806.0,7808.25,4946
2026-08-13T16:45:00Z,7808.5,7811.0,7808.25,7810.0,4386
2026-08-13T16:50:00Z,7810.0,7812.25,7810.0,7811.0,7124
2026-08-13T16:55:00Z,7811.0,7811.75,7810.0,7811.5,4177
2026-08-13T17:00:00Z,7811.5,7814.75,7811.5,7814.0,6486
2026-08-13T17:05:00Z,7814.25,7818.25,7813.5,7816.75,7225
2026-08-13T17:10:00Z,7816.75,7817.5,7815.0,7816.0,4460
2026-08-13T17:15:00Z,7816.0,7818.5,7816.0,7818.5,6381
2026-08-13T17:20:00Z,7818.5,7819.25,7816.0,7817.0,6642
2026-08-13T17:25:00Z,7817.25,7817.5,7815.0,7815.25,5253
2026-08-13T17:30:00Z,7815.25,7816.75,7812.5,7813.5,6933
2026-08-13T17:35:00Z,7813.5,7813.75,7811.0,7812.5,7138
2026-08-13T17:40:00Z,7812.25,7813.5,7810.5,7810.5,6015
2026-08-13T17:45:00Z,7810.5,7813.5,7810.5,7812.5,5082
2026-08-13T17:50:00Z,7812.75,7813.75,7811.75,7812.0,5169
2026-08-13T17:55:00Z,7812.0,7813.75,7810.75,7811.75,4329
2026-08-13T18:00:00Z,7811.75,7813.75,7811.75,7813.5,5749
2026-08-13T18:05:00Z,7813.75,7815.0,7812.25,7812.5,5037
2026-08-13T18:10:00Z,7812.5,7815.75,7811.0,7815.25,5574
2026-08-13T18:15:00Z,7815.5,7816.25,7813.25,7813.75,5442
2026-08-13T18:20:00Z,7813.75,7814.25,7811.0,7811.5,6554
2026-08-13T18:25:00Z,7811.75,7814.75,7811.5,7814.5,4490
2026-08-13T18:30:00Z,7814.5,7817.0,7814.5,7816.75,5641
2026-08-13T18:35:00Z,7816.75,7818.5,7816.25,7818.25,7320
2026-08-13T18:40:00Z,7818.5,7821.5,7818.0,7820.5,8603
2026-08-13T18:45:00Z,7820.5,7822.0,7820.25,7822.0,6387
2026-08-13T18:50:00Z,7822.0,7823.75,7820.5,7823.0,10550
2026-08-13T18:55:00Z,7823.25,7823.75,7821.25,7822.0,5896
2026-08-13T19:00:00Z,7822.0,7824.0,7821.75,7823.5,7727
2026-08-13T19:05:00Z,7823.25,7828.75,7822.5,7828.25,12227
2026-08-13T19:10:00Z,7828.25,7828.25,7822.75,7824.0,10222
2026-08-13T19:15:00Z,7824.0,7826.25,7822.5,7826.0,8644
2026-08-13T19:20:00Z,7826.25,7828.25,7826.0,7827.75,6879
2026-08-13T19:25:00Z,7827.75,7828.5,7824.5,7825.0,8822
2026-08-13T19:30:00Z,7825.0,7827.25,7824.25,7825.25,9992
2026-08-13T19:35:00Z,7825.25,7825.5,7822.0,7824.5,8185
2026-08-13T19:40:00Z,7824.5,7825.25,7821.75,7821.75,7287
2026-08-13T19:45:00Z,7821.75,7823.0,7820.75,7822.25,9746
2026-08-13T19:50:00Z,7822.0,7822.25,7818.0,7820.25,22378
2026-08-13T19:55:00Z,7820.5,7824.75,7818.5,7823.25,59880
2026-08-13T20:00:00Z,7823.25,7825.25,7818.5,7824.25,23105
2026-08-13T20:05:00Z,7824.0,7825.0,7822.0,7822.75,3907
2026-08-13T20:10:00Z,7822.5,7823.25,7821.5,7822.5,2790
2026-08-13T20:15:00Z,7822.25,7823.0,7820.0,7821.25,3310
2026-08-13T20:20:00Z,7821.25,7821.25,7820.0,7820.75,1162
2026-08-13T20:25:00Z,7820.5,7821.75,7819.75,7820.5,1671
2026-08-13T20:30:00Z,7820.5,7823.0,7820.25,7822.0,1763
2026-08-13T20:35:00Z,7822.0,7823.5,7821.5,7823.25,951
2026-08-13T20:40:00Z,7823.25,7823.75,7823.0,7823.5,802
2026-08-13T20:45:00Z,7823.75,7824.5,7823.5,7823.75,816
2026-08-13T20:50:00Z,7824.0,7825.25,7823.75,7825.0,730
2026-08-13T20:55:00Z,7825.25,7825.5,7824.75,7825.25,1652
2026-08-13T22:00:00Z,7825.5,7827.0,7823.75,7826.0,0
2026-08-13T22:05:00Z,7826.0,7827.0,7824.75,7825.75,542
2026-08-13T22:10:00Z,7825.5,7825.75,7824.0,7824.0,414
2026-08-13T22:15:00Z,7824.0,7826.0,7823.5,7826.0,406
2026-08-13T22:20:00Z,7826.0,7826.0,7822.75,7824.5,1051
2026-08-13T22:25:00Z,7824.5,7824.75,7824.25,7824.25,166
2026-08-13T22:30:00Z,7824.5,7824.75,7824.25,7824.5,187
2026-08-13T22:35:00Z,7824.5,7824.75,7824.0,7824.25,155
2026-08-13T22:40:00Z,7824.25,7824.75,7824.0,7824.75,151
2026-08-13T22:45:00Z,7824.5,7824.75,7823.25,7824.0,280
2026-08-13T22:50:00Z,7824.25,7824.5,7823.75,7824.0,128
2026-08-13T22:55:00Z,7824.0,7824.0,7823.75,7824.0,103
2026-08-13T23:00:00Z,7824.0,7824.5,7823.75,7824.25,136
2026-08-13T23:05:00Z,7824.25,7826.25,7824.25,7826.25,237
2026-08-13T23:10:00Z,7826.25,7827.5,7826.25,7827.25,222
2026-08-13T23:15:00Z,7827.5,7827.5,7826.0,7827.0,248
2026-08-13T23:20:00Z,7827.0,7827.25,7825.0,7825.5,264
2026-08-13T23:25:00Z,7825.5,7826.25,7825.5,7825.75,114
2026-08-13T23:30:00Z,7825.75,7826.5,7825.0,7826.5,188
2026-08-13T23:35:00Z,7826.5,7826.75,7825.5,7825.75,113
2026-08-13T23:40:00Z,7825.75,7826.75,7825.25,7826.0,278
2026-08-13T23:45:00Z,7826.0,7826.75,7825.25,7826.0,419
2026-08-13T23:50:00Z,7826.25,7826.5,7825.5,7825.5,194
2026-08-13T23:55:00Z,7825.75,7826.0,7825.0,7825.75,268
2026-08-14T00:00:00Z,7825.75,7828.75,7825.75,7827.75,1027
2026-08-14T00:05:00Z,7828.0,7828.25,7825.75,7826.75,588
2026-08-14T00:10:00Z,7826.75,7827.0,7825.0,7825.5,413
2026-08-14T00:15:00Z,7825.75,7826.25,7824.25,7824.75,633
2026-08-14T00:20:00Z,7825.0,7825.25,7824.25,7824.5,419
2026-08-14T00:25:00Z,7824.75,7825.0,7824.0,7824.25,385
2026-08-14T00:30:00Z,7824.0,7824.75,7823.75,7824.25,430
2026-08-14T00:35:00Z,7824.5,7825.0,7824.0,7824.75,260
2026-08-14T00:40:00Z,7824.75,7825.0,7823.5,7823.75,408
2026-08-14T00:45:00Z,7823.75,7824.25,7823.25,7823.25,407
2026-08-14T00:50:00Z,7823.5,7824.25,7823.0,7824.0,476
2026-08-14T00:55:00Z,7824.25,7824.5,7823.75,7824.25,324
2026-08-14T01:00:00Z,7824.0,7824.25,7820.5,7821.0,919
2026-08-14T01:05:00Z,7821.25,7822.75,7821.0,7822.5,539
2026-08-14T01:10:00Z,7822.5,7822.5,7820.25,7820.5,531
2026-08-14T01:15:00Z,7820.5,7821.5,7820.25,7821.0,514
2026-08-14T01:20:00Z,7821.25,7822.5,7820.25,7822.0,568
2026-08-14T01:25:00Z,7822.0,7822.5,7821.75,7822.25,687
2026-08-14T01:30:00Z,7822.5,7822.75,7821.75,7822.75,418
2026-08-14T01:35:00Z,7822.75,7824.25,7822.25,7823.75,470
2026-08-14T01:40:00Z,7824.0,7824.25,7823.25,7823.75,367
2026-08-14T01:45:00Z,7823.75,7825.0,7823.75,7824.75,290
2026-08-14T01:50:00Z,7824.75,7824.75,7823.0,7823.0,397
2026-08-14T01:55:00Z,7823.25,7823.75,7823.0,7823.5,316
2026-08-14T02:00:00Z,7823.5,7825.25,7823.5,7825.0,493
2026-08-14T02:05:00Z,7825.0,7825.5,7824.0,7824.75,362
2026-08-14T02:10:00Z,7824.75,7826.25,7824.75,7826.0,566
2026-08-14T02:15:00Z,7826.0,7826.5,7825.0,7825.0,321
2026-08-14T02:20:00Z,7825.0,7826.5,7825.0,7826.0,245
2026-08-14T02:25:00Z,7825.75,7826.25,7825.5,7826.25,320
2026-08-14T02:30:00Z,7826.0,7827.0,7826.0,7826.75,290
2026-08-14T02:35:00Z,7826.5,7826.75,7826.25,7826.25,243
2026-08-14T02:40:00Z,7826.25,7826.25,7826.0,7826.25,291
2026-08-14T02:45:00Z,7826.5,7827.0,7825.5,7825.5,376
2026-08-14T02:50:00Z,7825.75,7825.75,7825.0,7825.25,240
2026-08-14T02:55:00Z,7825.25,7825.25,7824.25,7825.0,339
2026-08-14T03:00:00Z,7825.0,7825.5,7824.5,7825.0,307
2026-08-14T03:05:00Z,7825.0,7825.75,7825.0,7825.5,196
2026-08-14T03:10:00Z,7825.75,7826.0,7825.5,7826.0,263
2026-08-14T03:15:00Z,7825.75,7826.5,7825.75,7826.5,189
2026-08-14T03:20:00Z,7826.75,7827.5,7826.5,7827.5,214
2026-08-14T03:25:00Z,7827.5,7827.75,7827.25,7827.25,210
2026-08-14T03:30:00Z,7827.5,7827.5,7826.5,7827.0,289
2026-08-14T03:35:00Z,7825.5,7825.75,7825.5,7825.5,335
2026-08-14T03:40:00Z,7825.75,7826.0,7825.0,7825.25,232
2026-08-14T03:45:00Z,7825.25,7825.75,7824.75,7824.75,303
2026-08-14T03:50:00Z,7825.0,7825.5,7824.75,7825.0,232
2026-08-14T03:55:00Z,7824.75,7825.0,7824.25,7824.25,163
2026-08-14T04:05:00Z,7825.25,7825.25,7824.75,7824.75,735
2026-08-14T04:10:00Z,7825.0,7825.5,7824.5,7825.25,171
2026-08-14T04:15:00Z,7825.0,7825.5,7824.75,7825.0,303
2026-08-14T04:20:00Z,7824.75,7825.0,7824.25,7824.5,168
2026-08-14T04:25:00Z,7824.5,7825.5,7824.25,7824.5,287
2026-08-14T04:30:00Z,7824.5,7825.0,7823.25,7823.25,251
2026-08-14T04:35:00Z,7823.25,7824.25,7822.5,7824.0,594
2026-08-14T04:40:00Z,7824.0,7825.0,7823.75,7823.75,357
2026-08-14T04:45:00Z,7823.75,7824.0,7823.0,7823.5,368
2026-08-14T04:50:00Z,7823.25,7823.5,7823.0,7823.25,167
2026-08-14T04:55:00Z,7823.25,7823.5,7823.0,7823.0,152
2026-08-14T05:00:00Z,7823.25,7823.75,7822.25,7822.5,363
2026-08-14T05:05:00Z,7822.5,7822.75,7821.5,7822.0,388
2026-08-14T05:10:00Z,7822.0,7823.25,7821.5,7823.0,406
2026-08-14T05:15:00Z,7823.25,7823.25,7822.25,7822.5,267
2026-08-14T05:20:00Z,7822.5,7823.25,7822.25,7823.0,208
2026-08-14T05:25:00Z,7823.0,7823.75,7822.75,7823.75,274
2026-08-14T05:30:00Z,7823.5,7823.75,7822.5,7823.5,232
2026-08-14T05:35:00Z,7823.75,7824.5,7823.5,7824.0,318
2026-08-14T05:40:00Z,7823.5,7824.25,7823.25,7824.25,300
2026-08-14T05:45:00Z,7824.5,7825.25,7824.0,7825.0,303
2026-08-14T05:50:00Z,7825.0,7825.75,7824.75,7825.5,295
2026-08-14T05:55:00Z,7825.75,7826.0,7824.5,7824.75,362
2026-08-14T06:00:00Z,7824.75,7824.75,7822.0,7822.25,528
2026-08-14T06:05:00Z,7822.5,7823.25,7821.5,7822.0,339
2026-08-14T06:10:00Z,7822.0,7822.0,7821.25,7821.5,347
2026-08-14T06:15:00Z,7821.5,7822.0,7821.25,7821.75,336
2026-08-14T06:20:00Z,7821.75,7822.25,7821.25,7821.75,356
2026-08-14T06:25:00Z,7822.0,7822.25,7821.5,7822.0,223
2026-08-14T06:30:00Z,7822.0,7822.25,7821.5,7821.75,298
2026-08-14T06:35:00Z,7821.75,7821.75,7820.75,7821.0,390
2026-08-14T06:40:00Z,7821.0,7821.5,7820.5,7821.5,239
2026-08-14T06:45:00Z,7821.5,7822.0,7821.5,7821.75,335
2026-08-14T06:50:00Z,7821.75,7822.25,7821.75,7821.75,219
2026-08-14T06:55:00Z,7821.75,7822.25,7821.25,7821.75,277
2026-08-14T07:00:00Z,7821.75,7823.0,7821.75,7822.75,966
2026-08-14T07:05:00Z,7822.75,7823.0,7821.75,7822.75,428
2026-08-14T07:10:00Z,7822.75,7822.75,7820.0,7820.25,896
2026-08-14T07:15:00Z,7820.25,7821.75,7820.25,7821.5,527
2026-08-14T07:20:00Z,7821.5,7821.75,7820.75,7821.75,432
2026-08-14T07:25:00Z,7821.5,7822.0,7821.0,7821.5,360
2026-08-14T07:30:00Z,7821.5,7822.5,7821.0,7822.25,379
2026-08-14T07:35:00Z,7822.25,7822.5,7821.5,7822.5,341
2026-08-14T07:40:00Z,7822.5,7824.0,7822.0,7824.0,581
2026-08-14T07:45:00Z,7823.75,7824.25,7822.75,7824.25,512
2026-08-14T07:50:00Z,7824.25,7824.75,7823.75,7824.25,392
2026-08-14T07:55:00Z,7824.25,7824.75,7823.5,7823.5,1004
2026-08-14T08:00:00Z,7823.5,7825.0,7822.0,7823.75,1073
2026-08-14T08:05:00Z,7823.75,7826.0,7823.75,7824.75,1118
2026-08-14T08:10:00Z,7825.0,7825.25,7823.0,7823.5,708
2026-08-14T08:15:00Z,7823.5,7825.5,7823.5,7823.75,825
2026-08-14T08:20:00Z,7823.75,7824.25,7822.75,7824.0,365
2026-08-14T08:25:00Z,7824.25,7825.75,7824.0,7825.75,653
2026-08-14T08:30:00Z,7825.75,7827.0,7825.5,7826.25,781
2026-08-14T08:35:00Z,7826.5,7828.0,7826.5,7827.75,811
2026-08-14T08:40:00Z,7827.75,7828.25,7826.75,7826.75,620
2026-08-14T08:45:00Z,7826.75,7828.75,7826.75,7828.25,532
2026-08-14T08:50:00Z,7828.25,7828.25,7827.25,7827.25,497
2026-08-14T08:55:00Z,7827.0,7827.5,7826.25,7826.25,454
2026-08-14T09:00:00Z,7826.25,7826.25,7824.5,7825.0,645
2026-08-14T09:05:00Z,7825.0,7826.0,7824.5,7825.5,524
2026-08-14T09:10:00Z,7825.75,7826.0,7825.25,7825.75,330
2026-08-14T09:15:00Z,7825.75,7826.25,7825.0,7826.0,531
2026-08-14T09:20:00Z,7826.0,7827.5,7826.0,7827.5,431
2026-08-14T09:25:00Z,7827.5,7827.5,7826.0,7826.25,433
2026-08-14T09:30:00Z,7826.0,7826.0,7824.5,7824.75,534
2026-08-14T09:35:00Z,7824.75,7825.0,7824.0,7824.5,622
2026-08-14T09:40:00Z,7824.5,7825.0,7824.25,7824.75,318
2026-08-14T09:45:00Z,7825.0,7826.75,7824.75,7826.25,507
2026-08-14T09:50:00Z,7826.25,7826.75,7826.0,7826.5,422
2026-08-14T09:55:00Z,7826.75,7827.75,7826.25,7827.75,476
2026-08-14T10:00:00Z,7827.5,7828.5,7827.0,7828.5,489
2026-08-14T10:05:00Z,7828.75,7829.5,7828.25,7828.5,656
2026-08-14T10:10:00Z,7828.5,7829.25,7828.0,7828.25,570
2026-08-14T10:15:00Z,7828.25,7828.25,7827.25,7827.75,396
2026-08-14T10:20:00Z,7827.75,7827.75,7827.0,7827.75,390
2026-08-14T10:25:00Z,7827.75,7828.0,7826.25,7826.75,304
2026-08-14T10:30:00Z,7827.0,7828.0,7826.75,7828.0,576
2026-08-14T10:35:00Z,7828.0,7828.0,7827.0,7827.5,1333
2026-08-14T10:40:00Z,7827.5,7827.75,7825.5,7827.25,1162
2026-08-14T10:45:00Z,7827.25,7827.25,7826.5,7826.5,172
2026-08-14T10:50:00Z,7826.75,7828.5,7826.75,7827.75,887
2026-08-14T10:55:00Z,7827.75,7828.75,7826.5,7828.75,842
2026-08-14T11:00:00Z,7828.75,7829.5,7827.5,7827.5,1200
2026-08-14T11:05:00Z,7827.5,7828.75,7827.5,7827.75,667
2026-08-14T11:10:00Z,7828.0,7828.5,7826.75,7827.0,609
2026-08-14T11:15:00Z,7827.25,7827.5,7826.25,7827.0,632
2026-08-14T11:20:00Z,7826.75,7827.5,7826.5,7827.5,533
2026-08-14T11:25:00Z,7827.5,7827.75,7826.5,7827.0,420
2026-08-14T11:30:00Z,7827.0,7828.25,7827.0,7828.25,710
2026-08-14T11:35:00Z,7828.25,7829.75,7828.25,7828.25,1560
2026-08-14T11:40:00Z,7828.25,7828.75,7827.5,7828.75,535
2026-08-14T11:45:00Z,7828.75,7830.0,7828.25,7830.0,845
2026-08-14T11:50:00Z,7830.0,7830.75,7828.5,7828.75,830
2026-08-14T11:55:00Z,7828.5,7829.5,7828.0,7829.25,473
2026-08-14T12:00:00Z,7829.5,7830.0,7828.75,7828.75,823
2026-08-14T12:05:00Z,7828.75,7829.5,7828.25,7829.25,687
2026-08-14T12:10:00Z,7829.25,7829.25,7821.0,7826.75,3575
2026-08-14T12:15:00Z,7826.5,7827.0,7825.0,7825.75,1593
2026-08-14T12:20:00Z,7825.75,7827.25,7825.0,7825.25,1221
2026-08-14T12:25:00Z,7825.0,7828.5,7825.0,7828.0,1497
2026-08-14T12:30:00Z,7828.25,7831.75,7828.0,7830.25,2809
2026-08-14T12:35:00Z,7830.5,7830.75,7828.25,7828.5,1500
2026-08-14T12:40:00Z,7828.5,7829.0,7827.75,7829.0,1011
2026-08-14T12:45:00Z,7828.75,7830.5,7828.5,7830.0,1052
2026-08-14T12:50:00Z,7830.0,7831.0,7829.5,7830.75,936
2026-08-14T12:55:00Z,7831.0,7831.25,7830.25,7830.5,735
2026-08-14T13:00:00Z,7830.25,7831.0,7828.25,7828.25,1091
2026-08-14T13:05:00Z,7828.25,7829.75,7828.25,7828.75,1084
2026-08-14T13:10:00Z,7828.5,7828.75,7826.0,7826.25,1053
2026-08-14T13:15:00Z,7826.0,7829.5,7826.0,7827.0,3904
2026-08-14T13:20:00Z,7827.0,7829.25,7827.0,7828.5,1333
2026-08-14T13:25:00Z,7828.25,7829.5,7825.75,7827.5,4957
2026-08-14T13:30:00Z,7827.75,7828.0,7821.25,7824.0,28428
2026-08-14T13:35:00Z,7824.25,7825.25,7819.25,7822.5,16081
2026-08-14T13:40:00Z,7822.75,7827.5,7820.75,7826.25,16466
2026-08-14T13:45:00Z,7826.25,7828.5,7821.25,7822.0,14971
2026-08-14T13:50:00Z,7822.25,7828.5,7820.25,7827.0,16919
2026-08-14T13:55:00Z,7827.25,7828.75,7823.25,7826.25,9357
2026-08-14T14:00:00Z,7825.75,7828.5,7823.25,7828.25,9431
2026-08-14T14:05:00Z,7828.25,7830.75,7827.25,7828.0,11231
2026-08-14T14:10:00Z,7828.0,7829.5,7825.25,7825.5,11016
2026-08-14T14:15:00Z,7825.5,7826.0,7820.25,7820.75,14582
2026-08-14T14:20:00Z,7820.75,7821.75,7816.25,7817.75,15210
2026-08-14T14:25:00Z,7817.75,7818.75,7813.75,7816.75,14151
2026-08-14T14:30:00Z,7817.0,7817.5,7810.5,7811.0,16547
2026-08-14T14:35:00Z,7810.75,7817.0,7810.5,7816.5,12830
2026-08-14T14:40:00Z,7816.5,7816.5,7812.5,7813.5,8891
2026-08-14T14:45:00Z,7813.75,7816.75,7812.75,7815.0,8641
2026-08-14T14:50:00Z,7814.75,7816.75,7812.0,7812.5,7837
2026-08-14T14:55:00Z,7812.25,7814.0,7809.5,7809.5,10361
2026-08-14T15:00:00Z,7809.75,7813.75,7809.5,7812.0,11257
2026-08-14T15:05:00Z,7811.75,7813.0,7808.0,7809.0,8879
2026-08-14T15:10:00Z,7809.0,7810.5,7806.5,7806.75,9760
2026-08-14T15:15:00Z,7806.75,7809.5,7806.5,7808.25,8953
2026-08-14T15:20:00Z,7808.25,7808.75,7802.25,7802.5,12579
2026-08-14T15:25:00Z,7802.5,7805.25,7801.0,7805.0,14535
2026-08-14T15:30:00Z,7805.25,7806.5,7802.25,7804.25,10630
2026-08-14T15:35:00Z,7804.25,7807.0,7802.75,7803.25,11342
2026-08-14T15:40:00Z,7803.25,7803.5,7800.5,7802.5,10029
2026-08-14T15:45:00Z,7802.75,7805.75,7800.5,7800.75,9191
2026-08-14T15:50:00Z,7800.75,7804.25,7800.0,7803.25,8735
2026-08-14T15:55:00Z,7803.5,7805.75,7802.25,7804.25,6948
2026-08-14T16:00:00Z,7804.5,7808.0,7804.5,7806.5,9019
2026-08-14T16:05:00Z,7806.5,7807.25,7803.0,7804.25,6037
2026-08-14T16:10:00Z,7804.25,7807.5,7803.75,7807.5,6581
2026-08-14T16:15:00Z,7807.5,7809.5,7807.25,7807.75,7265
2026-08-14T16:20:00Z,7808.0,7809.25,7806.5,7808.5,3921
2026-08-14T16:25:00Z,7808.5,7810.25,7808.0,7808.75,4255
2026-08-14T16:30:00Z,7809.0,7809.5,7805.0,7805.75,7969
2026-08-14T16:35:00Z,7805.75,7808.25,7805.25,7807.0,5495
2026-08-14T16:40:00Z,7806.75,7806.75,7803.25,7803.25,6341
2026-08-14T16:45:00Z,7803.25,7804.25,7802.0,7803.25,5744
2026-08-14T16:50:00Z,7803.25,7803.5,7800.25,7801.5,7357
2026-08-14T16:55:00Z,7801.5,7802.25,7798.5,7799.25,6732
2026-08-14T17:00:00Z,7799.25,7801.0,7798.25,7800.25,7505
2026-08-14T17:05:00Z,7800.0,7802.0,7800.0,7801.0,5205
2026-08-14T17:10:00Z,7801.25,7803.5,7800.5,7802.75,7211
2026-08-14T17:15:00Z,7802.75,7803.25,7800.0,7802.0,4289
2026-08-14T17:20:00Z,7802.0,7803.75,7799.75,7800.75,4116
2026-08-14T17:25:00Z,7800.5,7800.75,7798.75,7799.75,5797
2026-08-14T17:30:00Z,7800.0,7802.0,7799.5,7800.5,5827
2026-08-14T17:35:00Z,7800.25,7800.5,7796.5,7798.0,7792
2026-08-14T17:40:00Z,7797.75,7798.75,7796.75,7798.25,4444
2026-08-14T17:45:00Z,7798.25,7799.5,7797.5,7798.25,5797
2026-08-14T17:50:00Z,7798.25,7800.5,7796.75,7800.0,4637
2026-08-14T17:55:00Z,7799.75,7801.5,7798.75,7800.5,3797
2026-08-14T18:00:00Z,7800.5,7803.5,7799.5,7802.5,6091
2026-08-14T18:05:00Z,7802.5,7804.25,7801.75,7804.0,6324
2026-08-14T18:10:00Z,7804.0,7805.5,7803.25,7804.0,4997
2026-08-14T18:15:00Z,7804.25,7805.75,7803.75,7804.5,4161
2026-08-14T18:20:00Z,7804.75,7805.75,7803.25,7804.5,3611
2026-08-14T18:25:00Z,7804.25,7805.5,7801.5,7801.75,4886
2026-08-14T18:30:00Z,7802.0,7803.75,7800.5,7801.5,6727
2026-08-14T18:35:00Z,7801.5,7802.75,7800.75,7802.5,3821
2026-08-14T18:40:00Z,7802.25,7805.25,7802.0,7804.5,4731
2026-08-14T18:45:00Z,7804.75,7805.25,7802.75,7805.0,3582
2026-08-14T18:50:00Z,7805.25,7807.5,7805.0,7806.25,6804
2026-08-14T18:55:00Z,7806.25,7806.25,7803.75,7804.25,3547
2026-08-14T19:00:00Z,7804.5,7804.75,7801.5,7802.5,6266
2026-08-14T19:05:00Z,7802.5,7804.5,7801.75,7804.25,4312
2026-08-14T19:10:00Z,7804.0,7804.5,7803.0,7803.25,4941
2026-08-14T19:15:00Z,7803.0,7804.0,7800.75,7802.75,6418
2026-08-14T19:20:00Z,7802.5,7804.0,7801.25,7803.75,5113
2026-08-14T19:25:00Z,7804.0,7806.0,7803.75,7804.0,6325
2026-08-14T19:30:00Z,7804.25,7805.75,7803.5,7804.75,6520
2026-08-14T19:35:00Z,7805.0,7805.75,7802.5,7804.0,6232
2026-08-14T19:40:00Z,7804.25,7805.75,7803.75,7804.25,6040
2026-08-14T19:45:00Z,7803.75,7804.75,7802.25,7804.5,8388
2026-08-14T19:50:00Z,7804.0,7806.5,7803.25,7804.5,17700
2026-08-14T19:55:00Z,7804.25,7806.5,7801.25,7805.5,53061
2026-08-14T20:00:00Z,7805.75,7806.25,7802.0,7802.5,17817
2026-08-14T20:05:00Z,7802.75,7802.75,7800.0,7801.0,4230
2026-08-14T20:10:00Z,7801.0,7802.5,7800.25,7800.75,3096
2026-08-14T20:15:00Z,7801.0,7801.75,7799.75,7800.25,1928
2026-08-14T20:20:00Z,7800.25,7800.75,7799.75,7800.5,747
2026-08-14T20:25:00Z,7800.5,7800.75,7800.0,7800.75,787
2026-08-14T20:30:00Z,7800.75,7803.0,7800.25,7802.75,1536
2026-08-14T20:35:00Z,7802.75,7803.25,7802.5,7802.75,967
2026-08-14T20:40:00Z,7802.5,7803.0,7802.25,7802.5,560
2026-08-14T20:45:00Z,7802.5,7802.75,7801.75,7802.5,763
2026-08-14T20:50:00Z,7802.5,7803.0,7801.75,7801.75,756
2026-08-14T20:55:00Z,7802.0,7805.0,7801.5,7805.0,0
2026-08-16T22:10:00Z,7809.75,7811.25,7809.25,7810.75,3418
2026-08-16T22:15:00Z,7810.75,7811.0,7810.0,7810.5,358
2026-08-16T22:20:00Z,7809.25,7811.0,7809.25,7810.0,572
2026-08-16T22:25:00Z,7810.0,7810.25,7809.75,7809.75,166
2026-08-16T22:30:00Z,7810.0,7810.25,7808.5,7809.5,616
2026-08-16T22:35:00Z,7809.25,7809.5,7808.5,7809.25,206
2026-08-16T22:40:00Z,7809.25,7809.75,7809.25,7809.5,122
2026-08-16T22:45:00Z,7809.5,7810.75,7809.0,7810.5,310
2026-08-16T22:50:00Z,7810.5,7811.0,7810.25,7810.75,155
2026-08-16T22:55:00Z,7810.75,7810.75,7809.75,7810.25,131
2026-08-16T23:00:00Z,7810.5,7810.5,7809.25,7809.75,255
2026-08-16T23:05:00Z,7810.0,7810.25,7809.75,7810.0,85
2026-08-16T23:10:00Z,7810.0,7810.0,7809.0,7809.5,204
2026-08-16T23:15:00Z,7809.25,7809.25,7808.75,7809.0,115
2026-08-16T23:20:00Z,7809.25,7810.25,7809.0,7810.25,238
2026-08-16T23:25:00Z,7810.25,7810.25,7809.5,7809.75,85
2026-08-16T23:30:00Z,7809.75,7809.75,7809.0,7809.0,191
2026-08-16T23:35:00Z,7809.0,7809.5,7809.0,7809.5,71
2026-08-16T23:40:00Z,7810.5,7811.25,7810.5,7811.25,282
2026-08-16T23:45:00Z,7811.0,7812.75,7811.0,7812.5,394
2026-08-16T23:50:00Z,7812.25,7813.25,7812.25,7812.25,320
2026-08-16T23:55:00Z,7812.25,7812.75,7812.0,7812.25,145
2026-08-17T00:00:00Z,7812.25,7814.0,7811.75,7812.75,840
2026-08-17T00:05:00Z,7812.75,7813.25,7811.5,7811.5,448
2026-08-17T00:10:00Z,7811.75,7813.0,7811.5,7812.5,232
2026-08-17T00:15:00Z,7812.75,7812.75,7808.5,7809.0,781
2026-08-17T00:20:00Z,7809.0,7809.25,7808.25,7809.0,534
2026-08-17T00:25:00Z,7809.0,7809.75,7808.75,7809.25,96
2026-08-17T00:30:00Z,7809.0,7809.0,7808.0,7808.5,769
2026-08-17T00:35:00Z,7808.5,7809.0,7808.0,7808.5,366
2026-08-17T00:40:00Z,7808.5,7810.0,7808.5,7809.0,308
2026-08-17T00:45:00Z,7809.25,7810.0,7808.75,7809.75,202
2026-08-17T00:50:00Z,7809.75,7810.0,7809.5,7810.0,134
2026-08-17T00:55:00Z,7809.75,7811.0,7809.75,7810.75,298
2026-08-17T01:00:00Z,7810.75,7812.25,7810.5,7812.25,684
2026-08-17T01:05:00Z,7812.25,7812.75,7811.5,7811.75,335
2026-08-17T01:10:00Z,7811.75,7811.75,7810.5,7810.75,276
2026-08-17T01:15:00Z,7810.75,7812.5,7810.25,7812.25,388
2026-08-17T01:20:00Z,7812.25,7813.25,7812.25,7812.5,486
2026-08-17T01:25:00Z,7812.5,7813.25,7812.5,7813.0,87
2026-08-17T01:30:00Z,7812.75,7812.75,7809.5,7810.0,681
2026-08-17T01:35:00Z,7810.0,7811.5,7809.75,7811.25,284
2026-08-17T01:40:00Z,7811.5,7811.5,7808.5,7809.5,350
2026-08-17T01:45:00Z,7809.5,7809.5,7808.25,7809.0,253
2026-08-17T01:50:00Z,7808.75,7808.75,7807.0,7807.5,558
2026-08-17T01:55:00Z,7807.5,7808.0,7807.25,7807.75,221
2026-08-17T02:00:00Z,7807.5,7807.75,7806.5,7806.75,307
2026-08-17T02:05:00Z,7806.75,7807.5,7806.25,7807.5,217
2026-08-17T02:10:00Z,7807.5,7807.5,7806.5,7807.5,297
2026-08-17T02:15:00Z,7807.75,7808.5,7807.5,7808.0,256
2026-08-17T02:20:00Z,7808.0,7810.0,7808.0,7809.5,436
2026-08-17T02:25:00Z,7809.75,7809.75,7809.25,7809.5,186
2026-08-17T02:30:00Z,7809.25,7809.75,7808.75,7808.75,323
2026-08-17T02:35:00Z,7809.0,7809.25,7808.25,7808.75,233
2026-08-17T02:40:00Z,7808.75,7809.75,7808.75,7809.25,192
2026-08-17T02:45:00Z,7809.25,7809.75,7809.0,7809.75,292
2026-08-17T02:50:00Z,7809.75,7809.75,7809.0,7809.25,347
2026-08-17T02:55:00Z,7809.25,7809.25,7808.5,7808.5,165
2026-08-17T03:00:00Z,7808.75,7809.25,7808.5,7809.0,307
2026-08-17T03:05:00Z,7809.0,7809.5,7808.5,7809.5,256
2026-08-17T03:10:00Z,7809.5,7809.5,7808.0,7808.5,264
2026-08-17T03:15:00Z,7808.5,7809.75,7808.5,7809.5,241
2026-08-17T03:20:00Z,7809.5,7810.0,7809.5,7810.0,58
2026-08-17T03:25:00Z,7809.75,7810.25,7809.75,7810.0,114
2026-08-17T03:30:00Z,7810.25,7810.5,7809.25,7809.5,128
2026-08-17T03:35:00Z,7810.5,7810.75,7810.5,7810.75,184
2026-08-17T03:40:00Z,7810.75,7811.25,7810.75,7811.25,189
2026-08-17T03:45:00Z,7811.25,7812.0,7811.25,7812.0,196
2026-08-17T03:50:00Z,7811.75,7812.25,7811.5,7812.25,148
2026-08-17T03:55:00Z,7812.0,7812.25,7811.75,7812.25,172
2026-08-17T04:00:00Z,7812.75,7813.25,7812.5,7812.75,433
2026-08-17T04:05:00Z,7813.0,7813.5,7812.75,7813.0,173
2026-08-17T04:10:00Z,7813.0,7813.5,7813.0,7813.25,184
2026-08-17T04:15:00Z,7813.0,7813.0,7812.25,7812.75,145
2026-08-17T04:20:00Z,7813.0,7813.25,7812.75,7813.0,286
2026-08-17T04:25:00Z,7813.0,7813.25,7812.25,7812.25,121
2026-08-17T04:30:00Z,7812.25,7812.25,7811.5,7812.0,255
2026-08-17T04:35:00Z,7812.0,7812.5,7812.0,7812.25,109
2026-08-17T04:40:00Z,7812.5,7813.25,7812.5,7813.0,201
2026-08-17T04:45:00Z,7813.0,7813.25,7812.75,7812.75,138
2026-08-17T04:50:00Z,7812.75,7812.75,7812.25,7812.25,78
2026-08-17T04:55:00Z,7812.5,7812.5,7812.25,7812.25,237
2026-08-17T05:00:00Z,7812.25,7813.75,7812.0,7813.0,171
2026-08-17T05:05:00Z,7813.0,7814.0,7813.0,7813.75,320
2026-08-17T05:10:00Z,7814.0,7814.0,7813.25,7813.75,116
2026-08-17T05:15:00Z,7813.75,7814.0,7813.25,7813.5,115
2026-08-17T05:20:00Z,7813.5,7813.5,7812.5,7812.5,100
2026-08-17T05:25:00Z,7812.75,7813.75,7812.25,7813.75,192
2026-08-17T05:30:00Z,7813.75,7816.5,7813.75,7815.5,1213
2026-08-17T05:35:00Z,7815.5,7815.75,7814.5,7815.5,285
2026-08-17T05:40:00Z,7815.5,7816.25,7815.5,7816.0,225
2026-08-17T05:45:00Z,7816.0,7817.5,7816.0,7817.5,247
2026-08-17T05:50:00Z,7817.25,7817.5,7816.75,7816.75,335
2026-08-17T05:55:00Z,7816.75,7817.5,7816.75,7817.25,250
2026-08-17T06:00:00Z,7817.5,7819.0,7816.75,7818.75,815
2026-08-17T06:05:00Z,7818.75,7819.25,7818.25,7818.5,386
2026-08-17T06:10:00Z,7818.75,7818.75,7818.25,7818.5,236
2026-08-17T06:15:00Z,7818.5,7818.5,7816.5,7817.0,424
2026-08-17T06:20:00Z,7817.0,7817.75,7816.5,7817.5,275
2026-08-17T06:25:00Z,7817.5,7819.0,7817.5,7818.75,225
2026-08-17T06:30:00Z,7818.5,7819.0,7818.0,7818.75,607
2026-08-17T06:35:00Z,7819.0,7820.0,7818.75,7819.75,1647
2026-08-17T06:40:00Z,7819.5,7820.0,7818.5,7818.5,379
2026-08-17T06:45:00Z,7818.75,7819.75,7818.25,7819.75,333
2026-08-17T06:50:00Z,7819.75,7819.75,7819.25,7819.5,277
2026-08-17T06:55:00Z,7819.25,7820.25,7819.0,7819.75,481
2026-08-17T07:00:00Z,7820.0,7821.25,7819.0,7819.75,1626
2026-08-17T07:05:00Z,7819.75,7820.0,7819.25,7819.5,655
2026-08-17T07:10:00Z,7819.5,7819.5,7815.5,7815.75,848
2026-08-17T07:15:00Z,7815.75,7816.0,7814.0,7814.75,890
2026-08-17T07:20:00Z,7814.75,7815.5,7814.25,7814.5,400
2026-08-17T07:25:00Z,7814.25,7817.25,7813.25,7817.25,778
2026-08-17T07:30:00Z,7817.25,7817.25,7815.75,7817.0,725
2026-08-17T07:35:00Z,7817.0,7819.25,7817.0,7818.5,782
2026-08-17T07:40:00Z,7818.75,7819.25,7818.5,7819.0,362
2026-08-17T07:45:00Z,7819.0,7820.0,7819.0,7819.5,455
2026-08-17T07:50:00Z,7819.75,7820.0,7818.25,7818.25,552
2026-08-17T07:55:00Z,7818.5,7819.0,7818.25,7819.0,526
2026-08-17T08:00:00Z,7819.0,7819.25,7816.75,7817.0,1084
2026-08-17T08:05:00Z,7816.75,7817.5,7815.75,7817.0,732
2026-08-17T08:10:00Z,7817.0,7817.0,7815.5,7815.75,539
2026-08-17T08:15:00Z,7815.75,7816.5,7814.75,7815.0,414
2026-08-17T08:20:00Z,7815.0,7816.5,7814.75,7816.0,395
2026-08-17T08:25:00Z,7816.25,7817.0,7815.5,7816.25,435
2026-08-17T08:30:00Z,7816.25,7817.0,7816.0,7816.25,379
2026-08-17T08:35:00Z,7816.25,7817.0,7816.0,7816.5,287
2026-08-17T08:40:00Z,7816.5,7816.75,7814.0,7814.25,321
2026-08-17T08:45:00Z,7814.25,7815.25,7814.0,7814.5,262
2026-08-17T08:50:00Z,7814.5,7815.0,7813.75,7815.0,428
2026-08-17T08:55:00Z,7815.0,7816.5,7814.75,7816.0,343
2026-08-17T09:00:00Z,7816.25,7816.75,7815.5,7816.5,525
2026-08-17T09:05:00Z,7816.5,7817.5,7816.0,7817.5,758
2026-08-17T09:10:00Z,7817.5,7818.0,7816.75,7817.5,557
2026-08-17T09:15:00Z,7817.5,7817.75,7816.5,7816.75,587
2026-08-17T09:20:00Z,7816.75,7817.0,7816.25,7816.75,832
2026-08-17T09:25:00Z,7816.75,7817.0,7814.75,7815.25,844
2026-08-17T09:30:00Z,7815.5,7815.75,7814.0,7814.5,731
2026-08-17T09:35:00Z,7814.5,7815.75,7814.25,7814.5,711
2026-08-17T09:40:00Z,7814.75,7815.75,7814.5,7815.75,350
2026-08-17T09:45:00Z,7815.5,7817.0,7815.25,7816.0,441
2026-08-17T09:50:00Z,7816.0,7816.5,7814.75,7815.5,588
2026-08-17T09:55:00Z,7815.5,7815.75,7814.25,7815.0,264
2026-08-17T10:00:00Z,7815.0,7815.75,7814.75,7815.25,268
2026-08-17T10:05:00Z,7815.25,7816.0,7814.75,7814.75,337
2026-08-17T10:10:00Z,7814.75,7816.75,7814.75,7816.5,395
2026-08-17T10:15:00Z,7816.75,7817.75,7815.75,7816.5,677
2026-08-17T10:20:00Z,7816.5,7816.5,7814.25,7814.25,629
2026-08-17T10:25:00Z,7814.5,7824.5,7812.75,7824.0,4688
2026-08-17T10:30:00Z,7824.0,7824.5,7815.5,7815.75,2446
2026-08-17T10:35:00Z,7815.75,7816.75,7814.75,7816.5,632
2026-08-17T10:40:00Z,7816.5,7817.5,7816.25,7817.0,342
2026-08-17T10:45:00Z,7817.25,7817.5,7816.25,7816.25,237
2026-08-17T10:50:00Z,7816.5,7817.25,7816.25,7816.75,432
2026-08-17T10:55:00Z,7816.5,7816.75,7816.0,7816.5,352
2026-08-17T11:00:00Z,7816.25,7816.75,7815.0,7816.5,789
2026-08-17T11:05:00Z,7816.75,7818.5,7816.25,7817.75,794
2026-08-17T11:10:00Z,7817.5,7817.5,7815.5,7816.0,884
2026-08-17T11:15:00Z,7816.0,7816.0,7813.25,7813.5,606
2026-08-17T11:20:00Z,7813.5,7816.0,7813.5,7816.0,576
2026-08-17T11:25:00Z,7816.0,7816.25,7814.5,7815.5,405
2026-08-17T11:30:00Z,7815.5,7817.0,7815.0,7816.25,753
2026-08-17T11:35:00Z,7816.0,7816.5,7815.5,7816.0,647
2026-08-17T11:40:00Z,7815.75,7816.0,7814.75,7815.75,1401
2026-08-17T11:45:00Z,7815.75,7816.0,7814.75,7815.25,902
2026-08-17T11:50:00Z,7815.25,7815.25,7813.25,7814.0,1514
2026-08-17T11:55:00Z,7813.75,7814.25,7813.25,7813.25,679
2026-08-17T12:00:00Z,7813.5,7813.75,7809.75,7809.75,2169
2026-08-17T12:05:00Z,7810.0,7813.0,7809.25,7813.0,1298
2026-08-17T12:10:00Z,7813.0,7814.25,7813.0,7814.0,1069
2026-08-17T12:15:00Z,7814.0,7814.25,7812.75,7813.5,1021
2026-08-17T12:20:00Z,7813.5,7815.0,7813.0,7813.25,1458
2026-08-17T12:25:00Z,7813.25,7814.5,7805.75,7808.0,8890
2026-08-17T12:30:00Z,7808.0,7809.75,7805.5,7807.5,2767
2026-08-17T12:35:00Z,7807.75,7808.0,7803.5,7803.75,3051
2026-08-17T12:40:00Z,7803.75,7806.0,7802.25,7804.0,2562
2026-08-17T12:45:00Z,7804.0,7804.25,7801.25,7802.5,2138
2026-08-17T12:50:00Z,7802.25,7804.0,7802.0,7803.0,1704
2026-08-17T12:55:00Z,7803.0,7805.0,7802.0,7803.75,1406
2026-08-17T13:00:00Z,7803.5,7805.0,7803.25,7804.0,1815
2026-08-17T13:05:00Z,7804.0,7806.5,7804.0,7806.0,1801
2026-08-17T13:10:00Z,7806.25,7806.5,7805.0,7806.0,1107
2026-08-17T13:15:00Z,7805.75,7807.25,7805.5,7806.25,1706
2026-08-17T13:20:00Z,7806.25,7806.5,7804.75,7805.5,1408
2026-08-17T13:25:00Z,7805.75,7808.0,7802.75,7802.75,5260
2026-08-17T13:30:00Z,7803.0,7809.5,7796.25,7796.5,33935
2026-08-17T13:35:00Z,7796.5,7800.25,7794.5,7795.75,17242
2026-08-17T13:40:00Z,7796.0,7800.0,7794.75,7797.25,14995
2026-08-17T13:45:00Z,7797.25,7802.0,7793.25,7801.0,18438
2026-08-17T13:50:00Z,7801.25,7801.75,7797.0,7799.5,11582
2026-08-17T13:55:00Z,7800.0,7800.0,7793.25,7794.5,13795
2026-08-17T14:00:00Z,7794.5,7798.0,7791.5,7795.5,19929
2026-08-17T14:05:00Z,7795.75,7796.5,7792.5,7795.5,12078
2026-08-17T14:10:00Z,7795.75,7799.0,7795.0,7798.0,10747
2026-08-17T14:15:00Z,7797.5,7798.0,7793.75,7795.0,9185
2026-08-17T14:20:00Z,7795.0,7795.25,7791.5,7793.75,9923
2026-08-17T14:25:00Z,7794.0,7796.5,7791.0,7795.75,10691
2026-08-17T14:30:00Z,7795.75,7797.25,7794.75,7797.0,9129
2026-08-17T14:35:00Z,7796.75,7797.0,7790.5,7791.75,12363
2026-08-17T14:40:00Z,7792.0,7794.75,7791.75,7792.5,8926
2026-08-17T14:45:00Z,7793.0,7795.0,7792.5,7794.25,8394
2026-08-17T14:50:00Z,7794.5,7796.25,7790.0,7790.75,11039
2026-08-17T14:55:00Z,7790.75,7794.0,7790.0,7793.75,7747
2026-08-17T15:00:00Z,7794.0,7797.25,7792.75,7796.25,10595
2026-08-17T15:05:00Z,7796.25,7797.25,7794.25,7795.0,8296
2026-08-17T15:10:00Z,7795.0,7797.0,7794.5,7794.75,5495
2026-08-17T15:15:00Z,7794.75,7799.0,7794.25,7798.5,7556
2026-08-17T15:20:00Z,7798.5,7800.0,7797.25,7798.0,10259
2026-08-17T15:25:00Z,7798.25,7799.0,7796.5,7798.5,5501
2026-08-17T15:30:00Z,7798.75,7799.5,7793.25,7793.5,9991
2026-08-17T15:35:00Z,7793.5,7794.5,7790.75,7791.25,10721
2026-08-17T15:40:00Z,7791.25,7792.25,7788.25,7792.25,13969
2026-08-17T15:45:00Z,7792.0,7793.5,7791.25,7792.0,6374
2026-08-17T15:50:00Z,7792.0,7795.25,7791.25,7794.5,5895
2026-08-17T15:55:00Z,7794.5,7795.5,7793.75,7794.25,4530
2026-08-17T16:00:00Z,7794.25,7795.0,7792.5,7793.25,4674
2026-08-17T16:05:00Z,7793.5,7794.5,7791.75,7792.5,6138
2026-08-17T16:10:00Z,7792.25,7796.0,7792.25,7795.0,4816
2026-08-17T16:15:00Z,7795.0,7797.25,7795.0,7796.0,5112
2026-08-17T16:20:00Z,7796.25,7797.5,7795.0,7795.25,3926
2026-08-17T16:25:00Z,7795.25,7795.5,7793.0,7794.25,5240
2026-08-17T16:30:00Z,7794.25,7795.25,7792.0,7792.25,6171
2026-08-17T16:35:00Z,7792.25,7794.25,7792.0,7794.25,4453
2026-08-17T16:40:00Z,7794.0,7794.25,7790.5,7790.75,4915
2026-08-17T16:45:00Z,7791.0,7792.0,7789.75,7791.5,5784
2026-08-17T16:50:00Z,7791.25,7791.75,7787.5,7789.75,5358
2026-08-17T16:55:00Z,7789.75,7790.25,7787.0,7788.0,6053
2026-08-17T17:00:00Z,7787.5,7789.0,7786.5,7787.75,6089
2026-08-17T17:05:00Z,7788.0,7788.0,7786.25,7786.75,7002
2026-08-17T17:10:00Z,7786.75,7787.75,7784.0,7784.25,7751
2026-08-17T17:15:00Z,7784.0,7785.75,7782.0,7783.75,11542
2026-08-17T17:20:00Z,7783.5,7784.5,7777.5,7778.75,21432
2026-08-17T17:25:00Z,7778.75,7779.25,7775.75,7776.75,17107
2026-08-17T17:30:00Z,7776.75,7779.75,7775.0,7775.25,12154
2026-08-17T17:35:00Z,7775.25,7776.5,7772.25,7772.5,12624
2026-08-17T17:40:00Z,7772.25,7779.5,7772.0,7778.5,11459
2026-08-17T17:45:00Z,7778.75,7779.5,7775.75,7776.25,7547
2026-08-17T17:50:00Z,7776.0,7777.5,7774.75,7776.25,5503
2026-08-17T17:55:00Z,7776.25,7776.75,7774.0,7775.0,5152
2026-08-17T18:00:00Z,7775.0,7777.0,7773.75,7775.25,9907
2026-08-17T18:05:00Z,7775.25,7777.5,7773.75,7775.0,9030
2026-08-17T18:10:00Z,7774.75,7778.5,7774.25,7778.0,7748
2026-08-17T18:15:00Z,7778.0,7779.0,7776.0,7776.5,6728
2026-08-17T18:20:00Z,7776.5,7778.5,7775.0,7778.0,5706
2026-08-17T18:25:00Z,7778.0,7779.0,7775.25,7777.0,6019
2026-08-17T18:30:00Z,7776.75,7777.25,7773.25,7773.5,8054
2026-08-17T18:35:00Z,7773.5,7775.75,7773.25,7775.5,4664
2026-08-17T18:40:00Z,7775.25,7777.75,7774.75,7776.75,4896
2026-08-17T18:45:00Z,7776.75,7778.75,7776.25,7778.0,4419
2026-08-17T18:50:00Z,7778.0,7779.25,7776.0,7776.75,6105
2026-08-17T18:55:00Z,7776.5,7777.0,7775.5,7776.0,5416
2026-08-17T19:00:00Z,7776.0,7776.75,7773.75,7774.0,5634
2026-08-17T19:05:00Z,7773.75,7775.0,7773.0,7773.5,5807
2026-08-17T19:10:00Z,7773.5,7774.75,7772.0,7772.5,6059
2026-08-17T19:15:00Z,7772.5,7775.75,7772.25,7774.75,7635
2026-08-17T19:20:00Z,7774.75,7775.5,7773.25,7773.5,4308
2026-08-17T19:25:00Z,7773.75,7775.0,7772.0,7772.0,5052
2026-08-17T19:30:00Z,7772.25,7772.5,7767.75,7770.5,14271
2026-08-17T19:35:00Z,7770.5,7772.25,7769.5,7771.0,8227
2026-08-17T19:40:00Z,7771.0,7771.75,7769.0,7770.75,7129
2026-08-17T19:45:00Z,7770.75,7774.25,7770.5,7774.0,10443
2026-08-17T19:50:00Z,7774.0,7774.75,7767.0,7768.75,20049
2026-08-17T19:55:00Z,7768.75,7771.25,7766.25,7768.5,72295
2026-08-17T20:00:00Z,7768.75,7769.5,7766.0,7766.75,22679
2026-08-17T20:05:00Z,7766.75,7768.0,7765.25,7767.5,4374
2026-08-17T20:10:00Z,7767.5,7768.0,7766.75,7767.25,2750
2026-08-17T20:15:00Z,7767.0,7767.5,7764.75,7767.25,2307
2026-08-17T20:20:00Z,7767.25,7767.5,7766.75,7766.75,756
2026-08-17T20:25:00Z,7766.5,7766.75,7765.25,7765.75,1357
2026-08-17T20:30:00Z,7765.75,7766.0,7765.0,7765.75,994
2026-08-17T20:35:00Z,7765.5,7765.75,7764.25,7764.5,906
2026-08-17T20:40:00Z,7764.5,7765.75,7764.5,7764.5,1139
2026-08-17T20:45:00Z,7764.5,7764.5,7763.5,7764.25,1012
2026-08-17T20:50:00Z,7764.25,7766.0,7763.5,7766.0,833
2026-08-17T20:55:00Z,7766.0,7766.5,7764.5,7765.5,1701
2026-08-17T22:00:00Z,7766.0,7768.5,7766.0,7767.5,0
2026-08-17T22:05:00Z,7767.25,7768.0,7766.0,7767.75,626
2026-08-17T22:10:00Z,7767.75,7768.0,7765.0,7766.0,793
2026-08-17T22:15:00Z,7766.25,7766.5,7762.5,7764.75,913
2026-08-17T22:20:00Z,7765.0,7765.5,7763.5,7765.0,396
2026-08-17T22:25:00Z,7765.25,7766.0,7764.5,7765.25,424
2026-08-17T22:30:00Z,7765.0,7765.5,7764.0,7764.5,246
2026-08-17T22:35:00Z,7764.5,7765.0,7764.25,7764.5,131
2026-08-17T22:40:00Z,7764.5,7765.25,7764.25,7764.75,152
2026-08-17T22:45:00Z,7764.75,7765.5,7764.75,7765.25,113
2026-08-17T22:50:00Z,7765.0,7765.75,7764.75,7765.75,232
2026-08-17T22:55:00Z,7765.75,7766.0,7765.0,7765.25,386
2026-08-17T23:00:00Z,7765.25,7765.25,7763.5,7764.0,307
2026-08-17T23:05:00Z,7764.25,7765.75,7764.25,7765.25,186
2026-08-17T23:10:00Z,7765.5,7766.0,7765.0,7765.25,144
2026-08-17T23:15:00Z,7765.25,7765.25,7763.75,7764.75,216
2026-08-17T23:20:00Z,7764.75,7764.75,7764.0,7764.5,99
2026-08-17T23:25:00Z,7764.25,7765.5,7764.0,7765.25,274
2026-08-17T23:30:00Z,7765.0,7767.75,7765.0,7767.25,873
2026-08-17T23:35:00Z,7767.25,7768.25,7767.0,7768.0,292
2026-08-17T23:40:00Z,7767.75,7768.0,7767.0,7767.25,236
2026-08-17T23:45:00Z,7767.75,7767.75,7764.5,7765.75,913
2026-08-17T23:50:00Z,7765.5,7768.0,7765.5,7768.0,389
2026-08-17T23:55:00Z,7768.0,7768.5,7767.25,7768.25,384
2026-08-18T00:00:00Z,7768.0,7769.75,7767.0,7769.25,1041
2026-08-18T00:05:00Z,7769.25,7769.5,7768.5,7768.75,296
2026-08-18T00:10:00Z,7769.0,7769.75,7768.25,7769.5,327
2026-08-18T00:15:00Z,7769.5,7770.5,7768.0,7770.25,460
2026-08-18T00:20:00Z,7770.0,7770.5,7768.75,7769.0,479
2026-08-18T00:25:00Z,7769.0,7769.5,7766.75,7767.5,541
2026-08-18T00:30:00Z,7767.5,7768.25,7766.75,7768.25,465
2026-08-18T00:35:00Z,7768.0,7768.5,7767.5,7767.75,328
2026-08-18T00:40:00Z,7767.5,7767.75,7766.25,7767.5,349
2026-08-18T00:45:00Z,7767.5,7767.75,7767.0,7767.75,208
2026-08-18T00:50:00Z,7767.75,7769.25,7766.25,7766.75,611
2026-08-18T00:55:00Z,7766.5,7767.25,7766.25,7766.75,425
2026-08-18T01:00:00Z,7767.0,7767.75,7766.0,7766.25,499
2026-08-18T01:05:00Z,7766.0,7767.0,7765.5,7765.75,456
2026-08-18T01:10:00Z,7766.0,7767.5,7766.0,7767.5,421
2026-08-18T01:15:00Z,7767.5,7767.5,7766.0,7766.25,502
2026-08-18T01:20:00Z,7766.5,7768.0,7765.75,7768.0,345
2026-08-18T01:25:00Z,7768.0,7768.0,7765.75,7765.75,541
2026-08-18T01:30:00Z,7766.0,7766.0,7765.0,7765.25,603
2026-08-18T01:35:00Z,7765.5,7767.0,7765.0,7765.25,497
2026-08-18T01:40:00Z,7765.25,7765.25,7761.75,7762.25,1145
2026-08-18T01:45:00Z,7762.5,7762.75,7759.0,7760.75,1452
2026-08-18T01:50:00Z,7760.5,7760.75,7755.25,7757.75,2667
2026-08-18T01:55:00Z,7757.75,7761.5,7757.75,7761.5,955
2026-08-18T02:00:00Z,7761.5,7762.0,7760.0,7760.5,683
2026-08-18T02:05:00Z,7760.25,7760.5,7758.5,7759.5,744
2026-08-18T02:10:00Z,7759.5,7759.5,7754.5,7754.75,1008
2026-08-18T02:15:00Z,7754.75,7755.5,7748.0,7752.0,4389
2026-08-18T02:20:00Z,7752.0,7753.0,7749.25,7750.0,791
2026-08-18T02:25:00Z,7750.0,7750.5,7748.0,7749.25,1041
2026-08-18T02:30:00Z,7749.25,7750.5,7748.75,7749.0,1147
2026-08-18T02:35:00Z,7749.25,7753.25,7749.0,7752.0,1149
2026-08-18T02:40:00Z,7752.25,7752.75,7747.25,7747.25,1624
2026-08-18T02:45:00Z,7747.25,7749.25,7742.75,7749.0,2488
2026-08-18T02:50:00Z,7749.0,7749.75,7747.5,7747.75,694
2026-08-18T02:55:00Z,7747.75,7749.75,7746.25,7749.0,1087
2026-08-18T03:00:00Z,7749.25,7749.75,7748.5,7748.75,550
2026-08-18T03:05:00Z,7749.0,7749.25,7748.25,7748.5,847
2026-08-18T03:10:00Z,7748.5,7748.5,7746.75,7747.25,599
2026-08-18T03:15:00Z,7747.25,7747.5,7745.5,7746.25,1076
2026-08-18T03:20:00Z,7746.25,7746.5,7742.25,7743.25,1302
2026-08-18T03:25:00Z,7743.25,7745.25,7742.75,7744.25,545
2026-08-18T03:30:00Z,7744.25,7744.25,7741.25,7741.25,912
2026-08-18T03:35:00Z,7741.25,7745.5,7741.0,7745.0,866
2026-08-18T03:40:00Z,7745.0,7746.0,7744.5,7745.25,633
2026-08-18T03:45:00Z,7745.0,7746.5,7744.0,7744.0,646
2026-08-18T03:50:00Z,7744.0,7746.25,7743.75,7745.25,442
2026-08-18T03:55:00Z,7745.25,7745.5,7743.0,7744.5,421
2026-08-18T04:05:00Z,7743.0,7743.5,7743.0,7743.5,1295
2026-08-18T04:10:00Z,7743.5,7743.5,7742.0,7742.75,509
2026-08-18T04:15:00Z,7742.75,7743.5,7742.25,7743.0,524
2026-08-18T04:20:00Z,7742.75,7743.0,7740.5,7741.0,574
2026-08-18T04:25:00Z,7741.0,7744.25,7739.5,7743.75,1091
2026-08-18T04:30:00Z,7743.75,7744.75,7742.75,7743.25,572
2026-08-18T04:35:00Z,7743.5,7744.75,7740.75,7741.25,567
2026-08-18T04:40:00Z,7741.5,7742.5,7741.5,7741.75,217
2026-08-18T04:45:00Z,7741.75,7742.75,7741.25,7742.75,520
2026-08-18T04:50:00Z,7742.75,7744.25,7742.5,7743.75,345
2026-08-18T04:55:00Z,7743.75,7744.5,7743.5,7743.5,156
2026-08-18T05:00:00Z,7743.5,7743.5,7736.75,7738.5,1278
2026-08-18T05:05:00Z,7738.5,7741.25,7738.5,7740.0,496
2026-08-18T05:10:00Z,7740.0,7740.0,7737.0,7738.25,611
2026-08-18T05:15:00Z,7738.25,7740.25,7738.25,7740.0,531
2026-08-18T05:20:00Z,7740.25,7740.25,7738.75,7739.5,283
2026-08-18T05:25:00Z,7739.25,7740.0,7738.0,7738.0,343
2026-08-18T05:30:00Z,7738.25,7738.5,7736.75,7737.5,511
2026-08-18T05:35:00Z,7737.5,7738.25,7735.5,7736.75,1384
2026-08-18T05:40:00Z,7736.75,7737.25,7736.25,7736.5,658
2026-08-18T05:45:00Z,7736.25,7737.5,7736.0,7737.5,400
2026-08-18T05:50:00Z,7737.75,7738.25,7736.25,7736.75,674
2026-08-18T05:55:00Z,7736.5,7738.5,7734.25,7735.0,1148
2026-08-18T06:00:00Z,7735.25,7735.25,7726.0,7729.25,4397
2026-08-18T06:05:00Z,7729.5,7730.5,7727.25,7730.5,1300
2026-08-18T06:10:00Z,7730.75,7736.5,7730.75,7735.5,1470
2026-08-18T06:15:00Z,7735.25,7736.25,7733.0,7735.75,1455
2026-08-18T06:20:00Z,7736.0,7738.25,7734.75,7735.25,1456
2026-08-18T06:25:00Z,7735.0,7737.25,7733.75,7736.0,1138
2026-08-18T06:30:00Z,7736.0,7736.75,7734.25,7735.75,826
2026-08-18T06:35:00Z,7736.0,7737.5,7734.5,7737.0,790
2026-08-18T06:40:00Z,7737.0,7737.75,7736.75,7737.0,526
2026-08-18T06:45:00Z,7737.0,7738.75,7737.0,7738.0,744
2026-08-18T06:50:00Z,7738.0,7739.25,7737.25,7738.0,1186
2026-08-18T06:55:00Z,7738.0,7742.25,7738.0,7742.0,1321
2026-08-18T07:00:00Z,7741.75,7742.25,7738.0,7738.25,2007
2026-08-18T07:05:00Z,7738.5,7741.75,7738.25,7739.25,1222
2026-08-18T07:10:00Z,7739.25,7739.75,7737.0,7737.0,1079
2026-08-18T07:15:00Z,7736.75,7738.5,7736.0,7737.5,1082
2026-08-18T07:20:00Z,7737.5,7738.75,7737.0,7737.75,704
2026-08-18T07:25:00Z,7738.0,7738.5,7735.25,7735.5,807
2026-08-18T07:30:00Z,7735.5,7736.5,7731.5,7732.0,1137
2026-08-18T07:35:00Z,7732.25,7735.75,7731.0,7735.0,1315
2026-08-18T07:40:00Z,7735.25,7736.0,7730.5,7730.75,1010
2026-08-18T07:45:00Z,7730.5,7731.5,7729.75,7731.25,1319
2026-08-18T07:50:00Z,7731.5,7732.25,7728.5,7729.75,1146
2026-08-18T07:55:00Z,7729.75,7730.25,7726.0,7726.0,1393
2026-08-18T08:00:00Z,7726.5,7727.25,7716.5,7722.0,6528
2026-08-18T08:05:00Z,7721.75,7723.5,7719.5,7722.5,3079
2026-08-18T08:10:00Z,7722.25,7726.75,7720.75,7725.75,3890
2026-08-18T08:15:00Z,7725.75,7728.5,7725.25,7726.25,1915
2026-08-18T08:20:00Z,7726.75,7726.75,7722.75,7724.0,1269
2026-08-18T08:25:00Z,7723.75,7727.25,7723.5,7726.25,1304
2026-08-18T08:30:00Z,7726.25,7729.0,7725.25,7728.5,1108
2026-08-18T08:35:00Z,7728.75,7731.75,7728.75,7731.0,1273
2026-08-18T08:40:00Z,7731.0,7731.75,7729.5,7730.75,912
2026-08-18T08:45:00Z,7730.75,7730.75,7726.5,7726.5,743
2026-08-18T08:50:00Z,7726.25,7729.5,7725.75,7728.75,1354
2026-08-18T08:55:00Z,7728.75,7730.25,7728.0,7729.75,875
2026-08-18T09:00:00Z,7729.75,7731.25,7727.5,7730.25,1566
2026-08-18T09:05:00Z,7730.25,7730.25,7727.0,7727.25,1648
2026-08-18T09:10:00Z,7727.25,7729.25,7727.0,7727.25,1429
2026-08-18T09:15:00Z,7727.25,7728.0,7724.5,7725.0,1399
2026-08-18T09:20:00Z,7725.0,7726.25,7724.0,7724.0,1672
2026-08-18T09:25:00Z,7723.75,7727.5,7723.75,7726.5,1037
2026-08-18T09:30:00Z,7726.25,7729.0,7725.25,7727.75,2209
2026-08-18T09:35:00Z,7727.75,7729.0,7726.5,7726.75,986
2026-08-18T09:40:00Z,7726.75,7727.25,7722.5,7725.5,1384
2026-08-18T09:45:00Z,7725.25,7726.5,7722.75,7724.5,1493
2026-08-18T09:50:00Z,7724.5,7728.75,7723.25,7728.75,1694
2026-08-18T09:55:00Z,7728.5,7730.75,7728.0,7729.5,1191
2026-08-18T10:00:00Z,7729.75,7731.5,7728.5,7730.5,2075
2026-08-18T10:05:00Z,7730.5,7732.25,7730.0,7731.5,992
2026-08-18T10:10:00Z,7732.0,7732.25,7729.25,7730.0,887
2026-08-18T10:15:00Z,7730.25,7732.0,7729.0,7729.0,836
2026-08-18T10:20:00Z,7729.0,7729.75,7728.25,7728.75,670
2026-08-18T10:25:00Z,7728.75,7731.0,7728.25,7730.75,855
2026-08-18T10:30:00Z,7730.75,7732.75,7730.5,7732.0,960
2026-08-18T10:35:00Z,7731.75,7734.0,7731.5,7732.0,1316
2026-08-18T10:40:00Z,7732.0,7732.0,7729.25,7729.75,1623
2026-08-18T10:45:00Z,7729.75,7734.0,7729.5,7733.75,1619
2026-08-18T10:50:00Z,7733.75,7734.25,7733.25,7733.75,631
2026-08-18T10:55:00Z,7733.75,7734.0,7731.5,7731.75,1162
2026-08-18T11:00:00Z,7732.25,7735.5,7730.75,7734.5,2202
2026-08-18T11:05:00Z,7734.5,7735.25,7734.0,7734.25,1547
2026-08-18T11:10:00Z,7734.5,7736.0,7734.25,7735.75,1218
2026-08-18T11:15:00Z,7735.5,7736.25,7735.0,7736.0,1183
2026-08-18T11:20:00Z,7736.0,7736.75,7734.5,7735.0,1599
2026-08-18T11:25:00Z,7735.0,7736.25,7734.5,7735.25,923
2026-08-18T11:30:00Z,7735.25,7735.75,7732.75,7734.0,1742
2026-08-18T11:35:00Z,7733.75,7735.0,7732.5,7732.5,1004
2026-08-18T11:40:00Z,7732.5,7736.5,7732.25,7736.25,1461
2026-08-18T11:45:00Z,7736.25,7738.5,7736.25,7737.75,2052
2026-08-18T11:50:00Z,7737.75,7737.75,7733.75,7734.0,1853
2026-08-18T11:55:00Z,7734.25,7736.75,7734.0,7734.75,1243
2026-08-18T12:00:00Z,7734.75,7738.75,7733.5,7738.5,1501
2026-08-18T12:05:00Z,7738.5,7738.75,7734.0,7735.0,1655
2026-08-18T12:10:00Z,7734.75,7735.0,7732.75,7733.75,1208
2026-08-18T12:15:00Z,7733.75,7735.25,7733.0,7735.25,1088
2026-08-18T12:20:00Z,7735.5,7739.25,7734.25,7734.5,2244
2026-08-18T12:25:00Z,7734.75,7734.75,7732.25,7732.75,1434
2026-08-18T12:30:00Z,7732.75,7734.25,7730.25,7731.25,2073
2026-08-18T12:35:00Z,7731.25,7731.5,7728.5,7729.75,2671
2026-08-18T12:40:00Z,7729.75,7730.5,7729.0,7729.5,1459
2026-08-18T12:45:00Z,7729.75,7732.5,7729.0,7732.25,2237
2026-08-18T12:50:00Z,7732.25,7734.75,7731.75,7734.0,2491
2026-08-18T12:55:00Z,7733.75,7735.75,7733.0,7735.75,1544
2026-08-18T13:00:00Z,7735.75,7736.5,7732.75,7732.75,3060
2026-08-18T13:05:00Z,7732.5,7733.5,7731.5,7731.75,2464
2026-08-18T13:10:00Z,7731.75,7732.0,7730.0,7730.75,2989
2026-08-18T13:15:00Z,7730.75,7732.0,7729.25,7729.75,3735
2026-08-18T13:20:00Z,7729.5,7730.25,7725.5,7726.5,3653
2026-08-18T13:25:00Z,7726.75,7729.75,7724.25,7726.0,7937
2026-08-18T13:30:00Z,7726.5,7734.75,7719.0,7725.75,52330
2026-08-18T13:35:00Z,7725.5,7732.0,7722.75,7731.25,32216
2026-08-18T13:40:00Z,7731.25,7735.25,7727.25,7727.5,21881
2026-08-18T13:45:00Z,7727.5,7731.25,7723.5,7724.75,20418
2026-08-18T13:50:00Z,7724.5,7728.25,7722.0,7725.75,14701
2026-08-18T13:55:00Z,7725.75,7728.5,7721.25,7724.75,14388
2026-08-18T14:00:00Z,7725.0,7732.75,7721.75,7729.5,21663
2026-08-18T14:05:00Z,7729.5,7732.5,7724.25,7725.5,18971
2026-08-18T14:10:00Z,7725.25,7726.0,7716.5,7721.25,23919
2026-08-18T14:15:00Z,7721.25,7728.75,7720.25,7726.0,19999
2026-08-18T14:20:00Z,7725.75,7730.0,7720.0,7728.0,20427
2026-08-18T14:25:00Z,7728.25,7730.75,7725.25,7726.5,18607
2026-08-18T14:30:00Z,7726.5,7732.75,7725.5,7727.5,18684
2026-08-18T14:35:00Z,7727.75,7731.75,7727.25,7731.0,11262
2026-08-18T14:40:00Z,7731.0,7732.25,7723.75,7724.0,12266
2026-08-18T14:45:00Z,7724.0,7726.0,7721.75,7724.75,13662
2026-08-18T14:50:00Z,7724.75,7728.0,7719.0,7719.75,21382
2026-08-18T14:55:00Z,7719.5,7721.75,7717.25,7719.25,18456
2026-08-18T15:00:00Z,7719.5,7723.25,7714.25,7722.25,21207
2026-08-18T15:05:00Z,7722.5,7724.25,7717.5,7718.0,12375
2026-08-18T15:10:00Z,7718.0,7719.5,7716.25,7717.5,13507
2026-08-18T15:15:00Z,7717.25,7719.5,7714.75,7715.0,10576
2026-08-18T15:20:00Z,7714.5,7717.25,7713.25,7715.5,12955
2026-08-18T15:25:00Z,7715.5,7720.25,7714.0,7718.5,13176
2026-08-18T15:30:00Z,7718.25,7721.75,7717.0,7718.75,17141
2026-08-18T15:35:00Z,7718.75,7719.0,7716.0,7718.25,7602
2026-08-18T15:40:00Z,7718.25,7722.75,7716.75,7720.5,8685
2026-08-18T15:45:00Z,7720.75,7725.5,7720.75,7724.0,9023
2026-08-18T15:50:00Z,7723.75,7726.5,7720.75,7724.75,9070
2026-08-18T15:55:00Z,7725.0,7725.0,7720.5,7723.25,7188
2026-08-18T16:00:00Z,7723.5,7726.25,7722.5,7725.5,9183
2026-08-18T16:05:00Z,7725.25,7727.0,7722.0,7723.5,10268
2026-08-18T16:10:00Z,7723.5,7727.25,7723.5,7725.5,7742
2026-08-18T16:15:00Z,7725.5,7726.25,7722.25,7723.0,7125
2026-08-18T16:20:00Z,7723.0,7728.75,7723.0,7726.5,9831
2026-08-18T16:25:00Z,7726.5,7727.25,7721.25,7721.75,7924
2026-08-18T16:30:00Z,7721.75,7724.0,7720.5,7723.0,7819
2026-08-18T16:35:00Z,7723.0,7725.5,7721.5,7724.25,7011
2026-08-18T16:40:00Z,7724.25,7725.75,7721.75,7723.25,6468
2026-08-18T16:45:00Z,7723.5,7728.25,7721.5,7727.75,8562
2026-08-18T16:50:00Z,7727.5,7728.5,7726.0,7728.0,6619
2026-08-18T16:55:00Z,7727.75,7728.0,7726.0,7726.0,5181
2026-08-18T17:00:00Z,7726.0,7726.75,7723.25,7725.5,9183
2026-08-18T17:05:00Z,7725.25,7727.5,7724.25,7727.5,6127
2026-08-18T17:10:00Z,7727.25,7728.0,7724.75,7726.0,3833
2026-08-18T17:15:00Z,7726.0,7726.25,7722.75,7723.0,5189
2026-08-18T17:20:00Z,7722.75,7725.5,7722.25,7722.75,5262
2026-08-18T17:25:00Z,7722.5,7723.25,7720.75,7722.75,6990
2026-08-18T17:30:00Z,7722.5,7723.75,7720.75,7722.0,5927
2026-08-18T17:35:00Z,7721.75,7724.0,7720.0,7722.0,5416
2026-08-18T17:40:00Z,7722.0,7723.0,7720.25,7720.75,3892
2026-08-18T17:45:00Z,7720.5,7722.0,7720.0,7720.25,3814
2026-08-18T17:50:00Z,7720.0,7721.75,7719.5,7720.5,4370
2026-08-18T17:55:00Z,7720.5,7720.5,7715.75,7716.0,8279
2026-08-18T18:00:00Z,7715.75,7717.25,7715.0,7716.25,9340
2026-08-18T18:05:00Z,7716.5,7717.75,7714.25,7715.0,6753
2026-08-18T18:10:00Z,7715.0,7721.25,7714.5,7720.5,8710
2026-08-18T18:15:00Z,7720.75,7725.25,7720.25,7723.75,8677
2026-08-18T18:20:00Z,7723.75,7726.0,7722.0,7722.5,11245
2026-08-18T18:25:00Z,7723.0,7724.25,7721.0,7723.75,5071
2026-08-18T18:30:00Z,7723.5,7724.25,7721.5,7723.5,5063
2026-08-18T18:35:00Z,7723.5,7724.5,7723.25,7723.25,4309
2026-08-18T18:40:00Z,7723.25,7723.75,7721.0,7721.25,6701
2026-08-18T18:45:00Z,7721.25,7722.25,7720.5,7720.75,5996
2026-08-18T18:50:00Z,7720.75,7721.25,7718.0,7718.0,4998
2026-08-18T18:55:00Z,7718.0,7719.25,7716.75,7717.0,10603
2026-08-18T19:00:00Z,7717.0,7718.75,7716.25,7717.5,7915
2026-08-18T19:05:00Z,7717.5,7719.5,7716.5,7718.5,5492
2026-08-18T19:10:00Z,7718.5,7719.25,7715.5,7716.25,6486
2026-08-18T19:15:00Z,7716.25,7718.75,7716.0,7718.75,5935
2026-08-18T19:20:00Z,7718.75,7721.75,7717.75,7721.75,7884
2026-08-18T19:25:00Z,7721.75,7722.25,7720.5,7720.5,8421
2026-08-18T19:30:00Z,7720.75,7722.75,7718.75,7719.5,9704
2026-08-18T19:35:00Z,7719.25,7721.0,7719.0,7720.0,6025
2026-08-18T19:40:00Z,7720.0,7720.25,7717.75,7719.5,8776
2026-08-18T19:45:00Z,7719.5,7720.25,7717.25,7719.5,9852
2026-08-18T19:50:00Z,7719.5,7720.25,7713.25,7714.75,26087
2026-08-18T19:55:00Z,7715.0,7717.75,7710.25,7715.25,94140
2026-08-18T20:00:00Z,7715.25,7716.0,7712.75,7715.0,18534
2026-08-18T20:05:00Z,7715.25,7716.0,7713.25,7713.5,4098
2026-08-18T20:10:00Z,7713.5,7715.25,7713.25,7714.5,3392
2026-08-18T20:15:00Z,7714.5,7715.25,7713.75,7714.0,1743
2026-08-18T20:20:00Z,7714.25,7714.5,7712.25,7712.5,1583
2026-08-18T20:25:00Z,7712.5,7714.75,7712.25,7714.5,1393
2026-08-18T20:30:00Z,7714.5,7715.5,7714.0,7715.25,1124
2026-08-18T20:35:00Z,7715.25,7716.0,7715.25,7715.75,629
2026-08-18T20:40:00Z,7715.75,7716.0,7714.5,7714.75,931
2026-08-18T20:45:00Z,7714.5,7715.25,7711.25,7711.5,2391
2026-08-18T20:50:00Z,7711.75,7713.0,7711.5,7712.5,759
2026-08-18T20:55:00Z,7712.5,7713.5,7712.25,7713.25,955
2026-08-18T22:00:00Z,7714.5,7716.25,7712.25,7714.0,0
2026-08-18T22:05:00Z,7713.75,7715.0,7712.5,7714.0,410
2026-08-18T22:10:00Z,7714.0,7714.0,7713.0,7713.25,390
2026-08-18T22:15:00Z,7713.5,7715.5,7713.5,7715.5,559
2026-08-18T22:20:00Z,7715.5,7717.5,7715.0,7715.25,1090
2026-08-18T22:25:00Z,7715.25,7715.25,7711.25,7711.25,1442
2026-08-18T22:30:00Z,7711.5,7712.5,7711.0,7712.25,677
2026-08-18T22:35:00Z,7712.0,7712.25,7710.0,7710.0,444
2026-08-18T22:40:00Z,7710.0,7711.0,7709.5,7711.0,583
2026-08-18T22:45:00Z,7711.0,7711.25,7709.25,7709.75,416
2026-08-18T22:50:00Z,7710.0,7710.5,7707.5,7708.5,938
2026-08-18T22:55:00Z,7708.25,7708.5,7707.5,7707.75,458
2026-08-18T23:00:00Z,7707.75,7709.25,7706.75,7708.75,626
2026-08-18T23:05:00Z,7708.5,7711.75,7708.0,7710.5,907
2026-08-18T23:10:00Z,7710.75,7711.0,7709.5,7710.5,199
2026-08-18T23:15:00Z,7710.5,7710.75,7708.5,7709.25,530
2026-08-18T23:20:00Z,7709.25,7714.5,7709.25,7712.25,637
2026-08-18T23:25:00Z,7712.25,7712.75,7711.25,7711.25,252
2026-08-18T23:30:00Z,7711.5,7712.25,7710.75,7711.75,489
2026-08-18T23:35:00Z,7711.75,7712.25,7710.75,7711.5,223
2026-08-18T23:40:00Z,7711.75,7712.25,7711.25,7711.75,292
2026-08-18T23:45:00Z,7711.5,7712.0,7710.75,7711.5,657
2026-08-18T23:50:00Z,7711.25,7714.25,7710.75,7713.0,790
2026-08-18T23:55:00Z,7712.75,7712.75,7710.5,7710.75,426
2026-08-19T00:00:00Z,7710.5,7710.75,7702.75,7705.0,2784
2026-08-19T00:05:00Z,7705.0,7706.75,7702.5,7705.0,1285
2026-08-19T00:10:00Z,7705.25,7705.25,7702.0,7702.25,610
2026-08-19T00:15:00Z,7705.75,7707.0,7705.25,7707.0,1637
2026-08-19T00:20:00Z,7707.0,7710.5,7705.75,7709.0,1231
2026-08-19T00:25:00Z,7708.5,7711.0,7708.0,7711.0,967
2026-08-19T00:30:00Z,7711.0,7713.75,7711.0,7711.75,1114
2026-08-19T00:35:00Z,7712.0,7715.5,7712.0,7715.0,1090
2026-08-19T00:40:00Z,7715.0,7716.0,7714.0,7714.75,777
2026-08-19T00:45:00Z,7714.75,7715.5,7713.5,7713.75,805
2026-08-19T00:50:00Z,7713.75,7714.0,7712.0,7712.0,808
2026-08-19T00:55:00Z,7712.0,7712.75,7710.5,7711.0,618
2026-08-19T01:00:00Z,7710.5,7713.5,7709.5,7713.25,1229
2026-08-19T01:05:00Z,7713.25,7715.25,7713.25,7715.0,1249
2026-08-19T01:10:00Z,7715.0,7715.0,7713.5,7713.75,777
2026-08-19T01:15:00Z,7714.0,7715.0,7711.75,7715.0,1004
2026-08-19T01:20:00Z,7715.0,7717.0,7714.5,7715.25,1148
2026-08-19T01:25:00Z,7715.25,7716.25,7714.0,7715.75,584
2026-08-19T01:30:00Z,7715.5,7715.75,7711.75,7711.75,1429
2026-08-19T01:35:00Z,7711.5,7714.5,7711.5,7714.0,614
2026-08-19T01:40:00Z,7714.0,7714.25,7710.0,7711.25,723
2026-08-19T01:45:00Z,7710.75,7711.5,7709.75,7711.0,711
2026-08-19T01:50:00Z,7711.25,7712.25,7710.5,7712.0,563
2026-08-19T01:55:00Z,7712.0,7713.0,7710.75,7711.25,677
2026-08-19T02:00:00Z,7711.25,7712.0,7709.75,7710.0,533
2026-08-19T02:05:00Z,7710.0,7710.0,7708.0,7708.75,685
2026-08-19T02:10:00Z,7708.5,7708.75,7706.0,7706.75,931
2026-08-19T02:15:00Z,7706.75,7709.75,7706.25,7707.0,2377
2026-08-19T02:20:00Z,7707.0,7711.0,7706.75,7710.25,683
2026-08-19T02:25:00Z,7710.5,7711.5,7709.25,7709.5,383
2026-08-19T02:30:00Z,7709.5,7709.75,7706.5,7706.75,461
2026-08-19T02:35:00Z,7706.75,7708.25,7706.5,7708.0,444
2026-08-19T02:40:00Z,7708.0,7708.5,7707.25,7707.75,514
2026-08-19T02:45:00Z,7708.0,7710.75,7707.75,7710.0,533
2026-08-19T02:50:00Z,7710.0,7710.5,7707.75,7708.0,451
2026-08-19T02:55:00Z,7708.0,7709.75,7707.5,7709.25,343
2026-08-19T03:00:00Z,7709.5,7710.75,7709.25,7710.0,520
2026-08-19T03:05:00Z,7710.0,7710.25,7707.5,7707.75,495
2026-08-19T03:10:00Z,7707.75,7709.0,7707.0,7708.5,403
2026-08-19T03:15:00Z,7708.5,7710.25,7708.5,7709.0,414
2026-08-19T03:20:00Z,7709.25,7709.25,7707.5,7708.5,346
2026-08-19T03:25:00Z,7708.75,7709.0,7708.0,7708.75,211
2026-08-19T03:30:00Z,7708.5,7710.5,7708.0,7710.0,570
2026-08-19T03:35:00Z,7709.5,7712.0,7708.75,7709.0,856
2026-08-19T03:40:00Z,7709.25,7709.25,7708.0,7708.25,284
2026-08-19T03:45:00Z,7708.0,7708.0,7705.75,7707.0,539
2026-08-19T03:50:00Z,7707.25,7709.0,7707.0,7707.0,436
2026-08-19T03:55:00Z,7707.0,7707.5,7706.25,7706.75,197
2026-08-19T04:05:00Z,7705.0,7705.5,7705.0,7705.25,937
2026-08-19T04:10:00Z,7705.25,7706.0,7704.5,7705.75,451
2026-08-19T04:15:00Z,7705.5,7705.75,7704.75,7705.0,211
2026-08-19T04:20:00Z,7707.5,7709.0,7707.0,7707.5,1234
2026-08-19T04:25:00Z,7707.75,7708.5,7707.25,7707.5,374
2026-08-19T04:30:00Z,7707.75,7708.5,7703.75,7704.75,835
2026-08-19T04:35:00Z,7704.75,7706.25,7704.0,7704.0,365
2026-08-19T04:40:00Z,7704.25,7705.25,7703.75,7704.0,470
2026-08-19T04:45:00Z,7704.0,7704.75,7701.0,7701.5,847
2026-08-19T04:50:00Z,7701.25,7701.5,7699.5,7700.0,576
2026-08-19T04:55:00Z,7703.0,7704.5,7703.0,7704.25,911
2026-08-19T05:00:00Z,7704.25,7708.0,7703.75,7707.75,1067
2026-08-19T05:05:00Z,7707.75,7708.25,7704.25,7705.5,526
2026-08-19T05:10:00Z,7705.75,7706.0,7702.0,7703.0,503
2026-08-19T05:15:00Z,7702.75,7703.5,7699.5,7700.0,705
2026-08-19T05:20:00Z,7700.0,7702.5,7699.75,7701.75,534
2026-08-19T05:25:00Z,7702.0,7704.5,7701.25,7704.25,570
2026-08-19T05:30:00Z,7704.25,7704.75,7701.75,7701.75,582
2026-08-19T05:35:00Z,7702.0,7702.75,7699.5,7701.25,609
2026-08-19T05:40:00Z,7701.0,7701.25,7698.75,7700.25,811
2026-08-19T05:45:00Z,7700.25,7701.0,7699.5,7700.25,270
2026-08-19T05:50:00Z,7700.25,7700.5,7698.5,7699.0,370
2026-08-19T05:55:00Z,7698.75,7700.0,7698.25,7699.75,830
2026-08-19T06:00:00Z,7699.5,7701.25,7699.25,7699.5,1119
2026-08-19T06:05:00Z,7699.75,7700.5,7698.25,7698.5,1251
2026-08-19T06:10:00Z,7698.75,7700.0,7698.25,7698.75,587
2026-08-19T06:15:00Z,7699.0,7705.75,7699.0,7705.5,1218
2026-08-19T06:20:00Z,7705.25,7708.0,7705.25,7707.5,1016
2026-08-19T06:25:00Z,7707.75,7708.5,7704.75,7705.75,689
2026-08-19T06:30:00Z,7705.5,7707.75,7704.75,7706.0,704
2026-08-19T06:35:00Z,7706.25,7707.25,7706.0,7706.5,238
2026-08-19T06:40:00Z,7706.5,7707.25,7703.75,7707.25,772
2026-08-19T06:45:00Z,7707.5,7711.0,7707.5,7709.75,1780
2026-08-19T06:50:00Z,7710.0,7712.5,7709.5,7712.0,1118
2026-08-19T06:55:00Z,7712.0,7715.0,7711.5,7714.5,2115
2026-08-19T07:00:00Z,7714.5,7714.75,7709.75,7711.0,3032
2026-08-19T07:05:00Z,7711.25,7713.75,7709.5,7712.75,1255
2026-08-19T07:10:00Z,7713.0,7715.0,7712.75,7714.5,1748
2026-08-19T07:15:00Z,7714.5,7714.75,7711.75,7712.5,933
2026-08-19T07:20:00Z,7712.5,7715.5,7712.5,7715.0,964
2026-08-19T07:25:00Z,7715.0,7715.75,7714.5,7715.75,834
2026-08-19T07:30:00Z,7715.75,7718.5,7715.75,7717.75,1589
2026-08-19T07:35:00Z,7717.5,7719.0,7716.25,7716.25,961
2026-08-19T07:40:00Z,7716.25,7716.5,7713.75,7715.5,881
2026-08-19T07:45:00Z,7715.25,7717.25,7715.25,7715.5,712
2026-08-19T07:50:00Z,7715.5,7716.0,7714.5,7715.25,544
2026-08-19T07:55:00Z,7715.25,7718.75,7715.25,7718.5,1216
2026-08-19T08:00:00Z,7718.5,7720.25,7716.75,7719.75,3057
2026-08-19T08:05:00Z,7719.5,7720.75,7719.0,7719.5,2464
2026-08-19T08:10:00Z,7719.25,7720.75,7718.5,7718.75,1900
2026-08-19T08:15:00Z,7718.75,7721.25,7718.0,7720.75,1649
2026-08-19T08:20:00Z,7720.75,7722.0,7719.5,7721.0,1997
2026-08-19T08:25:00Z,7721.0,7721.5,7720.25,7721.5,912
2026-08-19T08:30:00Z,7721.5,7721.5,7718.5,7719.0,1137
2026-08-19T08:35:00Z,7719.0,7720.25,7719.0,7720.0,568
2026-08-19T08:40:00Z,7719.75,7721.25,7719.5,7720.5,532
2026-08-19T08:45:00Z,7720.5,7721.0,7720.25,7720.5,465
2026-08-19T08:50:00Z,7720.5,7720.75,7719.0,7719.25,924
2026-08-19T08:55:00Z,7719.5,7719.75,7717.75,7718.25,1414
2026-08-19T09:00:00Z,7718.0,7720.25,7717.75,7720.25,1240
2026-08-19T09:05:00Z,7720.25,7720.75,7716.75,7716.75,1172
2026-08-19T09:10:00Z,7716.5,7717.75,7716.5,7716.5,713
2026-08-19T09:15:00Z,7716.5,7716.5,7714.75,7715.5,1102
2026-08-19T09:20:00Z,7715.5,7717.0,7715.0,7715.5,554
2026-08-19T09:25:00Z,7715.75,7716.0,7714.0,7714.25,674
2026-08-19T09:30:00Z,7714.5,7716.0,7714.0,7715.5,685
2026-08-19T09:35:00Z,7715.5,7716.5,7714.5,7715.0,679
2026-08-19T09:40:00Z,7715.0,7715.75,7713.5,7714.0,743
2026-08-19T09:45:00Z,7713.75,7715.0,7713.5,7714.25,628
2026-08-19T09:50:00Z,7714.0,7714.25,7712.25,7713.0,988
2026-08-19T09:55:00Z,7713.0,7713.75,7711.75,7713.5,671
2026-08-19T10:00:00Z,7713.5,7714.25,7711.25,7711.5,881
2026-08-19T10:05:00Z,7711.5,7712.0,7710.25,7711.25,928
2026-08-19T10:10:00Z,7711.25,7713.75,7710.75,7713.5,651
2026-08-19T10:15:00Z,7713.25,7713.25,7711.5,7711.5,854
2026-08-19T10:20:00Z,7711.5,7712.25,7709.5,7711.0,775
2026-08-19T10:25:00Z,7711.25,7713.5,7710.5,7713.0,714
2026-08-19T10:30:00Z,7713.25,7713.75,7712.0,7713.25,560
2026-08-19T10:35:00Z,7713.0,7715.5,7712.5,7715.25,936
2026-08-19T10:40:00Z,7715.0,7716.25,7714.75,7716.0,478
2026-08-19T10:45:00Z,7716.0,7716.25,7714.25,7714.25,405
2026-08-19T10:50:00Z,7714.25,7714.5,7713.25,7714.25,388
2026-08-19T10:55:00Z,7714.0,7714.25,7713.25,7713.25,792
2026-08-19T11:00:00Z,7713.75,7718.0,7713.25,7717.75,1697
2026-08-19T11:05:00Z,7717.75,7719.25,7715.75,7715.75,978
2026-08-19T11:10:00Z,7716.0,7718.25,7715.75,7717.5,601
2026-08-19T11:15:00Z,7717.75,7718.5,7717.0,7718.25,575
2026-08-19T11:20:00Z,7718.0,7719.0,7716.5,7718.5,1133
2026-08-19T11:25:00Z,7718.5,7718.75,7716.5,7717.5,676
2026-08-19T11:30:00Z,7717.25,7717.75,7715.5,7716.0,1129
2026-08-19T11:35:00Z,7716.0,7716.75,7715.5,7716.25,473
2026-08-19T11:40:00Z,7716.0,7716.5,7713.25,7715.75,1530
2026-08-19T11:45:00Z,7715.75,7717.0,7715.0,7716.0,672
2026-08-19T11:50:00Z,7716.0,7717.0,7715.5,7715.75,869
2026-08-19T11:55:00Z,7716.0,7718.0,7715.75,7718.0,812
2026-08-19T12:00:00Z,7717.75,7718.25,7715.0,7715.75,1534
2026-08-19T12:05:00Z,7715.5,7718.25,7715.25,7716.25,827
2026-08-19T12:10:00Z,7716.5,7718.5,7716.5,7717.75,1694
2026-08-19T12:15:00Z,7717.5,7719.0,7716.5,7719.0,1608
2026-08-19T12:20:00Z,7718.75,7720.0,7718.5,7719.75,2116
2026-08-19T12:25:00Z,7719.75,7720.25,7715.75,7717.0,4989
2026-08-19T12:30:00Z,7717.25,7725.5,7714.75,7724.75,9445
2026-08-19T12:35:00Z,7724.75,7735.0,7720.5,7734.25,16736
2026-08-19T12:40:00Z,7734.25,7740.75,7733.0,7740.5,15952
2026-08-19T12:45:00Z,7740.75,7751.75,7740.75,7751.75,20556
2026-08-19T12:50:00Z,7751.75,7758.25,7751.25,7755.0,14478
2026-08-19T12:55:00Z,7755.25,7755.25,7746.5,7748.25,9813
2026-08-19T13:00:00Z,7748.0,7748.25,7740.5,7740.75,8920
2026-08-19T13:05:00Z,7740.75,7746.5,7740.25,7745.25,7036
2026-08-19T13:10:00Z,7745.0,7749.5,7745.0,7748.5,3791
2026-08-19T13:15:00Z,7748.25,7749.0,7746.5,7748.0,3718
2026-08-19T13:20:00Z,7748.0,7750.75,7747.25,7748.75,2990
2026-08-19T13:25:00Z,7748.75,7750.75,7743.25,7743.5,8112
2026-08-19T13:30:00Z,7743.5,7746.0,7738.25,7739.75,40233
2026-08-19T13:35:00Z,7739.75,7742.0,7733.0,7734.75,24795
2026-08-19T13:40:00Z,7734.75,7742.5,7732.0,7740.5,25963
2026-08-19T13:45:00Z,7740.75,7745.75,7723.25,7725.0,34700
2026-08-19T13:50:00Z,7725.0,7736.75,7720.75,7736.25,34105
2026-08-19T13:55:00Z,7736.0,7743.25,7733.5,7739.5,24333
2026-08-19T14:00:00Z,7739.75,7742.25,7735.25,7736.25,23367
2026-08-19T14:05:00Z,7736.0,7740.25,7734.5,7737.75,17356
2026-08-19T14:10:00Z,7737.75,7739.25,7726.5,7727.5,26330
2026-08-19T14:15:00Z,7727.5,7741.0,7726.75,7737.25,25894
2026-08-19T14:20:00Z,7737.25,7741.25,7733.5,7735.5,18369
2026-08-19T14:25:00Z,7735.0,7740.25,7731.5,7739.5,19590
2026-08-19T14:30:00Z,7739.5,7744.25,7737.75,7741.5,17383
2026-08-19T14:35:00Z,7741.5,7752.75,7741.0,7751.25,19599
2026-08-19T14:40:00Z,7751.5,7753.25,7748.0,7750.5,14586
2026-08-19T14:45:00Z,7750.5,7752.5,7746.5,7747.25,11195
2026-08-19T14:50:00Z,7747.0,7754.0,7746.75,7753.25,12616
2026-08-19T14:55:00Z,7753.25,7762.25,7752.5,7761.75,18520
2026-08-19T15:00:00Z,7762.0,7764.75,7760.0,7761.75,17047
2026-08-19T15:05:00Z,7761.75,7762.5,7754.5,7754.75,14024
2026-08-19T15:10:00Z,7755.0,7759.5,7754.5,7758.0,9633
2026-08-19T15:15:00Z,7757.75,7758.25,7753.5,7754.5,10098
2026-08-19T15:20:00Z,7754.5,7755.5,7751.25,7751.25,10335
2026-08-19T15:25:00Z,7751.5,7752.0,7748.25,7750.25,12936
2026-08-19T15:30:00Z,7750.5,7751.25,7747.0,7747.25,10091
2026-08-19T15:35:00Z,7747.5,7748.75,7743.0,7744.75,11243
2026-08-19T15:40:00Z,7744.5,7744.75,7740.0,7744.25,14236
2026-08-19T15:45:00Z,7744.0,7748.25,7743.0,7743.25,13911
2026-08-19T15:50:00Z,7743.25,7744.75,7740.0,7740.75,13874
2026-08-19T15:55:00Z,7740.5,7745.75,7739.75,7745.75,8407
2026-08-19T16:00:00Z,7745.75,7752.5,7743.25,7752.5,15147
2026-08-19T16:05:00Z,7752.5,7755.5,7751.5,7754.75,10436
2026-08-19T16:10:00Z,7754.5,7756.25,7754.25,7755.25,7717
2026-08-19T16:15:00Z,7755.0,7759.5,7753.75,7757.75,9440
2026-08-19T16:20:00Z,7757.75,7758.0,7753.0,7753.5,7556
2026-08-19T16:25:00Z,7753.75,7753.75,7745.75,7746.0,10686
2026-08-19T16:30:00Z,7746.0,7747.0,7743.5,7746.75,11583
2026-08-19T16:35:00Z,7746.5,7746.75,7742.0,7744.5,7089
2026-08-19T16:40:00Z,7744.5,7744.75,7741.75,7743.25,6406
2026-08-19T16:45:00Z,7743.25,7743.75,7740.25,7741.25,7604
2026-08-19T16:50:00Z,7740.75,7741.0,7736.5,7738.0,12286
2026-08-19T16:55:00Z,7737.75,7737.75,7734.25,7736.25,8967
2026-08-19T17:00:00Z,7736.25,7740.5,7735.25,7738.5,8657
2026-08-19T17:05:00Z,7738.5,7741.5,7733.75,7734.25,9010
2026-08-19T17:10:00Z,7734.5,7740.0,7734.25,7737.75,7170
2026-08-19T17:15:00Z,7737.5,7739.25,7733.75,7734.0,7322
2026-08-19T17:20:00Z,7734.0,7734.5,7729.75,7732.5,11192
2026-08-19T17:25:00Z,7732.25,7736.0,7731.5,7735.0,8311
2026-08-19T17:30:00Z,7735.0,7736.0,7731.25,7731.5,8272
2026-08-19T17:35:00Z,7731.25,7734.25,7730.75,7731.75,6834
2026-08-19T17:40:00Z,7732.0,7737.0,7731.5,7735.0,6724
2026-08-19T17:45:00Z,7735.0,7737.25,7734.25,7734.75,6031
2026-08-19T17:50:00Z,7734.75,7738.5,7734.0,7735.5,6351
2026-08-19T17:55:00Z,7735.25,7735.5,7732.75,7734.75,4053
2026-08-19T18:00:00Z,7734.5,7745.0,7733.25,7740.75,15734
2026-08-19T18:05:00Z,7740.5,7742.0,7729.0,7729.5,15840
2026-08-19T18:10:00Z,7729.25,7736.5,7729.0,7734.0,9516
2026-08-19T18:15:00Z,7733.75,7734.25,7730.0,7732.5,8370
2026-08-19T18:20:00Z,7732.5,7734.25,7731.25,7732.0,5440
2026-08-19T18:25:00Z,7732.25,7735.75,7731.75,7735.0,6800
2026-08-19T18:30:00Z,7735.0,7739.75,7735.0,7738.5,10595
2026-08-19T18:35:00Z,7738.5,7738.75,7736.0,7737.25,6785
2026-08-19T18:40:00Z,7737.25,7740.5,7736.5,7737.5,6814
2026-08-19T18:45:00Z,7737.5,7737.75,7735.25,7737.5,5519
2026-08-19T18:50:00Z,7737.75,7738.0,7734.0,7736.25,7023
2026-08-19T18:55:00Z,7736.0,7737.0,7734.5,7734.75,5135
2026-08-19T19:00:00Z,7734.75,7737.5,7733.75,7735.75,8605
2026-08-19T19:05:00Z,7736.0,7739.25,7734.5,7738.5,5599
2026-08-19T19:10:00Z,7738.5,7739.0,7736.25,7736.5,5401
2026-08-19T19:15:00Z,7736.5,7739.75,7735.75,7739.75,8593
2026-08-19T19:20:00Z,7739.5,7740.0,7736.25,7739.0,7357
2026-08-19T19:25:00Z,7738.75,7740.0,7735.25,7735.75,8388
2026-08-19T19:30:00Z,7736.0,7743.5,7735.5,7741.5,11963
2026-08-19T19:35:00Z,7741.75,7741.75,7731.25,7731.25,17654
2026-08-19T19:40:00Z,7731.25,7733.75,7729.25,7729.5,11998
2026-08-19T19:45:00Z,7729.25,7730.5,7724.75,7727.25,15923
2026-08-19T19:50:00Z,7727.25,7728.5,7722.25,7727.0,24177
2026-08-19T19:55:00Z,7727.0,7731.75,7721.75,7731.25,79314
2026-08-19T20:00:00Z,7731.25,7732.75,7729.0,7729.75,17958
2026-08-19T20:05:00Z,7730.0,7730.25,7725.75,7729.5,5892
2026-08-19T20:10:00Z,7729.25,7730.25,7728.5,7728.5,3023
2026-08-19T20:15:00Z,7728.5,7728.75,7726.25,7727.25,3092
2026-08-19T20:20:00Z,7727.5,7728.0,7727.0,7727.25,1238
2026-08-19T20:25:00Z,7727.75,7729.5,7727.25,7729.5,1407
2026-08-19T20:30:00Z,7729.25,7730.0,7727.75,7729.5,1429
2026-08-19T20:35:00Z,7729.75,7730.0,7728.25,7728.25,812
2026-08-19T20:40:00Z,7728.25,7729.75,7727.5,7728.75,1052
2026-08-19T20:45:00Z,7729.0,7730.5,7729.0,7730.0,697
2026-08-19T20:50:00Z,7730.25,7731.5,7730.0,7731.0,1410
2026-08-19T20:55:00Z,7731.0,7731.25,7730.0,7730.5,1516
2026-08-19T22:00:00Z,7733.0,7739.25,7731.5,7737.75,0
2026-08-19T22:05:00Z,7737.75,7738.25,7734.75,7738.25,1127
2026-08-19T22:10:00Z,7738.0,7743.25,7735.75,7741.0,1954
2026-08-19T22:15:00Z,7740.75,7741.0,7739.0,7739.5,587
2026-08-19T22:20:00Z,7739.25,7740.75,7738.25,7740.75,432
2026-08-19T22:25:00Z,7740.5,7740.5,7738.25,7739.0,322
2026-08-19T22:30:00Z,7738.75,7739.0,7737.75,7738.5,442
2026-08-19T22:35:00Z,7738.5,7741.25,7738.25,7741.0,459
2026-08-19T22:40:00Z,7740.75,7742.0,7740.25,7740.5,348
2026-08-19T22:45:00Z,7740.5,7741.5,7740.25,7740.75,212
2026-08-19T22:50:00Z,7740.75,7742.0,7740.75,7741.5,184
2026-08-19T22:55:00Z,7741.5,7742.5,7739.25,7742.0,795
2026-08-19T23:00:00Z,7742.25,7746.5,7740.0,7741.25,1455
2026-08-19T23:05:00Z,7741.25,7744.5,7740.75,7743.5,351
2026-08-19T23:10:00Z,7743.5,7743.75,7742.0,7742.25,216
2026-08-19T23:15:00Z,7742.0,7743.0,7742.0,7742.25,152
2026-08-19T23:20:00Z,7742.25,7742.25,7740.75,7741.0,132
2026-08-19T23:25:00Z,7741.5,7741.75,7741.0,7741.75,399
2026-08-19T23:30:00Z,7741.75,7742.0,7740.25,7741.0,835
2026-08-19T23:35:00Z,7741.25,7742.25,7740.5,7741.5,421
2026-08-19T23:40:00Z,7741.5,7743.75,7741.5,7743.0,258
2026-08-19T23:45:00Z,7742.75,7743.0,7741.75,7741.75,485
2026-08-19T23:50:00Z,7742.0,7743.75,7740.5,7741.75,648
2026-08-19T23:55:00Z,7741.5,7742.0,7739.75,7740.0,679
2026-08-20T00:00:00Z,7739.75,7740.0,7735.25,7737.5,2113
2026-08-20T00:05:00Z,7737.5,7738.75,7734.0,7735.25,1066
2026-08-20T00:10:00Z,7735.25,7739.75,7734.25,7739.5,765
2026-08-20T00:15:00Z,7739.5,7742.25,7739.0,7741.25,975
2026-08-20T00:20:00Z,7741.25,7742.75,7738.75,7741.0,626
2026-08-20T00:25:00Z,7740.5,7740.5,7738.5,7739.0,391
2026-08-20T00:30:00Z,7739.0,7740.0,7737.25,7739.75,517
2026-08-20T00:35:00Z,7740.0,7742.0,7738.0,7742.0,439
2026-08-20T00:40:00Z,7741.75,7742.0,7740.25,7740.5,496
2026-08-20T00:45:00Z,7740.5,7742.0,7739.75,7740.25,488
2026-08-20T00:50:00Z,7740.25,7742.25,7740.25,7742.25,419
2026-08-20T00:55:00Z,7742.5,7742.75,7741.75,7742.25,452
2026-08-20T01:00:00Z,7742.25,7744.0,7741.5,7743.25,1010
2026-08-20T01:05:00Z,7743.25,7743.5,7741.25,7741.5,825
2026-08-20T01:10:00Z,7741.25,7741.5,7739.0,7740.5,1129
2026-08-20T01:15:00Z,7740.25,7743.25,7739.5,7743.25,826
2026-08-20T01:20:00Z,7743.0,7743.0,7738.75,7739.5,542
2026-08-20T01:25:00Z,7739.5,7740.75,7738.0,7739.75,490
2026-08-20T01:30:00Z,7739.25,7741.0,7737.5,7739.5,687
2026-08-20T01:35:00Z,7739.5,7740.75,7738.75,7740.75,480
2026-08-20T01:40:00Z,7740.5,7742.25,7740.25,7742.0,491
2026-08-20T01:45:00Z,7742.0,7742.5,7740.0,7740.75,483
2026-08-20T01:50:00Z,7741.0,7742.0,7739.0,7741.0,604
2026-08-20T01:55:00Z,7740.5,7740.5,7737.0,7738.75,614
2026-08-20T02:00:00Z,7738.75,7743.0,7738.5,7742.0,745
2026-08-20T02:05:00Z,7742.25,7743.0,7741.5,7741.5,309
2026-08-20T02:10:00Z,7741.5,7741.75,7740.0,7741.75,345
2026-08-20T02:15:00Z,7741.25,7741.5,7738.75,7739.5,269
2026-08-20T02:20:00Z,7739.5,7739.5,7735.5,7737.0,817
2026-08-20T02:25:00Z,7737.0,7737.75,7736.25,7736.75,323
2026-08-20T02:30:00Z,7736.75,7740.5,7735.0,7740.25,657
2026-08-20T02:35:00Z,7740.5,7740.75,7737.75,7739.0,283
2026-08-20T02:40:00Z,7739.0,7740.0,7738.5,7739.25,248
2026-08-20T02:45:00Z,7739.0,7739.75,7736.75,7736.75,305
2026-08-20T02:50:00Z,7736.75,7737.25,7735.75,7736.5,442
2026-08-20T02:55:00Z,7736.5,7737.75,7736.0,7737.75,351
2026-08-20T03:00:00Z,7738.0,7739.25,7737.0,7738.75,476
2026-08-20T03:05:00Z,7738.75,7741.25,7738.5,7738.75,482
2026-08-20T03:10:00Z,7738.75,7739.0,7736.25,7738.5,446
2026-08-20T03:15:00Z,7738.75,7740.75,7738.25,7740.5,332
2026-08-20T03:20:00Z,7740.5,7742.0,7740.25,7740.75,421
2026-08-20T03:25:00Z,7740.75,7740.75,7739.75,7739.75,424
2026-08-20T03:30:00Z,7739.5,7739.75,7737.0,7737.5,620
2026-08-20T03:35:00Z,7737.25,7738.25,7736.25,7738.0,466
2026-08-20T03:40:00Z,7738.25,7740.0,7737.75,7739.0,288
2026-08-20T03:45:00Z,7738.75,7740.0,7738.0,7739.75,366
2026-08-20T03:50:00Z,7739.5,7740.75,7739.0,7739.0,283
2026-08-20T03:55:00Z,7739.5,7740.5,7738.75,7738.75,264
2026-08-20T04:05:00Z,7741.75,7742.25,7741.5,7742.25,814
2026-08-20T04:10:00Z,7742.5,7742.75,7742.0,7742.5,309
2026-08-20T04:15:00Z,7742.5,7742.75,7741.75,7742.5,226
2026-08-20T04:20:00Z,7742.5,7742.5,7740.75,7741.25,280
2026-08-20T04:25:00Z,7741.0,7742.0,7741.0,7741.25,293
2026-08-20T04:30:00Z,7741.0,7741.25,7738.5,7738.5,451
2026-08-20T04:35:00Z,7738.25,7739.5,7737.75,7739.5,390
2026-08-20T04:40:00Z,7739.75,7741.25,7739.25,7740.5,275
2026-08-20T04:45:00Z,7740.25,7741.25,7740.0,7740.5,185
2026-08-20T04:50:00Z,7740.5,7741.75,7740.25,7740.25,214
2026-08-20T04:55:00Z,7740.25,7740.25,7738.75,7739.25,232
2026-08-20T05:00:00Z,7739.25,7739.25,7738.0,7738.5,568
2026-08-20T05:05:00Z,7738.5,7738.5,7737.25,7737.5,308
2026-08-20T05:10:00Z,7737.25,7737.25,7734.75,7735.5,575
2026-08-20T05:15:00Z,7735.5,7739.25,7735.25,7739.0,732
2026-08-20T05:20:00Z,7739.0,7740.25,7737.0,7740.25,342
2026-08-20T05:25:00Z,7740.0,7740.75,7737.5,7737.5,475
2026-08-20T05:30:00Z,7737.5,7739.5,7736.5,7737.0,471
2026-08-20T05:35:00Z,7736.75,7737.0,7735.75,7737.0,338
2026-08-20T05:40:00Z,7737.0,7738.0,7736.25,7736.75,301
2026-08-20T05:45:00Z,7736.5,7737.0,7735.5,7736.5,344
2026-08-20T05:50:00Z,7736.25,7736.5,7734.25,7734.25,373
2026-08-20T05:55:00Z,7734.25,7735.5,7734.25,7735.0,370
2026-08-20T06:00:00Z,7735.0,7739.25,7734.75,7739.0,740
2026-08-20T06:05:00Z,7739.25,7742.25,7739.25,7742.0,780
2026-08-20T06:10:00Z,7742.0,7743.25,7740.75,7741.25,716
2026-08-20T06:15:00Z,7741.25,7741.25,7738.25,7739.75,654
2026-08-20T06:20:00Z,7739.75,7740.75,7738.75,7740.5,377
2026-08-20T06:25:00Z,7740.5,7741.25,7739.25,7741.0,473
2026-08-20T06:30:00Z,7740.75,7744.0,7740.0,7744.0,658
2026-08-20T06:35:00Z,7744.0,7744.25,7741.75,7742.0,632
2026-08-20T06:40:00Z,7741.75,7743.75,7741.75,7743.5,328
2026-08-20T06:45:00Z,7743.75,7745.25,7743.5,7744.25,773
2026-08-20T06:50:00Z,7744.25,7745.25,7743.25,7744.0,757
2026-08-20T06:55:00Z,7743.75,7744.0,7742.25,7742.5,473
2026-08-20T07:00:00Z,7742.5,7742.5,7735.75,7737.75,2259
2026-08-20T07:05:00Z,7737.75,7740.25,7736.5,7739.75,1062
2026-08-20T07:10:00Z,7740.0,7740.75,7736.25,7736.5,763
2026-08-20T07:15:00Z,7736.5,7737.0,7735.25,7736.0,687
2026-08-20T07:20:00Z,7736.25,7737.25,7732.5,7733.5,1394
2026-08-20T07:25:00Z,7733.5,7734.5,7731.25,7732.75,914
2026-08-20T07:30:00Z,7732.75,7735.0,7730.0,7734.25,1485
2026-08-20T07:35:00Z,7734.5,7736.0,7733.25,7733.75,936
2026-08-20T07:40:00Z,7734.0,7734.75,7732.0,7732.5,548
2026-08-20T07:45:00Z,7732.25,7735.5,7732.25,7735.0,466
2026-08-20T07:50:00Z,7735.0,7735.0,7731.0,7732.5,1481
2026-08-20T07:55:00Z,7732.5,7733.25,7730.0,7730.0,1544
2026-08-20T08:00:00Z,7730.25,7733.5,7728.25,7728.25,1858
2026-08-20T08:05:00Z,7728.5,7730.75,7727.75,7729.25,1432
2026-08-20T08:10:00Z,7728.75,7729.0,7724.5,7726.75,1880
2026-08-20T08:15:00Z,7726.75,7729.5,7725.25,7727.5,1131
2026-08-20T08:20:00Z,7727.75,7728.75,7723.0,7724.5,1209
2026-08-20T08:25:00Z,7724.5,7725.25,7721.75,7723.0,1415
2026-08-20T08:30:00Z,7723.0,7723.25,7717.25,7717.25,2734
2026-08-20T08:35:00Z,7717.0,7723.75,7716.5,7723.5,1533
2026-08-20T08:40:00Z,7723.75,7724.5,7720.5,7720.75,1458
2026-08-20T08:45:00Z,7720.5,7721.5,7715.5,7717.25,1735
2026-08-20T08:50:00Z,7717.5,7721.5,7717.25,7720.25,784
2026-08-20T08:55:00Z,7720.25,7720.25,7718.0,7718.5,1112
2026-08-20T09:00:00Z,7718.75,7724.0,7717.5,7723.75,1567
2026-08-20T09:05:00Z,7723.75,7727.0,7722.0,7726.5,1470
2026-08-20T09:10:00Z,7726.0,7727.0,7722.75,7724.75,1217
2026-08-20T09:15:00Z,7724.75,7726.0,7722.75,7724.75,679
2026-08-20T09:20:00Z,7724.5,7725.5,7724.0,7725.5,487
2026-08-20T09:25:00Z,7725.5,7726.5,7724.5,7724.5,639
2026-08-20T09:30:00Z,7724.5,7725.0,7722.25,7722.75,658
2026-08-20T09:35:00Z,7722.5,7724.5,7721.75,7724.25,531
2026-08-20T09:40:00Z,7724.25,7725.5,7722.25,7725.25,963
2026-08-20T09:45:00Z,7725.25,7726.75,7724.75,7725.0,589
2026-08-20T09:50:00Z,7725.0,7725.5,7722.25,7725.0,462
2026-08-20T09:55:00Z,7725.0,7725.0,7723.75,7724.0,518
2026-08-20T10:00:00Z,7723.75,7726.0,7722.0,7725.0,748
2026-08-20T10:05:00Z,7725.25,7726.75,7724.5,7726.75,727
2026-08-20T10:10:00Z,7727.0,7729.0,7726.0,7728.5,937
2026-08-20T10:15:00Z,7728.25,7729.25,7726.25,7726.75,677
2026-08-20T10:20:00Z,7726.75,7727.75,7726.25,7727.5,633
2026-08-20T10:25:00Z,7727.75,7728.0,7724.75,7727.25,1193
2026-08-20T10:30:00Z,7727.25,7729.25,7726.25,7726.5,783
2026-08-20T10:35:00Z,7726.0,7728.5,7724.25,7725.25,2473
2026-08-20T10:40:00Z,7725.25,7726.5,7725.25,7725.5,753
2026-08-20T10:45:00Z,7725.5,7730.0,7725.25,7729.5,528
2026-08-20T10:50:00Z,7729.5,7730.0,7728.0,7728.25,802
2026-08-20T10:55:00Z,7728.0,7730.5,7727.5,7730.5,847
2026-08-20T11:00:00Z,7730.5,7733.5,7725.0,7725.5,3941
2026-08-20T11:05:00Z,7725.5,7725.5,7722.75,7724.25,1184
2026-08-20T11:10:00Z,7724.25,7724.5,7720.5,7724.25,1032
2026-08-20T11:15:00Z,7724.25,7726.25,7722.5,7722.75,960
2026-08-20T11:20:00Z,7722.5,7722.75,7717.75,7719.0,2555
2026-08-20T11:25:00Z,7719.25,7720.0,7714.5,7714.75,2197
2026-08-20T11:30:00Z,7714.75,7718.0,7714.75,7716.0,2086
2026-08-20T11:35:00Z,7716.0,7718.75,7714.25,7718.5,1665
2026-08-20T11:40:00Z,7718.5,7719.25,7713.0,7714.0,1646
2026-08-20T11:45:00Z,7714.25,7714.75,7708.25,7709.25,3961
2026-08-20T11:50:00Z,7709.0,7710.0,7707.0,7707.0,2558
2026-08-20T11:55:00Z,7706.75,7707.75,7703.25,7704.25,3786
2026-08-20T12:00:00Z,7704.5,7704.75,7694.5,7696.0,9163
2026-08-20T12:05:00Z,7696.0,7697.0,7687.5,7689.75,12699
2026-08-20T12:10:00Z,7689.75,7690.25,7684.75,7687.25,8112
2026-08-20T12:15:00Z,7687.25,7690.5,7685.75,7686.5,6031
2026-08-20T12:20:00Z,7686.5,7692.75,7686.25,7690.75,6081
2026-08-20T12:25:00Z,7690.5,7690.75,7686.75,7687.0,3036
2026-08-20T12:30:00Z,7687.25,7687.75,7683.75,7685.75,4383
2026-08-20T12:35:00Z,7685.5,7686.75,7680.25,7686.25,6688
2026-08-20T12:40:00Z,7686.25,7689.0,7685.0,7688.75,4873
2026-08-20T12:45:00Z,7688.5,7693.0,7687.75,7693.0,4577
2026-08-20T12:50:00Z,7693.0,7697.0,7692.0,7696.5,5011
2026-08-20T12:55:00Z,7697.0,7697.5,7694.5,7696.75,3117
2026-08-20T13:00:00Z,7697.0,7701.75,7696.75,7700.75,5493
2026-08-20T13:05:00Z,7700.75,7701.5,7697.0,7697.25,5045
2026-08-20T13:10:00Z,7697.25,7698.25,7694.5,7695.0,3715
2026-08-20T13:15:00Z,7695.25,7697.25,7693.25,7695.5,5634
2026-08-20T13:20:00Z,7695.25,7696.25,7692.5,7696.25,4368
2026-08-20T13:25:00Z,7696.25,7698.75,7694.0,7698.0,6570
2026-08-20T13:30:00Z,7698.0,7710.0,7697.25,7709.25,33453
2026-08-20T13:35:00Z,7709.5,7716.0,7705.25,7711.75,30165
2026-08-20T13:40:00Z,7711.5,7716.25,7705.0,7712.0,22409
2026-08-20T13:45:00Z,7712.25,7713.75,7705.0,7710.0,18714
2026-08-20T13:50:00Z,7710.25,7711.5,7702.75,7708.25,20300
2026-08-20T13:55:00Z,7708.25,7711.75,7700.0,7703.75,19488
2026-08-20T14:00:00Z,7704.0,7707.75,7698.25,7698.25,24379
2026-08-20T14:05:00Z,7698.5,7705.0,7696.75,7704.75,21905
2026-08-20T14:10:00Z,7705.0,7705.75,7697.5,7698.25,17332
2026-08-20T14:15:00Z,7698.0,7699.75,7691.75,7692.5,21913
2026-08-20T14:20:00Z,7692.75,7707.75,7691.75,7706.0,26307
2026-08-20T14:25:00Z,7706.0,7706.75,7698.0,7700.25,20962
2026-08-20T14:30:00Z,7700.0,7706.5,7698.25,7699.0,15558
2026-08-20T14:35:00Z,7699.25,7710.25,7697.5,7708.0,16912
2026-08-20T14:40:00Z,7708.0,7711.0,7704.0,7710.0,15195
2026-08-20T14:45:00Z,7710.0,7713.25,7704.5,7705.5,15091
2026-08-20T14:50:00Z,7705.5,7710.75,7704.25,7705.5,11867
2026-08-20T14:55:00Z,7705.5,7710.75,7703.0,7710.0,13555
2026-08-20T15:00:00Z,7710.25,7720.0,7709.25,7717.25,29948
2026-08-20T15:05:00Z,7717.25,7717.25,7701.75,7703.75,23362
2026-08-20T15:10:00Z,7703.75,7708.25,7698.5,7706.0,22069
2026-08-20T15:15:00Z,7705.75,7709.0,7702.0,7705.5,11486
2026-08-20T15:20:00Z,7705.5,7706.0,7697.75,7701.0,15843
2026-08-20T15:25:00Z,7701.0,7706.25,7698.0,7705.5,15536
2026-08-20T15:30:00Z,7705.5,7707.0,7695.75,7697.75,14950
2026-08-20T15:35:00Z,7698.0,7699.5,7693.5,7693.5,13723
2026-08-20T15:40:00Z,7693.5,7696.5,7691.25,7691.5,12928
2026-08-20T15:45:00Z,7691.75,7695.5,7690.5,7693.5,12898
2026-08-20T15:50:00Z,7693.5,7698.5,7692.5,7696.75,11238
2026-08-20T15:55:00Z,7696.75,7698.0,7694.25,7696.5,8552
2026-08-20T16:00:00Z,7696.5,7699.0,7693.0,7693.75,10250
2026-08-20T16:05:00Z,7693.75,7698.25,7693.25,7698.0,9101
2026-08-20T16:10:00Z,7698.0,7698.75,7692.75,7693.25,7133
2026-08-20T16:15:00Z,7693.25,7694.75,7692.75,7694.25,5975
2026-08-20T16:20:00Z,7694.25,7699.0,7692.75,7697.25,9951
2026-08-20T16:25:00Z,7697.5,7698.5,7694.5,7695.5,6820
2026-08-20T16:30:00Z,7695.5,7699.25,7691.75,7699.25,10849
2026-08-20T16:35:00Z,7699.0,7702.0,7698.0,7701.0,8555
2026-08-20T16:40:00Z,7701.25,7704.75,7700.75,7704.5,9484
2026-08-20T16:45:00Z,7704.5,7704.5,7701.25,7701.75,7268
2026-08-20T16:50:00Z,7701.75,7704.25,7699.0,7699.75,7016
2026-08-20T16:55:00Z,7699.75,7703.25,7698.25,7702.0,8436
2026-08-20T17:00:00Z,7702.25,7702.25,7697.5,7698.5,5701
2026-08-20T17:05:00Z,7698.5,7698.5,7694.0,7695.0,7885
2026-08-20T17:10:00Z,7695.0,7696.25,7692.75,7693.25,6318
2026-08-20T17:15:00Z,7693.0,7693.5,7686.0,7686.5,12266
2026-08-20T17:20:00Z,7686.5,7690.5,7685.75,7688.5,12167
2026-08-20T17:25:00Z,7688.0,7689.0,7685.0,7685.75,7972
2026-08-20T17:30:00Z,7685.75,7687.0,7683.75,7684.0,8867
2026-08-20T17:35:00Z,7684.0,7685.75,7680.75,7682.75,10294
2026-08-20T17:40:00Z,7682.5,7683.25,7680.25,7682.75,8304
2026-08-20T17:45:00Z,7682.5,7686.5,7682.0,7685.25,9070
2026-08-20T17:50:00Z,7685.0,7688.25,7685.0,7685.75,7106
2026-08-20T17:55:00Z,7685.75,7686.5,7683.0,7683.5,8061
2026-08-20T18:00:00Z,7683.5,7683.5,7678.25,7679.0,13414
2026-08-20T18:05:00Z,7679.0,7679.5,7673.75,7675.25,13766
2026-08-20T18:10:00Z,7675.25,7676.0,7671.5,7673.75,12435
2026-08-20T18:15:00Z,7673.75,7675.0,7669.25,7675.0,12398
2026-08-20T18:20:00Z,7675.0,7677.75,7674.0,7674.25,9191
2026-08-20T18:25:00Z,7674.25,7675.25,7672.5,7673.75,8500
2026-08-20T18:30:00Z,7673.75,7674.5,7670.5,7671.25,7977
2026-08-20T18:35:00Z,7671.25,7674.5,7671.0,7672.25,7064
2026-08-20T18:40:00Z,7672.25,7674.5,7670.25,7673.75,7041
2026-08-20T18:45:00Z,7673.75,7676.75,7672.25,7675.25,9330
2026-08-20T18:50:00Z,7675.25,7676.0,7673.5,7674.25,6733
2026-08-20T18:55:00Z,7674.25,7675.75,7670.5,7670.5,7709
2026-08-20T19:00:00Z,7670.5,7672.75,7670.0,7672.25,9898
2026-08-20T19:05:00Z,7672.25,7675.5,7671.0,7674.5,9601
2026-08-20T19:10:00Z,7674.75,7675.0,7672.25,7673.5,6884
2026-08-20T19:15:00Z,7673.5,7676.25,7671.0,7671.75,8490
2026-08-20T19:20:00Z,7672.0,7676.0,7670.5,7675.25,9177
2026-08-20T19:25:00Z,7674.75,7676.0,7673.0,7673.5,8275
2026-08-20T19:30:00Z,7673.5,7673.75,7668.75,7670.5,12003
2026-08-20T19:35:00Z,7670.5,7675.0,7669.5,7673.5,10705
2026-08-20T19:40:00Z,7673.5,7674.25,7668.0,7669.25,9982
2026-08-20T19:45:00Z,7669.25,7672.75,7666.5,7672.5,15518
2026-08-20T19:50:00Z,7671.75,7673.25,7665.75,7667.25,28725
2026-08-20T19:55:00Z,7667.75,7668.25,7659.0,7665.0,99178
2026-08-20T20:00:00Z,7665.25,7667.5,7664.25,7665.75,23874
2026-08-20T20:05:00Z,7665.75,7665.75,7661.0,7663.75,6701
2026-08-20T20:10:00Z,7664.0,7666.0,7660.75,7661.5,6836
2026-08-20T20:15:00Z,7661.5,7662.25,7657.75,7660.5,4050
2026-08-20T20:20:00Z,7660.25,7663.75,7660.25,7663.75,2417
2026-08-20T20:25:00Z,7663.5,7664.5,7662.75,7662.75,1939
2026-08-20T20:30:00Z,7663.0,7665.0,7662.0,7664.5,2610
2026-08-20T20:35:00Z,7664.5,7667.25,7664.5,7666.0,1574
2026-08-20T20:40:00Z,7666.25,7666.75,7665.25,7666.0,1320
2026-08-20T20:45:00Z,7666.0,7666.75,7666.0,7666.25,704
2026-08-20T20:50:00Z,7666.75,7667.25,7665.75,7666.75,898
2026-08-20T20:55:00Z,7667.0,7668.5,7666.75,7667.75,1301
2026-08-20T22:00:00Z,7669.0,7671.5,7663.75,7664.25,0
2026-08-20T22:05:00Z,7664.0,7665.75,7663.25,7665.75,799
2026-08-20T22:10:00Z,7665.5,7666.25,7664.0,7664.25,541
2026-08-20T22:15:00Z,7664.0,7666.25,7664.0,7665.5,427
2026-08-20T22:20:00Z,7665.25,7665.75,7664.75,7664.75,260
2026-08-20T22:25:00Z,7665.0,7666.0,7663.75,7665.5,276
2026-08-20T22:30:00Z,7665.75,7667.0,7664.0,7666.5,307
2026-08-20T22:35:00Z,7666.5,7667.5,7666.0,7666.0,251
2026-08-20T22:40:00Z,7666.0,7667.25,7665.25,7667.0,170
2026-08-20T22:45:00Z,7667.0,7668.0,7666.75,7668.0,115
2026-08-20T22:50:00Z,7668.0,7669.5,7668.0,7669.25,364
2026-08-20T22:55:00Z,7669.0,7669.75,7668.75,7669.5,100
2026-08-20T23:00:00Z,7669.25,7669.5,7668.25,7668.5,281
2026-08-20T23:05:00Z,7668.25,7669.25,7668.0,7668.25,270
2026-08-20T23:10:00Z,7668.25,7669.0,7668.0,7668.0,163
2026-08-20T23:15:00Z,7668.0,7669.25,7667.5,7668.25,302
2026-08-20T23:20:00Z,7668.25,7668.75,7668.0,7668.0,170
2026-08-20T23:25:00Z,7668.25,7668.25,7667.5,7667.75,254
2026-08-20T23:30:00Z,7667.75,7668.25,7667.5,7667.5,164
2026-08-20T23:35:00Z,7667.25,7667.25,7665.75,7666.5,288
2026-08-20T23:40:00Z,7666.5,7668.75,7666.5,7667.75,290
2026-08-20T23:45:00Z,7668.0,7668.0,7664.25,7667.0,494
2026-08-20T23:50:00Z,7667.0,7668.0,7665.5,7667.25,553
2026-08-20T23:55:00Z,7667.25,7667.25,7665.75,7666.25,186
2026-08-21T00:00:00Z,7666.0,7671.0,7665.5,7668.25,1423
2026-08-21T00:05:00Z,7668.25,7671.75,7668.0,7669.75,760
2026-08-21T00:10:00Z,7670.0,7673.0,7669.25,7672.5,964
2026-08-21T00:15:00Z,7672.5,7672.5,7666.75,7667.5,1506
2026-08-21T00:20:00Z,7667.75,7670.5,7667.0,7667.5,931
2026-08-21T00:25:00Z,7667.75,7668.25,7665.5,7667.0,536
2026-08-21T00:30:00Z,7667.0,7668.5,7665.5,7668.0,557
2026-08-21T00:35:00Z,7667.75,7669.75,7667.0,7669.5,440
2026-08-21T00:40:00Z,7669.5,7669.5,7666.25,7668.25,759
2026-08-21T00:45:00Z,7668.25,7669.5,7668.0,7668.5,491
2026-08-21T00:50:00Z,7668.5,7669.25,7665.0,7665.0,572
2026-08-21T00:55:00Z,7665.25,7665.75,7664.25,7664.5,662
2026-08-21T01:00:00Z,7664.75,7666.75,7663.75,7665.0,690
2026-08-21T01:05:00Z,7665.0,7665.0,7661.25,7662.75,1011
2026-08-21T01:10:00Z,7662.5,7665.75,7662.0,7665.25,953
2026-08-21T01:15:00Z,7665.0,7668.0,7663.25,7667.5,612
2026-08-21T01:20:00Z,7667.5,7667.5,7663.5,7665.5,432
2026-08-21T01:25:00Z,7665.75,7667.75,7665.25,7665.75,423
2026-08-21T01:30:00Z,7665.5,7667.5,7664.75,7665.75,403
2026-08-21T01:35:00Z,7666.0,7666.0,7663.25,7663.5,481
2026-08-21T01:40:00Z,7663.5,7667.25,7663.25,7666.5,721
2026-08-21T01:45:00Z,7666.5,7669.0,7665.25,7668.75,641
2026-08-21T01:50:00Z,7668.75,7669.25,7665.25,7665.5,769
2026-08-21T01:55:00Z,7665.25,7667.25,7664.5,7667.25,564
2026-08-21T02:00:00Z,7667.25,7669.0,7666.75,7668.0,728
2026-08-21T02:05:00Z,7668.0,7669.25,7667.25,7669.25,439
2026-08-21T02:10:00Z,7669.25,7669.75,7667.75,7669.75,452
2026-08-21T02:15:00Z,7669.5,7670.25,7669.0,7669.25,366
2026-08-21T02:20:00Z,7669.5,7673.0,7669.5,7671.0,947
2026-08-21T02:25:00Z,7671.0,7672.0,7670.5,7671.75,468
2026-08-21T02:30:00Z,7671.75,7672.5,7671.0,7671.25,440
2026-08-21T02:35:00Z,7671.25,7672.5,7670.75,7671.0,434
2026-08-21T02:40:00Z,7671.0,7672.5,7670.25,7670.5,635
2026-08-21T02:45:00Z,7670.5,7672.25,7670.0,7671.5,438
2026-08-21T02:50:00Z,7671.25,7672.5,7670.75,7671.75,356
2026-08-21T02:55:00Z,7671.5,7672.25,7670.75,7670.75,177
2026-08-21T03:00:00Z,7671.0,7671.75,7670.5,7671.0,252
2026-08-21T03:05:00Z,7670.75,7671.0,7668.75,7669.25,476
2026-08-21T03:10:00Z,7669.25,7669.25,7667.75,7667.75,248
2026-08-21T03:15:00Z,7667.75,7668.5,7666.75,7667.0,422
2026-08-21T03:20:00Z,7666.75,7669.0,7666.75,7668.75,336
2026-08-21T03:25:00Z,7668.75,7668.75,7668.0,7668.5,187
2026-08-21T03:30:00Z,7668.5,7670.75,7668.5,7670.75,355
2026-08-21T03:35:00Z,7670.75,7670.75,7668.5,7669.5,344
2026-08-21T03:40:00Z,7669.5,7669.5,7667.75,7668.5,277
2026-08-21T03:45:00Z,7668.25,7669.0,7667.25,7668.0,229
2026-08-21T03:50:00Z,7668.25,7668.25,7667.25,7667.25,186
2026-08-21T03:55:00Z,7667.5,7668.75,7666.5,7668.75,249
2026-08-21T04:05:00Z,7669.75,7670.0,7669.0,7669.0,756
2026-08-21T04:10:00Z,7669.0,7670.0,7668.25,7669.75,284
2026-08-21T04:15:00Z,7669.75,7670.0,7667.75,7668.5,322
2026-08-21T04:20:00Z,7668.5,7668.5,7665.75,7666.5,333
2026-08-21T04:25:00Z,7666.25,7666.75,7665.75,7666.0,355
2026-08-21T04:30:00Z,7665.75,7666.75,7664.75,7665.5,304
2026-08-21T04:35:00Z,7665.75,7666.0,7664.25,7664.75,297
2026-08-21T04:40:00Z,7664.75,7666.0,7664.75,7665.5,310
2026-08-21T04:45:00Z,7665.25,7669.0,7665.25,7669.0,427
2026-08-21T04:50:00Z,7668.75,7670.0,7668.5,7669.5,586
2026-08-21T04:55:00Z,7669.5,7669.5,7668.0,7668.75,300
2026-08-21T05:00:00Z,7669.0,7670.5,7668.5,7670.25,457
2026-08-21T05:05:00Z,7670.5,7670.5,7668.25,7668.25,415
2026-08-21T05:10:00Z,7668.25,7670.0,7668.25,7669.75,383
2026-08-21T05:15:00Z,7669.75,7671.0,7669.5,7670.75,445
2026-08-21T05:20:00Z,7670.5,7670.75,7668.25,7668.25,299
2026-08-21T05:25:00Z,7668.25,7669.0,7667.0,7667.25,290
2026-08-21T05:30:00Z,7667.25,7670.0,7666.75,7669.75,343
2026-08-21T05:35:00Z,7669.5,7670.5,7669.0,7669.5,309
2026-08-21T05:40:00Z,7669.5,7669.75,7667.5,7668.5,294
2026-08-21T05:45:00Z,7668.25,7668.25,7665.75,7666.25,290
2026-08-21T05:50:00Z,7666.0,7667.0,7665.75,7666.75,295
2026-08-21T05:55:00Z,7666.75,7668.75,7666.5,7668.5,324
2026-08-21T06:00:00Z,7668.5,7669.0,7667.25,7667.75,601
2026-08-21T06:05:00Z,7667.75,7669.0,7667.25,7668.0,436
2026-08-21T06:10:00Z,7668.25,7670.5,7668.0,7669.75,722
2026-08-21T06:15:00Z,7669.75,7670.5,7669.0,7669.75,708
2026-08-21T06:20:00Z,7669.5,7670.0,7668.75,7668.75,278
2026-08-21T06:25:00Z,7669.0,7670.5,7668.5,7670.25,273
2026-08-21T06:30:00Z,7670.25,7673.75,7670.0,7673.75,665
2026-08-21T06:35:00Z,7673.75,7675.25,7672.25,7672.25,906
2026-08-21T06:40:00Z,7672.0,7672.25,7670.25,7670.25,284
2026-08-21T06:45:00Z,7670.25,7672.5,7669.25,7672.5,524
2026-08-21T06:50:00Z,7672.5,7672.5,7670.75,7672.25,294
2026-08-21T06:55:00Z,7672.25,7674.25,7671.75,7673.5,486
2026-08-21T07:00:00Z,7673.75,7675.75,7671.0,7675.25,1247
2026-08-21T07:05:00Z,7675.25,7676.75,7675.0,7676.0,1138
2026-08-21T07:10:00Z,7676.0,7678.0,7675.25,7678.0,894
2026-08-21T07:15:00Z,7677.75,7677.75,7676.0,7677.25,1044
2026-08-21T07:20:00Z,7677.5,7679.25,7676.5,7679.0,1100
2026-08-21T07:25:00Z,7679.25,7679.25,7676.5,7676.5,689
2026-08-21T07:30:00Z,7676.5,7680.75,7676.25,7680.5,1762
2026-08-21T07:35:00Z,7680.5,7680.75,7679.0,7680.5,1285
2026-08-21T07:40:00Z,7680.25,7682.0,7678.75,7679.5,1342
2026-08-21T07:45:00Z,7679.25,7682.25,7678.5,7681.0,1270
2026-08-21T07:50:00Z,7681.0,7681.75,7680.0,7680.75,577
2026-08-21T07:55:00Z,7680.5,7682.0,7679.5,7682.0,654
2026-08-21T08:00:00Z,7682.0,7683.75,7681.25,7683.25,1269
2026-08-21T08:05:00Z,7683.0,7683.0,7677.5,7679.5,1474
2026-08-21T08:10:00Z,7679.5,7680.75,7678.75,7679.75,863
2026-08-21T08:15:00Z,7679.75,7682.75,7678.5,7682.25,719
2026-08-21T08:20:00Z,7682.0,7682.5,7679.5,7681.0,1025
2026-08-21T08:25:00Z,7681.25,7684.25,7681.0,7683.75,810
2026-08-21T08:30:00Z,7683.5,7685.0,7683.25,7684.0,1060
2026-08-21T08:35:00Z,7684.0,7685.75,7684.0,7685.5,1010
2026-08-21T08:40:00Z,7685.75,7686.75,7685.0,7686.5,2163
2026-08-21T08:45:00Z,7686.5,7686.75,7685.75,7685.75,733
2026-08-21T08:50:00Z,7685.75,7690.25,7685.75,7687.25,2011
2026-08-21T08:55:00Z,7687.5,7688.75,7687.25,7687.5,563
2026-08-21T09:00:00Z,7687.5,7687.75,7684.25,7685.0,1032
2026-08-21T09:05:00Z,7684.75,7685.25,7682.25,7683.0,1809
2026-08-21T09:10:00Z,7683.0,7686.25,7681.75,7686.0,1989
2026-08-21T09:15:00Z,7686.0,7687.0,7685.25,7686.0,880
2026-08-21T09:20:00Z,7686.0,7686.5,7685.25,7685.5,587
2026-08-21T09:25:00Z,7685.75,7686.25,7684.75,7685.0,578
2026-08-21T09:30:00Z,7685.0,7686.0,7684.25,7685.0,615
2026-08-21T09:35:00Z,7685.0,7687.75,7685.0,7687.25,1218
2026-08-21T09:40:00Z,7687.25,7688.5,7687.0,7687.5,1051
2026-08-21T09:45:00Z,7687.5,7687.75,7686.0,7687.5,593
2026-08-21T09:50:00Z,7687.5,7688.5,7686.0,7687.75,648
2026-08-21T09:55:00Z,7688.0,7689.0,7687.5,7687.75,724
2026-08-21T10:00:00Z,7688.0,7692.25,7688.0,7691.0,2114
2026-08-21T10:05:00Z,7691.0,7691.75,7687.25,7688.25,1252
2026-08-21T10:10:00Z,7688.25,7688.5,7685.5,7686.75,1014
2026-08-21T10:15:00Z,7687.0,7688.25,7686.25,7686.75,741
2026-08-21T10:20:00Z,7687.0,7687.25,7685.75,7687.0,381
2026-08-21T10:25:00Z,7687.0,7689.0,7687.0,7688.75,592
2026-08-21T10:30:00Z,7688.75,7689.25,7687.25,7687.5,529
2026-08-21T10:35:00Z,7687.25,7688.5,7687.0,7688.0,396
2026-08-21T10:40:00Z,7688.0,7688.5,7686.0,7686.75,489
2026-08-21T10:45:00Z,7686.75,7687.75,7686.75,7687.5,389
2026-08-21T10:50:00Z,7687.25,7689.0,7686.75,7688.25,585
2026-08-21T10:55:00Z,7688.25,7688.75,7687.25,7688.5,650
2026-08-21T11:00:00Z,7688.5,7688.5,7684.75,7686.0,1019
2026-08-21T11:05:00Z,7686.0,7689.75,7686.0,7688.75,1366
2026-08-21T11:10:00Z,7688.5,7689.25,7686.75,7687.5,431
2026-08-21T11:15:00Z,7687.75,7690.0,7687.5,7689.25,669
2026-08-21T11:20:00Z,7689.0,7697.0,7689.0,7696.75,4574
2026-08-21T11:25:00Z,7696.75,7698.0,7694.25,7696.75,3056
2026-08-21T11:30:00Z,7696.5,7698.5,7693.75,7695.75,2446
2026-08-21T11:35:00Z,7695.75,7699.5,7695.5,7696.5,1747
2026-08-21T11:40:00Z,7696.25,7698.5,7695.0,7698.5,2407
2026-08-21T11:45:00Z,7698.5,7698.75,7693.0,7695.5,2050
2026-08-21T11:50:00Z,7695.5,7695.75,7694.25,7695.0,837
2026-08-21T11:55:00Z,7695.0,7696.25,7694.75,7695.0,724
2026-08-21T12:00:00Z,7695.25,7696.0,7693.0,7694.5,2210
2026-08-21T12:05:00Z,7694.5,7696.75,7694.25,7696.5,2399
2026-08-21T12:10:00Z,7696.5,7696.5,7693.75,7694.0,1688
2026-08-21T12:15:00Z,7694.0,7696.5,7693.25,7696.0,1790
2026-08-21T12:20:00Z,7696.0,7698.0,7693.5,7697.75,2779
2026-08-21T12:25:00Z,7697.75,7701.0,7697.25,7701.0,2821
2026-08-21T12:30:00Z,7700.75,7703.25,7699.75,7700.75,5045
2026-08-21T12:35:00Z,7700.75,7701.25,7698.25,7700.25,3712
2026-08-21T12:40:00Z,7700.25,7704.75,7699.5,7704.0,3446
2026-08-21T12:45:00Z,7704.5,7704.5,7700.0,7703.75,3301
2026-08-21T12:50:00Z,7703.5,7703.75,7700.0,7700.75,1749
2026-08-21T12:55:00Z,7701.0,7701.25,7700.25,7700.75,1145
2026-08-21T13:00:00Z,7701.0,7702.25,7699.5,7700.25,2482
2026-08-21T13:05:00Z,7700.25,7700.5,7695.75,7696.0,3318
2026-08-21T13:10:00Z,7695.75,7696.25,7690.75,7691.75,4347
2026-08-21T13:15:00Z,7691.75,7693.0,7689.25,7689.5,5362
2026-08-21T13:20:00Z,7689.5,7690.5,7688.5,7690.25,4674
2026-08-21T13:25:00Z,7690.25,7696.5,7685.25,7695.75,17569
2026-08-21T13:30:00Z,7695.75,7696.0,7683.5,7683.5,41286
2026-08-21T13:35:00Z,7683.5,7687.0,7681.25,7686.25,25396
2026-08-21T13:40:00Z,7686.0,7688.25,7682.75,7686.5,16702
2026-08-21T13:45:00Z,7686.5,7689.5,7682.0,7685.0,18815
2026-08-21T13:50:00Z,7685.0,7687.75,7676.75,7679.25,17498
2026-08-21T13:55:00Z,7679.5,7683.75,7678.0,7680.5,16353
2026-08-21T14:00:00Z,7680.5,7685.0,7680.5,7684.75,16635
2026-08-21T14:05:00Z,7684.5,7690.75,7684.5,7687.75,17331
2026-08-21T14:10:00Z,7687.75,7690.0,7681.0,7682.5,14484
2026-08-21T14:15:00Z,7682.5,7686.0,7681.0,7681.75,12488
2026-08-21T14:20:00Z,7681.5,7687.5,7680.0,7683.0,14026
2026-08-21T14:25:00Z,7683.0,7686.5,7681.25,7681.75,13981
2026-08-21T14:30:00Z,7681.75,7684.0,7680.0,7680.0,13538
2026-08-21T14:35:00Z,7680.0,7681.75,7677.5,7678.75,14113
2026-08-21T14:40:00Z,7678.75,7684.0,7677.25,7681.5,11036
2026-08-21T14:45:00Z,7681.5,7686.25,7680.75,7685.75,11275
2026-08-21T14:50:00Z,7685.75,7688.5,7684.0,7686.0,10893
2026-08-21T14:55:00Z,7686.0,7694.25,7685.0,7693.75,13578
2026-08-21T15:00:00Z,7693.75,7699.75,7692.75,7698.0,19394
2026-08-21T15:05:00Z,7698.0,7699.5,7693.25,7693.75,13800
2026-08-21T15:10:00Z,7693.75,7696.0,7692.25,7692.5,9045
2026-08-21T15:15:00Z,7692.5,7695.0,7690.75,7691.25,9351
2026-08-21T15:20:00Z,7691.25,7694.0,7689.5,7690.5,9403
2026-08-21T15:25:00Z,7690.25,7695.5,7689.5,7694.75,9199
2026-08-21T15:30:00Z,7694.75,7700.25,7693.5,7700.25,13887
2026-08-21T15:35:00Z,7700.0,7706.0,7699.75,7705.75,15388
2026-08-21T15:40:00Z,7706.0,7709.75,7704.75,7708.5,16117
2026-08-21T15:45:00Z,7708.5,7710.0,7704.75,7705.5,13931
2026-08-21T15:50:00Z,7705.75,7714.0,7705.5,7712.25,13954
2026-08-21T15:55:00Z,7712.25,7712.5,7706.0,7707.25,10987
2026-08-21T16:00:00Z,7707.25,7708.75,7701.5,7702.75,11822
2026-08-21T16:05:00Z,7702.75,7703.0,7698.0,7698.5,13576
2026-08-21T16:10:00Z,7698.5,7701.0,7697.5,7697.5,10361
2026-08-21T16:15:00Z,7697.5,7700.5,7694.25,7695.5,10262
2026-08-21T16:20:00Z,7695.25,7705.75,7693.75,7697.25,23891
2026-08-21T16:25:00Z,7697.25,7701.25,7696.5,7700.5,6763
2026-08-21T16:30:00Z,7700.25,7700.5,7695.5,7695.5,7056
2026-08-21T16:35:00Z,7695.5,7701.0,7695.5,7700.75,5817
2026-08-21T16:40:00Z,7700.75,7701.0,7698.0,7698.75,5130
2026-08-21T16:45:00Z,7698.75,7699.0,7696.0,7697.0,5172
2026-08-21T16:50:00Z,7696.75,7697.0,7693.0,7695.25,7307
2026-08-21T16:55:00Z,7695.25,7699.5,7694.5,7699.0,5761
2026-08-21T17:00:00Z,7699.25,7700.0,7697.5,7698.0,6149
2026-08-21T17:05:00Z,7698.0,7700.75,7696.75,7699.0,6181
2026-08-21T17:10:00Z,7699.0,7699.0,7696.0,7697.25,3485
2026-08-21T17:15:00Z,7697.25,7698.25,7696.0,7696.5,4164
2026-08-21T17:20:00Z,7696.5,7697.0,7692.25,7694.0,7201
2026-08-21T17:25:00Z,7693.75,7695.75,7692.25,7693.5,5517
2026-08-21T17:30:00Z,7693.75,7694.5,7690.75,7690.75,6595
2026-08-21T17:35:00Z,7690.5,7693.5,7690.25,7691.0,6469
2026-08-21T17:40:00Z,7691.25,7692.5,7690.0,7692.0,5242
2026-08-21T17:45:00Z,7692.25,7694.25,7691.25,7692.25,5950
2026-08-21T17:50:00Z,7692.5,7693.0,7690.25,7691.25,5415
2026-08-21T17:55:00Z,7691.0,7691.25,7689.5,7689.5,5141
2026-08-21T18:00:00Z,7689.75,7692.75,7688.75,7692.0,6351
2026-08-21T18:05:00Z,7692.0,7692.25,7688.25,7688.5,4899
2026-08-21T18:10:00Z,7688.25,7690.75,7688.0,7688.5,5062
2026-08-21T18:15:00Z,7688.5,7690.5,7688.25,7689.75,3966
2026-08-21T18:20:00Z,7689.75,7691.5,7689.25,7690.0,4879
2026-08-21T18:25:00Z,7690.25,7690.5,7687.75,7688.0,4705
2026-08-21T18:30:00Z,7688.0,7688.75,7685.75,7687.0,6696
2026-08-21T18:35:00Z,7687.0,7688.5,7687.0,7687.5,4353
2026-08-21T18:40:00Z,7687.5,7690.5,7687.25,7689.25,4761
2026-08-21T18:45:00Z,7689.0,7692.25,7688.5,7691.75,4791
2026-08-21T18:50:00Z,7692.0,7695.0,7691.75,7694.0,6559
2026-08-21T18:55:00Z,7694.0,7697.75,7693.0,7697.0,6574
2026-08-21T19:00:00Z,7697.25,7699.0,7695.25,7695.25,10465
2026-08-21T19:05:00Z,7695.25,7698.75,7695.0,7696.25,5742
2026-08-21T19:10:00Z,7696.0,7696.5,7693.75,7695.5,6209
2026-08-21T19:15:00Z,7695.5,7696.25,7693.5,7694.75,5643
2026-08-21T19:20:00Z,7694.5,7697.25,7693.75,7697.0,5792
2026-08-21T19:25:00Z,7697.25,7697.25,7694.5,7695.5,6984
2026-08-21T19:30:00Z,7695.5,7698.25,7695.0,7695.75,8451
2026-08-21T19:35:00Z,7696.0,7698.75,7694.75,7697.75,7542
2026-08-21T19:40:00Z,7697.5,7700.0,7695.5,7699.5,8722
2026-08-21T19:45:00Z,7699.5,7703.0,7698.5,7701.25,14376
2026-08-21T19:50:00Z,7701.25,7701.5,7693.75,7694.0,24158
2026-08-21T19:55:00Z,7694.0,7698.25,7688.75,7691.5,88735
2026-08-21T20:00:00Z,7691.75,7692.25,7689.5,7691.5,20534
2026-08-21T20:05:00Z,7691.5,7692.0,7690.0,7691.25,3917
2026-08-21T20:10:00Z,7691.25,7691.25,7688.75,7691.0,5093
2026-08-21T20:15:00Z,7691.0,7692.0,7689.25,7689.25,2344
2026-08-21T20:20:00Z,7689.25,7691.0,7688.0,7689.25,3255
2026-08-21T20:25:00Z,7689.5,7689.5,7687.5,7687.5,1279
2026-08-21T20:30:00Z,7687.5,7689.5,7687.5,7689.25,960
2026-08-21T20:35:00Z,7689.25,7689.75,7689.0,7689.25,637
2026-08-21T20:40:00Z,7689.25,7690.0,7689.0,7689.5,604
2026-08-21T20:45:00Z,7689.5,7690.0,7687.5,7687.75,1495
2026-08-21T20:50:00Z,7687.75,7688.75,7687.0,7687.75,1144
2026-08-21T20:55:00Z,7687.75,7691.25,7687.0,7691.25,0
2026-08-23T22:10:00Z,7683.75,7684.75,7683.25,7684.25,4342
2026-08-23T22:15:00Z,7684.0,7684.25,7681.75,7683.0,434
2026-08-23T22:20:00Z,7682.75,7685.5,7682.75,7683.75,417
2026-08-23T22:25:00Z,7684.0,7684.25,7683.5,7684.0,161
2026-08-23T22:30:00Z,7683.75,7685.0,7683.25,7683.75,363
2026-08-23T22:35:00Z,7683.75,7686.5,7683.25,7686.0,391
2026-08-23T22:40:00Z,7685.75,7689.5,7685.25,7689.25,433
2026-08-23T22:45:00Z,7689.25,7690.75,7689.0,7689.5,455
2026-08-23T22:50:00Z,7689.75,7690.0,7689.25,7689.5,183
2026-08-23T22:55:00Z,7689.75,7690.25,7689.5,7689.5,128
2026-08-23T23:00:00Z,7689.25,7690.25,7689.25,7689.5,185
2026-08-23T23:05:00Z,7689.5,7690.25,7689.25,7690.0,125
2026-08-23T23:10:00Z,7690.0,7690.75,7689.5,7690.0,136
2026-08-23T23:15:00Z,7689.75,7692.5,7689.5,7691.5,319
2026-08-23T23:20:00Z,7691.5,7693.0,7691.25,7693.0,208
2026-08-23T23:25:00Z,7693.0,7695.0,7692.75,7694.75,334
2026-08-23T23:30:00Z,7696.0,7696.5,7695.5,7696.5,855
2026-08-23T23:35:00Z,7696.5,7696.75,7696.0,7696.0,237
2026-08-23T23:40:00Z,7696.25,7696.5,7694.5,7694.5,290
2026-08-23T23:45:00Z,7694.75,7701.0,7694.5,7700.5,797
2026-08-23T23:50:00Z,7700.5,7701.75,7699.5,7700.0,603
2026-08-23T23:55:00Z,7700.25,7702.5,7700.0,7702.25,515
2026-08-24T00:00:00Z,7702.0,7703.25,7698.0,7698.25,1660
2026-08-24T00:05:00Z,7698.25,7700.5,7697.5,7700.0,911
2026-08-24T00:10:00Z,7699.75,7700.75,7697.0,7698.25,601
2026-08-24T00:15:00Z,7698.25,7698.25,7689.25,7689.75,1794
2026-08-24T00:20:00Z,7690.0,7691.25,7688.0,7690.75,1016
2026-08-24T00:25:00Z,7690.5,7690.5,7684.75,7689.0,1488
2026-08-24T00:30:00Z,7689.25,7689.5,7687.0,7688.25,807
2026-08-24T00:35:00Z,7688.0,7690.25,7687.25,7688.75,581
2026-08-24T00:40:00Z,7688.75,7689.75,7687.75,7688.0,464
2026-08-24T00:45:00Z,7688.0,7692.0,7687.0,7692.0,548
2026-08-24T00:50:00Z,7692.0,7692.25,7690.5,7692.0,523
2026-08-24T00:55:00Z,7692.0,7698.0,7691.5,7697.5,1178
2026-08-24T01:00:00Z,7697.5,7700.5,7696.0,7697.75,1216
2026-08-24T01:05:00Z,7697.75,7700.75,7697.5,7700.25,347
2026-08-24T01:10:00Z,7700.75,7702.5,7700.25,7701.0,1073
2026-08-24T01:15:00Z,7701.0,7702.75,7700.25,7701.75,571
2026-08-24T01:20:00Z,7701.5,7701.75,7698.0,7698.75,600
2026-08-24T01:25:00Z,7698.75,7700.0,7697.0,7697.25,517
2026-08-24T01:30:00Z,7697.5,7697.5,7694.5,7696.75,771
2026-08-24T01:35:00Z,7696.75,7697.25,7694.5,7697.0,448
2026-08-24T01:40:00Z,7696.75,7698.5,7696.0,7697.0,520
2026-08-24T01:45:00Z,7696.75,7697.25,7695.0,7696.5,651
2026-08-24T01:50:00Z,7696.5,7699.5,7695.5,7695.5,575
2026-08-24T01:55:00Z,7695.5,7695.5,7690.25,7690.5,1116
2026-08-24T02:00:00Z,7690.25,7692.25,7688.0,7691.5,1378
2026-08-24T02:05:00Z,7691.25,7691.5,7687.25,7690.0,1061
2026-08-24T02:10:00Z,7690.0,7695.75,7687.5,7695.0,1021
2026-08-24T02:15:00Z,7695.0,7696.5,7694.25,7695.25,577
2026-08-24T02:20:00Z,7695.25,7696.0,7694.25,7695.25,305
2026-08-24T02:25:00Z,7694.5,7695.0,7694.0,7695.0,787
2026-08-24T02:30:00Z,7695.0,7695.75,7694.0,7695.25,251
2026-08-24T02:35:00Z,7695.25,7695.75,7694.0,7695.25,287
2026-08-24T02:40:00Z,7695.0,7696.25,7694.25,7696.25,319
2026-08-24T02:45:00Z,7696.25,7697.5,7694.5,7695.5,680
2026-08-24T02:50:00Z,7695.75,7696.0,7692.75,7694.25,684
2026-08-24T02:55:00Z,7694.25,7697.25,7693.5,7696.5,557
2026-08-24T03:00:00Z,7696.5,7696.5,7692.75,7693.75,393
2026-08-24T03:05:00Z,7693.5,7693.5,7690.5,7690.75,532
2026-08-24T03:10:00Z,7690.5,7691.0,7688.25,7688.75,727
2026-08-24T03:15:00Z,7688.75,7690.25,7688.25,7688.5,545
2026-08-24T03:20:00Z,7688.75,7690.75,7688.25,7689.75,1016
2026-08-24T03:25:00Z,7689.75,7690.0,7688.75,7689.0,514
2026-08-24T03:30:00Z,7688.75,7688.75,7686.5,7687.75,786
2026-08-24T03:35:00Z,7688.0,7689.0,7686.75,7687.25,539
2026-08-24T03:40:00Z,7687.25,7688.5,7685.0,7685.25,541
2026-08-24T03:45:00Z,7685.0,7686.5,7684.25,7686.25,526
2026-08-24T03:50:00Z,7683.0,7683.25,7682.75,7683.0,722
2026-08-24T03:55:00Z,7683.0,7683.25,7682.25,7682.5,305
2026-08-24T04:00:00Z,7683.0,7684.25,7682.5,7683.75,529
2026-08-24T04:05:00Z,7683.5,7683.75,7681.75,7682.25,335
2026-08-24T04:10:00Z,7682.25,7684.75,7682.25,7684.5,528
2026-08-24T04:15:00Z,7684.75,7685.0,7682.75,7683.5,538
2026-08-24T04:20:00Z,7683.75,7685.0,7681.25,7681.5,548
2026-08-24T04:25:00Z,7681.5,7683.75,7680.5,7683.5,1124
2026-08-24T04:30:00Z,7683.5,7684.5,7681.0,7681.75,605
2026-08-24T04:35:00Z,7682.0,7682.5,7680.75,7681.75,580
2026-08-24T04:40:00Z,7681.75,7683.75,7680.75,7683.75,416
2026-08-24T04:45:00Z,7683.75,7684.0,7681.25,7681.25,514
2026-08-24T04:50:00Z,7681.25,7682.25,7680.5,7681.0,358
2026-08-24T04:55:00Z,7680.75,7681.0,7679.5,7679.75,442
2026-08-24T05:00:00Z,7680.0,7681.25,7679.75,7680.5,350
2026-08-24T05:05:00Z,7680.5,7685.0,7680.5,7684.0,719
2026-08-24T05:10:00Z,7683.75,7685.5,7683.0,7685.25,429
2026-08-24T05:15:00Z,7685.0,7685.0,7682.0,7682.0,409
2026-08-24T05:20:00Z,7681.75,7683.0,7681.5,7681.75,843
2026-08-24T05:25:00Z,7681.75,7682.0,7680.25,7680.5,395
2026-08-24T05:30:00Z,7680.5,7680.75,7675.5,7676.5,1379
2026-08-24T05:35:00Z,7676.5,7679.75,7675.75,7677.75,890
2026-08-24T05:40:00Z,7677.75,7682.0,7677.75,7678.25,691
2026-08-24T05:45:00Z,7678.25,7679.25,7676.0,7677.25,578
2026-08-24T05:50:00Z,7677.25,7678.25,7676.25,7677.0,710
2026-08-24T05:55:00Z,7676.5,7676.5,7676.5,7676.5,953
2026-08-24T06:00:00Z,7676.5,7678.75,7673.25,7673.5,1355
2026-08-24T06:05:00Z,7673.5,7674.5,7672.0,7673.25,1553
2026-08-24T06:10:00Z,7673.0,7674.5,7672.0,7673.25,558
2026-08-24T06:15:00Z,7673.25,7676.25,7670.75,7671.0,1329
2026-08-24T06:20:00Z,7670.75,7673.75,7669.0,7673.75,1060
2026-08-24T06:25:00Z,7673.75,7674.5,7673.0,7673.5,424
2026-08-24T06:30:00Z,7673.0,7674.0,7671.75,7673.75,746
2026-08-24T06:35:00Z,7673.75,7675.5,7672.75,7674.75,633
2026-08-24T06:40:00Z,7675.0,7675.0,7671.0,7671.75,669
2026-08-24T06:45:00Z,7671.5,7673.0,7670.25,7672.75,695
2026-08-24T06:50:00Z,7673.0,7675.0,7672.5,7674.75,492
2026-08-24T06:55:00Z,7674.75,7675.75,7673.25,7673.5,403
2026-08-24T07:00:00Z,7673.75,7676.75,7672.0,7674.75,1834
2026-08-24T07:05:00Z,7674.5,7677.75,7673.5,7677.0,844
2026-08-24T07:10:00Z,7677.0,7678.5,7676.0,7677.75,748
2026-08-24T07:15:00Z,7678.0,7679.5,7675.25,7676.75,671
2026-08-24T07:20:00Z,7676.75,7676.75,7674.75,7676.25,497
2026-08-24T07:25:00Z,7676.25,7678.0,7674.75,7675.0,700
2026-08-24T07:30:00Z,7674.75,7678.25,7673.5,7678.25,758
2026-08-24T07:35:00Z,7678.25,7679.25,7677.0,7677.0,324
2026-08-24T07:40:00Z,7676.75,7676.75,7672.5,7672.5,913
2026-08-24T07:45:00Z,7672.5,7674.75,7672.5,7672.5,759
2026-08-24T07:50:00Z,7672.5,7673.5,7670.75,7672.0,922
2026-08-24T07:55:00Z,7671.75,7672.25,7670.5,7670.75,688
2026-08-24T08:00:00Z,7671.25,7672.75,7668.75,7670.0,1517
2026-08-24T08:05:00Z,7670.25,7681.5,7670.25,7673.0,3283
2026-08-24T08:10:00Z,7673.5,7675.5,7673.5,7675.0,323
2026-08-24T08:15:00Z,7674.5,7679.5,7674.5,7678.75,1165
2026-08-24T08:20:00Z,7678.75,7679.25,7676.0,7677.0,523
2026-08-24T08:25:00Z,7677.25,7678.75,7674.75,7677.25,910
2026-08-24T08:30:00Z,7677.25,7679.25,7676.5,7678.25,382
2026-08-24T08:35:00Z,7678.25,7682.25,7678.25,7682.0,585
2026-08-24T08:40:00Z,7682.0,7683.0,7680.5,7682.5,607
2026-08-24T08:45:00Z,7682.25,7683.0,7681.25,7681.5,429
2026-08-24T08:50:00Z,7681.5,7684.0,7681.5,7683.25,576
2026-08-24T08:55:00Z,7683.25,7683.25,7680.5,7680.5,324
2026-08-24T09:00:00Z,7680.75,7684.5,7678.75,7683.75,848
2026-08-24T09:05:00Z,7683.75,7684.0,7682.25,7683.25,603
2026-08-24T09:10:00Z,7683.25,7684.0,7682.0,7682.0,638
2026-08-24T09:15:00Z,7682.25,7682.5,7679.5,7679.75,655
2026-08-24T09:20:00Z,7679.75,7680.0,7678.25,7679.75,956
2026-08-24T09:25:00Z,7679.5,7679.5,7677.75,7678.5,445
2026-08-24T09:30:00Z,7678.25,7679.75,7678.25,7679.5,549
2026-08-24T09:35:00Z,7679.75,7681.75,7679.5,7681.25,565
2026-08-24T09:40:00Z,7681.0,7681.25,7679.5,7680.75,488
2026-08-24T09:45:00Z,7681.0,7682.5,7680.25,7682.25,836
2026-08-24T09:50:00Z,7682.25,7682.5,7679.75,7680.25,521
2026-08-24T09:55:00Z,7680.5,7681.0,7679.75,7680.5,482
2026-08-24T10:00:00Z,7680.5,7681.75,7680.0,7681.5,745
2026-08-24T10:05:00Z,7681.75,7682.0,7679.75,7679.75,807
2026-08-24T10:10:00Z,7680.0,7680.25,7676.75,7677.0,907
2026-08-24T10:15:00Z,7677.0,7677.5,7676.75,7676.75,617
2026-08-24T10:20:00Z,7676.75,7680.0,7675.25,7679.5,920
2026-08-24T10:25:00Z,7679.5,7679.5,7675.75,7676.0,586
2026-08-24T10:30:00Z,7676.0,7680.25,7675.75,7679.5,993
2026-08-24T10:35:00Z,7679.75,7679.75,7677.0,7677.0,541
2026-08-24T10:40:00Z,7677.0,7677.0,7673.5,7674.5,755
2026-08-24T10:45:00Z,7674.5,7674.75,7672.0,7673.0,814
2026-08-24T10:50:00Z,7672.75,7672.75,7669.75,7670.75,994
2026-08-24T10:55:00Z,7670.75,7671.5,7670.0,7670.5,753
2026-08-24T11:00:00Z,7670.5,7671.5,7666.25,7666.75,1772
2026-08-24T11:05:00Z,7666.75,7667.75,7664.5,7667.0,1480
2026-08-24T11:10:00Z,7667.0,7668.25,7665.5,7667.75,1183
2026-08-24T11:15:00Z,7667.5,7669.25,7667.25,7668.75,1020
2026-08-24T11:20:00Z,7668.75,7669.75,7667.75,7669.5,1142
2026-08-24T11:25:00Z,7669.5,7672.0,7669.25,7670.25,918
2026-08-24T11:30:00Z,7670.25,7677.5,7670.25,7677.5,2343
2026-08-24T11:35:00Z,7677.0,7686.5,7676.5,7682.5,5260
2026-08-24T11:40:00Z,7682.5,7685.0,7680.5,7681.25,1537
2026-08-24T11:45:00Z,7681.25,7681.25,7676.25,7677.75,2220
2026-08-24T11:50:00Z,7677.75,7680.25,7677.75,7680.0,916
2026-08-24T11:55:00Z,7679.75,7680.5,7678.0,7679.75,1347
2026-08-24T12:00:00Z,7679.75,7680.0,7676.25,7676.75,1252
2026-08-24T12:05:00Z,7676.75,7679.0,7676.25,7677.0,1004
2026-08-24T12:10:00Z,7677.0,7678.25,7675.75,7677.0,1314
2026-08-24T12:15:00Z,7677.0,7678.5,7675.75,7677.25,869
2026-08-24T12:20:00Z,7677.25,7681.0,7677.25,7680.25,1461
2026-08-24T12:25:00Z,7680.25,7681.25,7678.75,7680.75,705
2026-08-24T12:30:00Z,7680.75,7681.25,7669.25,7675.75,6565
2026-08-24T12:35:00Z,7675.5,7679.5,7675.0,7676.75,1833
2026-08-24T12:40:00Z,7676.75,7682.5,7674.5,7676.25,2767
2026-08-24T12:45:00Z,7676.25,7678.75,7675.25,7678.25,1215
2026-08-24T12:50:00Z,7678.25,7679.5,7677.25,7678.0,581
2026-08-24T12:55:00Z,7678.0,7679.25,7677.5,7678.0,778
2026-08-24T13:00:00Z,7678.0,7679.75,7677.75,7679.25,1421
2026-08-24T13:05:00Z,7679.25,7679.75,7676.75,7678.25,1574
2026-08-24T13:10:00Z,7678.25,7679.5,7676.75,7677.25,1589
2026-08-24T13:15:00Z,7677.25,7679.75,7676.0,7676.5,2528
2026-08-24T13:20:00Z,7676.5,7679.25,7676.25,7677.0,1890
2026-08-24T13:25:00Z,7677.0,7681.75,7676.0,7681.75,6218
2026-08-24T13:30:00Z,7681.75,7682.75,7666.25,7669.0,35653
2026-08-24T13:35:00Z,7668.75,7672.75,7664.75,7668.0,23211
2026-08-24T13:40:00Z,7668.0,7672.0,7656.0,7656.0,26384
2026-08-24T13:45:00Z,7656.0,7670.25,7655.0,7665.75,27323
2026-08-24T13:50:00Z,7665.75,7670.0,7662.0,7669.25,19167
2026-08-24T13:55:00Z,7669.0,7671.0,7666.75,7668.5,15875
2026-08-24T14:00:00Z,7668.75,7674.0,7662.25,7664.25,21248
2026-08-24T14:05:00Z,7664.25,7666.5,7660.25,7663.25,14278
2026-08-24T14:10:00Z,7663.5,7664.5,7659.5,7664.25,12824
2026-08-24T14:15:00Z,7664.25,7665.0,7660.5,7663.0,11480
2026-08-24T14:20:00Z,7662.75,7669.25,7662.0,7662.75,15749
2026-08-24T14:25:00Z,7662.75,7665.5,7660.5,7663.25,11921
2026-08-24T14:30:00Z,7663.25,7671.75,7661.75,7670.5,14699
2026-08-24T14:35:00Z,7670.5,7673.0,7669.5,7671.0,11027
2026-08-24T14:40:00Z,7671.0,7675.5,7669.25,7671.25,11378
2026-08-24T14:45:00Z,7671.25,7673.0,7668.75,7673.0,9114
2026-08-24T14:50:00Z,7673.0,7673.5,7668.25,7670.5,8484
2026-08-24T14:55:00Z,7670.5,7674.0,7669.25,7670.75,8354
2026-08-24T15:00:00Z,7671.0,7672.5,7664.25,7664.75,9788
2026-08-24T15:05:00Z,7664.5,7665.0,7661.75,7663.75,9818
2026-08-24T15:10:00Z,7663.75,7666.0,7660.75,7661.5,7916
2026-08-24T15:15:00Z,7661.25,7662.5,7660.25,7660.75,6453
2026-08-24T15:20:00Z,7660.75,7666.0,7657.75,7665.5,12447
2026-08-24T15:25:00Z,7665.5,7674.25,7664.5,7671.5,22627
2026-08-24T15:30:00Z,7671.25,7674.75,7668.0,7672.75,19942
2026-08-24T15:35:00Z,7672.5,7675.75,7671.0,7674.25,9632
2026-08-24T15:40:00Z,7674.75,7678.75,7674.25,7676.75,13026
2026-08-24T15:45:00Z,7676.75,7681.5,7676.75,7677.0,13228
2026-08-24T15:50:00Z,7676.75,7680.25,7676.75,7677.25,5891
2026-08-24T15:55:00Z,7677.0,7679.5,7675.5,7679.5,9175
2026-08-24T16:00:00Z,7679.5,7686.0,7678.25,7683.75,18193
2026-08-24T16:05:00Z,7683.75,7684.0,7678.5,7678.75,7034
2026-08-24T16:10:00Z,7679.0,7680.75,7678.25,7680.75,5305
2026-08-24T16:15:00Z,7680.5,7685.75,7680.25,7684.5,7498
2026-08-24T16:20:00Z,7684.5,7686.5,7682.25,7682.75,6673
2026-08-24T16:25:00Z,7683.0,7684.25,7682.0,7683.0,4207
2026-08-24T16:30:00Z,7683.25,7684.0,7679.0,7680.0,6801
2026-08-24T16:35:00Z,7680.0,7681.25,7677.25,7677.75,4554
2026-08-24T16:40:00Z,7677.5,7678.25,7675.75,7677.0,3854
2026-08-24T16:45:00Z,7677.25,7678.0,7675.75,7677.75,5484
2026-08-24T16:50:00Z,7676.25,7676.25,7676.25,7676.25,4132
2026-08-24T16:55:00Z,7676.25,7677.5,7675.5,7676.0,3970
2026-08-24T17:00:00Z,7676.0,7676.25,7672.75,7674.25,7168
2026-08-24T17:05:00Z,7674.0,7680.75,7673.5,7678.5,9119
2026-08-24T17:10:00Z,7678.75,7682.0,7677.25,7679.25,7814
2026-08-24T17:15:00Z,7679.25,7679.75,7674.25,7675.5,8296
2026-08-24T17:20:00Z,7675.25,7675.75,7669.0,7669.75,11665
2026-08-24T17:25:00Z,7669.75,7671.5,7667.25,7668.25,8604
2026-08-24T17:30:00Z,7668.0,7670.0,7667.0,7667.25,8854
2026-08-24T17:35:00Z,7666.5,7668.25,7665.25,7668.0,7751
2026-08-24T17:40:00Z,7668.0,7668.75,7665.0,7665.0,6602
2026-08-24T17:45:00Z,7665.0,7667.0,7664.5,7666.5,6406
2026-08-24T17:50:00Z,7666.25,7669.0,7665.25,7666.0,6993
2026-08-24T17:55:00Z,7666.25,7668.0,7665.25,7667.0,3541
2026-08-24T18:00:00Z,7667.0,7670.75,7666.75,7669.5,8970
2026-08-24T18:05:00Z,7669.5,7674.25,7669.0,7673.0,6694
2026-08-24T18:10:00Z,7673.0,7677.0,7672.25,7676.75,7490
2026-08-24T18:15:00Z,7676.5,7679.25,7675.25,7676.25,9877
2026-08-24T18:20:00Z,7676.5,7681.0,7676.0,7680.25,9343
2026-08-24T18:25:00Z,7680.0,7682.75,7679.5,7682.25,7741
2026-08-24T18:30:00Z,7682.25,7685.25,7680.75,7681.0,11502
2026-08-24T18:35:00Z,7681.25,7681.75,7675.25,7676.25,8521
2026-08-24T18:40:00Z,7676.5,7678.25,7675.75,7677.5,5101
2026-08-24T18:45:00Z,7677.5,7678.5,7675.25,7677.5,4849
2026-08-24T18:50:00Z,7677.5,7678.75,7675.0,7675.75,5006
2026-08-24T18:55:00Z,7675.75,7677.0,7674.0,7674.25,4651
2026-08-24T19:00:00Z,7673.75,7675.0,7672.5,7673.5,6972
2026-08-24T19:05:00Z,7673.75,7675.25,7672.5,7673.25,4266
2026-08-24T19:10:00Z,7673.0,7676.5,7672.75,7675.5,5033
2026-08-24T19:15:00Z,7675.25,7676.75,7673.5,7675.5,4339
2026-08-24T19:20:00Z,7675.25,7676.25,7673.75,7674.75,4885
2026-08-24T19:25:00Z,7674.5,7676.0,7673.5,7674.25,4281
2026-08-24T19:30:00Z,7674.0,7677.0,7671.75,7672.0,7627
2026-08-24T19:35:00Z,7672.0,7673.0,7670.75,7671.0,6807
2026-08-24T19:40:00Z,7671.0,7672.25,7670.0,7671.25,6452
2026-08-24T19:45:00Z,7671.25,7672.5,7669.25,7672.25,9331
2026-08-24T19:50:00Z,7673.0,7674.25,7668.0,7672.25,16090
2026-08-24T19:55:00Z,7672.25,7674.25,7668.25,7669.75,65328
2026-08-24T20:00:00Z,7669.5,7672.25,7668.0,7671.0,20029
2026-08-24T20:05:00Z,7671.25,7673.5,7670.25,7671.0,4143
2026-08-24T20:10:00Z,7671.25,7671.75,7670.0,7671.0,2535
2026-08-24T20:15:00Z,7671.0,7671.25,7669.25,7670.0,3072
2026-08-24T20:20:00Z,7670.0,7670.25,7666.5,7666.75,1961
2026-08-24T20:25:00Z,7666.75,7667.25,7666.5,7667.0,1152
2026-08-24T20:30:00Z,7666.75,7669.0,7666.5,7669.0,1277
2026-08-24T20:35:00Z,7668.75,7671.25,7668.75,7670.75,859
2026-08-24T20:40:00Z,7671.0,7671.5,7670.5,7671.25,594
2026-08-24T20:45:00Z,7671.0,7671.75,7670.25,7670.5,1446
2026-08-24T20:50:00Z,7670.25,7671.0,7670.0,7671.0,763
2026-08-24T20:55:00Z,7670.75,7675.0,7670.75,7674.25,1447
2026-08-24T22:00:00Z,7676.0,7677.5,7673.5,7674.0,0
2026-08-24T22:05:00Z,7674.5,7677.0,7674.0,7675.0,402
2026-08-24T22:10:00Z,7675.0,7675.0,7673.75,7674.0,199
2026-08-24T22:15:00Z,7674.25,7675.0,7673.75,7674.5,135
2026-08-24T22:20:00Z,7674.25,7675.0,7673.75,7674.75,139
2026-08-24T22:25:00Z,7674.75,7674.75,7674.0,7674.25,81
2026-08-24T22:30:00Z,7674.5,7674.75,7673.25,7674.25,185
2026-08-24T22:35:00Z,7674.5,7674.5,7674.25,7674.25,56
2026-08-24T22:40:00Z,7674.25,7674.5,7673.25,7673.75,247
2026-08-24T22:45:00Z,7673.75,7674.25,7673.5,7674.0,98
2026-08-24T22:50:00Z,7673.75,7674.5,7673.75,7674.0,88
2026-08-24T22:55:00Z,7674.0,7674.5,7673.5,7674.5,119
2026-08-24T23:00:00Z,7674.5,7674.75,7674.0,7674.5,140
2026-08-24T23:05:00Z,7674.5,7675.5,7674.25,7675.25,223
2026-08-24T23:10:00Z,7675.0,7675.5,7674.75,7675.25,143
2026-08-24T23:15:00Z,7675.5,7675.75,7673.75,7674.25,379
2026-08-24T23:20:00Z,7674.0,7675.25,7674.0,7674.5,180
2026-08-24T23:25:00Z,7674.5,7674.5,7672.5,7672.5,236
2026-08-24T23:30:00Z,7672.5,7672.75,7671.75,7672.25,321
2026-08-24T23:35:00Z,7672.25,7672.25,7670.5,7670.75,257
2026-08-24T23:40:00Z,7670.75,7672.5,7667.75,7669.25,1048
2026-08-24T23:45:00Z,7669.25,7669.5,7668.5,7669.25,312
2026-08-24T23:50:00Z,7669.25,7671.25,7668.5,7668.75,322
2026-08-24T23:55:00Z,7668.75,7670.5,7668.75,7670.5,191
2026-08-25T00:00:00Z,7669.5,7671.25,7667.25,7667.25,823
2026-08-25T00:05:00Z,7667.5,7669.75,7667.0,7667.5,637
2026-08-25T00:10:00Z,7667.75,7667.75,7663.5,7664.25,856
2026-08-25T00:15:00Z,7664.25,7664.25,7660.25,7660.75,1466
2026-08-25T00:20:00Z,7661.0,7666.5,7661.0,7664.0,1221
2026-08-25T00:25:00Z,7664.0,7668.5,7662.75,7668.25,1213
2026-08-25T00:30:00Z,7668.0,7670.0,7667.25,7669.25,712
2026-08-25T00:35:00Z,7669.5,7670.75,7668.5,7669.0,536
2026-08-25T00:40:00Z,7669.0,7674.25,7668.5,7673.25,1202
2026-08-25T00:45:00Z,7673.0,7675.75,7671.5,7673.25,870
2026-08-25T00:50:00Z,7673.25,7675.5,7673.0,7674.75,431
2026-08-25T00:55:00Z,7674.75,7675.25,7673.75,7673.75,378
2026-08-25T01:00:00Z,7673.75,7674.5,7672.25,7674.25,1250
2026-08-25T01:05:00Z,7674.25,7675.25,7673.0,7675.0,779
2026-08-25T01:10:00Z,7675.0,7675.25,7673.0,7674.0,438
2026-08-25T01:15:00Z,7674.25,7675.25,7672.5,7674.25,352
2026-08-25T01:20:00Z,7674.25,7674.75,7671.0,7671.0,512
2026-08-25T01:25:00Z,7671.0,7673.25,7670.5,7672.5,484
2026-08-25T01:30:00Z,7672.25,7675.75,7671.75,7673.0,896
2026-08-25T01:35:00Z,7672.5,7676.75,7672.25,7676.25,553
2026-08-25T01:40:00Z,7676.0,7676.75,7673.25,7674.5,499
2026-08-25T01:45:00Z,7674.75,7676.25,7674.5,7676.0,365
2026-08-25T01:50:00Z,7675.75,7675.75,7674.0,7675.5,341
2026-08-25T01:55:00Z,7675.5,7675.5,7673.0,7673.25,343
2026-08-25T02:00:00Z,7673.25,7675.5,7673.25,7674.0,596
2026-08-25T02:05:00Z,7674.0,7674.25,7669.25,7669.75,1082
2026-08-25T02:10:00Z,7670.0,7670.0,7668.25,7669.5,590
2026-08-25T02:15:00Z,7669.5,7671.5,7668.0,7671.25,746
2026-08-25T02:20:00Z,7671.0,7671.75,7668.75,7671.75,564
2026-08-25T02:25:00Z,7671.75,7672.5,7668.5,7672.0,922
2026-08-25T02:30:00Z,7671.5,7675.0,7671.0,7673.75,793
2026-08-25T02:35:00Z,7673.5,7674.0,7671.25,7673.0,437
2026-08-25T02:40:00Z,7673.0,7675.25,7671.75,7672.25,498
2026-08-25T02:45:00Z,7672.25,7672.5,7669.75,7670.25,503
2026-08-25T02:50:00Z,7670.25,7670.25,7667.75,7669.0,719
2026-08-25T02:55:00Z,7669.0,7669.0,7666.5,7667.75,567
2026-08-25T03:00:00Z,7668.0,7671.25,7668.0,7670.5,639
2026-08-25T03:05:00Z,7670.5,7677.0,7670.5,7675.0,1437
2026-08-25T03:10:00Z,7675.0,7676.5,7674.25,7674.75,769
2026-08-25T03:15:00Z,7675.0,7677.5,7674.75,7677.0,840
2026-08-25T03:20:00Z,7677.0,7677.0,7675.0,7675.25,423
2026-08-25T03:25:00Z,7675.5,7677.75,7675.25,7677.5,373
2026-08-25T03:30:00Z,7677.25,7678.75,7676.75,7678.0,629
2026-08-25T03:35:00Z,7678.0,7678.0,7675.75,7676.25,447
2026-08-25T03:40:00Z,7676.25,7677.0,7676.0,7676.25,228
2026-08-25T03:45:00Z,7676.25,7676.25,7674.0,7674.25,383
2026-08-25T03:50:00Z,7674.25,7675.25,7673.25,7674.75,456
2026-08-25T03:55:00Z,7674.75,7675.25,7674.0,7674.5,199
2026-08-25T04:05:00Z,7677.5,7678.0,7677.0,7678.0,1117
2026-08-25T04:10:00Z,7678.0,7678.25,7676.75,7678.25,270
2026-08-25T04:15:00Z,7678.25,7678.5,7677.0,7677.25,321
2026-08-25T04:20:00Z,7677.5,7678.25,7677.25,7678.25,251
2026-08-25T04:25:00Z,7678.25,7678.5,7677.25,7677.75,236
2026-08-25T04:30:00Z,7677.75,7679.5,7677.5,7678.5,442
2026-08-25T04:35:00Z,7678.5,7678.5,7677.0,7677.75,257
2026-08-25T04:40:00Z,7678.0,7679.25,7677.75,7678.5,258
2026-08-25T04:45:00Z,7678.5,7679.25,7677.75,7678.25,255
2026-08-25T04:50:00Z,7678.0,7678.0,7675.25,7676.5,755
2026-08-25T04:55:00Z,7676.25,7677.0,7675.25,7676.75,352
2026-08-25T05:00:00Z,7677.0,7678.5,7676.0,7678.25,437
2026-08-25T05:05:00Z,7678.0,7678.75,7677.25,7677.75,364
2026-08-25T05:10:00Z,7677.75,7680.0,7677.5,7677.75,363
2026-08-25T05:15:00Z,7677.75,7680.0,7677.75,7679.0,412
2026-08-25T05:20:00Z,7678.75,7679.75,7678.25,7679.0,278
2026-08-25T05:25:00Z,7679.0,7679.25,7678.5,7678.75,191
2026-08-25T05:30:00Z,7679.0,7680.0,7678.25,7679.25,381
2026-08-25T05:35:00Z,7679.5,7680.5,7679.25,7680.0,347
2026-08-25T05:40:00Z,7680.0,7680.5,7677.5,7677.75,760
2026-08-25T05:45:00Z,7677.75,7679.25,7677.0,7678.5,386
2026-08-25T05:50:00Z,7678.25,7679.75,7677.75,7679.0,470
2026-08-25T05:55:00Z,7679.0,7681.0,7679.0,7680.0,546
2026-08-25T06:00:00Z,7680.25,7682.5,7680.0,7680.75,447
2026-08-25T06:10:00Z,7669.75,7682.25,7669.75,7681.5,1456
2026-08-25T06:15:00Z,7681.5,7682.5,7680.25,7682.0,657
2026-08-25T06:20:00Z,7682.25,7690.75,7681.25,7685.25,2084
2026-08-25T06:25:00Z,7685.25,7687.0,7684.75,7685.25,1097
2026-08-25T06:30:00Z,7685.0,7687.0,7684.0,7686.25,1193
2026-08-25T06:35:00Z,7686.0,7686.25,7683.5,7684.25,728
2026-08-25T06:40:00Z,7684.25,7687.75,7684.25,7687.75,911
2026-08-25T06:45:00Z,7687.75,7688.0,7685.5,7685.75,619
2026-08-25T06:50:00Z,7685.5,7687.5,7685.25,7687.5,633
2026-08-25T06:55:00Z,7687.5,7689.5,7687.0,7689.5,656
2026-08-25T07:00:00Z,7689.75,7692.5,7689.5,7692.25,2351
2026-08-25T07:05:00Z,7692.25,7692.5,7689.5,7689.75,1102
2026-08-25T07:10:00Z,7689.5,7690.0,7687.25,7688.0,1223
2026-08-25T07:15:00Z,7688.0,7690.0,7684.0,7684.5,1737
2026-08-25T07:20:00Z,7684.25,7686.75,7684.0,7685.25,862
2026-08-25T07:25:00Z,7685.25,7685.25,7683.25,7683.25,336
2026-08-25T07:30:00Z,7684.5,7685.75,7684.25,7684.75,1070
2026-08-25T07:35:00Z,7685.0,7685.25,7684.0,7684.5,484
2026-08-25T07:40:00Z,7684.25,7686.5,7683.25,7685.5,522
2026-08-25T07:45:00Z,7686.0,7686.0,7682.75,7683.75,665
2026-08-25T07:50:00Z,7683.5,7683.75,7681.5,7681.75,748
2026-08-25T07:55:00Z,7681.75,7684.0,7681.75,7682.75,572
2026-08-25T08:00:00Z,7682.75,7685.25,7680.5,7681.25,1421
2026-08-25T08:05:00Z,7681.5,7683.75,7681.25,7682.75,746
2026-08-25T08:10:00Z,7682.75,7682.75,7681.0,7681.5,555
2026-08-25T08:15:00Z,7681.5,7685.75,7681.5,7684.25,704
2026-08-25T08:20:00Z,7684.25,7699.75,7683.75,7698.75,5983
2026-08-25T08:25:00Z,7698.0,7698.25,7691.0,7691.5,2639
2026-08-25T08:30:00Z,7691.75,7695.0,7690.0,7693.5,2059
2026-08-25T08:35:00Z,7693.75,7694.75,7689.25,7689.75,1269
2026-08-25T08:40:00Z,7690.0,7692.75,7690.0,7692.75,786
2026-08-25T08:45:00Z,7692.75,7695.25,7692.75,7694.75,1099
2026-08-25T08:50:00Z,7694.75,7697.0,7694.5,7694.5,1067
2026-08-25T08:55:00Z,7694.5,7697.25,7693.5,7697.0,861
2026-08-25T09:00:00Z,7697.0,7697.25,7694.5,7697.25,1126
2026-08-25T09:05:00Z,7697.25,7699.5,7696.0,7698.0,1261
2026-08-25T09:10:00Z,7698.0,7700.75,7697.75,7699.0,1079
2026-08-25T09:15:00Z,7699.0,7700.5,7698.75,7700.25,774
2026-08-25T09:20:00Z,7700.25,7701.0,7699.5,7699.5,895
2026-08-25T09:25:00Z,7699.5,7699.5,7697.5,7699.25,1085
2026-08-25T09:30:00Z,7699.25,7709.5,7698.75,7708.25,4077
2026-08-25T09:35:00Z,7708.25,7708.75,7703.5,7704.5,2883
2026-08-25T09:40:00Z,7704.5,7708.75,7704.0,7705.25,2142
2026-08-25T09:45:00Z,7705.25,7708.75,7704.5,7708.75,1915
2026-08-25T09:50:00Z,7709.0,7711.0,7708.5,7710.5,1619
2026-08-25T09:55:00Z,7710.75,7714.0,7708.75,7709.5,2450
2026-08-25T10:00:00Z,7709.25,7709.75,7705.0,7706.25,1205
2026-08-25T10:05:00Z,7706.5,7710.0,7706.25,7709.75,1528
2026-08-25T10:10:00Z,7709.75,7710.0,7706.75,7707.75,1024
2026-08-25T10:15:00Z,7708.0,7708.0,7705.25,7706.0,991
2026-08-25T10:20:00Z,7706.0,7706.0,7705.0,7705.0,1372
2026-08-25T10:25:00Z,7705.0,7705.0,7703.25,7703.5,924
2026-08-25T10:30:00Z,7703.75,7704.5,7702.25,7703.25,962
2026-08-25T10:35:00Z,7703.25,7703.5,7701.5,7702.75,793
2026-08-25T10:40:00Z,7702.75,7703.5,7700.25,7700.25,773
2026-08-25T10:45:00Z,7700.0,7702.5,7699.75,7702.0,776
2026-08-25T10:50:00Z,7702.25,7703.0,7701.75,7702.25,779
2026-08-25T10:55:00Z,7702.0,7702.5,7701.0,7702.0,602
2026-08-25T11:00:00Z,7702.0,7702.5,7698.5,7699.0,1708
2026-08-25T11:05:00Z,7698.75,7698.75,7693.0,7697.0,2123
2026-08-25T11:10:00Z,7697.0,7699.0,7696.25,7698.5,1052
2026-08-25T11:15:00Z,7698.5,7699.5,7696.5,7697.75,1255
2026-08-25T11:20:00Z,7698.0,7700.75,7697.75,7699.5,1239
2026-08-25T11:25:00Z,7699.75,7699.75,7696.75,7698.75,843
2026-08-25T11:30:00Z,7699.0,7701.0,7698.5,7698.75,981
2026-08-25T11:35:00Z,7698.75,7701.75,7698.5,7701.5,1231
2026-08-25T11:40:00Z,7701.75,7703.25,7700.75,7701.5,1269
2026-08-25T11:45:00Z,7701.75,7704.75,7701.5,7704.5,978
2026-08-25T11:50:00Z,7704.75,7706.5,7703.0,7703.5,2409
2026-08-25T11:55:00Z,7703.75,7704.75,7703.0,7704.75,888
2026-08-25T12:00:00Z,7704.75,7705.5,7701.25,7704.5,1831
2026-08-25T12:05:00Z,7704.5,7705.5,7703.0,7705.25,1695
2026-08-25T12:10:00Z,7705.0,7705.5,7701.5,7704.0,1548
2026-08-25T12:15:00Z,7704.25,7709.0,7703.75,7706.75,2134
2026-08-25T12:20:00Z,7707.0,7707.0,7703.25,7704.5,1496
2026-08-25T12:25:00Z,7704.75,7706.0,7704.5,7705.25,1135
2026-08-25T12:30:00Z,7705.25,7705.25,7698.0,7699.25,3284
2026-08-25T12:35:00Z,7699.25,7699.25,7695.25,7695.75,3098
2026-08-25T12:40:00Z,7695.5,7698.25,7694.75,7697.5,1977
2026-08-25T12:45:00Z,7697.25,7697.75,7696.5,7697.5,1074
2026-08-25T12:50:00Z,7697.5,7701.5,7697.5,7698.75,2075
2026-08-25T12:55:00Z,7698.75,7699.0,7697.0,7698.0,1170
2026-08-25T13:00:00Z,7697.75,7699.75,7696.5,7697.5,2630
2026-08-25T13:05:00Z,7697.75,7698.5,7695.5,7697.0,2289
2026-08-25T13:10:00Z,7697.25,7700.25,7697.0,7698.25,3682
2026-08-25T13:15:00Z,7698.25,7701.25,7697.0,7699.25,3442
2026-08-25T13:20:00Z,7699.0,7699.5,7696.5,7696.75,1966
2026-08-25T13:25:00Z,7697.25,7700.25,7694.75,7694.75,4754
2026-08-25T13:30:00Z,7695.0,7701.25,7692.5,7700.25,27248
2026-08-25T13:35:00Z,7700.0,7700.5,7694.5,7694.75,16318
2026-08-25T13:40:00Z,7695.0,7699.75,7692.0,7694.75,17517
2026-08-25T13:45:00Z,7694.75,7700.5,7694.5,7697.75,15264
2026-08-25T13:50:00Z,7698.25,7698.75,7693.25,7693.25,12651
2026-08-25T13:55:00Z,7693.5,7694.0,7688.0,7690.0,15873
2026-08-25T14:00:00Z,7690.0,7691.25,7685.5,7687.75,18280
2026-08-25T14:05:00Z,7687.75,7689.0,7684.5,7686.5,12129
2026-08-25T14:10:00Z,7686.5,7688.25,7684.0,7684.75,10529
2026-08-25T14:15:00Z,7684.75,7689.5,7683.5,7687.25,12269
2026-08-25T14:20:00Z,7687.25,7688.0,7681.25,7684.25,14115
2026-08-25T14:25:00Z,7684.25,7685.0,7680.0,7680.25,10612
2026-08-25T14:30:00Z,7680.0,7682.0,7663.25,7676.5,34881
2026-08-25T14:35:00Z,7676.5,7683.75,7675.75,7683.25,10112
2026-08-25T14:40:00Z,7683.25,7683.25,7674.5,7676.5,12047
2026-08-25T14:45:00Z,7676.0,7678.0,7674.5,7675.5,10821
2026-08-25T14:50:00Z,7675.25,7681.25,7673.25,7680.0,9513
2026-08-25T14:55:00Z,7679.5,7681.75,7677.75,7680.25,10158
2026-08-25T15:00:00Z,7680.0,7681.0,7676.25,7677.5,11063
2026-08-25T15:05:00Z,7677.5,7681.0,7677.25,7679.0,7007
2026-08-25T15:10:00Z,7679.0,7681.0,7676.75,7678.75,6645
2026-08-25T15:15:00Z,7679.0,7682.5,7677.75,7682.25,6432
2026-08-25T15:20:00Z,7682.25,7684.75,7679.75,7680.75,9779
2026-08-25T15:25:00Z,7681.0,7687.0,7679.5,7686.0,8946
2026-08-25T15:30:00Z,7686.25,7691.0,7683.5,7684.0,17325
2026-08-25T15:35:00Z,7684.0,7690.25,7683.75,7684.0,15962
2026-08-25T15:40:00Z,7684.25,7685.5,7682.0,7685.0,6389
2026-08-25T15:45:00Z,7685.0,7685.25,7679.0,7680.0,8346
2026-08-25T15:50:00Z,7680.0,7686.25,7679.0,7685.25,7170
2026-08-25T15:55:00Z,7685.25,7689.25,7685.0,7687.75,11518
2026-08-25T16:00:00Z,7687.75,7691.5,7687.25,7688.75,10510
2026-08-25T16:05:00Z,7689.0,7689.5,7686.5,7686.5,6118
2026-08-25T16:10:00Z,7686.75,7689.0,7686.25,7688.5,5661
2026-08-25T16:15:00Z,7688.25,7689.0,7687.25,7688.25,3877
2026-08-25T16:20:00Z,7688.25,7689.5,7687.0,7689.25,4258
2026-08-25T16:25:00Z,7689.25,7691.5,7688.5,7690.75,8623
2026-08-25T16:30:00Z,7690.75,7691.75,7689.75,7690.5,5448
2026-08-25T16:35:00Z,7690.75,7692.75,7689.0,7692.25,5505
2026-08-25T16:40:00Z,7692.0,7692.25,7688.0,7688.75,5587
2026-08-25T16:45:00Z,7688.75,7690.75,7687.0,7689.25,7533
2026-08-25T16:50:00Z,7689.5,7689.5,7686.25,7687.25,5020
2026-08-25T16:55:00Z,7687.0,7692.0,7687.0,7690.75,7563
2026-08-25T17:00:00Z,7690.75,7691.5,7686.5,7686.5,7738
2026-08-25T17:05:00Z,7686.25,7687.25,7682.25,7684.25,9459
2026-08-25T17:10:00Z,7684.0,7686.5,7682.75,7685.75,6475
2026-08-25T17:15:00Z,7685.75,7687.5,7684.75,7687.25,4739
2026-08-25T17:20:00Z,7687.25,7687.5,7683.5,7683.5,4875
2026-08-25T17:25:00Z,7683.25,7683.25,7679.25,7681.25,10099
2026-08-25T17:30:00Z,7681.25,7682.75,7680.25,7681.25,6075
2026-08-25T17:35:00Z,7681.25,7683.25,7680.5,7682.25,4959
2026-08-25T17:40:00Z,7682.25,7683.5,7681.25,7681.5,3731
2026-08-25T17:45:00Z,7681.5,7683.5,7681.5,7682.25,3687
2026-08-25T17:50:00Z,7682.25,7684.5,7681.5,7684.25,3533
2026-08-25T17:55:00Z,7684.0,7684.75,7682.25,7683.5,3217
2026-08-25T18:00:00Z,7683.25,7683.5,7681.0,7681.25,5532
2026-08-25T18:05:00Z,7681.0,7683.25,7681.0,7682.25,3826
2026-08-25T18:10:00Z,7682.25,7683.75,7680.75,7680.75,3487
2026-08-25T18:15:00Z,7681.0,7681.75,7680.0,7681.5,3151
2026-08-25T18:20:00Z,7681.25,7683.0,7681.25,7682.0,3599
2026-08-25T18:25:00Z,7682.0,7683.0,7681.0,7682.75,3096
2026-08-25T18:30:00Z,7682.75,7687.25,7682.75,7686.5,8431
2026-08-25T18:35:00Z,7686.75,7687.0,7685.5,7686.0,5072
2026-08-25T18:40:00Z,7686.0,7689.0,7685.75,7688.75,5497
2026-08-25T18:45:00Z,7688.75,7692.0,7688.75,7691.0,10182
2026-08-25T18:50:00Z,7691.25,7691.5,7689.25,7690.0,5395
2026-08-25T18:55:00Z,7690.25,7691.0,7688.25,7689.5,4082
2026-08-25T19:00:00Z,7689.5,7691.5,7687.25,7687.75,7038
2026-08-25T19:05:00Z,7687.5,7688.25,7686.0,7686.75,4357
2026-08-25T19:10:00Z,7686.5,7686.75,7683.75,7684.25,6927
2026-08-25T19:15:00Z,7684.0,7684.75,7682.25,7683.0,8158
2026-08-25T19:20:00Z,7682.75,7683.75,7681.75,7683.5,6786
2026-08-25T19:25:00Z,7683.75,7685.0,7683.0,7684.5,4510
2026-08-25T19:30:00Z,7684.5,7685.5,7683.0,7684.25,5815
2026-08-25T19:35:00Z,7684.0,7686.5,7683.5,7685.25,6752
2026-08-25T19:40:00Z,7685.25,7689.25,7685.25,7686.5,9697
2026-08-25T19:45:00Z,7686.75,7688.25,7685.5,7687.25,8565
2026-08-25T19:50:00Z,7687.0,7694.5,7685.0,7694.0,20858
2026-08-25T19:55:00Z,7694.75,7695.0,7689.5,7691.0,60962
2026-08-25T20:00:00Z,7691.0,7693.5,7689.0,7691.25,18280
2026-08-25T20:05:00Z,7691.0,7693.25,7690.25,7692.5,3060
2026-08-25T20:10:00Z,7692.5,7693.25,7691.25,7692.0,3503
2026-08-25T20:15:00Z,7692.0,7692.75,7691.25,7692.5,2802
2026-08-25T20:20:00Z,7692.25,7696.0,7692.25,7695.0,2716
2026-08-25T20:25:00Z,7695.25,7695.75,7694.0,7694.25,1921
2026-08-25T20:30:00Z,7694.25,7695.5,7694.25,7694.75,1291
2026-08-25T20:35:00Z,7694.75,7694.75,7693.0,7693.0,570
2026-08-25T20:40:00Z,7693.0,7693.25,7691.5,7691.75,904
2026-08-25T20:45:00Z,7691.5,7692.0,7690.0,7690.25,1474
2026-08-25T20:50:00Z,7690.0,7691.25,7689.75,7691.25,1490
2026-08-25T20:55:00Z,7691.0,7691.5,7690.5,7690.75,1055
2026-08-25T22:00:00Z,7692.25,7694.0,7690.5,7692.5,0
2026-08-25T22:05:00Z,7692.75,7693.5,7691.25,7692.5,478
2026-08-25T22:10:00Z,7692.5,7692.75,7691.5,7691.75,252
2026-08-25T22:15:00Z,7691.75,7692.0,7691.5,7691.5,143
2026-08-25T22:20:00Z,7691.5,7692.25,7690.5,7692.0,337
2026-08-25T22:25:00Z,7692.0,7693.0,7691.75,7692.75,306
2026-08-25T22:30:00Z,7693.0,7693.25,7692.75,7693.0,135
2026-08-25T22:35:00Z,7693.25,7693.25,7692.25,7692.5,187
2026-08-25T22:40:00Z,7692.25,7692.75,7691.75,7692.75,216
2026-08-25T22:45:00Z,7692.75,7692.75,7692.0,7692.0,125
2026-08-25T22:50:00Z,7692.25,7692.25,7691.75,7692.0,77
2026-08-25T22:55:00Z,7692.25,7692.75,7691.75,7692.25,175
2026-08-25T23:00:00Z,7692.0,7692.5,7692.0,7692.25,66
2026-08-25T23:05:00Z,7692.25,7692.5,7691.25,7691.75,263
2026-08-25T23:10:00Z,7691.75,7691.75,7691.25,7691.5,87
2026-08-25T23:15:00Z,7691.5,7691.5,7691.0,7691.25,106
2026-08-25T23:20:00Z,7691.25,7691.25,7689.0,7689.5,329
2026-08-25T23:25:00Z,7689.25,7689.5,7687.5,7687.5,308
2026-08-25T23:30:00Z,7687.75,7688.0,7685.75,7686.25,627
2026-08-25T23:35:00Z,7686.25,7686.75,7685.5,7685.75,260
2026-08-25T23:40:00Z,7686.0,7686.0,7684.25,7684.75,488
2026-08-25T23:45:00Z,7684.5,7684.75,7682.25,7682.25,680
2026-08-25T23:55:00Z,7682.5,7683.5,7682.0,7682.0,1367
2026-08-26T00:00:00Z,7681.5,7683.75,7679.5,7682.5,1970
2026-08-26T00:05:00Z,7682.5,7683.5,7680.5,7683.5,619
2026-08-26T00:10:00Z,7683.5,7684.25,7681.25,7681.25,572
2026-08-26T00:15:00Z,7681.5,7686.0,7681.25,7684.25,724
2026-08-26T00:20:00Z,7684.25,7684.5,7682.25,7682.75,545
2026-08-26T00:25:00Z,7682.75,7683.0,7679.25,7680.75,1949
2026-08-26T00:30:00Z,7680.75,7681.25,7678.5,7678.75,873
2026-08-26T00:35:00Z,7679.0,7679.25,7676.75,7677.5,1331
2026-08-26T00:40:00Z,7677.75,7678.25,7676.25,7677.75,1068
2026-08-26T00:45:00Z,7677.5,7679.25,7677.25,7678.0,721
2026-08-26T00:50:00Z,7678.25,7678.25,7676.0,7676.5,1024
2026-08-26T00:55:00Z,7676.25,7676.5,7673.5,7674.0,997
2026-08-26T01:00:00Z,7674.0,7677.25,7673.75,7677.0,1047
2026-08-26T01:05:00Z,7677.25,7677.75,7676.0,7676.75,910
2026-08-26T01:10:00Z,7676.75,7678.0,7676.25,7676.5,693
2026-08-26T01:15:00Z,7676.5,7677.25,7674.0,7674.5,816
2026-08-26T01:20:00Z,7674.5,7675.75,7673.25,7673.75,890
2026-08-26T01:25:00Z,7673.75,7674.0,7672.75,7673.25,780
2026-08-26T01:30:00Z,7673.5,7674.0,7670.75,7671.75,1524
2026-08-26T01:35:00Z,7671.75,7674.75,7671.0,7674.5,712
2026-08-26T01:40:00Z,7674.25,7674.5,7672.5,7673.25,611
2026-08-26T01:45:00Z,7673.25,7673.5,7671.75,7672.5,570
2026-08-26T01:50:00Z,7672.5,7673.25,7672.0,7673.0,676
2026-08-26T01:55:00Z,7673.0,7674.25,7673.0,7673.25,287
2026-08-26T02:00:00Z,7675.25,7675.25,7674.0,7675.0,1175
2026-08-26T02:05:00Z,7675.0,7675.25,7672.25,7673.0,651
2026-08-26T02:10:00Z,7673.0,7675.25,7673.0,7675.0,682
2026-08-26T02:15:00Z,7675.0,7676.75,7674.75,7676.25,801
2026-08-26T02:20:00Z,7676.25,7678.5,7676.25,7677.5,733
2026-08-26T02:25:00Z,7677.75,7679.0,7677.75,7678.5,415
2026-08-26T02:30:00Z,7678.75,7680.75,7678.25,7680.25,828
2026-08-26T02:35:00Z,7680.5,7681.75,7679.0,7681.5,599
2026-08-26T02:40:00Z,7681.25,7685.0,7681.25,7684.75,941
2026-08-26T02:45:00Z,7684.75,7687.0,7684.0,7686.5,988
2026-08-26T02:50:00Z,7686.5,7687.0,7685.5,7685.5,605
2026-08-26T02:55:00Z,7685.5,7686.0,7685.5,7685.75,97
2026-08-26T04:05:00Z,7689.75,7690.5,7689.75,7690.5,0
2026-08-26T04:10:00Z,7690.25,7691.5,7689.25,7690.5,430
2026-08-26T04:15:00Z,7690.5,7690.5,7689.25,7690.25,350
2026-08-26T04:20:00Z,7690.5,7690.75,7689.75,7690.0,261
2026-08-26T04:25:00Z,7690.0,7691.0,7689.5,7689.75,320
2026-08-26T04:30:00Z,7690.0,7690.25,7689.0,7689.0,375
2026-08-26T04:35:00Z,7689.0,7689.5,7688.0,7688.0,274
2026-08-26T04:40:00Z,7688.0,7688.5,7687.25,7687.25,418
2026-08-26T04:45:00Z,7687.25,7687.25,7682.25,7683.0,944
2026-08-26T04:50:00Z,7682.75,7684.25,7682.5,7683.75,471
2026-08-26T04:55:00Z,7683.75,7684.5,7682.5,7683.25,436
2026-08-26T05:00:00Z,7683.25,7687.0,7683.0,7686.25,812
2026-08-26T05:05:00Z,7686.25,7687.5,7684.25,7687.5,522
2026-08-26T05:10:00Z,7687.5,7687.5,7685.5,7686.0,344
2026-08-26T05:15:00Z,7685.75,7686.25,7684.25,7685.25,387
2026-08-26T05:20:00Z,7685.25,7686.0,7684.75,7685.75,191
2026-08-26T05:25:00Z,7685.75,7686.25,7684.0,7686.0,226
2026-08-26T05:30:00Z,7686.25,7687.75,7686.0,7687.0,425
2026-08-26T05:35:00Z,7687.25,7687.25,7685.25,7685.75,279
2026-08-26T05:40:00Z,7685.75,7686.25,7685.0,7686.0,198
2026-08-26T05:45:00Z,7686.0,7686.0,7684.0,7684.5,411
2026-08-26T05:50:00Z,7684.75,7685.5,7684.0,7684.75,203
