timestamp_utc,open,high,low,close,volume
2026-07-29T11:10:00Z,27989.25,28003.75,27986.25,27992.25,706
2026-07-29T11:15:00Z,27991.25,28018.25,27983.25,28007.5,897
2026-07-29T11:20:00Z,28006.25,28023.75,28002.5,28002.5,657
2026-07-29T11:25:00Z,28003.25,28022.25,27996.0,28000.75,552
2026-07-29T11:30:00Z,27999.25,28008.0,27976.25,27982.5,749
2026-07-29T11:35:00Z,27980.5,27983.5,27959.5,27967.0,509
2026-07-29T11:40:00Z,27966.0,27979.75,27963.0,27965.75,491
2026-07-29T11:45:00Z,27965.25,27995.75,27957.5,27988.0,891
2026-07-29T11:50:00Z,27986.75,27987.75,27959.0,27960.5,570
2026-07-29T11:55:00Z,27958.5,28004.25,27956.75,28002.75,629
2026-07-29T12:00:00Z,28002.0,28004.25,27977.5,27984.0,602
2026-07-29T12:05:00Z,27984.0,28007.75,27953.25,27960.0,773
2026-07-29T12:10:00Z,27960.5,27978.5,27933.75,27940.0,1043
2026-07-29T12:15:00Z,27940.0,27947.5,27868.25,27886.5,2980
2026-07-29T12:20:00Z,27888.75,27901.25,27852.75,27868.75,1617
2026-07-29T12:25:00Z,27868.75,27903.75,27867.25,27867.25,828
2026-07-29T12:30:00Z,27867.0,27888.25,27844.25,27888.25,1276
2026-07-29T12:35:00Z,27887.0,27892.25,27870.25,27888.75,836
2026-07-29T12:40:00Z,27886.75,27918.5,27880.0,27911.75,885
2026-07-29T12:45:00Z,27912.0,27928.0,27905.5,27925.25,893
2026-07-29T12:50:00Z,27924.25,27931.0,27910.5,27926.5,1005
2026-07-29T12:55:00Z,27926.5,27933.25,27903.5,27907.75,777
2026-07-29T13:00:00Z,27909.0,27917.0,27878.5,27881.5,1444
2026-07-29T13:05:00Z,27880.5,27895.75,27870.75,27893.75,1160
2026-07-29T13:10:00Z,27892.5,27895.0,27869.5,27872.75,990
2026-07-29T13:15:00Z,27872.0,27886.5,27861.75,27869.25,1182
2026-07-29T13:20:00Z,27868.5,27896.75,27856.0,27894.25,1982
2026-07-29T13:25:00Z,27895.25,27942.5,27881.5,27914.0,3328
2026-07-29T13:30:00Z,27914.5,27983.75,27836.5,27957.25,16466
2026-07-29T13:35:00Z,27956.75,27996.0,27863.0,27886.75,10993
2026-07-29T13:40:00Z,27887.0,27919.25,27858.0,27916.5,7958
2026-07-29T13:45:00Z,27916.25,27948.0,27816.0,27850.5,9535
2026-07-29T13:50:00Z,27849.75,27855.75,27721.75,27753.5,10860
2026-07-29T13:55:00Z,27752.75,27752.75,27667.75,27733.75,10674
2026-07-29T14:00:00Z,27735.25,27790.0,27733.5,27786.75,11875
2026-07-29T14:05:00Z,27787.75,27826.5,27717.25,27726.5,9713
2026-07-29T14:10:00Z,27726.5,27747.5,27635.75,27648.0,10663
2026-07-29T14:15:00Z,27648.75,27690.0,27643.5,27663.25,9317
2026-07-29T14:20:00Z,27663.5,27695.75,27605.5,27620.0,7963
2026-07-29T14:25:00Z,27620.0,27623.0,27538.75,27573.25,11004
2026-07-29T14:30:00Z,27571.0,27652.25,27567.0,27622.0,8830
2026-07-29T14:35:00Z,27622.25,27624.5,27554.5,27564.0,7261
2026-07-29T14:40:00Z,27562.75,27572.25,27510.0,27537.75,9001
2026-07-29T14:45:00Z,27537.0,27575.25,27518.25,27565.75,7420
2026-07-29T14:50:00Z,27566.0,27615.75,27557.25,27599.25,7651
2026-07-29T14:55:00Z,27599.0,27614.75,27551.25,27600.0,6586
2026-07-29T15:00:00Z,27600.5,27647.25,27581.0,27638.25,8414
2026-07-29T15:05:00Z,27638.25,27657.5,27590.5,27644.25,8115
2026-07-29T15:10:00Z,27644.25,27650.25,27565.75,27577.75,6610
2026-07-29T15:15:00Z,27577.5,27625.0,27558.0,27562.25,6234
2026-07-29T15:20:00Z,27563.5,27605.0,27547.0,27602.75,5520
2026-07-29T15:25:00Z,27601.5,27617.5,27550.25,27555.75,4732
2026-07-29T15:30:00Z,27556.25,27584.5,27540.0,27559.25,4795
2026-07-29T15:35:00Z,27559.5,27596.75,27534.0,27535.25,4352
2026-07-29T15:40:00Z,27534.5,27558.25,27518.0,27535.25,3912
2026-07-29T15:45:00Z,27533.75,27565.75,27519.0,27558.5,3788
2026-07-29T15:50:00Z,27557.75,27566.5,27487.5,27492.25,5384
2026-07-29T15:55:00Z,27493.5,27521.5,27464.5,27517.0,5885
2026-07-29T16:00:00Z,27518.25,27542.0,27454.75,27459.25,6145
2026-07-29T16:05:00Z,27459.5,27463.75,27426.0,27462.0,5919
2026-07-29T16:10:00Z,27461.75,27466.75,27419.5,27419.75,3230
2026-07-29T16:15:00Z,27420.25,27451.5,27409.25,27446.25,4638
2026-07-29T16:20:00Z,27446.25,27528.0,27437.25,27515.5,5679
2026-07-29T16:25:00Z,27516.25,27556.5,27513.5,27551.0,4617
2026-07-29T16:30:00Z,27551.25,27586.0,27525.0,27525.75,5598
2026-07-29T16:35:00Z,27525.25,27533.0,27495.5,27527.75,4841
2026-07-29T16:40:00Z,27527.25,27539.25,27485.25,27504.0,3704
2026-07-29T16:45:00Z,27502.5,27554.5,27489.5,27553.0,4086
2026-07-29T16:50:00Z,27552.0,27575.5,27533.5,27563.0,4059
2026-07-29T16:55:00Z,27561.5,27603.5,27556.0,27603.25,4342
2026-07-29T17:00:00Z,27603.75,27665.0,27595.25,27661.0,5432
2026-07-29T17:05:00Z,27659.75,27662.0,27634.25,27652.75,4254
2026-07-29T17:10:00Z,27652.25,27737.25,27648.25,27736.5,5825
2026-07-29T17:15:00Z,27736.5,27739.75,27709.0,27715.5,4699
2026-07-29T17:20:00Z,27714.25,27750.0,27691.75,27694.25,4998
2026-07-29T17:25:00Z,27693.75,27702.5,27651.0,27651.0,4061
2026-07-29T17:30:00Z,27650.75,27695.0,27629.5,27673.5,4495
2026-07-29T17:35:00Z,27673.75,27679.75,27638.5,27658.75,2545
2026-07-29T17:40:00Z,27658.25,27690.5,27651.25,27681.0,3586
2026-07-29T17:45:00Z,27681.25,27698.0,27656.0,27695.0,2189
2026-07-29T17:50:00Z,27696.0,27727.75,27694.5,27711.75,2864
2026-07-29T17:55:00Z,27711.5,27726.75,27677.75,27721.75,3422
2026-07-29T18:00:00Z,27723.0,27888.5,27714.75,27802.0,14792
2026-07-29T18:05:00Z,27801.25,27886.25,27789.0,27855.25,9796
2026-07-29T18:10:00Z,27853.5,27872.25,27775.0,27798.5,7216
2026-07-29T18:15:00Z,27800.0,27843.5,27748.75,27764.5,6731
2026-07-29T18:20:00Z,27764.5,27775.0,27728.5,27749.0,5977
2026-07-29T18:25:00Z,27747.75,27777.25,27727.5,27776.5,4289
2026-07-29T18:30:00Z,27777.0,27820.0,27709.0,27756.0,8015
2026-07-29T18:35:00Z,27755.75,27888.5,27726.0,27867.75,7958
2026-07-29T18:40:00Z,27868.75,27987.5,27865.0,27975.5,10599
2026-07-29T18:45:00Z,27974.5,28053.25,27961.25,28043.25,9504
2026-07-29T18:50:00Z,28044.0,28087.5,28000.5,28086.0,6811
2026-07-29T18:55:00Z,28086.0,28096.75,28021.0,28056.75,7795
2026-07-29T19:00:00Z,28057.5,28099.5,27967.0,27993.75,9450
2026-07-29T19:05:00Z,27992.5,27999.25,27877.0,27879.0,9235
2026-07-29T19:10:00Z,27878.0,27928.5,27839.5,27905.0,9372
2026-07-29T19:15:00Z,27905.0,27938.0,27805.75,27821.75,8276
2026-07-29T19:20:00Z,27821.5,27828.25,27680.0,27712.25,11396
2026-07-29T19:25:00Z,27710.5,27724.25,27640.75,27712.25,9849
2026-07-29T19:30:00Z,27711.25,27744.0,27572.0,27610.25,10000
2026-07-29T19:35:00Z,27610.5,27630.75,27503.5,27509.25,9982
2026-07-29T19:40:00Z,27507.75,27542.0,27458.75,27473.5,11296
2026-07-29T19:45:00Z,27473.25,27512.25,27421.0,27500.75,11234
2026-07-29T19:50:00Z,27499.75,27500.5,27394.0,27435.25,11560
2026-07-29T19:55:00Z,27434.0,27434.0,27317.5,27336.75,21851
2026-07-29T20:00:00Z,27338.25,27362.25,27201.5,27253.75,16020
2026-07-29T20:05:00Z,27254.0,27364.0,27254.0,27255.0,6864
2026-07-29T20:10:00Z,27257.5,27331.75,27231.75,27300.5,4811
2026-07-29T20:15:00Z,27300.0,27338.75,27270.0,27282.25,2953
2026-07-29T20:20:00Z,27278.5,27306.0,27257.0,27265.75,1330
2026-07-29T20:25:00Z,27266.0,27283.25,27209.5,27242.25,2219
2026-07-29T20:30:00Z,27244.0,27278.75,27207.0,27274.25,1594
2026-07-29T20:35:00Z,27271.25,27331.25,27266.25,27327.25,1836
2026-07-29T20:40:00Z,27328.5,27330.0,27285.75,27312.0,1419
2026-07-29T20:45:00Z,27312.25,27322.25,27273.75,27275.0,991
2026-07-29T20:50:00Z,27273.0,27308.75,27267.0,27308.0,975
2026-07-29T20:55:00Z,27309.0,27312.0,27256.5,27259.25,855
2026-07-29T22:00:00Z,27202.0,27354.75,27202.0,27352.25,2741
2026-07-29T22:05:00Z,27352.5,27449.0,27349.5,27439.5,2644
2026-07-29T22:10:00Z,27440.5,27489.5,27429.75,27434.75,3063
2026-07-29T22:15:00Z,27437.25,27484.0,27430.25,27477.0,1691
2026-07-29T22:20:00Z,27476.5,27478.5,27433.0,27435.25,977
2026-07-29T22:25:00Z,27438.25,27446.0,27395.5,27435.0,1552
2026-07-29T22:30:00Z,27435.75,27443.0,27412.0,27432.25,899
2026-07-29T22:35:00Z,27433.0,27465.5,27428.75,27446.5,896
2026-07-29T22:40:00Z,27445.5,27462.0,27433.25,27459.75,649
2026-07-29T22:45:00Z,27460.0,27479.5,27440.0,27443.0,826
2026-07-29T22:50:00Z,27441.5,27461.75,27418.75,27436.5,1005
2026-07-29T22:55:00Z,27432.75,27453.0,27425.0,27451.5,476
2026-07-29T23:00:00Z,27449.5,27485.0,27446.25,27479.0,828
2026-07-29T23:05:00Z,27477.75,27524.25,27468.75,27506.25,1429
2026-07-29T23:10:00Z,27507.25,27507.75,27456.5,27476.5,1376
2026-07-29T23:15:00Z,27482.25,27513.75,27469.25,27511.25,1028
2026-07-29T23:20:00Z,27510.5,27526.25,27497.25,27513.0,875
2026-07-29T23:25:00Z,27513.0,27541.0,27509.75,27532.75,864
2026-07-29T23:30:00Z,27534.25,27559.25,27534.25,27540.5,936
2026-07-29T23:35:00Z,27540.75,27556.25,27528.5,27535.75,760
2026-07-29T23:40:00Z,27535.5,27535.75,27500.0,27523.75,916
2026-07-29T23:45:00Z,27520.0,27555.5,27508.75,27513.5,1555
2026-07-29T23:50:00Z,27514.25,27541.0,27495.25,27538.0,1230
2026-07-29T23:55:00Z,27538.25,27550.0,27519.25,27520.75,783
2026-07-30T00:00:00Z,27521.75,27543.0,27472.25,27504.5,1933
2026-07-30T00:05:00Z,27507.0,27591.75,27497.5,27583.5,2245
2026-07-30T00:10:00Z,27582.0,27608.0,27569.25,27578.75,1286
2026-07-30T00:15:00Z,27579.0,27602.5,27559.0,27572.0,1569
2026-07-30T00:20:00Z,27572.5,27591.5,27550.5,27571.0,1073
2026-07-30T00:25:00Z,27569.25,27602.75,27566.5,27593.5,1068
2026-07-30T00:30:00Z,27594.75,27611.0,27554.75,27560.25,1135
2026-07-30T00:35:00Z,27555.75,27559.5,27527.0,27534.0,1162
2026-07-30T00:40:00Z,27534.5,27544.75,27489.75,27506.25,1399
2026-07-30T00:45:00Z,27505.75,27545.25,27490.25,27526.75,1544
2026-07-30T00:50:00Z,27527.25,27548.75,27504.25,27538.5,1053
2026-07-30T00:55:00Z,27537.75,27548.5,27510.25,27547.25,843
2026-07-30T01:00:00Z,27547.25,27590.5,27535.25,27590.5,1591
2026-07-30T01:05:00Z,27590.5,27664.25,27579.25,27600.0,2330
2026-07-30T01:10:00Z,27600.0,27615.5,27565.75,27570.75,1250
2026-07-30T01:15:00Z,27569.5,27605.75,27565.0,27591.75,891
2026-07-30T01:20:00Z,27593.0,27619.25,27582.0,27617.75,739
2026-07-30T01:25:00Z,27614.5,27648.0,27613.5,27637.75,798
2026-07-30T01:30:00Z,27637.75,27682.25,27635.25,27670.5,1180
2026-07-30T01:35:00Z,27669.25,27690.5,27661.75,27681.5,1088
2026-07-30T01:40:00Z,27680.75,27694.5,27667.5,27678.0,921
2026-07-30T01:45:00Z,27677.5,27696.75,27663.75,27681.5,1102
2026-07-30T01:50:00Z,27682.25,27687.75,27652.5,27670.5,708
2026-07-30T01:55:00Z,27670.25,27688.0,27648.25,27653.0,750
2026-07-30T02:00:00Z,27652.0,27687.5,27639.25,27641.75,1060
2026-07-30T02:05:00Z,27640.5,27661.0,27633.0,27647.25,770
2026-07-30T02:10:00Z,27650.0,27673.25,27629.25,27636.0,917
2026-07-30T02:15:00Z,27636.0,27637.5,27618.0,27623.75,658
2026-07-30T02:20:00Z,27623.5,27649.75,27619.5,27635.75,594
2026-07-30T02:25:00Z,27635.5,27653.25,27603.25,27610.5,692
2026-07-30T02:30:00Z,27613.25,27613.25,27585.25,27587.25,834
2026-07-30T02:35:00Z,27586.5,27586.5,27565.5,27569.75,944
2026-07-30T02:40:00Z,27568.5,27612.5,27559.5,27610.0,881
2026-07-30T02:45:00Z,27610.75,27631.0,27583.75,27596.0,865
2026-07-30T02:50:00Z,27596.5,27611.5,27578.5,27591.75,552
2026-07-30T02:55:00Z,27590.5,27604.75,27539.0,27541.75,978
2026-07-30T03:00:00Z,27542.0,27576.25,27536.25,27559.0,871
2026-07-30T03:05:00Z,27560.0,27568.25,27517.25,27519.5,637
2026-07-30T03:10:00Z,27518.75,27521.75,27485.0,27497.0,1092
2026-07-30T03:15:00Z,27498.75,27506.25,27471.25,27485.25,817
2026-07-30T03:20:00Z,27485.5,27494.0,27474.0,27494.0,660
2026-07-30T03:25:00Z,27493.0,27523.25,27487.5,27515.5,894
2026-07-30T03:30:00Z,27516.5,27549.0,27480.25,27547.0,1149
2026-07-30T03:35:00Z,27546.75,27556.75,27491.5,27493.5,834
2026-07-30T03:40:00Z,27492.75,27532.5,27486.75,27532.5,627
2026-07-30T03:45:00Z,27529.5,27563.5,27517.75,27550.5,591
2026-07-30T03:50:00Z,27549.75,27562.75,27531.5,27549.25,430
2026-07-30T03:55:00Z,27551.0,27562.5,27518.25,27533.5,468
2026-07-30T04:00:00Z,27532.5,27544.25,27516.25,27534.75,551
2026-07-30T04:05:00Z,27535.0,27538.25,27488.25,27488.25,600
2026-07-30T04:10:00Z,27488.25,27497.5,27481.75,27485.25,414
2026-07-30T04:15:00Z,27485.0,27487.25,27459.5,27468.0,640
2026-07-30T04:20:00Z,27472.25,27500.0,27461.75,27490.75,569
2026-07-30T04:25:00Z,27490.5,27541.75,27488.75,27535.0,744
2026-07-30T04:30:00Z,27534.0,27543.75,27523.0,27529.75,401
2026-07-30T04:35:00Z,27528.75,27542.0,27483.5,27492.5,641
2026-07-30T04:40:00Z,27492.5,27503.5,27461.75,27471.0,594
2026-07-30T04:45:00Z,27469.25,27512.0,27465.25,27481.0,619
2026-07-30T04:50:00Z,27483.25,27486.0,27445.0,27458.25,598
2026-07-30T04:55:00Z,27459.0,27460.25,27434.75,27447.75,463
2026-07-30T05:00:00Z,27446.25,27452.75,27421.25,27441.5,660
2026-07-30T05:05:00Z,27441.25,27452.75,27421.5,27432.75,489
2026-07-30T05:10:00Z,27433.25,27457.25,27421.0,27456.5,437
2026-07-30T05:15:00Z,27458.25,27492.5,27453.25,27491.0,775
2026-07-30T05:20:00Z,27492.0,27499.5,27456.75,27481.75,572
2026-07-30T05:25:00Z,27485.0,27498.5,27462.0,27478.25,458
2026-07-30T05:30:00Z,27476.5,27510.75,27465.0,27491.75,621
2026-07-30T05:35:00Z,27493.0,27502.0,27473.0,27486.5,342
2026-07-30T05:40:00Z,27492.75,27526.5,27486.0,27521.0,567
2026-07-30T05:45:00Z,27521.75,27546.25,27487.0,27497.0,1094
2026-07-30T05:50:00Z,27496.0,27500.5,27476.25,27482.25,535
2026-07-30T05:55:00Z,27481.25,27493.5,27463.5,27487.75,526
2026-07-30T06:00:00Z,27487.0,27493.0,27470.75,27484.0,509
2026-07-30T06:05:00Z,27490.0,27507.0,27469.0,27470.5,441
2026-07-30T06:10:00Z,27471.75,27487.0,27457.0,27468.5,499
2026-07-30T06:15:00Z,27467.75,27467.75,27447.5,27462.0,548
2026-07-30T06:20:00Z,27455.5,27481.5,27447.75,27479.75,365
2026-07-30T06:25:00Z,27480.0,27498.0,27474.0,27479.5,495
2026-07-30T06:30:00Z,27481.5,27484.5,27448.5,27461.5,479
2026-07-30T06:35:00Z,27461.0,27473.0,27451.0,27457.25,376
2026-07-30T06:40:00Z,27457.75,27458.75,27434.75,27436.75,574
2026-07-30T06:45:00Z,27435.25,27463.0,27431.25,27445.25,578
2026-07-30T06:50:00Z,27446.25,27451.0,27436.0,27449.0,261
2026-07-30T06:55:00Z,27451.5,27458.0,27415.0,27434.25,648
2026-07-30T07:00:00Z,27433.75,27521.75,27416.25,27487.25,2624
2026-07-30T07:05:00Z,27487.75,27521.0,27450.5,27471.5,1114
2026-07-30T07:10:00Z,27472.25,27502.0,27456.75,27475.75,736
2026-07-30T07:15:00Z,27478.75,27482.25,27425.75,27427.5,696
2026-07-30T07:20:00Z,27428.75,27430.0,27392.75,27429.5,1191
2026-07-30T07:25:00Z,27429.75,27438.5,27396.5,27408.0,828
2026-07-30T07:30:00Z,27413.0,27413.0,27376.5,27380.5,866
2026-07-30T07:35:00Z,27382.75,27420.5,27351.25,27418.75,1316
2026-07-30T07:40:00Z,27419.75,27447.5,27413.75,27434.0,706
2026-07-30T07:45:00Z,27431.5,27441.75,27417.0,27423.0,680
2026-07-30T07:50:00Z,27422.75,27439.75,27408.25,27412.5,652
2026-07-30T07:55:00Z,27411.5,27419.0,27389.5,27395.25,619
2026-07-30T08:00:00Z,27394.5,27396.25,27337.5,27372.0,1690
2026-07-30T08:05:00Z,27372.0,27447.0,27346.75,27444.25,1171
2026-07-30T08:10:00Z,27444.25,27456.0,27433.0,27437.75,1120
2026-07-30T08:15:00Z,27437.75,27455.75,27425.75,27444.0,852
2026-07-30T08:20:00Z,27443.75,27501.25,27443.25,27495.75,1043
2026-07-30T08:25:00Z,27497.25,27522.5,27485.25,27506.5,1176
2026-07-30T08:30:00Z,27510.5,27524.75,27502.25,27507.5,607
2026-07-30T08:35:00Z,27507.5,27527.25,27489.25,27493.5,460
2026-07-30T08:40:00Z,27492.25,27502.5,27489.0,27493.75,375
2026-07-30T08:45:00Z,27493.25,27508.75,27478.5,27484.25,424
2026-07-30T08:50:00Z,27485.0,27487.75,27470.0,27472.75,342
2026-07-30T08:55:00Z,27474.25,27485.25,27460.5,27485.25,334
2026-07-30T09:00:00Z,27486.0,27512.5,27469.75,27501.75,454
2026-07-30T09:05:00Z,27501.5,27511.75,27491.5,27503.75,375
2026-07-30T09:10:00Z,27503.25,27555.0,27496.75,27534.5,992
2026-07-30T09:15:00Z,27536.75,27550.5,27525.25,27541.5,941
2026-07-30T09:20:00Z,27540.25,27574.75,27538.0,27564.25,1007
2026-07-30T09:25:00Z,27565.75,27570.5,27548.75,27554.5,595
2026-07-30T09:30:00Z,27553.5,27577.0,27538.5,27576.75,617
2026-07-30T09:35:00Z,27574.0,27586.0,27552.5,27555.0,625
2026-07-30T09:40:00Z,27555.75,27558.0,27538.25,27543.5,407
2026-07-30T09:45:00Z,27544.25,27555.5,27538.5,27552.75,309
2026-07-30T09:50:00Z,27552.25,27555.75,27540.0,27554.5,396
2026-07-30T09:55:00Z,27554.5,27554.5,27508.0,27514.75,727
2026-07-30T10:00:00Z,27515.5,27523.75,27488.25,27506.25,1051
2026-07-30T10:05:00Z,27506.0,27561.25,27505.5,27554.25,748
2026-07-30T10:10:00Z,27556.25,27564.5,27534.75,27541.5,724
2026-07-30T10:15:00Z,27543.25,27600.0,27541.25,27596.0,1003
2026-07-30T10:20:00Z,27597.25,27616.5,27595.0,27603.25,1011
2026-07-30T10:25:00Z,27604.0,27627.25,27602.75,27617.75,654
2026-07-30T10:30:00Z,27616.5,27637.5,27606.5,27611.75,860
2026-07-30T10:35:00Z,27612.0,27632.5,27610.5,27621.5,779
2026-07-30T10:40:00Z,27621.5,27648.0,27616.25,27631.0,960
2026-07-30T10:45:00Z,27631.0,27647.75,27626.5,27631.75,577
2026-07-30T10:50:00Z,27634.25,27647.25,27614.25,27614.75,764
2026-07-30T10:55:00Z,27614.75,27626.0,27611.0,27618.5,558
2026-07-30T11:00:00Z,27619.0,27660.0,27613.0,27658.0,1356
2026-07-30T11:05:00Z,27658.25,27685.0,27655.25,27679.5,1131
2026-07-30T11:10:00Z,27678.5,27686.5,27655.25,27665.75,939
2026-07-30T11:15:00Z,27666.0,27702.5,27661.5,27682.25,1144
2026-07-30T11:20:00Z,27683.25,27703.5,27671.75,27701.75,718
2026-07-30T11:25:00Z,27702.0,27730.0,27697.5,27715.0,1247
2026-07-30T11:30:00Z,27715.5,27717.5,27673.0,27675.75,1523
2026-07-30T11:35:00Z,27680.25,27727.25,27680.25,27700.0,1253
2026-07-30T11:40:00Z,27700.0,27723.25,27688.75,27699.75,805
2026-07-30T11:45:00Z,27700.75,27735.0,27700.5,27729.0,848
2026-07-30T11:50:00Z,27729.0,27744.0,27720.25,27740.0,922
2026-07-30T11:55:00Z,27739.5,27745.25,27720.5,27725.0,790
2026-07-30T12:00:00Z,27723.5,27751.5,27695.75,27745.5,1775
2026-07-30T12:05:00Z,27746.25,27758.25,27739.5,27755.5,1152
2026-07-30T12:10:00Z,27756.25,27765.5,27736.0,27763.0,1079
2026-07-30T12:15:00Z,27763.0,27766.25,27738.25,27742.25,1094
2026-07-30T12:20:00Z,27742.0,27752.0,27714.0,27746.25,1356
2026-07-30T12:25:00Z,27747.75,27758.25,27721.75,27740.25,1098
2026-07-30T12:30:00Z,27740.25,27787.75,27715.25,27743.5,3306
2026-07-30T12:35:00Z,27743.75,27786.0,27734.25,27783.0,1942
2026-07-30T12:40:00Z,27783.5,27808.75,27763.75,27777.0,2389
2026-07-30T12:45:00Z,27777.0,27797.5,27763.0,27791.5,1563
2026-07-30T12:50:00Z,27793.25,27805.0,27780.5,27799.0,1331
2026-07-30T12:55:00Z,27798.75,27821.75,27785.0,27805.5,1717
2026-07-30T13:00:00Z,27807.0,27859.0,27793.0,27848.75,6059
2026-07-30T13:05:00Z,27849.0,27876.25,27838.75,27841.5,4304
2026-07-30T13:10:00Z,27841.0,27864.0,27827.25,27840.0,2313
2026-07-30T13:15:00Z,27840.0,27860.0,27831.25,27851.25,1354
2026-07-30T13:20:00Z,27851.25,27852.0,27834.75,27842.25,1482
2026-07-30T13:25:00Z,27843.5,27883.25,27837.0,27874.25,4971
2026-07-30T13:30:00Z,27875.75,27892.0,27813.25,27871.25,18742
2026-07-30T13:35:00Z,27871.25,27919.5,27847.5,27889.25,15165
2026-07-30T13:40:00Z,27887.5,27996.5,27849.75,27976.25,13046
2026-07-30T13:45:00Z,27976.75,28067.5,27973.25,28064.5,12635
2026-07-30T13:50:00Z,28064.75,28125.5,28043.25,28102.5,15491
2026-07-30T13:55:00Z,28103.0,28162.25,28082.25,28151.75,11378
2026-07-30T14:00:00Z,28150.5,28183.75,28127.75,28160.25,13244
2026-07-30T14:05:00Z,28159.75,28166.0,28073.25,28086.25,13451
2026-07-30T14:10:00Z,28085.75,28116.75,28066.75,28107.5,10382
2026-07-30T14:15:00Z,28107.25,28140.0,28080.25,28113.25,9792
2026-07-30T14:20:00Z,28113.75,28174.0,28103.0,28163.5,9023
2026-07-30T14:25:00Z,28164.0,28240.0,28149.75,28226.0,11140
2026-07-30T14:30:00Z,28226.5,28246.5,28188.5,28234.5,9103
2026-07-30T14:35:00Z,28234.75,28244.5,28202.5,28219.75,7593
2026-07-30T14:40:00Z,28221.0,28241.0,28160.25,28175.5,6982
2026-07-30T14:45:00Z,28175.5,28196.0,28130.5,28165.75,8901
2026-07-30T14:50:00Z,28166.0,28176.25,28063.0,28068.5,8513
2026-07-30T14:55:00Z,28068.75,28094.75,28022.5,28070.75,10197
2026-07-30T15:00:00Z,28071.5,28113.5,28012.75,28104.25,11377
2026-07-30T15:05:00Z,28105.0,28137.75,28054.75,28134.0,7874
2026-07-30T15:10:00Z,28134.0,28136.5,28019.0,28023.75,7126
2026-07-30T15:15:00Z,28024.5,28076.25,28006.25,28047.0,7653
2026-07-30T15:20:00Z,28047.0,28099.5,28031.5,28050.5,6086
2026-07-30T15:25:00Z,28050.5,28078.75,27996.25,28010.5,6448
2026-07-30T15:30:00Z,28010.5,28073.5,28001.0,28072.0,6011
2026-07-30T15:35:00Z,28074.0,28089.25,28036.5,28071.0,5381
2026-07-30T15:40:00Z,28072.0,28108.5,28055.0,28089.5,5733
2026-07-30T15:45:00Z,28090.0,28133.75,28090.0,28113.0,5038
2026-07-30T15:50:00Z,28113.5,28122.25,28049.25,28107.75,6197
2026-07-30T15:55:00Z,28108.5,28131.25,28072.0,28079.5,4442
2026-07-30T16:00:00Z,28078.75,28159.0,28059.0,28150.25,8065
2026-07-30T16:05:00Z,28150.0,28165.75,28135.75,28145.75,3594
2026-07-30T16:10:00Z,28144.5,28190.0,28141.25,28186.0,4449
2026-07-30T16:15:00Z,28185.25,28192.75,28168.5,28171.5,4115
2026-07-30T16:20:00Z,28171.75,28186.25,28147.5,28156.75,4017
2026-07-30T16:25:00Z,28156.25,28163.5,28140.5,28144.25,2928
2026-07-30T16:30:00Z,28144.25,28150.5,28111.75,28119.75,3771
2026-07-30T16:35:00Z,28120.0,28141.5,28113.75,28117.5,3204
2026-07-30T16:40:00Z,28118.0,28118.25,28054.5,28068.75,5415
2026-07-30T16:45:00Z,28068.25,28107.75,28066.25,28098.0,4764
2026-07-30T16:50:00Z,28099.25,28136.5,28078.25,28113.25,4197
2026-07-30T16:55:00Z,28113.5,28135.75,28110.0,28126.75,2801
2026-07-30T17:00:00Z,28127.0,28174.0,28126.0,28166.75,5055
2026-07-30T17:05:00Z,28167.75,28183.75,28160.0,28168.25,3238
2026-07-30T17:10:00Z,28168.75,28182.75,28153.25,28159.25,2890
2026-07-30T17:15:00Z,28158.25,28207.25,28156.25,28203.0,3521
2026-07-30T17:20:00Z,28202.75,28207.75,28178.5,28189.75,2758
2026-07-30T17:25:00Z,28188.75,28191.0,28164.25,28169.0,2473
2026-07-30T17:30:00Z,28169.5,28184.0,28153.25,28163.75,2812
2026-07-30T17:35:00Z,28163.25,28180.75,28139.5,28147.5,3612
2026-07-30T17:40:00Z,28147.5,28197.75,28147.0,28188.25,3563
2026-07-30T17:45:00Z,28188.5,28201.5,28183.5,28183.5,2347
2026-07-30T17:50:00Z,28183.25,28208.5,28174.0,28175.75,3542
2026-07-30T17:55:00Z,28176.0,28188.5,28165.5,28177.5,1961
2026-07-30T18:00:00Z,28177.5,28202.25,28168.5,28169.75,2140
2026-07-30T18:05:00Z,28169.25,28196.5,28167.0,28192.25,2233
2026-07-30T18:10:00Z,28191.25,28205.0,28182.75,28200.5,2334
2026-07-30T18:15:00Z,28200.5,28203.75,28162.25,28167.5,2804
2026-07-30T18:20:00Z,28167.75,28192.75,28162.25,28184.75,2359
2026-07-30T18:25:00Z,28185.0,28191.25,28173.5,28183.0,1624
2026-07-30T18:30:00Z,28183.0,28199.0,28170.25,28174.75,2575
2026-07-30T18:35:00Z,28174.5,28176.0,28148.5,28158.25,3059
2026-07-30T18:40:00Z,28158.25,28171.5,28149.25,28167.5,2233
2026-07-30T18:45:00Z,28167.0,28189.5,28165.5,28178.75,2752
2026-07-30T18:50:00Z,28178.25,28186.0,28163.75,28164.0,2279
2026-07-30T18:55:00Z,28164.25,28186.25,28154.75,28180.5,2455
2026-07-30T19:00:00Z,28180.75,28211.5,28179.75,28198.75,5263
2026-07-30T19:05:00Z,28199.25,28255.5,28194.75,28253.75,5419
2026-07-30T19:10:00Z,28254.0,28296.5,28252.25,28274.75,7681
2026-07-30T19:15:00Z,28274.25,28297.75,28262.0,28285.75,4822
2026-07-30T19:20:00Z,28286.25,28287.75,28257.25,28264.0,3913
2026-07-30T19:25:00Z,28263.5,28271.0,28242.0,28244.5,3560
2026-07-30T19:30:00Z,28243.75,28257.25,28235.0,28242.75,4318
2026-07-30T19:35:00Z,28243.0,28247.5,28219.75,28238.5,4067
2026-07-30T19:40:00Z,28238.75,28241.75,28221.75,28232.25,3531
2026-07-30T19:45:00Z,28232.75,28244.75,28217.0,28235.5,4644
2026-07-30T19:50:00Z,28236.0,28241.75,28207.0,28224.25,8654
2026-07-30T19:55:00Z,28223.75,28262.5,28202.5,28230.75,22604
2026-07-30T20:00:00Z,28230.75,28367.0,28205.5,28336.25,11430
2026-07-30T20:05:00Z,28335.0,28335.25,28297.25,28300.0,2993
2026-07-30T20:10:00Z,28301.0,28332.0,28284.0,28324.75,2740
2026-07-30T20:15:00Z,28324.25,28357.25,28322.75,28354.5,2532
2026-07-30T20:20:00Z,28354.5,28370.5,28339.0,28360.0,1328
2026-07-30T20:25:00Z,28361.5,28372.25,28346.5,28366.25,1392
2026-07-30T20:30:00Z,28366.5,28414.5,28311.0,28357.25,4313
2026-07-30T20:35:00Z,28357.75,28358.75,28325.0,28344.5,1312
2026-07-30T20:40:00Z,28343.5,28364.5,28323.5,28361.25,1467
2026-07-30T20:45:00Z,28360.0,28363.0,28337.75,28342.75,607
2026-07-30T20:50:00Z,28343.25,28347.0,28325.5,28334.0,974
2026-07-30T20:55:00Z,28335.0,28341.75,28322.5,28333.5,874
2026-07-30T22:00:00Z,28317.0,28413.75,28300.0,28402.75,2255
2026-07-30T22:05:00Z,28403.25,28406.5,28374.25,28396.75,818
2026-07-30T22:10:00Z,28400.0,28409.75,28377.0,28384.75,727
2026-07-30T22:15:00Z,28382.5,28407.0,28381.75,28387.75,547
2026-07-30T22:20:00Z,28387.75,28391.75,28356.0,28356.75,806
2026-07-30T22:25:00Z,28358.25,28378.25,28350.5,28354.0,839
2026-07-30T22:30:00Z,28352.0,28367.75,28331.0,28363.5,832
2026-07-30T22:35:00Z,28363.75,28389.0,28356.75,28384.75,642
2026-07-30T22:40:00Z,28384.25,28406.0,28379.75,28403.0,572
2026-07-30T22:45:00Z,28402.75,28405.5,28393.0,28399.75,361
2026-07-30T22:50:00Z,28398.75,28409.75,28390.0,28402.75,623
2026-07-30T22:55:00Z,28402.5,28409.0,28393.0,28395.0,336
2026-07-30T23:00:00Z,28394.25,28426.5,28391.0,28416.0,796
2026-07-30T23:05:00Z,28416.0,28421.75,28393.25,28393.25,462
2026-07-30T23:10:00Z,28394.75,28397.75,28377.0,28384.75,557
2026-07-30T23:15:00Z,28386.0,28387.0,28373.5,28377.0,395
2026-07-30T23:20:00Z,28375.0,28378.0,28364.0,28369.5,376
2026-07-30T23:25:00Z,28369.25,28392.5,28369.25,28378.0,461
2026-07-30T23:30:00Z,28378.25,28390.5,28362.25,28384.5,439
2026-07-30T23:35:00Z,28384.75,28399.0,28376.75,28392.75,280
2026-07-30T23:40:00Z,28395.25,28416.5,28393.25,28406.75,660
2026-07-30T23:45:00Z,28406.75,28425.0,28397.5,28420.0,496
2026-07-30T23:50:00Z,28417.5,28439.5,28391.5,28433.75,970
2026-07-30T23:55:00Z,28434.75,28445.0,28422.25,28422.75,777
2026-07-31T00:00:00Z,28424.0,28443.0,28397.25,28433.0,1372
2026-07-31T00:05:00Z,28434.0,28456.25,28426.0,28442.0,1243
2026-07-31T00:10:00Z,28442.5,28476.5,28432.0,28466.75,1321
2026-07-31T00:15:00Z,28467.0,28480.0,28447.25,28477.5,1266
2026-07-31T00:20:00Z,28477.25,28488.0,28454.0,28470.5,982
2026-07-31T00:25:00Z,28472.5,28483.5,28463.25,28483.25,481
2026-07-31T00:30:00Z,28481.0,28509.75,28480.5,28505.5,1065
2026-07-31T00:35:00Z,28506.5,28509.0,28490.0,28495.25,691
2026-07-31T00:40:00Z,28495.0,28498.75,28482.5,28497.25,527
2026-07-31T00:45:00Z,28500.0,28501.75,28468.75,28473.0,759
2026-07-31T00:50:00Z,28473.0,28493.25,28473.0,28483.75,374
2026-07-31T00:55:00Z,28481.0,28524.5,28480.0,28521.75,932
2026-07-31T01:00:00Z,28523.0,28552.0,28522.75,28548.5,1349
2026-07-31T01:05:00Z,28549.5,28569.5,28545.5,28566.5,900
2026-07-31T01:10:00Z,28566.5,28569.0,28555.75,28561.25,635
2026-07-31T01:15:00Z,28560.0,28572.0,28557.0,28561.25,693
2026-07-31T01:20:00Z,28559.25,28572.0,28547.5,28555.0,571
2026-07-31T01:25:00Z,28554.5,28571.5,28543.75,28551.0,729
2026-07-31T01:30:00Z,28549.0,28558.25,28522.25,28536.0,1026
2026-07-31T01:35:00Z,28536.0,28537.75,28499.5,28509.0,896
2026-07-31T01:40:00Z,28510.0,28511.75,28489.0,28497.0,749
2026-07-31T01:45:00Z,28496.5,28500.0,28464.25,28466.5,858
2026-07-31T01:50:00Z,28467.75,28485.75,28455.5,28465.5,973
2026-07-31T01:55:00Z,28467.0,28484.5,28459.25,28478.0,423
2026-07-31T02:00:00Z,28478.0,28499.5,28444.5,28445.75,1020
2026-07-31T02:05:00Z,28445.5,28475.75,28441.0,28473.25,678
2026-07-31T02:10:00Z,28470.5,28471.75,28433.25,28438.0,740
2026-07-31T02:15:00Z,28438.25,28438.75,28401.0,28405.0,1419
2026-07-31T02:20:00Z,28406.75,28428.5,28402.0,28408.0,672
2026-07-31T02:25:00Z,28410.25,28426.25,28404.25,28423.5,376
2026-07-31T02:30:00Z,28422.5,28432.0,28408.0,28421.5,433
2026-07-31T02:35:00Z,28421.5,28421.5,28389.5,28410.5,615
2026-07-31T02:40:00Z,28411.5,28422.25,28401.25,28421.25,437
2026-07-31T02:45:00Z,28421.0,28438.0,28402.0,28406.25,851
2026-07-31T02:50:00Z,28405.25,28422.5,28397.75,28415.5,437
2026-07-31T02:55:00Z,28412.25,28436.5,28412.0,28431.25,544
2026-07-31T03:00:00Z,28431.5,28432.5,28410.0,28426.75,536
2026-07-31T03:05:00Z,28427.25,28434.25,28422.25,28427.0,319
2026-07-31T03:10:00Z,28426.0,28436.0,28398.0,28418.25,658
2026-07-31T03:15:00Z,28417.75,28456.0,28417.0,28455.75,672
2026-07-31T03:20:00Z,28455.0,28472.0,28451.5,28461.5,755
2026-07-31T03:25:00Z,28461.5,28476.5,28458.0,28462.75,474
2026-07-31T03:30:00Z,28464.5,28478.25,28454.0,28454.0,660
2026-07-31T03:35:00Z,28454.25,28470.0,28452.25,28464.75,292
2026-07-31T03:40:00Z,28467.0,28467.0,28453.5,28463.75,184
2026-07-31T03:45:00Z,28461.25,28466.5,28428.25,28432.5,519
2026-07-31T03:50:00Z,28430.75,28468.75,28428.75,28464.75,495
2026-07-31T03:55:00Z,28465.5,28470.5,28458.75,28459.5,327
2026-07-31T04:00:00Z,28458.25,28458.5,28423.0,28441.5,470
2026-07-31T04:05:00Z,28443.25,28465.0,28439.0,28461.25,334
2026-07-31T04:10:00Z,28461.5,28468.0,28452.5,28463.5,334
2026-07-31T04:15:00Z,28463.5,28495.5,28451.5,28495.0,555
2026-07-31T04:20:00Z,28492.75,28501.0,28485.0,28500.0,380
2026-07-31T04:25:00Z,28500.25,28512.0,28493.0,28511.25,445
2026-07-31T04:30:00Z,28512.0,28534.5,28507.75,28531.0,544
2026-07-31T04:35:00Z,28532.25,28542.5,28520.75,28542.0,544
2026-07-31T04:40:00Z,28541.5,28552.5,28536.75,28551.5,391
2026-07-31T04:45:00Z,28551.25,28557.0,28545.0,28547.0,449
2026-07-31T04:50:00Z,28547.5,28552.25,28534.5,28548.0,440
2026-07-31T04:55:00Z,28546.5,28554.25,28546.25,28549.0,228
2026-07-31T05:00:00Z,28548.75,28558.0,28543.75,28545.25,387
2026-07-31T05:05:00Z,28545.0,28565.0,28538.5,28563.25,604
2026-07-31T05:10:00Z,28563.75,28570.0,28545.0,28557.75,517
2026-07-31T05:15:00Z,28558.5,28561.5,28552.5,28557.75,225
2026-07-31T05:20:00Z,28556.25,28572.0,28556.0,28565.5,405
2026-07-31T05:25:00Z,28563.5,28581.0,28560.0,28573.0,595
2026-07-31T05:30:00Z,28573.5,28580.0,28544.0,28547.5,580
2026-07-31T05:35:00Z,28548.5,28561.5,28541.0,28559.5,529
2026-07-31T05:40:00Z,28559.75,28585.75,28552.0,28552.75,625
2026-07-31T05:45:00Z,28551.75,28575.75,28548.75,28573.5,489
2026-07-31T05:50:00Z,28573.5,28590.75,28570.5,28586.5,528
2026-07-31T05:55:00Z,28586.75,28590.5,28565.25,28585.0,651
2026-07-31T06:00:00Z,28585.5,28599.0,28577.0,28584.5,741
2026-07-31T06:05:00Z,28584.25,28600.0,28584.25,28596.25,588
2026-07-31T06:10:00Z,28595.25,28611.75,28594.25,28606.75,707
2026-07-31T06:15:00Z,28605.75,28611.0,28601.75,28606.0,373
2026-07-31T06:20:00Z,28604.5,28604.5,28584.5,28587.75,484
2026-07-31T06:25:00Z,28587.75,28593.5,28580.75,28590.25,524
2026-07-31T06:30:00Z,28589.5,28593.0,28520.5,28523.0,1520
2026-07-31T06:35:00Z,28524.0,28525.0,28485.5,28509.0,1716
2026-07-31T06:40:00Z,28506.75,28506.75,28457.5,28484.0,967
2026-07-31T06:45:00Z,28484.75,28484.75,28450.0,28473.5,1074
2026-07-31T06:50:00Z,28476.0,28502.25,28454.0,28502.25,939
2026-07-31T06:55:00Z,28503.0,28509.75,28481.0,28488.25,886
2026-07-31T07:00:00Z,28484.25,28485.75,28455.0,28479.25,1929
2026-07-31T07:05:00Z,28480.75,28512.0,28480.0,28510.5,801
2026-07-31T07:10:00Z,28512.0,28543.25,28509.75,28535.75,866
2026-07-31T07:15:00Z,28535.0,28550.0,28507.0,28548.5,727
2026-07-31T07:20:00Z,28550.0,28551.5,28518.0,28536.5,631
2026-07-31T07:25:00Z,28536.75,28574.5,28536.0,28546.0,1021
2026-07-31T07:30:00Z,28547.25,28555.0,28534.5,28540.25,609
2026-07-31T07:35:00Z,28541.0,28570.25,28541.0,28556.0,827
2026-07-31T07:40:00Z,28557.75,28574.0,28553.0,28566.5,407
2026-07-31T07:45:00Z,28566.25,28584.25,28554.5,28554.5,610
2026-07-31T07:50:00Z,28556.0,28581.75,28542.5,28580.0,656
2026-07-31T07:55:00Z,28578.25,28579.5,28563.25,28575.0,523
2026-07-31T08:00:00Z,28572.75,28590.75,28533.5,28539.25,1295
2026-07-31T08:05:00Z,28538.0,28573.5,28529.5,28533.5,924
2026-07-31T08:10:00Z,28534.5,28579.0,28524.75,28576.75,698
2026-07-31T08:15:00Z,28576.75,28597.0,28569.5,28593.5,573
2026-07-31T08:20:00Z,28592.25,28596.5,28564.25,28576.75,741
2026-07-31T08:25:00Z,28578.25,28610.0,28573.75,28600.0,854
2026-07-31T08:30:00Z,28595.25,28611.0,28588.0,28597.25,437
2026-07-31T08:35:00Z,28598.5,28598.5,28576.0,28577.5,415
2026-07-31T08:40:00Z,28576.0,28580.25,28561.5,28567.25,639
2026-07-31T08:45:00Z,28568.75,28601.25,28564.25,28593.25,567
2026-07-31T08:50:00Z,28595.75,28602.5,28582.0,28583.5,290
2026-07-31T08:55:00Z,28582.75,28607.25,28582.0,28602.75,484
2026-07-31T09:00:00Z,28603.25,28620.0,28598.25,28618.0,952
2026-07-31T09:05:00Z,28617.0,28627.0,28598.75,28625.25,779
2026-07-31T09:10:00Z,28625.25,28640.75,28623.25,28629.25,830
2026-07-31T09:15:00Z,28627.5,28631.25,28609.75,28610.25,392
2026-07-31T09:20:00Z,28611.25,28624.0,28601.0,28608.25,696
2026-07-31T09:25:00Z,28611.0,28615.75,28584.75,28589.25,530
2026-07-31T09:30:00Z,28588.75,28591.5,28562.75,28564.5,770
2026-07-31T09:35:00Z,28565.25,28568.0,28530.0,28545.5,1465
2026-07-31T09:40:00Z,28545.5,28559.5,28542.25,28552.5,527
2026-07-31T09:45:00Z,28552.25,28567.0,28551.25,28565.0,458
2026-07-31T09:50:00Z,28561.5,28569.75,28545.25,28551.0,355
2026-07-31T09:55:00Z,28548.25,28556.0,28528.5,28533.0,444
2026-07-31T10:00:00Z,28531.75,28546.25,28519.5,28531.0,776
2026-07-31T10:05:00Z,28530.5,28545.0,28520.0,28540.0,609
2026-07-31T10:10:00Z,28539.5,28564.75,28532.5,28555.75,657
2026-07-31T10:15:00Z,28555.0,28567.0,28546.5,28567.0,328
2026-07-31T10:20:00Z,28566.0,28575.5,28554.5,28556.75,455
2026-07-31T10:25:00Z,28557.5,28579.25,28556.25,28572.0,404
2026-07-31T10:30:00Z,28572.25,28577.5,28564.25,28567.5,414
2026-07-31T10:35:00Z,28570.5,28576.75,28561.75,28576.0,344
2026-07-31T10:40:00Z,28576.75,28583.0,28570.25,28578.25,372
2026-07-31T10:45:00Z,28579.25,28591.25,28552.0,28556.75,506
2026-07-31T10:50:00Z,28555.5,28580.5,28553.25,28580.25,541
2026-07-31T10:55:00Z,28581.5,28585.0,28557.25,28565.5,389
2026-07-31T11:00:00Z,28563.25,28618.0,28563.0,28614.5,919
2026-07-31T11:05:00Z,28614.25,28626.0,28605.75,28611.5,595
2026-07-31T11:10:00Z,28612.75,28613.25,28589.75,28594.75,481
2026-07-31T11:15:00Z,28596.25,28599.5,28555.0,28561.25,1157
2026-07-31T11:20:00Z,28562.25,28570.5,28554.0,28567.5,538
2026-07-31T11:25:00Z,28567.25,28584.0,28548.5,28553.25,607
2026-07-31T11:30:00Z,28555.75,28555.75,28525.0,28535.25,925
2026-07-31T11:35:00Z,28535.75,28560.75,28526.5,28532.0,664
2026-07-31T11:40:00Z,28530.25,28544.0,28523.0,28538.25,560
2026-07-31T11:45:00Z,28540.0,28549.25,28532.0,28545.25,599
2026-07-31T11:50:00Z,28544.75,28560.75,28544.5,28553.25,534
2026-07-31T11:55:00Z,28553.5,28560.25,28545.75,28553.5,388
2026-07-31T12:00:00Z,28554.75,28555.25,28506.0,28512.75,1040
2026-07-31T12:05:00Z,28512.75,28515.75,28496.0,28500.75,946
2026-07-31T12:10:00Z,28499.5,28501.0,28477.0,28481.0,1174
2026-07-31T12:15:00Z,28480.25,28483.0,28449.5,28455.5,1627
2026-07-31T12:20:00Z,28455.75,28484.75,28448.0,28484.75,1278
2026-07-31T12:25:00Z,28484.0,28506.0,28478.25,28496.5,1255
2026-07-31T12:30:00Z,28496.75,28502.75,28452.0,28462.25,2025
2026-07-31T12:35:00Z,28462.5,28474.5,28445.5,28452.25,1269
2026-07-31T12:40:00Z,28452.75,28469.0,28432.25,28453.0,1324
2026-07-31T12:45:00Z,28452.75,28460.75,28437.75,28451.0,1077
2026-07-31T12:50:00Z,28452.25,28489.25,28442.75,28486.0,1299
2026-07-31T12:55:00Z,28487.25,28490.5,28463.25,28468.25,1163
2026-07-31T13:00:00Z,28468.5,28497.0,28457.75,28490.0,1934
2026-07-31T13:05:00Z,28490.0,28514.0,28486.25,28508.5,1305
2026-07-31T13:10:00Z,28509.0,28531.0,28508.75,28530.0,1739
2026-07-31T13:15:00Z,28529.25,28546.0,28529.25,28539.0,1794
2026-07-31T13:20:00Z,28539.25,28554.0,28529.0,28549.0,1861
2026-07-31T13:25:00Z,28549.75,28584.0,28546.5,28577.5,3603
2026-07-31T13:30:00Z,28576.5,28709.5,28542.5,28681.5,19497
2026-07-31T13:35:00Z,28682.25,28725.75,28556.0,28561.0,16897
2026-07-31T13:40:00Z,28562.5,28578.25,28415.75,28419.0,15878
2026-07-31T13:45:00Z,28420.0,28472.75,28319.75,28360.5,18134
2026-07-31T13:50:00Z,28361.0,28407.5,28295.5,28333.0,15602
2026-07-31T13:55:00Z,28333.0,28414.5,28311.25,28360.5,12851
2026-07-31T14:00:00Z,28356.75,28393.0,28239.75,28241.75,12784
2026-07-31T14:05:00Z,28242.75,28272.0,28122.75,28152.75,16207
2026-07-31T14:10:00Z,28154.0,28192.0,28100.5,28137.5,15333
2026-07-31T14:15:00Z,28137.0,28214.5,28079.75,28177.5,15424
2026-07-31T14:20:00Z,28177.0,28248.0,28157.0,28196.0,12624
2026-07-31T14:25:00Z,28194.0,28258.75,28162.5,28249.75,9539
2026-07-31T14:30:00Z,28249.5,28281.75,28211.75,28237.0,9327
2026-07-31T14:35:00Z,28236.75,28292.75,28234.75,28270.25,6440
2026-07-31T14:40:00Z,28270.0,28296.0,28211.75,28268.75,7197
2026-07-31T14:45:00Z,28268.25,28338.75,28237.0,28332.5,9823
2026-07-31T14:50:00Z,28333.5,28345.5,28289.75,28298.25,6854
2026-07-31T14:55:00Z,28298.75,28333.75,28255.25,28307.5,7964
2026-07-31T15:00:00Z,28308.75,28328.0,28273.75,28321.75,5997
2026-07-31T15:05:00Z,28322.0,28342.25,28256.75,28277.0,6216
2026-07-31T15:10:00Z,28277.0,28299.75,28214.75,28269.0,7509
2026-07-31T15:15:00Z,28269.25,28339.25,28236.25,28261.25,6487
2026-07-31T15:20:00Z,28260.5,28270.5,28193.25,28195.25,5892
2026-07-31T15:25:00Z,28196.25,28207.25,28122.25,28151.25,8816
2026-07-31T15:30:00Z,28151.5,28179.25,28115.5,28175.0,8188
2026-07-31T15:35:00Z,28175.0,28261.0,28171.75,28234.75,7441
2026-07-31T15:40:00Z,28235.25,28249.0,28164.0,28215.0,6445
2026-07-31T15:45:00Z,28215.25,28225.75,28164.0,28194.5,5322
2026-07-31T15:50:00Z,28194.5,28288.0,28189.0,28280.5,6276
2026-07-31T15:55:00Z,28280.25,28295.0,28251.25,28274.0,5574
2026-07-31T16:00:00Z,28274.0,28308.5,28257.0,28290.5,5702
2026-07-31T16:05:00Z,28291.0,28298.0,28243.75,28274.75,4250
2026-07-31T16:10:00Z,28273.75,28308.25,28269.0,28300.5,4135
2026-07-31T16:15:00Z,28301.5,28310.25,28256.0,28292.25,3888
2026-07-31T16:20:00Z,28292.5,28342.5,28286.75,28332.0,4345
2026-07-31T16:25:00Z,28332.75,28364.25,28305.25,28363.75,4544
2026-07-31T16:30:00Z,28363.75,28388.0,28352.5,28376.75,4527
2026-07-31T16:35:00Z,28375.75,28388.75,28355.75,28362.75,3709
2026-07-31T16:40:00Z,28363.5,28371.5,28313.75,28321.5,4297
2026-07-31T16:45:00Z,28321.5,28349.75,28308.5,28348.0,3651
2026-07-31T16:50:00Z,28348.5,28383.75,28344.5,28354.25,3506
2026-07-31T16:55:00Z,28353.0,28390.0,28352.0,28367.5,3454
2026-07-31T17:00:00Z,28366.75,28409.5,28360.0,28394.75,3764
2026-07-31T17:05:00Z,28394.5,28405.0,28364.75,28379.0,3111
2026-07-31T17:10:00Z,28379.5,28411.25,28367.75,28402.0,2665
2026-07-31T17:15:00Z,28403.0,28422.0,28396.0,28417.75,2706
2026-07-31T17:20:00Z,28417.5,28456.0,28397.0,28453.75,3563
2026-07-31T17:25:00Z,28454.0,28477.5,28449.75,28461.5,4938
2026-07-31T17:30:00Z,28462.5,28485.5,28449.0,28482.0,4025
2026-07-31T17:35:00Z,28481.0,28503.0,28454.75,28455.75,4879
2026-07-31T17:40:00Z,28454.75,28471.75,28443.25,28457.5,3541
2026-07-31T17:45:00Z,28456.25,28475.75,28417.75,28421.0,4164
2026-07-31T17:50:00Z,28421.0,28466.25,28415.75,28443.25,3857
2026-07-31T17:55:00Z,28444.0,28458.75,28424.5,28429.0,2538
2026-07-31T18:00:00Z,28429.0,28459.75,28418.25,28426.0,3127
2026-07-31T18:05:00Z,28426.25,28452.25,28414.75,28429.0,2920
2026-07-31T18:10:00Z,28428.75,28437.25,28395.25,28403.75,4058
2026-07-31T18:15:00Z,28402.75,28446.0,28398.5,28427.25,3056
2026-07-31T18:20:00Z,28428.0,28445.5,28420.5,28437.25,2485
2026-07-31T18:25:00Z,28437.75,28439.25,28413.0,28422.0,2132
2026-07-31T18:30:00Z,28422.0,28448.0,28422.0,28434.75,1930
2026-07-31T18:35:00Z,28434.75,28436.75,28415.75,28426.25,2020
2026-07-31T18:40:00Z,28426.25,28442.5,28415.5,28432.5,1998
2026-07-31T18:45:00Z,28432.5,28449.25,28422.0,28448.0,2009
2026-07-31T18:50:00Z,28448.0,28462.0,28443.25,28446.25,2375
2026-07-31T18:55:00Z,28446.25,28453.0,28416.5,28433.75,2667
2026-07-31T19:00:00Z,28433.5,28458.75,28418.25,28420.5,2932
2026-07-31T19:05:00Z,28421.5,28432.5,28405.5,28427.75,2756
2026-07-31T19:10:00Z,28427.25,28442.25,28419.0,28433.0,2293
2026-07-31T19:15:00Z,28433.5,28487.5,28426.25,28485.5,3803
2026-07-31T19:20:00Z,28485.5,28498.0,28467.75,28470.0,4413
2026-07-31T19:25:00Z,28469.75,28480.5,28461.0,28475.25,2456
2026-07-31T19:30:00Z,28474.5,28480.5,28441.75,28459.75,3871
2026-07-31T19:35:00Z,28460.0,28473.5,28451.75,28458.5,3192
2026-07-31T19:40:00Z,28458.75,28483.5,28434.5,28476.75,3732
2026-07-31T19:45:00Z,28477.0,28510.0,28477.0,28509.25,5463
2026-07-31T19:50:00Z,28508.5,28524.0,28473.75,28507.5,8803
2026-07-31T19:55:00Z,28507.0,28517.5,28380.0,28402.75,19751
2026-07-31T20:00:00Z,28402.75,28434.25,28340.5,28362.5,9991
2026-07-31T20:05:00Z,28363.25,28400.25,28347.5,28391.25,3053
2026-07-31T20:10:00Z,28391.0,28404.0,28387.75,28393.75,1933
2026-07-31T20:15:00Z,28394.0,28395.25,28364.5,28382.0,1766
2026-07-31T20:20:00Z,28381.0,28390.25,28375.0,28375.25,712
2026-07-31T20:25:00Z,28374.25,28380.0,28362.25,28372.5,816
2026-07-31T20:30:00Z,28369.75,28395.0,28356.0,28394.5,1263
2026-07-31T20:35:00Z,28394.5,28395.5,28384.5,28392.25,547
2026-07-31T20:40:00Z,28391.5,28394.5,28378.25,28382.0,765
2026-07-31T20:45:00Z,28381.0,28386.25,28378.25,28381.75,648
2026-07-31T20:50:00Z,28382.5,28386.0,28313.75,28342.0,2151
2026-07-31T20:55:00Z,28344.25,28344.25,28258.25,28287.0,2135
2026-08-02T22:00:00Z,28565.0,28630.0,28549.25,28615.25,3368
2026-08-02T22:05:00Z,28615.5,28616.25,28582.0,28601.25,900
2026-08-02T22:10:00Z,28601.0,28641.25,28599.25,28623.0,1065
2026-08-02T22:15:00Z,28624.0,28631.5,28582.0,28595.75,938
2026-08-02T22:20:00Z,28596.75,28632.5,28596.75,28612.5,1100
2026-08-02T22:25:00Z,28612.25,28629.25,28600.25,28613.5,654
2026-08-02T22:30:00Z,28615.25,28623.75,28607.5,28613.5,365
2026-08-02T22:35:00Z,28612.75,28622.5,28609.75,28614.5,341
2026-08-02T22:40:00Z,28613.0,28622.0,28594.25,28600.25,619
2026-08-02T22:45:00Z,28599.5,28605.0,28587.25,28587.25,376
2026-08-02T22:50:00Z,28589.25,28592.75,28581.5,28585.0,329
2026-08-02T22:55:00Z,28585.75,28592.0,28560.25,28570.25,571
2026-08-02T23:00:00Z,28568.75,28591.0,28567.5,28576.25,617
2026-08-02T23:05:00Z,28578.0,28589.0,28552.75,28553.5,663
2026-08-02T23:10:00Z,28553.5,28565.75,28545.0,28556.75,579
2026-08-02T23:15:00Z,28556.25,28565.75,28553.0,28561.0,283
2026-08-02T23:20:00Z,28562.75,28596.0,28555.0,28589.5,1023
2026-08-02T23:25:00Z,28591.0,28594.25,28577.75,28585.25,356
2026-08-02T23:30:00Z,28585.5,28605.75,28579.25,28590.0,725
2026-08-02T23:35:00Z,28588.25,28591.0,28579.0,28580.75,219
2026-08-02T23:40:00Z,28580.0,28610.0,28574.5,28606.0,703
2026-08-02T23:45:00Z,28603.5,28612.5,28571.25,28602.5,871
2026-08-02T23:50:00Z,28604.0,28637.5,28580.0,28588.75,1495
2026-08-02T23:55:00Z,28587.75,28622.0,28576.75,28614.0,978
2026-08-03T00:00:00Z,28611.0,28611.0,28562.5,28571.25,1488
2026-08-03T00:05:00Z,28571.5,28596.5,28554.5,28595.5,1042
2026-08-03T00:10:00Z,28597.75,28615.25,28573.25,28610.5,902
2026-08-03T00:15:00Z,28610.75,28630.5,28595.25,28600.0,1095
2026-08-03T00:20:00Z,28600.0,28613.5,28579.0,28581.25,691
2026-08-03T00:25:00Z,28579.5,28586.5,28537.5,28556.75,1458
2026-08-03T00:30:00Z,28554.25,28587.0,28542.5,28583.5,1412
2026-08-03T00:35:00Z,28583.75,28611.0,28576.75,28597.25,1011
2026-08-03T00:40:00Z,28598.75,28610.25,28575.0,28583.75,941
2026-08-03T00:45:00Z,28582.25,28618.25,28572.5,28616.25,977
2026-08-03T00:50:00Z,28616.0,28623.5,28582.25,28614.5,856
2026-08-03T00:55:00Z,28614.25,28626.0,28605.0,28622.0,561
2026-08-03T01:00:00Z,28622.25,28629.0,28601.75,28624.25,931
2026-08-03T01:05:00Z,28625.0,28635.0,28604.0,28617.0,1266
2026-08-03T01:10:00Z,28616.75,28628.5,28584.75,28592.0,616
2026-08-03T01:15:00Z,28590.75,28593.75,28564.25,28569.75,899
2026-08-03T01:20:00Z,28569.0,28594.75,28566.25,28589.5,627
2026-08-03T01:25:00Z,28591.5,28614.75,28591.0,28609.0,600
2026-08-03T01:30:00Z,28607.5,28616.75,28596.0,28598.75,457
2026-08-03T01:35:00Z,28596.0,28601.75,28578.0,28599.25,779
2026-08-03T01:40:00Z,28602.25,28630.0,28598.0,28630.0,613
2026-08-03T01:45:00Z,28630.0,28632.0,28618.5,28622.25,575
2026-08-03T01:50:00Z,28621.25,28640.75,28619.25,28632.25,576
2026-08-03T01:55:00Z,28631.25,28650.0,28625.5,28644.0,825
2026-08-03T02:00:00Z,28644.75,28664.0,28631.0,28654.0,827
2026-08-03T02:05:00Z,28655.25,28660.0,28634.25,28639.25,510
2026-08-03T02:10:00Z,28640.75,28668.75,28639.0,28662.75,469
2026-08-03T02:15:00Z,28661.5,28676.0,28654.75,28674.5,397
2026-08-03T02:20:00Z,28676.0,28681.5,28659.5,28662.0,719
2026-08-03T02:25:00Z,28662.0,28663.0,28634.5,28640.25,807
2026-08-03T02:30:00Z,28640.5,28662.75,28633.75,28661.5,743
2026-08-03T02:35:00Z,28663.0,28669.75,28653.5,28657.25,408
2026-08-03T02:40:00Z,28656.0,28664.25,28644.5,28644.5,323
2026-08-03T02:45:00Z,28646.5,28650.25,28639.25,28646.0,208
2026-08-03T02:50:00Z,28646.0,28660.75,28644.5,28657.5,299
2026-08-03T02:55:00Z,28657.5,28666.5,28652.5,28660.5,278
2026-08-03T03:00:00Z,28662.5,28675.75,28658.75,28661.5,407
2026-08-03T03:05:00Z,28662.0,28675.5,28657.5,28667.25,379
2026-08-03T03:10:00Z,28667.5,28670.0,28661.75,28664.0,244
2026-08-03T03:15:00Z,28665.0,28671.5,28657.5,28671.5,263
2026-08-03T03:20:00Z,28672.0,28676.5,28641.25,28645.0,472
2026-08-03T03:25:00Z,28644.75,28659.0,28641.5,28645.75,266
2026-08-03T03:30:00Z,28647.0,28658.5,28640.0,28653.5,315
2026-08-03T03:35:00Z,28654.0,28667.75,28650.0,28664.0,236
2026-08-03T03:40:00Z,28665.0,28674.0,28662.5,28671.75,296
2026-08-03T03:45:00Z,28672.75,28675.75,28665.25,28675.5,207
2026-08-03T03:50:00Z,28675.5,28698.25,28674.0,28692.75,725
2026-08-03T03:55:00Z,28692.25,28692.75,28667.5,28670.0,331
2026-08-03T04:00:00Z,28669.0,28672.0,28660.0,28661.75,272
2026-08-03T04:05:00Z,28661.25,28667.25,28655.0,28659.5,258
2026-08-03T04:10:00Z,28658.5,28662.5,28652.5,28661.75,212
2026-08-03T04:15:00Z,28662.75,28672.75,28662.75,28671.0,220
2026-08-03T04:20:00Z,28670.5,28685.25,28667.75,28682.75,265
2026-08-03T04:25:00Z,28683.25,28688.5,28677.5,28683.25,257
2026-08-03T04:30:00Z,28682.75,28686.0,28673.5,28675.0,249
2026-08-03T04:35:00Z,28675.0,28681.5,28673.5,28673.5,138
2026-08-03T04:40:00Z,28672.5,28675.25,28666.5,28674.25,242
2026-08-03T04:45:00Z,28673.75,28688.25,28668.25,28680.75,278
2026-08-03T04:50:00Z,28681.0,28682.0,28658.0,28660.25,266
2026-08-03T04:55:00Z,28662.25,28663.25,28648.5,28651.0,281
2026-08-03T05:00:00Z,28650.75,28666.25,28645.75,28651.0,367
2026-08-03T05:05:00Z,28650.0,28650.0,28634.0,28641.75,480
2026-08-03T05:10:00Z,28641.0,28659.0,28636.5,28638.5,380
2026-08-03T05:15:00Z,28638.75,28638.75,28622.5,28625.25,498
2026-08-03T05:20:00Z,28625.75,28637.5,28625.75,28636.25,229
2026-08-03T05:25:00Z,28635.25,28648.75,28632.5,28638.25,410
2026-08-03T05:30:00Z,28636.75,28648.0,28634.0,28635.0,211
2026-08-03T05:35:00Z,28634.75,28646.75,28628.25,28642.5,206
2026-08-03T05:40:00Z,28641.5,28649.75,28632.5,28634.5,304
2026-08-03T05:45:00Z,28634.5,28645.25,28633.25,28639.75,212
2026-08-03T05:50:00Z,28639.75,28639.75,28617.0,28621.75,383
2026-08-03T05:55:00Z,28622.0,28641.75,28621.75,28641.25,328
2026-08-03T06:00:00Z,28642.0,28655.5,28631.5,28649.5,680
2026-08-03T06:05:00Z,28651.25,28656.5,28632.25,28640.25,550
2026-08-03T06:10:00Z,28641.75,28661.0,28640.0,28642.25,445
2026-08-03T06:15:00Z,28641.0,28645.75,28633.5,28640.75,299
2026-08-03T06:20:00Z,28639.25,28652.0,28631.5,28631.5,434
2026-08-03T06:25:00Z,28632.5,28632.5,28618.5,28625.75,522
2026-08-03T06:30:00Z,28627.0,28645.0,28624.25,28638.0,403
2026-08-03T06:35:00Z,28635.75,28641.75,28610.0,28620.0,389
2026-08-03T06:40:00Z,28620.75,28622.75,28609.0,28609.0,444
2026-08-03T06:45:00Z,28609.75,28618.75,28595.75,28597.5,670
2026-08-03T06:50:00Z,28598.0,28601.0,28585.25,28596.5,571
2026-08-03T06:55:00Z,28596.0,28596.5,28575.75,28593.25,560
2026-08-03T07:00:00Z,28594.25,28605.75,28563.75,28599.0,1062
2026-08-03T07:05:00Z,28599.0,28628.75,28599.0,28612.0,758
2026-08-03T07:10:00Z,28613.0,28634.5,28609.5,28617.5,620
2026-08-03T07:15:00Z,28618.75,28631.0,28569.25,28583.5,1497
2026-08-03T07:20:00Z,28583.0,28609.5,28576.75,28601.25,639
2026-08-03T07:25:00Z,28601.25,28609.25,28584.0,28604.0,457
2026-08-03T07:30:00Z,28604.5,28609.75,28595.75,28605.5,322
2026-08-03T07:35:00Z,28605.0,28615.5,28580.0,28582.25,482
2026-08-03T07:40:00Z,28581.75,28582.75,28560.25,28564.25,532
2026-08-03T07:45:00Z,28563.0,28587.5,28561.0,28576.0,342
2026-08-03T07:50:00Z,28576.75,28577.5,28558.5,28570.25,329
2026-08-03T07:55:00Z,28572.5,28589.5,28567.0,28588.25,435
2026-08-03T08:00:00Z,28588.0,28591.0,28526.5,28533.5,1202
2026-08-03T08:05:00Z,28535.25,28548.75,28518.5,28540.0,860
2026-08-03T08:10:00Z,28541.25,28564.0,28537.75,28561.25,580
2026-08-03T08:15:00Z,28560.0,28564.25,28511.75,28512.5,825
2026-08-03T08:20:00Z,28514.0,28521.25,28488.75,28495.0,852
2026-08-03T08:25:00Z,28492.5,28497.0,28473.25,28488.0,754
2026-08-03T08:30:00Z,28487.25,28495.5,28471.75,28483.25,558
2026-08-03T08:35:00Z,28484.0,28539.75,28483.75,28537.5,827
2026-08-03T08:40:00Z,28537.0,28555.0,28527.25,28537.25,675
2026-08-03T08:45:00Z,28536.25,28553.5,28527.0,28546.0,591
2026-08-03T08:50:00Z,28544.25,28566.0,28541.5,28559.5,609
2026-08-03T08:55:00Z,28561.25,28595.0,28561.25,28594.0,1208
2026-08-03T09:00:00Z,28594.75,28601.0,28568.25,28570.25,950
2026-08-03T09:05:00Z,28570.75,28595.25,28568.0,28573.25,372
2026-08-03T09:10:00Z,28571.75,28575.25,28543.0,28558.75,607
2026-08-03T09:15:00Z,28559.0,28582.25,28556.0,28573.5,441
2026-08-03T09:20:00Z,28573.75,28575.75,28552.25,28552.25,330
2026-08-03T09:25:00Z,28553.0,28560.0,28547.25,28556.75,393
2026-08-03T09:30:00Z,28556.75,28566.0,28547.25,28555.75,338
2026-08-03T09:35:00Z,28557.0,28576.5,28547.0,28552.0,473
2026-08-03T09:40:00Z,28552.5,28562.5,28543.5,28545.75,412
2026-08-03T09:45:00Z,28546.25,28560.25,28538.5,28545.25,362
2026-08-03T09:50:00Z,28545.25,28547.25,28521.0,28542.5,634
2026-08-03T09:55:00Z,28542.75,28563.25,28536.0,28559.0,465
2026-08-03T10:00:00Z,28559.25,28565.25,28536.5,28549.25,525
2026-08-03T10:05:00Z,28548.0,28550.5,28536.5,28541.25,326
2026-08-03T10:10:00Z,28543.0,28544.5,28526.0,28527.25,443
2026-08-03T10:15:00Z,28525.5,28540.0,28520.0,28525.25,509
2026-08-03T10:20:00Z,28526.75,28527.75,28491.25,28493.5,825
2026-08-03T10:25:00Z,28494.0,28511.5,28488.5,28508.0,626
2026-08-03T10:30:00Z,28508.0,28523.25,28490.0,28522.5,442
2026-08-03T10:35:00Z,28523.25,28531.5,28511.75,28526.5,508
2026-08-03T10:40:00Z,28526.0,28528.75,28514.0,28527.75,232
2026-08-03T10:45:00Z,28526.75,28536.25,28519.5,28520.25,378
2026-08-03T10:50:00Z,28521.0,28532.5,28514.25,28528.75,377
2026-08-03T10:55:00Z,28528.25,28546.5,28527.75,28541.0,455
2026-08-03T11:00:00Z,28541.25,28547.0,28481.25,28500.0,1360
2026-08-03T11:05:00Z,28497.75,28503.25,28465.25,28479.0,778
2026-08-03T11:10:00Z,28477.75,28489.5,28474.0,28487.25,460
2026-08-03T11:15:00Z,28487.5,28513.0,28481.0,28503.5,627
2026-08-03T11:20:00Z,28503.25,28510.5,28486.75,28489.5,436
2026-08-03T11:25:00Z,28489.25,28493.25,28468.75,28468.75,621
2026-08-03T11:30:00Z,28468.75,28511.25,28466.0,28506.25,651
2026-08-03T11:35:00Z,28505.75,28512.5,28457.25,28460.75,907
2026-08-03T11:40:00Z,28459.25,28476.5,28450.5,28474.5,888
2026-08-03T11:45:00Z,28475.25,28477.0,28442.5,28458.25,1055
2026-08-03T11:50:00Z,28457.0,28457.0,28409.5,28412.0,1414
2026-08-03T11:55:00Z,28411.5,28422.0,28403.5,28420.25,961
2026-08-03T12:00:00Z,28420.25,28420.25,28389.5,28395.5,1552
2026-08-03T12:05:00Z,28395.25,28419.5,28383.5,28416.75,1306
2026-08-03T12:10:00Z,28416.0,28435.75,28406.75,28434.75,1182
2026-08-03T12:15:00Z,28435.5,28447.0,28424.25,28441.25,1374
2026-08-03T12:20:00Z,28440.5,28458.75,28432.75,28436.0,1225
2026-08-03T12:25:00Z,28434.5,28461.75,28421.75,28449.0,1063
2026-08-03T12:30:00Z,28450.0,28462.25,28440.0,28454.5,1024
2026-08-03T12:35:00Z,28453.5,28456.5,28440.0,28447.0,1009
2026-08-03T12:40:00Z,28446.75,28487.75,28437.75,28487.25,1490
2026-08-03T12:45:00Z,28487.5,28491.5,28455.0,28458.25,1014
2026-08-03T12:50:00Z,28458.25,28475.0,28442.0,28471.0,843
2026-08-03T12:55:00Z,28469.0,28479.25,28453.5,28459.25,689
2026-08-03T13:00:00Z,28459.25,28472.0,28440.0,28465.75,1113
2026-08-03T13:05:00Z,28466.0,28477.5,28456.5,28459.5,1070
2026-08-03T13:10:00Z,28459.25,28468.0,28444.0,28460.0,1267
2026-08-03T13:15:00Z,28460.25,28494.25,28459.5,28486.75,1666
2026-08-03T13:20:00Z,28487.5,28489.5,28461.75,28472.0,1270
2026-08-03T13:25:00Z,28470.5,28470.5,28396.5,28418.5,4452
2026-08-03T13:30:00Z,28418.5,28435.25,28313.5,28380.75,19769
2026-08-03T13:35:00Z,28380.5,28540.0,28374.0,28502.25,16113
2026-08-03T13:40:00Z,28502.5,28522.5,28416.75,28494.0,11440
2026-08-03T13:45:00Z,28495.0,28539.0,28443.25,28474.25,11790
2026-08-03T13:50:00Z,28474.5,28525.5,28456.5,28523.5,7691
2026-08-03T13:55:00Z,28524.5,28628.0,28513.25,28626.25,10104
2026-08-03T14:00:00Z,28623.75,28626.5,28534.5,28552.75,11175
2026-08-03T14:05:00Z,28553.5,28597.5,28529.5,28572.0,7228
2026-08-03T14:10:00Z,28571.75,28616.25,28557.5,28572.25,8597
2026-08-03T14:15:00Z,28571.25,28638.5,28558.75,28613.5,7505
2026-08-03T14:20:00Z,28614.25,28666.0,28605.75,28661.5,6974
2026-08-03T14:25:00Z,28662.0,28684.0,28638.75,28678.5,7308
2026-08-03T14:30:00Z,28677.5,28692.0,28661.5,28684.75,6046
2026-08-03T14:35:00Z,28685.25,28733.0,28683.0,28716.0,7359
2026-08-03T14:40:00Z,28717.0,28735.0,28702.5,28708.0,5077
2026-08-03T14:45:00Z,28708.0,28744.5,28699.75,28738.75,5860
2026-08-03T14:50:00Z,28738.25,28798.25,28731.5,28779.5,9749
2026-08-03T14:55:00Z,28779.5,28803.75,28779.5,28801.75,6697
2026-08-03T15:00:00Z,28801.0,28802.25,28781.0,28791.25,4342
2026-08-03T15:05:00Z,28791.25,28796.0,28760.0,28766.75,4821
2026-08-03T15:10:00Z,28766.5,28781.0,28747.5,28758.25,5029
2026-08-03T15:15:00Z,28757.0,28787.25,28755.0,28780.5,3924
2026-08-03T15:20:00Z,28781.25,28798.75,28769.5,28780.75,3897
2026-08-03T15:25:00Z,28780.0,28793.0,28722.0,28734.25,6646
2026-08-03T15:30:00Z,28734.25,28780.0,28731.75,28764.5,5760
2026-08-03T15:35:00Z,28764.75,28778.25,28746.25,28767.0,3399
2026-08-03T15:40:00Z,28766.25,28788.5,28764.75,28782.5,3520
2026-08-03T15:45:00Z,28781.75,28796.0,28776.75,28785.0,3389
2026-08-03T15:50:00Z,28785.25,28814.5,28775.0,28805.0,3682
2026-08-03T15:55:00Z,28804.25,28805.75,28779.5,28792.5,3342
2026-08-03T16:00:00Z,28792.5,28815.75,28790.0,28806.5,4235
2026-08-03T16:05:00Z,28806.75,28821.25,28799.5,28812.75,3785
2026-08-03T16:10:00Z,28812.75,28818.5,28800.75,28815.5,2534
2026-08-03T16:15:00Z,28814.25,28847.25,28812.5,28844.75,3586
2026-08-03T16:20:00Z,28845.25,28846.5,28827.0,28833.5,3370
2026-08-03T16:25:00Z,28833.5,28839.75,28825.25,28837.0,3233
2026-08-03T16:30:00Z,28837.0,28844.75,28823.5,28835.0,2653
2026-08-03T16:35:00Z,28835.25,28838.25,28816.0,28822.5,2577
2026-08-03T16:40:00Z,28822.0,28835.5,28811.75,28833.75,2896
2026-08-03T16:45:00Z,28834.25,28843.0,28830.5,28832.75,2215
2026-08-03T16:50:00Z,28832.75,28843.75,28819.0,28823.0,2318
2026-08-03T16:55:00Z,28823.25,28833.75,28820.0,28822.5,1706
2026-08-03T17:00:00Z,28822.75,28832.25,28813.0,28827.75,2429
2026-08-03T17:05:00Z,28827.0,28841.75,28823.75,28837.25,2001
2026-08-03T17:10:00Z,28836.25,28863.75,28836.25,28857.5,3438
2026-08-03T17:15:00Z,28857.75,28870.75,28855.75,28870.5,2949
2026-08-03T17:20:00Z,28870.0,28881.75,28860.25,28878.75,3339
2026-08-03T17:25:00Z,28879.25,28890.5,28872.5,28885.75,2638
2026-08-03T17:30:00Z,28885.5,28894.0,28875.0,28891.5,3023
2026-08-03T17:35:00Z,28891.5,28894.0,28877.75,28878.75,2311
2026-08-03T17:40:00Z,28879.0,28888.0,28874.5,28885.5,2159
2026-08-03T17:45:00Z,28885.75,28897.25,28884.75,28892.0,2705
2026-08-03T17:50:00Z,28892.25,28899.75,28890.25,28899.25,2173
2026-08-03T17:55:00Z,28899.0,28921.75,28898.5,28917.5,4599
2026-08-03T18:00:00Z,28917.5,28946.75,28917.5,28945.5,5381
2026-08-03T18:05:00Z,28946.25,28958.0,28941.0,28954.25,4191
2026-08-03T18:10:00Z,28954.75,28964.25,28934.5,28940.0,4208
2026-08-03T18:15:00Z,28940.5,28958.75,28925.5,28928.75,3371
2026-08-03T18:20:00Z,28928.75,28934.75,28919.0,28921.5,3332
2026-08-03T18:25:00Z,28920.25,28926.75,28890.25,28892.75,3970
2026-08-03T18:30:00Z,28892.0,28907.0,28884.75,28893.0,3845
2026-08-03T18:35:00Z,28893.0,28902.25,28882.75,28889.75,2676
2026-08-03T18:40:00Z,28890.5,28914.25,28886.0,28913.0,2414
2026-08-03T18:45:00Z,28913.25,28923.25,28892.25,28921.5,3323
2026-08-03T18:50:00Z,28921.5,28926.0,28909.75,28915.25,2559
2026-08-03T18:55:00Z,28915.25,28918.5,28904.25,28907.0,2170
2026-08-03T19:00:00Z,28907.5,28943.75,28906.25,28934.0,4132
2026-08-03T19:05:00Z,28934.0,28936.75,28903.5,28909.0,3144
2026-08-03T19:10:00Z,28908.75,28920.0,28895.0,28900.0,2676
2026-08-03T19:15:00Z,28899.5,28924.75,28898.5,28923.25,3442
2026-08-03T19:20:00Z,28923.25,28926.5,28910.75,28916.5,2511
2026-08-03T19:25:00Z,28916.0,28924.0,28908.0,28912.75,2780
2026-08-03T19:30:00Z,28912.75,28926.0,28904.0,28911.75,3222
2026-08-03T19:35:00Z,28912.0,28923.5,28901.75,28905.25,3007
2026-08-03T19:40:00Z,28905.25,28919.5,28899.5,28914.75,3276
2026-08-03T19:45:00Z,28915.25,28921.5,28902.0,28916.0,3289
2026-08-03T19:50:00Z,28915.25,28935.5,28888.75,28899.5,8171
2026-08-03T19:55:00Z,28899.25,28904.75,28865.25,28900.25,16812
2026-08-03T20:00:00Z,28900.75,28902.25,28878.25,28884.75,4653
2026-08-03T20:05:00Z,28883.75,28912.75,28883.5,28908.5,2352
2026-08-03T20:10:00Z,28908.5,28917.25,28904.75,28911.0,1149
2026-08-03T20:15:00Z,28910.75,28930.0,28910.5,28928.25,1039
2026-08-03T20:20:00Z,28929.75,28945.0,28920.75,28921.0,1014
2026-08-03T20:25:00Z,28921.75,28926.25,28912.0,28913.75,705
2026-08-03T20:30:00Z,28913.25,28921.5,28909.75,28914.5,783
2026-08-03T20:35:00Z,28914.25,28928.5,28914.25,28923.75,506
2026-08-03T20:40:00Z,28923.25,28931.75,28922.25,28929.5,481
2026-08-03T20:45:00Z,28929.75,28931.5,28918.5,28921.0,476
2026-08-03T20:50:00Z,28921.25,28922.25,28914.5,28919.75,413
2026-08-03T20:55:00Z,28919.5,28929.5,28919.0,28929.25,376
2026-08-03T22:00:00Z,28930.0,28943.5,28919.0,28929.0,849
2026-08-03T22:05:00Z,28929.0,28945.0,28927.0,28941.0,380
2026-08-03T22:10:00Z,28940.25,28950.75,28922.25,28927.75,685
2026-08-03T22:15:00Z,28927.75,28948.5,28927.75,28945.0,418
2026-08-03T22:20:00Z,28945.0,28947.5,28937.25,28945.5,151
2026-08-03T22:25:00Z,28944.5,28946.5,28938.0,28944.0,123
2026-08-03T22:30:00Z,28941.5,28958.75,28932.25,28951.5,429
2026-08-03T22:35:00Z,28949.75,28955.25,28938.0,28950.0,412
2026-08-03T22:40:00Z,28952.5,28962.25,28951.75,28957.75,518
2026-08-03T22:45:00Z,28956.5,28956.75,28941.25,28946.25,503
2026-08-03T22:50:00Z,28946.25,28952.75,28941.25,28951.25,316
2026-08-03T22:55:00Z,28950.75,28952.5,28944.5,28945.75,142
2026-08-03T23:00:00Z,28944.0,28947.75,28935.75,28940.75,446
2026-08-03T23:05:00Z,28939.5,28942.75,28930.25,28936.75,296
2026-08-03T23:10:00Z,28938.0,28941.5,28934.75,28938.5,205
2026-08-03T23:15:00Z,28938.25,28956.75,28938.25,28952.0,377
2026-08-03T23:20:00Z,28952.0,28958.75,28947.25,28947.25,283
2026-08-03T23:25:00Z,28947.25,28951.25,28941.5,28948.75,235
2026-08-03T23:30:00Z,28947.75,28959.75,28941.25,28955.25,242
2026-08-03T23:35:00Z,28956.5,28957.0,28934.0,28936.5,382
2026-08-03T23:40:00Z,28937.25,28946.5,28937.0,28941.75,245
2026-08-03T23:45:00Z,28941.75,28964.0,28939.5,28955.25,591
2026-08-03T23:50:00Z,28957.5,28963.0,28947.0,28951.5,475
2026-08-03T23:55:00Z,28952.5,28972.25,28949.0,28971.0,487
2026-08-04T00:00:00Z,28971.25,28976.25,28940.75,28968.75,1287
2026-08-04T00:05:00Z,28967.25,28973.75,28948.25,28961.25,839
2026-08-04T00:10:00Z,28961.5,28961.75,28927.25,28930.75,924
2026-08-04T00:15:00Z,28932.25,28932.75,28903.25,28914.25,1028
2026-08-04T00:20:00Z,28912.25,28926.5,28900.5,28913.0,718
2026-08-04T00:25:00Z,28912.75,28922.75,28902.5,28905.75,735
2026-08-04T00:30:00Z,28905.5,28907.75,28881.25,28884.5,1036
2026-08-04T00:35:00Z,28882.75,28889.75,28871.75,28882.25,1183
2026-08-04T00:40:00Z,28881.75,28896.0,28864.25,28891.25,1050
2026-08-04T00:45:00Z,28892.25,28900.0,28870.25,28891.0,829
2026-08-04T00:50:00Z,28892.0,28908.25,28883.25,28893.0,787
2026-08-04T00:55:00Z,28894.0,28899.0,28868.0,28876.75,1044
2026-08-04T01:00:00Z,28876.0,28877.25,28831.75,28849.75,1970
2026-08-04T01:05:00Z,28847.25,28863.5,28838.5,28852.0,865
2026-08-04T01:10:00Z,28856.75,28872.0,28851.25,28858.5,648
2026-08-04T01:15:00Z,28859.75,28880.0,28851.5,28877.0,755
2026-08-04T01:20:00Z,28876.75,28893.75,28875.25,28884.5,890
2026-08-04T01:25:00Z,28884.5,28902.5,28873.5,28901.5,721
2026-08-04T01:30:00Z,28901.0,28925.0,28899.25,28923.5,897
2026-08-04T01:35:00Z,28924.75,28933.5,28904.5,28906.75,1012
2026-08-04T01:40:00Z,28907.25,28943.5,28905.5,28942.75,709
2026-08-04T01:45:00Z,28943.0,28971.0,28941.75,28965.5,1093
2026-08-04T01:50:00Z,28964.75,29048.0,28964.75,29039.0,2853
2026-08-04T01:55:00Z,29038.75,29045.0,29025.5,29041.25,854
2026-08-04T02:00:00Z,29041.75,29044.75,29011.5,29012.5,1019
2026-08-04T02:05:00Z,29012.25,29013.75,28980.75,28995.5,1243
2026-08-04T02:10:00Z,29000.0,29000.25,28967.5,28971.0,1192
2026-08-04T02:15:00Z,28970.0,28976.75,28959.0,28970.25,908
2026-08-04T02:20:00Z,28970.0,28978.0,28942.5,28965.5,979
2026-08-04T02:25:00Z,28963.25,28969.75,28947.0,28949.5,395
2026-08-04T02:30:00Z,28948.5,28982.0,28948.5,28970.5,751
2026-08-04T02:35:00Z,28973.5,28994.5,28968.0,28985.0,880
2026-08-04T02:40:00Z,28984.25,28993.5,28975.25,28985.75,564
2026-08-04T02:45:00Z,28985.75,28987.5,28960.0,28971.5,687
2026-08-04T02:50:00Z,28971.0,28992.0,28965.25,28987.5,453
2026-08-04T02:55:00Z,28986.75,28988.0,28970.25,28972.75,314
2026-08-04T03:00:00Z,28972.5,28992.0,28963.75,28966.25,563
2026-08-04T03:05:00Z,28969.5,28971.75,28950.0,28959.25,559
2026-08-04T03:10:00Z,28958.5,28960.0,28932.75,28941.25,671
2026-08-04T03:15:00Z,28942.75,28952.25,28931.75,28944.0,699
2026-08-04T03:20:00Z,28943.25,28976.0,28939.25,28971.75,734
2026-08-04T03:25:00Z,28971.75,28986.0,28967.5,28976.75,448
2026-08-04T03:30:00Z,28977.25,29004.5,28977.0,28996.5,729
2026-08-04T03:35:00Z,28995.25,28999.25,28984.5,28988.5,314
2026-08-04T03:40:00Z,28989.5,28989.5,28958.25,28968.75,534
2026-08-04T03:45:00Z,28967.0,28985.75,28957.75,28983.0,531
2026-08-04T03:50:00Z,28982.5,28990.75,28979.75,28984.0,277
2026-08-04T03:55:00Z,28989.0,29005.5,28982.5,28995.5,393
2026-08-04T04:00:00Z,28995.5,29006.25,28982.5,28984.75,402
2026-08-04T04:05:00Z,28985.5,28998.0,28977.75,28990.25,271
2026-08-04T04:10:00Z,28989.25,28989.25,28968.5,28974.5,378
2026-08-04T04:15:00Z,28977.25,29009.75,28976.25,29006.0,422
2026-08-04T04:20:00Z,29006.5,29008.75,28998.75,29007.5,211
2026-08-04T04:25:00Z,29007.5,29015.25,29004.5,29007.5,251
2026-08-04T04:30:00Z,29009.25,29014.5,29005.5,29008.25,126
2026-08-04T04:35:00Z,29004.25,29008.25,28997.5,28998.25,222
2026-08-04T04:40:00Z,28998.0,29004.25,28995.75,28999.5,208
2026-08-04T04:45:00Z,28997.5,29010.5,28994.75,29009.75,167
2026-08-04T04:50:00Z,29010.5,29023.0,29004.75,29018.75,243
2026-08-04T04:55:00Z,29018.0,29023.25,29002.75,29015.5,189
2026-08-04T05:00:00Z,29016.25,29022.25,28993.25,29002.0,420
2026-08-04T05:05:00Z,29003.5,29008.75,28994.75,29005.5,162
2026-08-04T05:10:00Z,29005.25,29005.5,28978.25,28987.75,651
2026-08-04T05:15:00Z,28987.75,29004.25,28983.0,29004.25,412
2026-08-04T05:20:00Z,29004.25,29019.25,29001.0,29019.25,382
2026-08-04T05:25:00Z,29019.75,29032.25,29006.0,29026.5,507
2026-08-04T05:30:00Z,29025.25,29044.75,29025.0,29041.0,554
2026-08-04T05:35:00Z,29041.0,29074.75,29040.75,29049.75,1089
2026-08-04T05:40:00Z,29048.75,29062.75,29046.0,29058.5,325
2026-08-04T05:45:00Z,29056.25,29058.0,29043.5,29050.25,300
2026-08-04T05:50:00Z,29049.25,29065.0,29042.5,29058.5,358
2026-08-04T05:55:00Z,29058.5,29074.25,29054.25,29072.25,279
2026-08-04T06:00:00Z,29073.5,29081.75,29067.25,29076.75,726
2026-08-04T06:05:00Z,29075.5,29089.25,29068.5,29082.25,531
2026-08-04T06:10:00Z,29080.75,29092.5,29079.75,29089.0,499
2026-08-04T06:15:00Z,29089.0,29093.5,29076.5,29082.25,575
2026-08-04T06:20:00Z,29082.25,29095.25,29079.0,29086.25,441
2026-08-04T06:25:00Z,29085.5,29098.75,29079.75,29081.5,488
2026-08-04T06:30:00Z,29081.25,29090.0,29070.0,29071.0,594
2026-08-04T06:35:00Z,29071.5,29071.5,29049.25,29058.25,547
2026-08-04T06:40:00Z,29055.75,29060.0,29042.5,29054.75,303
2026-08-04T06:45:00Z,29055.0,29063.5,29051.75,29057.75,324
2026-08-04T06:50:00Z,29057.25,29064.25,29054.0,29062.5,234
2026-08-04T06:55:00Z,29062.5,29074.0,29053.0,29073.75,316
2026-08-04T07:00:00Z,29072.0,29100.25,29070.25,29094.75,1401
2026-08-04T07:05:00Z,29094.75,29096.5,29053.75,29055.0,899
2026-08-04T07:10:00Z,29053.75,29070.5,29036.5,29069.0,1323
2026-08-04T07:15:00Z,29069.75,29087.0,29062.25,29069.0,949
2026-08-04T07:20:00Z,29073.0,29091.75,29066.25,29091.75,519
2026-08-04T07:25:00Z,29091.5,29109.0,29089.5,29099.0,723
2026-08-04T07:30:00Z,29099.75,29119.25,29097.5,29104.25,955
2026-08-04T07:35:00Z,29104.25,29104.25,29080.0,29087.5,415
2026-08-04T07:40:00Z,29087.5,29093.0,29074.25,29081.5,515
2026-08-04T07:45:00Z,29080.25,29109.75,29079.25,29105.0,431
2026-08-04T07:50:00Z,29104.0,29105.75,29074.5,29077.0,579
2026-08-04T07:55:00Z,29077.0,29079.25,29065.25,29071.25,384
2026-08-04T08:00:00Z,29072.0,29117.5,29068.0,29108.5,945
2026-08-04T08:05:00Z,29109.75,29124.0,29105.5,29119.75,747
2026-08-04T08:10:00Z,29116.75,29118.0,29099.5,29108.0,522
2026-08-04T08:15:00Z,29106.0,29125.0,29106.0,29118.0,570
2026-08-04T08:20:00Z,29120.0,29131.5,29100.0,29103.25,631
2026-08-04T08:25:00Z,29104.5,29112.0,29096.75,29112.0,432
2026-08-04T08:30:00Z,29111.5,29111.5,29064.0,29076.25,762
2026-08-04T08:35:00Z,29077.0,29081.0,29060.5,29075.75,601
2026-08-04T08:40:00Z,29074.5,29077.0,29060.0,29069.5,378
2026-08-04T08:45:00Z,29067.5,29067.5,29039.0,29060.0,1178
2026-08-04T08:50:00Z,29061.0,29067.0,29056.75,29064.25,377
2026-08-04T08:55:00Z,29065.25,29077.5,29061.0,29068.75,661
2026-08-04T09:00:00Z,29069.0,29069.0,29039.75,29047.0,468
2026-08-04T09:05:00Z,29045.5,29049.5,29016.75,29022.5,726
2026-08-04T09:10:00Z,29022.5,29037.25,29011.75,29032.75,645
2026-08-04T09:15:00Z,29033.0,29035.5,29007.5,29022.75,530
2026-08-04T09:20:00Z,29022.5,29030.5,29014.75,29027.75,502
2026-08-04T09:25:00Z,29027.5,29045.25,29020.75,29044.0,606
2026-08-04T09:30:00Z,29046.0,29056.75,29042.0,29053.5,422
2026-08-04T09:35:00Z,29053.5,29066.25,29050.25,29066.25,552
2026-08-04T09:40:00Z,29066.0,29080.75,29066.0,29076.75,461
2026-08-04T09:45:00Z,29076.75,29089.25,29061.0,29081.5,936
2026-08-04T09:50:00Z,29080.75,29081.0,29057.5,29062.75,300
2026-08-04T09:55:00Z,29062.5,29077.75,29059.25,29077.75,202
2026-08-04T10:00:00Z,29078.5,29087.0,29067.25,29075.75,328
2026-08-04T10:05:00Z,29075.5,29096.75,29072.5,29094.75,372
2026-08-04T10:10:00Z,29095.5,29111.75,29090.5,29106.75,584
2026-08-04T10:15:00Z,29106.5,29106.5,29085.75,29097.0,832
2026-08-04T10:20:00Z,29096.25,29115.25,29090.5,29110.25,488
2026-08-04T10:25:00Z,29111.0,29114.25,29094.0,29096.75,350
2026-08-04T10:30:00Z,29096.25,29110.25,29093.25,29094.5,1013
2026-08-04T10:35:00Z,29092.75,29095.5,29074.0,29086.25,585
2026-08-04T10:40:00Z,29086.25,29130.75,29083.5,29120.75,932
2026-08-04T10:45:00Z,29120.25,29145.0,29113.5,29132.25,1830
2026-08-04T10:50:00Z,29132.5,29133.75,29111.0,29120.25,731
2026-08-04T10:55:00Z,29118.75,29124.0,29103.25,29115.5,455
2026-08-04T11:00:00Z,29116.75,29147.0,29114.25,29142.25,1026
2026-08-04T11:05:00Z,29142.25,29146.25,29125.75,29129.0,533
2026-08-04T11:10:00Z,29128.5,29149.75,29119.75,29144.5,690
2026-08-04T11:15:00Z,29144.5,29154.0,29139.5,29150.75,797
2026-08-04T11:20:00Z,29150.75,29166.75,29149.0,29149.5,841
2026-08-04T11:25:00Z,29150.0,29171.5,29148.25,29170.5,698
2026-08-04T11:30:00Z,29170.75,29174.5,29160.25,29169.0,586
2026-08-04T11:35:00Z,29169.25,29174.75,29159.5,29167.25,757
2026-08-04T11:40:00Z,29166.25,29212.5,29150.25,29204.75,2236
2026-08-04T11:45:00Z,29203.0,29217.5,29189.75,29216.0,1465
2026-08-04T11:50:00Z,29215.25,29245.75,29214.75,29239.5,2436
2026-08-04T11:55:00Z,29239.5,29243.25,29222.0,29237.5,1103
2026-08-04T12:00:00Z,29238.0,29238.0,29214.0,29224.0,989
2026-08-04T12:05:00Z,29222.5,29225.5,29203.25,29217.0,1078
2026-08-04T12:10:00Z,29216.5,29218.0,29202.5,29206.25,691
2026-08-04T12:15:00Z,29205.5,29227.5,29204.0,29225.25,794
2026-08-04T12:20:00Z,29225.75,29234.25,29218.0,29220.0,1107
2026-08-04T12:25:00Z,29219.75,29226.0,29216.0,29221.5,534
2026-08-04T12:30:00Z,29223.0,29225.75,29199.0,29213.25,1335
2026-08-04T12:35:00Z,29212.5,29222.0,29206.0,29215.25,675
2026-08-04T12:40:00Z,29215.0,29222.75,29211.25,29219.5,474
2026-08-04T12:45:00Z,29219.0,29221.5,29195.5,29199.25,906
2026-08-04T12:50:00Z,29198.5,29205.75,29191.0,29194.75,932
2026-08-04T12:55:00Z,29194.25,29212.75,29188.0,29202.75,811
2026-08-04T13:00:00Z,29203.25,29226.75,29191.25,29218.0,1458
2026-08-04T13:05:00Z,29219.0,29231.5,29218.0,29227.75,949
2026-08-04T13:10:00Z,29228.25,29235.25,29225.0,29231.0,870
2026-08-04T13:15:00Z,29232.0,29236.5,29223.0,29225.25,857
2026-08-04T13:20:00Z,29224.5,29282.25,29221.5,29240.75,4386
2026-08-04T13:25:00Z,29240.0,29254.25,29218.5,29234.75,3262
2026-08-04T13:30:00Z,29234.25,29384.25,29208.25,29382.75,19411
2026-08-04T13:35:00Z,29382.0,29413.0,29353.5,29392.5,15443
2026-08-04T13:40:00Z,29392.75,29452.75,29383.75,29411.5,13229
2026-08-04T13:45:00Z,29410.75,29461.25,29409.75,29459.75,11670
2026-08-04T13:50:00Z,29460.0,29503.75,29455.5,29501.5,10383
2026-08-04T13:55:00Z,29501.5,29502.5,29425.0,29466.0,9601
2026-08-04T14:00:00Z,29465.25,29497.75,29432.0,29486.75,10299
2026-08-04T14:05:00Z,29486.5,29533.0,29485.0,29518.5,9237
2026-08-04T14:10:00Z,29518.5,29544.25,29506.75,29541.0,6837
2026-08-04T14:15:00Z,29540.25,29548.25,29501.75,29523.5,8541
2026-08-04T14:20:00Z,29523.25,29524.5,29484.0,29508.5,8068
2026-08-04T14:25:00Z,29507.75,29568.5,29505.5,29559.0,8224
2026-08-04T14:30:00Z,29558.5,29567.25,29524.75,29543.75,8433
2026-08-04T14:35:00Z,29543.75,29572.75,29517.25,29527.25,8553
2026-08-04T14:40:00Z,29526.75,29559.0,29521.75,29556.75,5178
2026-08-04T14:45:00Z,29557.0,29561.5,29542.25,29545.75,4403
2026-08-04T14:50:00Z,29545.75,29556.0,29528.25,29545.25,4037
2026-08-04T14:55:00Z,29544.5,29552.0,29523.5,29549.75,5385
2026-08-04T15:00:00Z,29549.75,29589.5,29544.0,29585.0,6450
2026-08-04T15:05:00Z,29585.0,29595.75,29566.5,29594.25,5028
2026-08-04T15:10:00Z,29594.5,29624.75,29587.5,29618.75,6658
2026-08-04T15:15:00Z,29619.0,29635.25,29613.25,29632.25,5619
2026-08-04T15:20:00Z,29633.0,29661.75,29630.5,29659.0,6539
2026-08-04T15:25:00Z,29658.25,29663.5,29634.25,29639.5,5113
2026-08-04T15:30:00Z,29639.0,29645.5,29622.0,29629.25,3800
2026-08-04T15:35:00Z,29629.25,29682.5,29628.0,29668.25,7133
2026-08-04T15:40:00Z,29667.0,29679.0,29655.75,29677.0,4090
2026-08-04T15:45:00Z,29677.75,29690.5,29676.25,29682.75,4409
2026-08-04T15:50:00Z,29682.75,29696.75,29673.25,29676.25,4855
2026-08-04T15:55:00Z,29676.75,29685.5,29667.5,29671.0,2877
2026-08-04T16:00:00Z,29671.0,29700.0,29669.5,29687.5,4121
2026-08-04T16:05:00Z,29688.0,29697.5,29675.25,29676.0,2959
2026-08-04T16:10:00Z,29676.25,29685.0,29661.25,29674.5,3239
2026-08-04T16:15:00Z,29674.5,29708.25,29673.75,29705.25,3585
2026-08-04T16:20:00Z,29705.5,29719.75,29702.75,29715.5,3784
2026-08-04T16:25:00Z,29715.25,29716.25,29703.75,29706.5,2585
2026-08-04T16:30:00Z,29706.5,29726.0,29695.0,29721.25,3687
2026-08-04T16:35:00Z,29721.25,29731.75,29708.25,29715.25,3562
2026-08-04T16:40:00Z,29714.5,29730.25,29705.25,29726.25,3860
2026-08-04T16:45:00Z,29726.75,29743.0,29726.25,29743.0,4228
2026-08-04T16:50:00Z,29742.75,29744.5,29734.25,29736.5,2892
2026-08-04T16:55:00Z,29736.5,29744.5,29732.0,29742.75,2358
2026-08-04T17:00:00Z,29742.75,29782.75,29739.25,29781.0,6420
2026-08-04T17:05:00Z,29781.5,29794.75,29770.0,29785.5,4467
2026-08-04T17:10:00Z,29786.25,29799.75,29782.25,29797.25,3163
2026-08-04T17:15:00Z,29797.0,29805.25,29784.75,29790.25,3863
2026-08-04T17:20:00Z,29790.5,29806.0,29780.5,29803.0,3446
2026-08-04T17:25:00Z,29803.0,29825.75,29801.25,29819.0,4213
2026-08-04T17:30:00Z,29819.25,29823.0,29803.5,29820.0,3306
2026-08-04T17:35:00Z,29819.0,29848.0,29815.25,29846.75,4257
2026-08-04T17:40:00Z,29846.75,29865.5,29845.0,29865.0,4056
2026-08-04T17:45:00Z,29865.25,29898.75,29865.25,29880.5,5817
2026-08-04T17:50:00Z,29880.25,29880.25,29840.75,29845.75,5266
2026-08-04T17:55:00Z,29846.75,29865.0,29833.5,29834.75,4033
2026-08-04T18:00:00Z,29835.25,29854.75,29808.0,29818.25,6342
2026-08-04T18:05:00Z,29817.75,29847.5,29810.0,29839.0,3692
2026-08-04T18:10:00Z,29838.25,29860.25,29823.75,29859.0,3522
2026-08-04T18:15:00Z,29859.5,29874.0,29855.0,29868.75,2914
2026-08-04T18:20:00Z,29868.25,29884.25,29858.75,29869.75,3994
2026-08-04T18:25:00Z,29868.25,29880.0,29860.0,29879.75,1875
2026-08-04T18:30:00Z,29880.0,29893.0,29869.0,29872.75,2861
2026-08-04T18:35:00Z,29872.75,29877.75,29853.0,29859.5,2694
2026-08-04T18:40:00Z,29859.25,29863.5,29839.75,29854.5,3381
2026-08-04T18:45:00Z,29855.0,29895.5,29855.0,29882.5,3738
2026-08-04T18:50:00Z,29881.75,29895.5,29875.0,29880.75,2631
2026-08-04T18:55:00Z,29880.5,29886.75,29874.75,29881.5,2405
2026-08-04T19:00:00Z,29881.75,29925.75,29878.25,29913.5,5770
2026-08-04T19:05:00Z,29914.5,29931.75,29903.5,29929.25,4051
2026-08-04T19:10:00Z,29929.75,29939.25,29921.5,29926.5,3896
2026-08-04T19:15:00Z,29926.25,29945.25,29922.5,29940.5,3563
2026-08-04T19:20:00Z,29940.0,29943.25,29916.75,29922.75,3410
2026-08-04T19:25:00Z,29922.25,29927.25,29888.75,29900.5,4605
2026-08-04T19:30:00Z,29901.0,29916.5,29889.0,29913.0,4240
2026-08-04T19:35:00Z,29912.5,29931.5,29902.5,29921.75,3585
2026-08-04T19:40:00Z,29921.0,29951.0,29919.75,29949.75,4222
2026-08-04T19:45:00Z,29949.5,29956.5,29918.75,29921.25,5437
2026-08-04T19:50:00Z,29921.5,29932.5,29870.75,29871.0,11451
2026-08-04T19:55:00Z,29871.5,29894.5,29847.5,29876.75,23570
2026-08-04T20:00:00Z,29875.25,29902.25,29851.5,29877.5,8662
2026-08-04T20:05:00Z,29879.25,29949.75,29879.25,29914.5,3697
2026-08-04T20:10:00Z,29913.25,29923.5,29893.0,29915.75,2590
2026-08-04T20:15:00Z,29913.75,29913.75,29761.25,29780.25,6663
2026-08-04T20:20:00Z,29780.75,29836.0,29776.25,29801.5,2820
2026-08-04T20:25:00Z,29800.25,29829.0,29785.5,29791.75,1551
2026-08-04T20:30:00Z,29790.5,29813.0,29773.75,29778.0,1352
2026-08-04T20:35:00Z,29779.75,29789.25,29764.5,29786.75,1407
2026-08-04T20:40:00Z,29787.0,29817.25,29781.25,29797.5,1519
2026-08-04T20:45:00Z,29797.0,29823.25,29791.5,29819.75,1069
2026-08-04T20:50:00Z,29819.25,29820.0,29786.0,29793.75,743
2026-08-04T20:55:00Z,29793.25,29826.0,29792.0,29818.25,787
2026-08-04T22:00:00Z,29777.25,29813.75,29776.5,29796.0,944
2026-08-04T22:05:00Z,29797.75,29838.5,29797.75,29827.0,1049
2026-08-04T22:10:00Z,29825.5,29838.0,29824.25,29834.75,380
2026-08-04T22:15:00Z,29834.75,29839.75,29826.75,29834.75,416
2026-08-04T22:20:00Z,29836.25,29844.25,29819.25,29822.0,508
2026-08-04T22:25:00Z,29821.0,29840.0,29810.25,29833.0,531
2026-08-04T22:30:00Z,29835.0,29841.0,29824.0,29835.0,457
2026-08-04T22:35:00Z,29836.25,29841.75,29822.0,29826.0,750
2026-08-04T22:40:00Z,29825.75,29826.25,29794.75,29799.5,781
2026-08-04T22:45:00Z,29800.75,29811.5,29792.25,29803.0,426
2026-08-04T22:50:00Z,29802.75,29811.25,29800.0,29805.75,233
2026-08-04T22:55:00Z,29805.5,29828.0,29803.75,29827.5,460
2026-08-04T23:00:00Z,29825.75,29846.75,29809.75,29838.25,771
2026-08-04T23:05:00Z,29838.5,29846.75,29834.0,29839.5,373
2026-08-04T23:10:00Z,29837.5,29844.75,29833.25,29838.5,280
2026-08-04T23:15:00Z,29838.75,29845.5,29838.75,29844.25,161
2026-08-04T23:20:00Z,29844.0,29844.0,29826.25,29829.5,272
2026-08-04T23:25:00Z,29828.75,29831.0,29817.75,29825.0,456
2026-08-04T23:30:00Z,29824.0,29834.75,29802.0,29805.0,566
2026-08-04T23:35:00Z,29803.75,29819.0,29803.0,29815.25,273
2026-08-04T23:40:00Z,29815.25,29844.25,29811.25,29843.0,902
2026-08-04T23:45:00Z,29843.25,29857.25,29826.0,29838.25,1075
2026-08-04T23:50:00Z,29840.25,29849.5,29830.0,29839.5,461
2026-08-04T23:55:00Z,29838.25,29856.5,29834.75,29834.75,463
2026-08-05T00:00:00Z,29835.5,29853.75,29818.75,29845.75,1157
2026-08-05T00:05:00Z,29846.5,29865.0,29830.0,29837.0,964
2026-08-05T00:10:00Z,29835.0,29858.5,29830.0,29858.5,553
2026-08-05T00:15:00Z,29858.0,29858.75,29836.5,29852.0,628
2026-08-05T00:20:00Z,29852.5,29857.75,29833.5,29852.0,688
2026-08-05T00:25:00Z,29853.25,29864.5,29847.5,29863.0,570
2026-08-05T00:30:00Z,29862.75,29877.0,29861.75,29871.25,867
2026-08-05T00:35:00Z,29871.25,29874.0,29835.5,29852.25,759
2026-08-05T00:40:00Z,29853.75,29857.25,29838.0,29838.75,634
2026-08-05T00:45:00Z,29838.0,29845.25,29810.0,29832.25,923
2026-08-05T00:50:00Z,29832.5,29862.5,29820.5,29841.0,1187
2026-08-05T00:55:00Z,29841.0,29850.0,29831.75,29848.75,488
2026-08-05T01:00:00Z,29849.25,29850.0,29817.0,29831.0,733
2026-08-05T01:05:00Z,29831.75,29849.5,29830.5,29846.25,449
2026-08-05T01:10:00Z,29846.5,29861.5,29837.25,29840.0,769
2026-08-05T01:15:00Z,29840.75,29842.75,29803.25,29818.0,908
2026-08-05T01:20:00Z,29817.0,29833.0,29809.75,29812.0,494
2026-08-05T01:25:00Z,29811.5,29820.5,29797.0,29817.75,715
2026-08-05T01:30:00Z,29819.0,29839.75,29813.0,29818.75,780
2026-08-05T01:35:00Z,29818.25,29843.75,29814.25,29839.25,579
2026-08-05T01:40:00Z,29842.0,29844.75,29818.0,29834.0,580
2026-08-05T01:45:00Z,29834.5,29875.5,29833.75,29869.5,1491
2026-08-05T01:50:00Z,29870.0,29873.0,29862.0,29868.75,428
2026-08-05T01:55:00Z,29870.25,29887.5,29863.5,29869.0,795
2026-08-05T02:00:00Z,29870.0,29889.25,29869.75,29871.5,1002
2026-08-05T02:05:00Z,29872.5,29882.5,29864.0,29872.0,427
2026-08-05T02:10:00Z,29872.25,29877.75,29865.75,29871.0,289
2026-08-05T02:15:00Z,29871.75,29874.25,29862.25,29874.25,276
2026-08-05T02:20:00Z,29873.25,29876.25,29865.0,29866.0,295
2026-08-05T02:25:00Z,29865.0,29868.75,29850.25,29853.0,477
2026-08-05T02:30:00Z,29854.5,29861.25,29842.25,29859.5,600
2026-08-05T02:35:00Z,29859.5,29863.0,29845.0,29845.75,388
2026-08-05T02:40:00Z,29846.5,29860.25,29843.0,29858.75,266
2026-08-05T02:45:00Z,29857.75,29874.25,29855.25,29856.25,447
2026-08-05T02:50:00Z,29855.75,29875.0,29855.5,29870.25,326
2026-08-05T02:55:00Z,29870.25,29870.75,29859.0,29860.75,190
2026-08-05T03:00:00Z,29859.0,29876.25,29855.75,29875.5,408
2026-08-05T03:05:00Z,29875.5,29881.75,29873.0,29875.75,277
2026-08-05T03:10:00Z,29876.75,29890.0,29874.0,29884.25,375
2026-08-05T03:15:00Z,29883.5,29892.0,29881.0,29882.0,388
2026-08-05T03:20:00Z,29881.25,29890.75,29874.5,29874.75,404
2026-08-05T03:25:00Z,29875.25,29877.0,29863.25,29863.25,337
2026-08-05T03:30:00Z,29864.75,29869.75,29858.25,29868.75,294
2026-08-05T03:35:00Z,29867.5,29878.25,29864.5,29878.25,265
2026-08-05T03:40:00Z,29876.5,29892.0,29875.5,29885.5,476
2026-08-05T03:45:00Z,29886.5,29891.5,29867.5,29877.5,401
2026-08-05T03:50:00Z,29878.0,29892.0,29875.25,29886.75,467
2026-08-05T03:55:00Z,29888.0,29893.75,29885.25,29888.5,274
2026-08-05T04:00:00Z,29889.0,29891.0,29884.75,29886.0,210
2026-08-05T04:05:00Z,29885.5,29897.25,29882.25,29894.0,329
2026-08-05T04:10:00Z,29894.0,29898.25,29883.25,29884.25,430
2026-08-05T04:15:00Z,29883.5,29883.75,29869.75,29872.0,306
2026-08-05T04:20:00Z,29873.0,29873.5,29859.75,29866.0,331
2026-08-05T04:25:00Z,29866.75,29872.25,29863.0,29871.25,204
2026-08-05T04:30:00Z,29872.0,29890.75,29869.25,29888.0,380
2026-08-05T04:35:00Z,29888.75,29897.0,29887.75,29895.75,335
2026-08-05T04:40:00Z,29895.5,29909.25,29895.0,29905.75,693
2026-08-05T04:45:00Z,29904.5,29907.5,29899.0,29904.25,230
2026-08-05T04:50:00Z,29901.75,29904.0,29883.5,29896.75,413
2026-08-05T04:55:00Z,29896.75,29917.0,29896.75,29902.75,590
2026-08-05T05:00:00Z,29902.5,29924.0,29895.0,29917.75,632
2026-08-05T05:05:00Z,29916.5,29935.5,29914.0,29926.25,585
2026-08-05T05:10:00Z,29926.75,29939.75,29926.75,29937.25,304
2026-08-05T05:15:00Z,29937.5,29944.0,29934.0,29941.5,318
2026-08-05T05:20:00Z,29941.0,29946.75,29938.0,29942.75,296
2026-08-05T05:25:00Z,29943.25,29949.0,29935.75,29937.0,395
2026-08-05T05:30:00Z,29936.75,29944.5,29922.75,29925.0,859
2026-08-05T05:35:00Z,29925.5,29932.25,29919.75,29928.5,344
2026-08-05T05:40:00Z,29929.5,29942.0,29927.0,29941.5,472
2026-08-05T05:45:00Z,29942.0,29952.5,29940.75,29951.0,661
2026-08-05T05:50:00Z,29950.25,29977.25,29950.0,29977.0,1312
2026-08-05T05:55:00Z,29976.75,29985.25,29974.75,29980.5,759
2026-08-05T06:00:00Z,29980.0,29983.25,29964.0,29965.0,717
2026-08-05T06:05:00Z,29965.5,29980.5,29961.0,29979.5,528
2026-08-05T06:10:00Z,29979.25,29990.0,29978.75,29981.0,385
2026-08-05T06:15:00Z,29980.25,29982.75,29963.0,29971.5,449
2026-08-05T06:20:00Z,29973.75,29974.75,29931.5,29937.5,978
2026-08-05T06:25:00Z,29938.0,29941.5,29925.5,29929.25,592
2026-08-05T06:30:00Z,29929.5,29965.0,29925.75,29956.75,891
2026-08-05T06:35:00Z,29955.5,29963.0,29944.0,29945.75,332
2026-08-05T06:40:00Z,29946.25,29949.25,29934.5,29938.25,260
2026-08-05T06:45:00Z,29941.0,29961.0,29936.75,29957.25,310
2026-08-05T06:50:00Z,29956.75,29959.75,29949.25,29952.25,303
2026-08-05T06:55:00Z,29952.5,29970.75,29952.0,29969.75,350
2026-08-05T07:00:00Z,29969.0,29987.0,29962.5,29967.75,979
2026-08-05T07:05:00Z,29968.25,29983.5,29954.5,29961.75,758
2026-08-05T07:10:00Z,29961.5,29962.25,29936.25,29950.75,540
2026-08-05T07:15:00Z,29950.25,29953.25,29932.75,29940.75,642
2026-08-05T07:20:00Z,29938.25,29944.5,29926.25,29928.75,388
2026-08-05T07:25:00Z,29929.75,29931.5,29900.25,29907.5,1075
2026-08-05T07:30:00Z,29908.25,29919.5,29894.75,29900.5,658
2026-08-05T07:35:00Z,29900.25,29911.25,29885.5,29906.0,665
2026-08-05T07:40:00Z,29907.5,29911.75,29885.25,29886.25,390
2026-08-05T07:45:00Z,29887.75,29909.25,29885.0,29896.75,477
2026-08-05T07:50:00Z,29896.25,29903.5,29886.25,29894.5,215
2026-08-05T07:55:00Z,29894.75,29913.5,29891.25,29903.25,409
2026-08-05T08:00:00Z,29905.0,29926.0,29897.75,29923.25,818
2026-08-05T08:05:00Z,29922.5,29925.25,29884.75,29889.75,866
2026-08-05T08:10:00Z,29888.75,29890.75,29853.75,29863.75,1372
2026-08-05T08:15:00Z,29865.0,29873.75,29851.0,29854.25,757
2026-08-05T08:20:00Z,29857.5,29858.75,29825.0,29826.25,986
2026-08-05T08:25:00Z,29826.75,29842.0,29819.5,29833.75,772
2026-08-05T08:30:00Z,29836.5,29836.5,29807.0,29818.75,903
2026-08-05T08:35:00Z,29821.25,29844.25,29804.75,29807.25,828
2026-08-05T08:40:00Z,29806.75,29819.5,29798.5,29811.75,1071
2026-08-05T08:45:00Z,29812.25,29831.75,29797.75,29830.0,637
2026-08-05T08:50:00Z,29831.25,29840.75,29822.0,29824.75,774
2026-08-05T08:55:00Z,29825.25,29843.0,29824.75,29836.5,462
2026-08-05T09:00:00Z,29837.75,29848.75,29822.0,29844.0,592
2026-08-05T09:05:00Z,29844.5,29853.75,29839.25,29846.5,669
2026-08-05T09:10:00Z,29846.5,29849.0,29831.75,29833.75,355
2026-08-05T09:15:00Z,29833.5,29835.5,29814.25,29830.25,782
2026-08-05T09:20:00Z,29830.75,29854.0,29829.0,29851.25,830
2026-08-05T09:25:00Z,29850.0,29864.25,29844.75,29861.25,904
2026-08-05T09:30:00Z,29862.25,29873.75,29860.0,29872.5,512
2026-08-05T09:35:00Z,29872.0,29888.75,29871.25,29881.0,1108
2026-08-05T09:40:00Z,29882.0,29885.25,29872.0,29883.25,515
2026-08-05T09:45:00Z,29883.0,29893.5,29856.0,29856.75,818
2026-08-05T09:50:00Z,29858.0,29867.25,29853.25,29862.75,462
2026-08-05T09:55:00Z,29864.25,29872.5,29857.5,29857.5,266
2026-08-05T10:00:00Z,29857.25,29871.75,29851.75,29866.25,503
2026-08-05T10:05:00Z,29866.75,29867.5,29851.0,29854.25,299
2026-08-05T10:10:00Z,29853.5,29853.5,29833.75,29840.5,878
2026-08-05T10:15:00Z,29839.5,29857.5,29836.25,29850.25,468
2026-08-05T10:20:00Z,29850.25,29859.25,29845.0,29859.0,210
2026-08-05T10:25:00Z,29857.5,29866.0,29853.75,29858.75,298
2026-08-05T10:30:00Z,29857.5,29871.0,29850.0,29867.75,374
2026-08-05T10:35:00Z,29866.75,29871.25,29858.0,29861.0,180
2026-08-05T10:40:00Z,29858.25,29864.25,29850.75,29857.25,306
2026-08-05T10:45:00Z,29857.75,29871.0,29834.5,29845.75,720
2026-08-05T10:50:00Z,29845.25,29868.75,29839.25,29857.75,504
2026-08-05T10:55:00Z,29861.75,29869.75,29857.75,29862.25,411
2026-08-05T11:00:00Z,29865.5,29905.5,29865.5,29897.75,1692
2026-08-05T11:05:00Z,29898.75,29919.0,29883.0,29919.0,1044
2026-08-05T11:10:00Z,29915.5,29921.0,29897.5,29904.5,720
2026-08-05T11:15:00Z,29904.5,29911.25,29897.5,29907.5,360
2026-08-05T11:20:00Z,29908.5,29915.75,29899.75,29915.75,504
2026-08-05T11:25:00Z,29916.0,29923.0,29900.5,29900.5,580
2026-08-05T11:30:00Z,29900.5,29930.0,29890.5,29926.0,1046
2026-08-05T11:35:00Z,29925.5,29931.25,29917.0,29925.0,510
2026-08-05T11:40:00Z,29925.25,29931.0,29916.0,29916.0,644
2026-08-05T11:45:00Z,29914.5,29943.5,29903.5,29939.75,981
2026-08-05T11:50:00Z,29939.25,29943.5,29907.75,29914.25,955
2026-08-05T11:55:00Z,29914.75,29923.25,29907.75,29919.5,656
2026-08-05T12:00:00Z,29919.5,29925.75,29902.25,29902.25,960
2026-08-05T12:05:00Z,29902.25,29907.75,29891.25,29905.5,1000
2026-08-05T12:10:00Z,29905.0,29923.0,29900.5,29920.0,826
2026-08-05T12:15:00Z,29920.0,29928.75,29897.5,29916.0,956
2026-08-05T12:20:00Z,29915.75,29934.5,29908.75,29924.25,967
2026-08-05T12:25:00Z,29925.5,29939.75,29910.25,29935.25,1106
2026-08-05T12:30:00Z,29935.5,29942.0,29892.75,29919.0,1680
2026-08-05T12:35:00Z,29920.0,29950.0,29918.5,29935.25,1338
2026-08-05T12:40:00Z,29936.0,29943.5,29930.25,29941.0,612
2026-08-05T12:45:00Z,29941.5,29946.5,29930.0,29939.0,615
2026-08-05T12:50:00Z,29939.5,29942.0,29914.25,29918.75,768
2026-08-05T12:55:00Z,29919.5,29928.0,29908.25,29915.0,792
2026-08-05T13:00:00Z,29917.25,29944.0,29916.75,29937.5,925
2026-08-05T13:05:00Z,29938.25,29949.5,29936.5,29937.75,965
2026-08-05T13:10:00Z,29938.5,29946.25,29923.75,29929.5,804
2026-08-05T13:15:00Z,29928.75,29929.0,29910.25,29917.25,1116
2026-08-05T13:20:00Z,29917.25,29921.5,29894.75,29910.25,1662
2026-08-05T13:25:00Z,29908.75,29978.5,29908.75,29974.0,4018
2026-08-05T13:30:00Z,29975.25,30013.25,29935.5,30013.0,19561
2026-08-05T13:35:00Z,30011.5,30032.5,29910.25,30005.25,15860
2026-08-05T13:40:00Z,30006.25,30059.0,29981.25,30052.0,10637
2026-08-05T13:45:00Z,30053.5,30074.0,30017.25,30055.5,10616
2026-08-05T13:50:00Z,30055.75,30065.0,29967.75,30026.0,11815
2026-08-05T13:55:00Z,30025.75,30058.5,29978.5,30048.75,7781
2026-08-05T14:00:00Z,30048.5,30048.5,29918.5,29965.75,12193
2026-08-05T14:05:00Z,29964.75,30029.5,29959.25,30003.5,8948
2026-08-05T14:10:00Z,30003.5,30020.25,29969.0,29998.5,5843
2026-08-05T14:15:00Z,29997.5,30026.0,29971.5,29973.75,5214
2026-08-05T14:20:00Z,29973.5,29977.75,29901.25,29960.0,9482
2026-08-05T14:25:00Z,29959.75,29989.25,29910.75,29915.0,8445
2026-08-05T14:30:00Z,29915.0,29918.75,29853.25,29885.25,11317
2026-08-05T14:35:00Z,29884.5,29914.0,29840.5,29840.75,8753
2026-08-05T14:40:00Z,29841.5,29873.0,29824.75,29862.25,9945
2026-08-05T14:45:00Z,29862.25,29905.25,29838.25,29892.0,7711
2026-08-05T14:50:00Z,29890.5,29905.5,29788.0,29822.0,11760
2026-08-05T14:55:00Z,29823.0,29863.25,29801.75,29848.25,7220
2026-08-05T15:00:00Z,29849.0,29881.25,29826.0,29846.25,6413
2026-08-05T15:05:00Z,29846.25,29886.25,29827.75,29872.75,6077
2026-08-05T15:10:00Z,29871.0,29890.75,29833.0,29839.5,5531
2026-08-05T15:15:00Z,29839.0,29849.5,29763.5,29832.25,10693
2026-08-05T15:20:00Z,29831.75,29847.5,29814.0,29817.5,5422
2026-08-05T15:25:00Z,29818.0,29832.5,29794.25,29809.5,5738
2026-08-05T15:30:00Z,29808.5,29860.75,29805.5,29819.5,4525
2026-08-05T15:35:00Z,29820.0,29855.75,29818.0,29843.25,3438
2026-08-05T15:40:00Z,29843.0,29853.0,29811.75,29819.25,3173
2026-08-05T15:45:00Z,29820.0,29820.75,29788.0,29792.0,4435
2026-08-05T15:50:00Z,29792.5,29807.0,29771.75,29778.0,4662
2026-08-05T15:55:00Z,29777.25,29777.25,29713.25,29739.0,7729
2026-08-05T16:00:00Z,29738.25,29766.0,29711.0,29757.0,6111
2026-08-05T16:05:00Z,29757.5,29763.0,29703.25,29721.0,4476
2026-08-05T16:10:00Z,29721.0,29734.25,29702.0,29731.25,3993
2026-08-05T16:15:00Z,29730.75,29761.5,29720.0,29739.25,3738
2026-08-05T16:20:00Z,29739.25,29795.25,29735.75,29768.75,6706
2026-08-05T16:25:00Z,29769.25,29835.25,29769.0,29829.25,4888
2026-08-05T16:30:00Z,29829.75,29839.75,29770.0,29795.25,5508
2026-08-05T16:35:00Z,29796.5,29811.25,29773.5,29796.75,2731
2026-08-05T16:40:00Z,29798.5,29821.0,29785.0,29788.5,2900
2026-08-05T16:45:00Z,29789.25,29801.75,29778.5,29791.5,2459
2026-08-05T16:50:00Z,29790.5,29826.25,29786.0,29815.25,3105
2026-08-05T16:55:00Z,29815.25,29822.5,29802.25,29808.25,1974
2026-08-05T17:00:00Z,29809.75,29819.75,29770.75,29776.5,2968
2026-08-05T17:05:00Z,29776.0,29786.25,29753.75,29760.0,2995
2026-08-05T17:10:00Z,29760.75,29784.25,29744.25,29767.25,3028
2026-08-05T17:15:00Z,29766.75,29781.5,29748.25,29760.0,2519
2026-08-05T17:20:00Z,29759.75,29766.0,29740.5,29765.25,2455
2026-08-05T17:25:00Z,29764.25,29782.0,29751.5,29754.5,2475
2026-08-05T17:30:00Z,29754.25,29770.25,29738.75,29757.25,2560
2026-08-05T17:35:00Z,29757.25,29769.0,29749.75,29760.25,1715
2026-08-05T17:40:00Z,29760.0,29779.25,29752.5,29757.5,2154
2026-08-05T17:45:00Z,29756.5,29773.75,29734.25,29765.75,2864
2026-08-05T17:50:00Z,29766.75,29774.75,29748.75,29752.25,1713
2026-08-05T17:55:00Z,29752.75,29769.5,29745.0,29757.0,1768
2026-08-05T18:00:00Z,29756.75,29788.5,29752.25,29782.25,2562
2026-08-05T18:05:00Z,29781.0,29783.5,29754.5,29768.5,3044
2026-08-05T18:10:00Z,29769.5,29784.5,29761.5,29762.5,1918
2026-08-05T18:15:00Z,29763.0,29781.75,29755.25,29772.25,2102
2026-08-05T18:20:00Z,29772.25,29777.5,29758.75,29765.5,1445
2026-08-05T18:25:00Z,29765.5,29780.5,29764.25,29776.0,1788
2026-08-05T18:30:00Z,29776.25,29776.5,29727.25,29739.75,3698
2026-08-05T18:35:00Z,29739.75,29758.25,29736.5,29741.75,2076
2026-08-05T18:40:00Z,29742.25,29750.75,29733.75,29741.75,1887
2026-08-05T18:45:00Z,29742.0,29765.0,29737.5,29753.5,2280
2026-08-05T18:50:00Z,29752.25,29762.25,29742.5,29744.25,1541
2026-08-05T18:55:00Z,29745.5,29746.75,29722.75,29725.75,2536
2026-08-05T19:00:00Z,29726.75,29762.0,29718.5,29760.0,3200
2026-08-05T19:05:00Z,29760.25,29778.25,29754.25,29768.0,2885
2026-08-05T19:10:00Z,29768.0,29776.5,29760.75,29774.25,2401
2026-08-05T19:15:00Z,29774.25,29779.25,29764.0,29766.5,2187
2026-08-05T19:20:00Z,29766.75,29776.25,29753.75,29765.5,2219
2026-08-05T19:25:00Z,29765.75,29776.5,29755.5,29756.5,2179
2026-08-05T19:30:00Z,29757.0,29763.25,29725.0,29730.75,3598
2026-08-05T19:35:00Z,29729.5,29737.0,29711.75,29715.5,3121
2026-08-05T19:40:00Z,29714.75,29734.25,29706.0,29711.0,2770
2026-08-05T19:45:00Z,29711.5,29719.25,29689.75,29715.25,4692
2026-08-05T19:50:00Z,29715.25,29735.0,29700.5,29711.0,5233
2026-08-05T19:55:00Z,29710.5,29716.25,29592.75,29607.5,17873
2026-08-05T20:00:00Z,29607.25,29615.5,29547.75,29601.75,10937
2026-08-05T20:05:00Z,29602.25,29605.25,29530.75,29563.75,6211
2026-08-05T20:10:00Z,29564.25,29618.25,29561.75,29604.75,3678
2026-08-05T20:15:00Z,29605.5,29618.0,29571.0,29571.75,2355
2026-08-05T20:20:00Z,29571.0,29585.25,29561.75,29573.75,1543
2026-08-05T20:25:00Z,29573.75,29576.75,29562.0,29569.75,745
2026-08-05T20:30:00Z,29571.25,29595.0,29566.25,29590.5,837
2026-08-05T20:35:00Z,29590.5,29594.5,29573.25,29584.0,725
2026-08-05T20:40:00Z,29585.25,29603.0,29582.0,29598.5,815
2026-08-05T20:45:00Z,29598.0,29602.5,29579.5,29589.25,564
2026-08-05T20:50:00Z,29589.5,29599.25,29576.0,29597.0,565
2026-08-05T20:55:00Z,29596.75,29607.75,29587.5,29600.25,805
2026-08-05T22:00:00Z,29569.5,29596.5,29563.5,29575.0,1010
2026-08-05T22:05:00Z,29574.25,29595.0,29568.25,29578.25,577
2026-08-05T22:10:00Z,29577.25,29579.5,29566.5,29573.5,341
2026-08-05T22:15:00Z,29573.0,29597.25,29571.75,29595.0,336
2026-08-05T22:20:00Z,29595.5,29638.0,29594.0,29637.0,902
2026-08-05T22:25:00Z,29636.25,29637.5,29621.5,29627.75,508
2026-08-05T22:30:00Z,29628.0,29670.25,29623.5,29668.25,1390
2026-08-05T22:35:00Z,29666.25,29670.5,29659.0,29662.5,375
2026-08-05T22:40:00Z,29663.25,29666.5,29651.0,29654.75,334
2026-08-05T22:45:00Z,29655.0,29679.5,29643.25,29643.5,1109
2026-08-05T22:50:00Z,29642.5,29647.25,29615.75,29629.0,1065
2026-08-05T22:55:00Z,29627.75,29632.25,29619.5,29623.25,290
2026-08-05T23:00:00Z,29622.75,29624.0,29612.25,29617.0,309
2026-08-05T23:05:00Z,29616.25,29624.25,29615.0,29621.5,178
2026-08-05T23:10:00Z,29619.5,29636.0,29619.5,29631.0,379
2026-08-05T23:15:00Z,29631.0,29631.0,29618.5,29625.0,264
2026-08-05T23:20:00Z,29627.75,29640.0,29625.5,29638.5,430
2026-08-05T23:25:00Z,29637.5,29649.5,29626.5,29629.25,405
2026-08-05T23:30:00Z,29629.25,29636.75,29592.25,29593.5,885
2026-08-05T23:35:00Z,29592.0,29610.0,29575.25,29593.75,1242
2026-08-05T23:40:00Z,29592.75,29608.25,29581.5,29589.5,354
2026-08-05T23:45:00Z,29586.0,29589.0,29566.0,29573.0,904
2026-08-05T23:50:00Z,29573.5,29586.75,29572.75,29579.25,360
2026-08-05T23:55:00Z,29577.75,29584.0,29569.5,29583.5,424
2026-08-06T00:00:00Z,29584.25,29588.5,29546.75,29570.5,1197
2026-08-06T00:05:00Z,29570.25,29601.75,29570.0,29595.75,1089
2026-08-06T00:10:00Z,29596.5,29596.5,29554.0,29581.0,899
2026-08-06T00:15:00Z,29580.5,29589.5,29556.0,29588.0,667
2026-08-06T00:20:00Z,29588.5,29607.75,29578.0,29604.25,735
2026-08-06T00:25:00Z,29604.0,29608.0,29553.0,29560.5,958
2026-08-06T00:30:00Z,29561.5,29567.25,29548.75,29555.75,737
2026-08-06T00:35:00Z,29556.25,29573.75,29547.75,29559.25,660
2026-08-06T00:40:00Z,29558.5,29588.0,29554.75,29560.5,725
2026-08-06T00:45:00Z,29560.25,29579.25,29551.0,29565.0,588
2026-08-06T00:50:00Z,29564.0,29564.0,29536.5,29541.0,770
2026-08-06T00:55:00Z,29541.25,29547.5,29535.25,29537.5,449
2026-08-06T01:00:00Z,29539.25,29540.75,29507.25,29511.5,1246
2026-08-06T01:05:00Z,29511.75,29529.75,29503.0,29518.25,824
2026-08-06T01:10:00Z,29516.5,29531.25,29501.25,29521.5,659
2026-08-06T01:15:00Z,29523.25,29523.25,29492.5,29496.75,835
2026-08-06T01:20:00Z,29497.25,29497.25,29472.5,29487.0,1020
2026-08-06T01:25:00Z,29486.5,29489.75,29454.25,29473.25,1364
2026-08-06T01:30:00Z,29472.75,29508.75,29469.5,29486.75,1135
2026-08-06T01:35:00Z,29486.25,29501.5,29473.0,29500.25,587
2026-08-06T01:40:00Z,29500.0,29505.25,29475.0,29475.0,916
2026-08-06T01:45:00Z,29475.5,29519.0,29473.25,29515.5,875
2026-08-06T01:50:00Z,29514.5,29517.0,29496.75,29512.5,622
2026-08-06T01:55:00Z,29512.0,29514.75,29492.0,29498.0,329
2026-08-06T02:00:00Z,29497.75,29518.5,29490.75,29506.25,749
2026-08-06T02:05:00Z,29506.75,29530.0,29506.0,29528.0,616
2026-08-06T02:10:00Z,29528.0,29557.25,29521.25,29541.75,1261
2026-08-06T02:15:00Z,29543.0,29555.5,29537.25,29551.0,451
2026-08-06T02:20:00Z,29550.25,29578.75,29547.75,29568.0,837
2026-08-06T02:25:00Z,29567.0,29569.25,29546.75,29548.75,519
2026-08-06T02:30:00Z,29546.5,29586.75,29529.25,29579.5,916
2026-08-06T02:35:00Z,29578.0,29582.75,29565.75,29577.0,411
2026-08-06T02:40:00Z,29573.5,29618.5,29572.75,29617.25,1132
2026-08-06T02:45:00Z,29616.25,29621.0,29592.5,29604.5,922
2026-08-06T02:50:00Z,29605.5,29611.0,29594.75,29600.0,400
2026-08-06T02:55:00Z,29599.0,29599.0,29585.75,29593.0,486
2026-08-06T03:00:00Z,29593.75,29608.5,29584.75,29605.75,469
2026-08-06T03:05:00Z,29606.0,29607.75,29577.0,29580.75,654
2026-08-06T03:10:00Z,29581.0,29587.0,29574.5,29579.25,335
2026-08-06T03:15:00Z,29579.0,29585.75,29554.25,29555.25,578
2026-08-06T03:20:00Z,29555.0,29561.25,29541.5,29542.25,558
2026-08-06T03:25:00Z,29542.5,29546.25,29535.0,29543.0,465
2026-08-06T03:30:00Z,29543.5,29554.75,29525.0,29540.0,593
2026-08-06T03:35:00Z,29540.25,29563.25,29536.0,29557.25,577
2026-08-06T03:40:00Z,29558.25,29563.25,29546.25,29552.75,400
2026-08-06T03:45:00Z,29553.0,29570.5,29546.5,29568.75,481
2026-08-06T03:50:00Z,29569.25,29576.0,29541.25,29553.25,534
2026-08-06T03:55:00Z,29551.25,29583.75,29547.0,29580.75,490
2026-08-06T04:00:00Z,29582.25,29584.25,29535.5,29548.0,652
2026-08-06T04:05:00Z,29549.0,29578.25,29547.0,29568.75,448
2026-08-06T04:10:00Z,29566.5,29575.5,29554.25,29560.25,227
2026-08-06T04:15:00Z,29556.75,29581.25,29556.5,29569.75,393
2026-08-06T04:20:00Z,29569.75,29590.75,29569.5,29590.0,237
2026-08-06T04:25:00Z,29589.5,29599.75,29581.5,29585.0,442
2026-08-06T04:30:00Z,29585.75,29600.0,29563.5,29571.5,399
2026-08-06T04:35:00Z,29570.25,29580.0,29541.75,29550.75,456
2026-08-06T04:40:00Z,29550.0,29561.25,29547.5,29555.0,323
2026-08-06T04:45:00Z,29555.25,29563.5,29545.0,29552.25,239
2026-08-06T04:50:00Z,29550.5,29574.5,29550.25,29571.75,340
2026-08-06T04:55:00Z,29573.75,29575.5,29560.0,29574.75,222
2026-08-06T05:00:00Z,29575.25,29594.0,29558.0,29582.0,560
2026-08-06T05:05:00Z,29581.75,29596.25,29576.25,29582.25,236
2026-08-06T05:10:00Z,29580.25,29582.5,29567.5,29580.5,341
2026-08-06T05:15:00Z,29582.5,29593.75,29565.5,29577.5,330
2026-08-06T05:20:00Z,29579.0,29589.5,29574.0,29585.0,201
2026-08-06T05:25:00Z,29583.75,29588.5,29574.75,29580.0,172
2026-08-06T05:30:00Z,29579.75,29583.0,29554.5,29563.25,350
2026-08-06T05:35:00Z,29563.5,29574.75,29550.0,29558.5,414
2026-08-06T05:40:00Z,29558.75,29582.75,29557.25,29581.75,349
2026-08-06T05:45:00Z,29583.25,29583.75,29545.25,29548.0,467
2026-08-06T05:50:00Z,29548.75,29570.75,29544.25,29564.25,438
2026-08-06T05:55:00Z,29565.25,29581.5,29556.0,29580.75,314
2026-08-06T06:00:00Z,29580.0,29581.75,29539.75,29550.0,681
2026-08-06T06:05:00Z,29549.75,29551.75,29528.75,29531.75,496
2026-08-06T06:10:00Z,29532.25,29536.5,29499.0,29506.75,984
2026-08-06T06:15:00Z,29505.75,29509.75,29485.0,29494.75,988
2026-08-06T06:20:00Z,29492.75,29531.25,29486.75,29525.0,908
2026-08-06T06:25:00Z,29527.0,29548.75,29526.0,29547.25,619
2026-08-06T06:30:00Z,29546.5,29548.75,29515.25,29527.25,597
2026-08-06T06:35:00Z,29529.25,29532.0,29508.5,29508.5,387
2026-08-06T06:40:00Z,29509.0,29509.0,29495.75,29504.5,572
2026-08-06T06:45:00Z,29505.5,29507.75,29486.25,29493.0,396
2026-08-06T06:50:00Z,29492.0,29511.75,29489.75,29511.75,416
2026-08-06T06:55:00Z,29510.75,29527.75,29508.25,29523.0,442
2026-08-06T07:00:00Z,29520.25,29527.75,29506.75,29518.0,747
2026-08-06T07:05:00Z,29517.0,29550.5,29511.75,29537.5,531
2026-08-06T07:10:00Z,29536.5,29563.0,29536.0,29552.0,636
2026-08-06T07:15:00Z,29551.0,29562.5,29544.75,29557.75,370
2026-08-06T07:20:00Z,29557.25,29561.0,29540.0,29540.75,450
2026-08-06T07:25:00Z,29539.75,29552.5,29523.5,29536.5,564
2026-08-06T07:30:00Z,29536.5,29541.0,29527.0,29530.5,244
2026-08-06T07:35:00Z,29533.5,29535.5,29501.25,29510.75,523
2026-08-06T07:40:00Z,29510.75,29519.25,29507.0,29517.75,370
2026-08-06T07:45:00Z,29516.75,29538.25,29511.25,29532.25,496
2026-08-06T07:50:00Z,29532.25,29532.25,29500.75,29506.25,481
2026-08-06T07:55:00Z,29507.0,29515.0,29502.5,29507.25,253
2026-08-06T08:00:00Z,29507.25,29525.75,29458.5,29481.0,1089
2026-08-06T08:05:00Z,29480.25,29511.25,29457.0,29463.0,921
2026-08-06T08:10:00Z,29462.75,29467.5,29443.75,29460.0,1048
2026-08-06T08:15:00Z,29460.75,29480.0,29447.75,29469.0,766
2026-08-06T08:20:00Z,29471.25,29491.0,29467.0,29485.25,598
2026-08-06T08:25:00Z,29485.75,29511.5,29484.25,29508.25,609
2026-08-06T08:30:00Z,29509.5,29532.5,29505.25,29524.0,629
2026-08-06T08:35:00Z,29523.5,29531.25,29502.25,29512.25,618
2026-08-06T08:40:00Z,29513.5,29519.0,29500.5,29502.75,324
2026-08-06T08:45:00Z,29504.75,29511.75,29490.25,29500.0,540
2026-08-06T08:50:00Z,29500.0,29524.5,29493.75,29522.5,462
2026-08-06T08:55:00Z,29522.75,29523.75,29509.0,29517.25,391
2026-08-06T09:00:00Z,29517.25,29517.25,29470.25,29474.5,573
2026-08-06T09:05:00Z,29474.75,29479.75,29450.0,29453.75,583
2026-08-06T09:10:00Z,29454.5,29455.25,29437.5,29447.75,643
2026-08-06T09:15:00Z,29448.25,29482.5,29446.5,29473.75,673
2026-08-06T09:20:00Z,29473.25,29487.5,29472.0,29479.25,245
2026-08-06T09:25:00Z,29479.0,29493.75,29474.75,29482.5,304
2026-08-06T09:30:00Z,29482.0,29491.0,29475.75,29481.25,244
2026-08-06T09:35:00Z,29483.75,29488.5,29475.75,29485.0,254
2026-08-06T09:40:00Z,29483.25,29498.75,29482.25,29489.25,215
2026-08-06T09:45:00Z,29489.75,29509.25,29489.5,29509.0,346
2026-08-06T09:50:00Z,29509.0,29511.75,29495.5,29511.75,250
2026-08-06T09:55:00Z,29511.5,29531.0,29508.25,29526.75,667
2026-08-06T10:00:00Z,29526.75,29533.75,29513.0,29518.0,537
2026-08-06T10:05:00Z,29517.25,29519.5,29506.5,29508.0,285
2026-08-06T10:10:00Z,29508.5,29508.5,29496.25,29503.25,236
2026-08-06T10:15:00Z,29503.25,29514.25,29494.25,29509.0,334
2026-08-06T10:20:00Z,29510.5,29518.0,29500.0,29515.75,318
2026-08-06T10:25:00Z,29515.25,29525.75,29514.25,29517.0,307
2026-08-06T10:30:00Z,29517.5,29519.5,29503.5,29507.5,309
2026-08-06T10:35:00Z,29508.25,29512.0,29488.75,29490.5,377
2026-08-06T10:40:00Z,29491.0,29493.75,29473.5,29480.25,532
2026-08-06T10:45:00Z,29479.75,29492.75,29468.5,29489.25,591
2026-08-06T10:50:00Z,29488.0,29491.75,29472.0,29472.5,524
2026-08-06T10:55:00Z,29475.0,29485.0,29468.0,29484.5,379
2026-08-06T11:00:00Z,29484.5,29488.5,29378.0,29397.5,2986
2026-08-06T11:05:00Z,29395.75,29414.0,29364.75,29411.5,2059
2026-08-06T11:10:00Z,29412.5,29422.75,29404.25,29417.25,750
2026-08-06T11:15:00Z,29419.75,29459.75,29417.25,29457.0,1088
2026-08-06T11:20:00Z,29457.75,29461.5,29444.0,29453.25,640
2026-08-06T11:25:00Z,29453.25,29474.75,29447.75,29469.25,879
2026-08-06T11:30:00Z,29469.5,29503.75,29469.25,29492.75,1807
2026-08-06T11:35:00Z,29492.75,29509.25,29488.25,29499.25,778
2026-08-06T11:40:00Z,29500.25,29516.5,29491.0,29495.5,936
2026-08-06T11:45:00Z,29494.25,29512.0,29449.0,29457.5,1807
2026-08-06T11:50:00Z,29455.25,29459.5,29438.0,29452.0,973
2026-08-06T11:55:00Z,29452.0,29476.5,29449.25,29467.25,968
2026-08-06T12:00:00Z,29466.0,29476.5,29423.25,29438.75,1545
2026-08-06T12:05:00Z,29438.0,29446.5,29416.75,29423.5,996
2026-08-06T12:10:00Z,29424.5,29430.0,29406.25,29411.25,993
2026-08-06T12:15:00Z,29413.5,29419.25,29387.5,29394.5,1604
2026-08-06T12:20:00Z,29394.75,29443.5,29393.75,29433.25,1413
2026-08-06T12:25:00Z,29433.25,29450.75,29430.0,29432.5,942
2026-08-06T12:30:00Z,29430.0,29448.0,29413.75,29437.25,1174
2026-08-06T12:35:00Z,29437.5,29463.5,29434.5,29452.75,1105
2026-08-06T12:40:00Z,29451.5,29452.5,29423.5,29432.25,845
2026-08-06T12:45:00Z,29432.0,29439.5,29418.75,29432.25,733
2026-08-06T12:50:00Z,29432.5,29439.25,29416.0,29418.25,751
2026-08-06T12:55:00Z,29419.25,29422.0,29389.5,29399.5,1629
2026-08-06T13:00:00Z,29400.25,29404.5,29374.0,29380.25,1733
2026-08-06T13:05:00Z,29380.25,29381.5,29351.0,29362.0,1766
2026-08-06T13:10:00Z,29361.75,29369.0,29350.25,29351.5,1312
2026-08-06T13:15:00Z,29351.0,29362.0,29336.75,29349.0,2464
2026-08-06T13:20:00Z,29349.0,29367.0,29343.25,29357.0,1973
2026-08-06T13:25:00Z,29357.75,29363.25,29326.25,29334.5,3865
2026-08-06T13:30:00Z,29335.0,29373.75,29241.25,29340.0,19490
2026-08-06T13:35:00Z,29341.25,29448.5,29323.25,29385.5,17001
2026-08-06T13:40:00Z,29386.0,29474.25,29376.0,29458.75,12570
2026-08-06T13:45:00Z,29458.0,29534.5,29447.5,29525.75,11636
2026-08-06T13:50:00Z,29526.75,29551.0,29491.0,29500.25,9559
2026-08-06T13:55:00Z,29501.5,29538.75,29486.5,29527.25,9730
2026-08-06T14:00:00Z,29528.25,29558.5,29488.0,29517.75,10215
2026-08-06T14:05:00Z,29518.25,29584.25,29506.25,29579.25,8365
2026-08-06T14:10:00Z,29580.0,29619.0,29578.25,29608.5,7721
2026-08-06T14:15:00Z,29608.75,29652.5,29586.75,29640.75,8205
2026-08-06T14:20:00Z,29641.25,29667.0,29629.75,29634.25,6067
2026-08-06T14:25:00Z,29634.5,29640.25,29564.75,29587.0,9799
2026-08-06T14:30:00Z,29589.0,29638.75,29576.0,29632.5,7724
2026-08-06T14:35:00Z,29632.5,29650.75,29550.5,29553.0,7894
2026-08-06T14:40:00Z,29552.5,29622.25,29545.25,29583.5,7161
2026-08-06T14:45:00Z,29582.5,29585.5,29533.75,29558.25,6477
2026-08-06T14:50:00Z,29557.5,29615.0,29548.5,29614.75,5874
2026-08-06T14:55:00Z,29614.5,29659.25,29599.75,29656.75,5864
2026-08-06T15:00:00Z,29656.5,29677.5,29598.75,29612.0,6642
2026-08-06T15:05:00Z,29612.75,29674.75,29612.5,29671.75,5954
2026-08-06T15:10:00Z,29671.25,29686.25,29640.75,29646.5,5706
2026-08-06T15:15:00Z,29646.25,29663.25,29579.5,29579.75,6262
2026-08-06T15:20:00Z,29580.5,29605.75,29564.25,29577.75,5665
2026-08-06T15:25:00Z,29577.25,29611.25,29565.0,29608.5,4453
2026-08-06T15:30:00Z,29608.25,29628.0,29552.5,29553.0,5651
2026-08-06T15:35:00Z,29553.25,29580.5,29540.25,29565.25,5257
2026-08-06T15:40:00Z,29566.5,29585.0,29533.0,29534.0,4015
2026-08-06T15:45:00Z,29535.0,29613.25,29530.75,29589.25,5618
2026-08-06T15:50:00Z,29589.75,29624.5,29522.0,29526.5,7675
2026-08-06T15:55:00Z,29525.75,29556.0,29506.0,29516.25,6608
2026-08-06T16:00:00Z,29516.25,29523.5,29478.25,29502.0,7046
2026-08-06T16:05:00Z,29502.25,29542.75,29494.25,29525.5,4833
2026-08-06T16:10:00Z,29524.75,29542.0,29483.5,29488.25,4121
2026-08-06T16:15:00Z,29488.5,29504.5,29452.75,29494.0,5607
2026-08-06T16:20:00Z,29494.0,29499.0,29448.5,29487.5,4907
2026-08-06T16:25:00Z,29488.0,29493.5,29463.5,29471.5,3737
2026-08-06T16:30:00Z,29472.25,29507.0,29462.25,29478.75,4091
2026-08-06T16:35:00Z,29480.0,29523.0,29467.25,29522.25,3459
2026-08-06T16:40:00Z,29523.0,29527.25,29476.5,29478.25,3747
2026-08-06T16:45:00Z,29478.5,29514.25,29468.5,29513.25,3027
2026-08-06T16:50:00Z,29514.0,29533.5,29504.25,29510.0,3646
2026-08-06T16:55:00Z,29510.5,29558.5,29509.0,29556.5,3168
2026-08-06T17:00:00Z,29557.25,29574.25,29541.5,29547.0,4008
2026-08-06T17:05:00Z,29546.0,29574.25,29531.5,29538.25,2957
2026-08-06T17:10:00Z,29538.25,29549.75,29518.0,29523.75,2603
2026-08-06T17:15:00Z,29524.0,29551.5,29512.25,29542.5,2900
2026-08-06T17:20:00Z,29542.75,29550.75,29518.75,29523.5,2399
2026-08-06T17:25:00Z,29523.0,29550.25,29523.0,29527.75,2040
2026-08-06T17:30:00Z,29526.75,29543.0,29521.25,29531.25,1893
2026-08-06T17:35:00Z,29532.25,29542.5,29510.0,29513.0,2115
2026-08-06T17:40:00Z,29513.5,29520.75,29493.75,29510.0,2730
2026-08-06T17:45:00Z,29510.25,29521.75,29497.0,29497.0,2102
2026-08-06T17:50:00Z,29497.75,29529.0,29494.25,29522.0,2622
2026-08-06T17:55:00Z,29521.5,29533.5,29509.0,29529.0,2275
2026-08-06T18:00:00Z,29529.0,29538.0,29507.25,29531.25,2410
2026-08-06T18:05:00Z,29531.0,29539.5,29518.0,29533.75,2234
2026-08-06T18:10:00Z,29534.75,29546.75,29519.0,29542.75,1958
2026-08-06T18:15:00Z,29542.75,29572.0,29498.5,29552.75,5901
2026-08-06T18:20:00Z,29553.5,29575.5,29549.75,29568.0,2339
2026-08-06T18:25:00Z,29568.5,29572.5,29547.25,29556.5,2024
2026-08-06T18:30:00Z,29556.5,29561.0,29531.25,29534.0,2153
2026-08-06T18:35:00Z,29534.0,29547.0,29514.25,29518.75,2360
2026-08-06T18:40:00Z,29518.75,29524.5,29500.5,29520.0,2088
2026-08-06T18:45:00Z,29521.25,29537.0,29509.75,29511.75,2368
2026-08-06T18:50:00Z,29512.75,29522.0,29506.0,29513.5,1812
2026-08-06T18:55:00Z,29513.0,29530.25,29508.25,29515.5,2142
2026-08-06T19:00:00Z,29515.75,29565.25,29510.25,29562.5,3112
2026-08-06T19:05:00Z,29562.5,29568.75,29535.0,29565.0,2886
2026-08-06T19:10:00Z,29566.0,29570.25,29532.75,29536.25,2517
2026-08-06T19:15:00Z,29535.5,29539.25,29524.25,29527.5,1939
2026-08-06T19:20:00Z,29529.0,29551.25,29506.75,29509.25,2682
2026-08-06T19:25:00Z,29509.0,29526.0,29496.5,29509.0,3572
2026-08-06T19:30:00Z,29508.0,29545.5,29489.25,29538.5,3639
2026-08-06T19:35:00Z,29538.0,29538.5,29509.0,29509.5,1839
2026-08-06T19:40:00Z,29509.75,29514.25,29492.5,29504.0,2559
2026-08-06T19:45:00Z,29504.0,29511.5,29487.0,29507.75,3296
2026-08-06T19:50:00Z,29508.0,29536.25,29475.0,29530.75,6386
2026-08-06T19:55:00Z,29531.25,29531.25,29478.0,29497.25,13189
2026-08-06T20:00:00Z,29497.25,29550.0,29496.0,29538.75,5774
2026-08-06T20:05:00Z,29539.75,29552.0,29534.5,29548.0,1391
2026-08-06T20:10:00Z,29547.25,29550.75,29532.25,29537.0,1292
2026-08-06T20:15:00Z,29536.75,29548.75,29514.5,29523.5,1582
2026-08-06T20:20:00Z,29523.5,29532.25,29494.25,29497.0,1490
2026-08-06T20:25:00Z,29495.75,29508.0,29482.75,29492.5,941
2026-08-06T20:30:00Z,29492.5,29504.75,29480.75,29501.75,756
2026-08-06T20:35:00Z,29502.0,29503.5,29480.25,29490.75,534
2026-08-06T20:40:00Z,29490.5,29499.25,29489.5,29494.0,381
2026-08-06T20:45:00Z,29494.75,29498.25,29489.0,29496.0,344
2026-08-06T20:50:00Z,29496.0,29499.75,29492.75,29495.5,427
2026-08-06T20:55:00Z,29496.5,29506.25,29494.25,29504.25,457
2026-08-06T22:00:00Z,29514.25,29528.25,29494.5,29520.0,669
2026-08-06T22:05:00Z,29521.25,29550.0,29520.25,29547.0,528
2026-08-06T22:10:00Z,29549.75,29579.0,29541.0,29573.25,653
2026-08-06T22:15:00Z,29571.75,29581.75,29566.0,29567.25,397
2026-08-06T22:20:00Z,29567.0,29571.25,29547.5,29554.0,414
2026-08-06T22:25:00Z,29556.0,29570.0,29543.25,29550.0,582
2026-08-06T22:30:00Z,29549.0,29551.0,29529.25,29539.75,426
2026-08-06T22:35:00Z,29538.5,29543.25,29536.0,29539.25,109
2026-08-06T22:40:00Z,29540.75,29562.0,29539.0,29553.75,431
2026-08-06T22:45:00Z,29554.25,29559.0,29547.25,29549.5,207
2026-08-06T22:50:00Z,29549.5,29560.0,29549.0,29555.5,111
2026-08-06T22:55:00Z,29556.0,29568.25,29553.0,29566.0,242
2026-08-06T23:00:00Z,29564.75,29572.25,29561.5,29565.75,310
2026-08-06T23:05:00Z,29564.75,29566.0,29554.25,29559.75,238
2026-08-06T23:10:00Z,29561.0,29562.0,29556.25,29558.0,105
2026-08-06T23:15:00Z,29559.25,29596.5,29559.25,29573.25,473
2026-08-06T23:20:00Z,29573.5,29590.75,29572.0,29590.75,365
2026-08-06T23:25:00Z,29590.5,29597.0,29570.5,29573.0,486
2026-08-06T23:30:00Z,29572.5,29586.0,29570.5,29586.0,296
2026-08-06T23:35:00Z,29588.0,29589.25,29570.75,29579.0,289
2026-08-06T23:40:00Z,29579.5,29584.0,29563.25,29583.0,309
2026-08-06T23:45:00Z,29583.0,29597.75,29575.0,29596.25,378
2026-08-06T23:50:00Z,29595.25,29603.5,29587.5,29592.25,549
2026-08-06T23:55:00Z,29592.0,29596.0,29586.5,29593.25,216
2026-08-07T00:00:00Z,29595.25,29615.5,29578.75,29610.0,993
2026-08-07T00:05:00Z,29611.75,29618.75,29578.5,29580.0,686
2026-08-07T00:10:00Z,29581.0,29586.75,29562.0,29575.5,602
2026-08-07T00:15:00Z,29575.25,29575.25,29518.0,29528.75,1561
2026-08-07T00:20:00Z,29528.0,29528.5,29497.25,29510.0,1193
2026-08-07T00:25:00Z,29509.75,29527.0,29503.0,29513.5,708
2026-08-07T00:30:00Z,29513.0,29574.0,29500.75,29570.25,1380
2026-08-07T00:35:00Z,29572.25,29575.0,29518.0,29544.75,1064
2026-08-07T00:40:00Z,29543.5,29551.5,29505.0,29539.75,861
2026-08-07T00:45:00Z,29541.75,29557.25,29503.75,29513.75,805
2026-08-07T00:50:00Z,29512.0,29562.0,29506.25,29550.0,889
2026-08-07T00:55:00Z,29549.25,29573.0,29529.75,29561.25,948
2026-08-07T01:00:00Z,29561.75,29582.0,29557.0,29570.0,757
2026-08-07T01:05:00Z,29568.0,29577.75,29553.25,29557.75,731
2026-08-07T01:10:00Z,29562.0,29564.5,29515.0,29524.0,891
2026-08-07T01:15:00Z,29526.0,29532.0,29503.0,29507.25,789
2026-08-07T01:20:00Z,29508.25,29510.25,29482.5,29496.25,831
2026-08-07T01:25:00Z,29495.5,29536.0,29486.25,29531.25,1013
2026-08-07T01:30:00Z,29529.5,29581.25,29527.0,29551.25,1275
2026-08-07T01:35:00Z,29551.25,29553.75,29498.75,29500.75,1113
2026-08-07T01:40:00Z,29499.75,29522.0,29493.75,29521.75,743
2026-08-07T01:45:00Z,29522.0,29540.0,29502.25,29533.25,817
2026-08-07T01:50:00Z,29532.5,29534.5,29505.25,29521.5,391
2026-08-07T01:55:00Z,29524.5,29536.75,29515.5,29526.25,439
2026-08-07T02:00:00Z,29527.0,29547.0,29519.75,29543.75,1153
2026-08-07T02:05:00Z,29544.0,29548.0,29508.0,29510.75,750
2026-08-07T02:10:00Z,29511.25,29539.0,29489.5,29530.75,807
2026-08-07T02:15:00Z,29530.0,29539.5,29528.5,29537.25,249
2026-08-07T02:20:00Z,29537.25,29542.0,29514.5,29538.5,359
2026-08-07T02:25:00Z,29538.75,29538.75,29519.5,29525.5,236
2026-08-07T02:30:00Z,29526.5,29527.25,29503.25,29503.25,418
2026-08-07T02:35:00Z,29506.5,29517.75,29476.75,29486.75,708
2026-08-07T02:40:00Z,29486.0,29504.75,29475.5,29500.25,839
2026-08-07T02:45:00Z,29498.75,29534.25,29494.0,29534.25,548
2026-08-07T02:50:00Z,29534.5,29535.5,29526.5,29530.75,231
2026-08-07T02:55:00Z,29529.75,29533.0,29523.25,29527.0,186
2026-08-07T03:00:00Z,29526.0,29548.0,29526.0,29538.0,389
2026-08-07T03:05:00Z,29539.5,29547.25,29533.5,29542.0,456
2026-08-07T03:10:00Z,29543.0,29543.5,29529.25,29529.5,196
2026-08-07T03:15:00Z,29531.5,29535.0,29497.5,29498.75,564
2026-08-07T03:20:00Z,29498.75,29507.75,29491.25,29507.0,427
2026-08-07T03:25:00Z,29508.0,29513.5,29493.75,29505.0,335
2026-08-07T03:30:00Z,29503.0,29522.25,29498.5,29502.0,355
2026-08-07T03:35:00Z,29500.5,29520.0,29499.25,29504.0,168
2026-08-07T03:40:00Z,29502.0,29509.25,29496.25,29505.25,207
2026-08-07T03:45:00Z,29507.0,29510.25,29491.75,29506.5,210
2026-08-07T03:50:00Z,29507.0,29512.75,29490.5,29494.25,203
2026-08-07T03:55:00Z,29494.0,29494.0,29485.25,29488.5,236
2026-08-07T04:00:00Z,29488.75,29489.5,29480.5,29485.5,309
2026-08-07T04:05:00Z,29484.0,29497.75,29482.75,29490.75,264
2026-08-07T04:10:00Z,29495.0,29500.75,29475.0,29479.0,576
2026-08-07T04:15:00Z,29478.5,29485.0,29453.5,29484.0,979
2026-08-07T04:20:00Z,29485.0,29516.75,29483.5,29510.5,1120
2026-08-07T04:25:00Z,29511.5,29512.5,29492.25,29508.25,521
2026-08-07T04:30:00Z,29508.25,29526.0,29501.25,29513.0,569
2026-08-07T04:35:00Z,29514.25,29516.25,29494.25,29500.25,372
2026-08-07T04:40:00Z,29501.25,29502.0,29492.0,29495.5,292
2026-08-07T04:45:00Z,29494.5,29504.75,29490.75,29501.5,225
2026-08-07T04:50:00Z,29501.75,29508.25,29489.25,29507.75,363
2026-08-07T04:55:00Z,29507.0,29513.5,29502.75,29511.5,240
2026-08-07T05:00:00Z,29510.75,29531.5,29507.5,29527.5,444
2026-08-07T05:05:00Z,29529.5,29556.75,29526.75,29541.75,1552
2026-08-07T05:10:00Z,29541.5,29548.75,29533.75,29539.5,314
2026-08-07T05:15:00Z,29539.5,29549.5,29538.0,29543.0,174
2026-08-07T05:20:00Z,29543.5,29554.25,29538.0,29543.75,291
2026-08-07T05:25:00Z,29544.25,29554.75,29542.0,29549.25,146
2026-08-07T05:30:00Z,29547.75,29550.0,29534.5,29535.25,236
2026-08-07T05:35:00Z,29534.25,29538.5,29528.0,29528.75,213
2026-08-07T05:40:00Z,29527.0,29539.25,29519.75,29534.0,318
2026-08-07T05:45:00Z,29534.0,29534.75,29525.0,29532.25,142
2026-08-07T05:50:00Z,29532.5,29538.75,29527.0,29536.0,221
2026-08-07T05:55:00Z,29536.25,29537.25,29522.75,29523.5,150
2026-08-07T06:00:00Z,29523.5,29547.25,29520.0,29541.5,461
2026-08-07T06:05:00Z,29540.75,29560.5,29538.75,29552.5,575
2026-08-07T06:10:00Z,29554.0,29564.5,29553.0,29559.75,515
2026-08-07T06:15:00Z,29557.5,29562.5,29547.5,29552.75,558
2026-08-07T06:20:00Z,29553.0,29569.5,29543.25,29569.5,801
2026-08-07T06:25:00Z,29569.75,29583.5,29560.0,29580.5,960
2026-08-07T06:30:00Z,29580.25,29583.5,29565.5,29570.75,473
2026-08-07T06:35:00Z,29573.5,29575.5,29563.25,29565.5,192
2026-08-07T06:40:00Z,29565.5,29566.0,29539.0,29546.5,557
2026-08-07T06:45:00Z,29544.25,29548.25,29537.75,29542.75,414
2026-08-07T06:50:00Z,29542.5,29545.0,29538.5,29542.75,276
2026-08-07T06:55:00Z,29542.5,29555.0,29540.0,29553.0,385
2026-08-07T07:00:00Z,29552.0,29558.0,29533.0,29536.0,840
2026-08-07T07:05:00Z,29536.75,29578.25,29536.25,29577.0,500
2026-08-07T07:10:00Z,29576.0,29591.75,29573.25,29591.5,869
2026-08-07T07:15:00Z,29591.5,29592.5,29580.0,29587.75,292
2026-08-07T07:20:00Z,29586.25,29586.25,29574.0,29580.5,400
2026-08-07T07:25:00Z,29580.0,29591.0,29576.0,29587.75,332
2026-08-07T07:30:00Z,29588.75,29588.75,29570.25,29576.0,301
2026-08-07T07:35:00Z,29575.75,29583.75,29572.75,29575.25,231
2026-08-07T07:40:00Z,29575.0,29591.0,29574.75,29583.0,343
2026-08-07T07:45:00Z,29582.5,29586.75,29571.0,29580.0,333
2026-08-07T07:50:00Z,29580.0,29580.25,29561.25,29580.25,350
2026-08-07T07:55:00Z,29581.75,29589.25,29579.75,29583.75,298
2026-08-07T08:00:00Z,29584.25,29613.0,29584.0,29599.0,1036
2026-08-07T08:05:00Z,29599.5,29614.25,29596.75,29608.5,694
2026-08-07T08:10:00Z,29608.5,29626.5,29607.5,29624.0,613
2026-08-07T08:15:00Z,29625.0,29628.25,29601.5,29602.25,530
2026-08-07T08:20:00Z,29602.75,29621.0,29599.25,29613.75,455
2026-08-07T08:25:00Z,29615.5,29629.75,29615.5,29623.75,383
2026-08-07T08:30:00Z,29623.5,29647.25,29620.25,29635.75,823
2026-08-07T08:35:00Z,29637.0,29639.75,29609.25,29619.25,565
2026-08-07T08:40:00Z,29619.25,29632.5,29611.5,29625.75,485
2026-08-07T08:45:00Z,29625.75,29635.75,29616.0,29623.75,1057
2026-08-07T08:50:00Z,29622.75,29624.0,29615.0,29618.25,409
2026-08-07T08:55:00Z,29617.25,29637.75,29616.75,29632.5,473
2026-08-07T09:00:00Z,29633.5,29649.0,29627.25,29637.25,521
2026-08-07T09:05:00Z,29638.25,29642.25,29625.25,29634.75,301
2026-08-07T09:10:00Z,29633.5,29644.25,29628.75,29641.75,324
2026-08-07T09:15:00Z,29642.0,29646.75,29625.5,29626.0,333
2026-08-07T09:20:00Z,29627.5,29646.0,29624.75,29644.0,351
2026-08-07T09:25:00Z,29644.0,29649.0,29630.75,29634.5,220
2026-08-07T09:30:00Z,29634.5,29647.0,29630.0,29635.25,252
2026-08-07T09:35:00Z,29633.5,29644.5,29633.5,29636.75,142
2026-08-07T09:40:00Z,29635.5,29635.5,29621.25,29629.0,321
2026-08-07T09:45:00Z,29629.5,29636.0,29622.5,29627.0,203
2026-08-07T09:50:00Z,29627.0,29632.25,29623.0,29627.5,232
2026-08-07T09:55:00Z,29627.75,29627.75,29616.0,29616.5,280
2026-08-07T10:00:00Z,29618.25,29628.0,29614.5,29623.75,331
2026-08-07T10:05:00Z,29623.75,29626.75,29613.0,29616.0,309
2026-08-07T10:10:00Z,29615.0,29622.25,29609.25,29609.75,235
2026-08-07T10:15:00Z,29609.25,29613.5,29600.25,29607.0,326
2026-08-07T10:20:00Z,29605.75,29608.0,29591.25,29604.25,385
2026-08-07T10:25:00Z,29604.5,29621.5,29602.75,29621.25,370
2026-08-07T10:30:00Z,29621.5,29622.0,29609.25,29615.5,223
2026-08-07T10:35:00Z,29615.25,29621.5,29611.25,29620.0,189
2026-08-07T10:40:00Z,29620.75,29625.25,29617.0,29623.5,201
2026-08-07T10:45:00Z,29621.25,29624.0,29608.25,29615.75,246
2026-08-07T10:50:00Z,29617.25,29622.0,29603.75,29605.0,358
2026-08-07T10:55:00Z,29605.25,29608.0,29602.25,29607.25,194
2026-08-07T11:00:00Z,29606.5,29641.25,29606.25,29634.75,729
2026-08-07T11:05:00Z,29634.5,29647.0,29630.0,29639.75,383
2026-08-07T11:10:00Z,29639.5,29648.25,29635.5,29637.0,472
2026-08-07T11:15:00Z,29637.25,29647.0,29636.75,29640.0,350
2026-08-07T11:20:00Z,29640.25,29652.5,29638.25,29645.25,432
2026-08-07T11:25:00Z,29645.0,29666.25,29645.0,29654.0,684
2026-08-07T11:30:00Z,29652.25,29656.5,29647.25,29656.25,337
2026-08-07T11:35:00Z,29655.5,29673.25,29649.25,29661.25,536
2026-08-07T11:40:00Z,29659.75,29672.0,29659.0,29666.0,358
2026-08-07T11:45:00Z,29664.5,29666.25,29659.0,29662.25,278
2026-08-07T11:50:00Z,29663.25,29663.5,29636.75,29638.75,1141
2026-08-07T11:55:00Z,29638.5,29643.75,29604.25,29614.0,1620
2026-08-07T12:00:00Z,29614.5,29675.75,29604.75,29649.75,1450
2026-08-07T12:05:00Z,29649.5,29652.75,29633.5,29644.25,592
2026-08-07T12:10:00Z,29645.25,29664.75,29640.5,29658.5,680
2026-08-07T12:15:00Z,29658.75,29671.25,29654.75,29654.75,826
2026-08-07T12:20:00Z,29656.25,29660.0,29639.25,29655.0,630
2026-08-07T12:25:00Z,29655.0,29686.0,29618.5,29683.5,1709
2026-08-07T12:30:00Z,29676.25,29772.25,29643.75,29753.5,5352
2026-08-07T12:35:00Z,29752.75,29799.75,29738.75,29797.5,3603
2026-08-07T12:40:00Z,29797.5,29814.0,29785.0,29801.75,3838
2026-08-07T12:45:00Z,29801.5,29855.25,29801.5,29846.5,3935
2026-08-07T12:50:00Z,29847.0,29867.75,29844.25,29848.25,2801
2026-08-07T12:55:00Z,29849.25,29849.75,29833.25,29843.25,2575
2026-08-07T13:00:00Z,29843.75,29850.5,29784.75,29786.25,3707
2026-08-07T13:05:00Z,29785.25,29805.0,29763.25,29780.0,2881
2026-08-07T13:10:00Z,29779.75,29783.25,29734.25,29741.0,3094
2026-08-07T13:15:00Z,29741.25,29745.25,29714.5,29731.5,2703
2026-08-07T13:20:00Z,29731.5,29736.5,29720.0,29729.0,1626
2026-08-07T13:25:00Z,29729.75,29740.5,29685.0,29714.75,4680
2026-08-07T13:30:00Z,29714.25,29813.25,29681.0,29806.0,18756
2026-08-07T13:35:00Z,29804.75,29809.25,29696.5,29731.25,13792
2026-08-07T13:40:00Z,29733.0,29796.0,29704.25,29788.5,11292
2026-08-07T13:45:00Z,29786.75,29820.0,29709.0,29773.0,11293
2026-08-07T13:50:00Z,29773.75,29800.0,29745.75,29753.5,7440
2026-08-07T13:55:00Z,29754.5,29761.75,29643.75,29677.25,11675
2026-08-07T14:00:00Z,29679.5,29713.25,29616.75,29619.25,12126
2026-08-07T14:05:00Z,29619.25,29684.75,29613.5,29632.0,8689
2026-08-07T14:10:00Z,29630.75,29649.0,29564.5,29585.0,11709
2026-08-07T14:15:00Z,29585.0,29720.0,29568.5,29718.0,12821
2026-08-07T14:20:00Z,29718.5,29744.75,29687.0,29702.75,8735
2026-08-07T14:25:00Z,29703.0,29779.5,29701.25,29761.25,7096
2026-08-07T14:30:00Z,29761.0,29775.0,29714.25,29731.0,7468
2026-08-07T14:35:00Z,29731.0,29743.75,29669.5,29677.5,9237
2026-08-07T14:40:00Z,29678.75,29720.5,29660.0,29676.0,7108
2026-08-07T14:45:00Z,29676.75,29732.0,29667.75,29708.0,7068
2026-08-07T14:50:00Z,29708.25,29726.75,29667.75,29682.25,5823
2026-08-07T14:55:00Z,29682.0,29734.0,29675.0,29721.0,5094
2026-08-07T15:00:00Z,29720.25,29748.0,29709.0,29744.75,5101
2026-08-07T15:05:00Z,29745.0,29769.0,29740.5,29756.0,3930
2026-08-07T15:10:00Z,29756.5,29782.5,29738.25,29759.75,5201
2026-08-07T15:15:00Z,29760.25,29767.5,29746.5,29758.25,3615
2026-08-07T15:20:00Z,29757.75,29798.25,29752.75,29795.5,4960
2026-08-07T15:25:00Z,29795.5,29828.75,29794.0,29826.75,5680
2026-08-07T15:30:00Z,29826.0,29855.25,29826.0,29839.5,6089
2026-08-07T15:35:00Z,29840.5,29843.0,29818.75,29824.25,4199
2026-08-07T15:40:00Z,29825.0,29837.5,29794.25,29811.75,4570
2026-08-07T15:45:00Z,29812.0,29834.0,29802.25,29829.5,2755
2026-08-07T15:50:00Z,29829.75,29843.25,29796.5,29815.5,4047
2026-08-07T15:55:00Z,29816.25,29822.0,29796.5,29814.0,2930
2026-08-07T16:00:00Z,29814.75,29820.5,29795.0,29812.0,2937
2026-08-07T16:05:00Z,29812.0,29830.0,29809.0,29824.5,2774
2026-08-07T16:10:00Z,29825.25,29829.25,29798.25,29800.75,2126
2026-08-07T16:15:00Z,29800.5,29818.5,29787.0,29794.25,2862
2026-08-07T16:20:00Z,29794.25,29819.0,29746.25,29747.25,5451
2026-08-07T16:25:00Z,29748.0,29753.5,29688.75,29714.0,6743
2026-08-07T16:30:00Z,29714.0,29738.75,29668.75,29736.0,7625
2026-08-07T16:35:00Z,29735.75,29757.0,29719.25,29752.5,4198
2026-08-07T16:40:00Z,29752.0,29761.25,29735.0,29754.25,3188
2026-08-07T16:45:00Z,29754.5,29772.75,29754.5,29767.5,3504
2026-08-07T16:50:00Z,29768.25,29780.75,29740.0,29745.75,3517
2026-08-07T16:55:00Z,29746.0,29765.0,29738.75,29739.5,2672
2026-08-07T17:00:00Z,29739.75,29757.25,29726.75,29745.0,3282
2026-08-07T17:05:00Z,29745.0,29768.0,29742.0,29765.0,2248
2026-08-07T17:10:00Z,29764.0,29767.0,29734.0,29736.0,1933
2026-08-07T17:15:00Z,29735.25,29759.5,29731.75,29756.0,2202
2026-08-07T17:20:00Z,29756.5,29764.5,29731.5,29732.5,2091
2026-08-07T17:25:00Z,29732.0,29756.75,29726.25,29747.5,1956
2026-08-07T17:30:00Z,29747.5,29754.5,29727.0,29735.75,2320
2026-08-07T17:35:00Z,29736.25,29764.25,29734.5,29761.5,1758
2026-08-07T17:40:00Z,29762.5,29763.0,29739.25,29745.25,1717
2026-08-07T17:45:00Z,29746.0,29755.25,29740.75,29746.75,1242
2026-08-07T17:50:00Z,29746.0,29759.25,29735.5,29751.0,1683
2026-08-07T17:55:00Z,29751.5,29757.5,29743.25,29743.25,1354
2026-08-07T18:00:00Z,29743.5,29754.75,29741.0,29746.5,1439
2026-08-07T18:05:00Z,29746.75,29753.25,29734.5,29743.25,1784
2026-08-07T18:10:00Z,29743.5,29747.25,29712.5,29721.5,2304
2026-08-07T18:15:00Z,29722.0,29734.25,29716.0,29727.5,2060
2026-08-07T18:20:00Z,29727.0,29731.5,29711.75,29718.25,1423
2026-08-07T18:25:00Z,29717.75,29722.5,29702.75,29705.75,1898
2026-08-07T18:30:00Z,29705.5,29724.25,29700.0,29704.0,2541
2026-08-07T18:35:00Z,29704.5,29710.75,29691.0,29699.0,1966
2026-08-07T18:40:00Z,29698.25,29701.5,29678.75,29681.25,1650
2026-08-07T18:45:00Z,29681.5,29701.5,29676.5,29699.25,2140
2026-08-07T18:50:00Z,29699.0,29711.5,29695.0,29697.5,1792
2026-08-07T18:55:00Z,29698.25,29729.0,29690.0,29725.0,2416
2026-08-07T19:00:00Z,29725.25,29771.75,29723.0,29746.0,4752
2026-08-07T19:05:00Z,29745.5,29793.75,29744.5,29792.5,3576
2026-08-07T19:10:00Z,29793.0,29810.75,29792.75,29800.0,3583
2026-08-07T19:15:00Z,29800.25,29823.0,29791.75,29793.25,4026
2026-08-07T19:20:00Z,29793.25,29815.0,29793.0,29798.5,2625
2026-08-07T19:25:00Z,29799.0,29811.75,29794.5,29811.0,1985
2026-08-07T19:30:00Z,29811.25,29812.0,29776.5,29779.25,3173
2026-08-07T19:35:00Z,29778.75,29801.5,29773.0,29795.0,2629
2026-08-07T19:40:00Z,29795.0,29797.25,29772.25,29779.25,2674
2026-08-07T19:45:00Z,29778.75,29797.25,29778.0,29789.25,3223
2026-08-07T19:50:00Z,29789.75,29834.25,29786.0,29827.75,5506
2026-08-07T19:55:00Z,29827.5,29860.25,29817.75,29834.25,16310
2026-08-07T20:00:00Z,29833.75,29850.75,29813.75,29815.0,5775
2026-08-07T20:05:00Z,29815.25,29822.25,29807.25,29808.75,1928
2026-08-07T20:10:00Z,29809.0,29822.75,29805.25,29820.25,1238
2026-08-07T20:15:00Z,29820.5,29829.0,29816.5,29817.25,555
2026-08-07T20:20:00Z,29818.0,29818.5,29805.25,29811.0,510
2026-08-07T20:25:00Z,29811.0,29813.5,29803.75,29805.0,425
2026-08-07T20:30:00Z,29805.5,29818.0,29802.5,29816.75,450
2026-08-07T20:35:00Z,29817.0,29823.25,29815.75,29820.0,469
2026-08-07T20:40:00Z,29820.25,29823.75,29813.25,29814.25,765
2026-08-07T20:45:00Z,29814.25,29818.75,29813.0,29816.0,585
2026-08-07T20:50:00Z,29815.0,29825.25,29814.75,29821.5,485
2026-08-07T20:55:00Z,29821.5,29845.0,29819.0,29839.5,716
2026-08-09T22:00:00Z,29851.25,29896.75,29850.25,29867.0,1753
2026-08-09T22:05:00Z,29866.5,29866.5,29841.25,29851.5,735
2026-08-09T22:10:00Z,29851.75,29860.25,29820.0,29826.25,1157
2026-08-09T22:15:00Z,29828.5,29829.0,29805.25,29820.75,794
2026-08-09T22:20:00Z,29820.0,29839.75,29819.5,29834.5,546
2026-08-09T22:25:00Z,29834.5,29854.5,29824.25,29838.0,752
2026-08-09T22:30:00Z,29838.5,29853.5,29815.25,29820.0,553
2026-08-09T22:35:00Z,29820.25,29834.75,29814.5,29828.25,341
2026-08-09T22:40:00Z,29829.25,29844.75,29829.25,29837.5,380
2026-08-09T22:45:00Z,29837.5,29846.0,29831.5,29836.5,349
2026-08-09T22:50:00Z,29838.25,29851.0,29838.25,29850.25,297
2026-08-09T22:55:00Z,29848.5,29849.25,29842.5,29844.25,98
2026-08-09T23:00:00Z,29845.25,29853.5,29833.5,29851.25,349
2026-08-09T23:05:00Z,29848.5,29877.0,29847.0,29863.25,618
2026-08-09T23:10:00Z,29861.25,29868.0,29858.5,29862.75,225
2026-08-09T23:15:00Z,29860.5,29865.0,29856.25,29862.0,210
2026-08-09T23:20:00Z,29862.25,29882.25,29860.0,29870.0,535
2026-08-09T23:25:00Z,29870.25,29875.0,29859.0,29864.25,331
2026-08-09T23:30:00Z,29865.25,29865.75,29834.75,29841.0,767
2026-08-09T23:35:00Z,29842.25,29858.0,29837.25,29854.25,311
2026-08-09T23:40:00Z,29855.75,29865.25,29850.5,29862.25,234
2026-08-09T23:45:00Z,29862.0,29872.0,29861.25,29870.25,265
2026-08-09T23:50:00Z,29868.25,29869.0,29855.0,29861.25,252
2026-08-09T23:55:00Z,29859.5,29860.25,29828.25,29829.5,581
2026-08-10T00:00:00Z,29830.25,29839.75,29796.25,29825.25,1436
2026-08-10T00:05:00Z,29822.5,29883.25,29822.5,29872.0,1078
2026-08-10T00:10:00Z,29872.0,29906.5,29869.0,29893.0,1050
2026-08-10T00:15:00Z,29891.5,29899.5,29873.75,29874.25,680
2026-08-10T00:20:00Z,29875.0,29888.0,29843.5,29849.25,782
2026-08-10T00:25:00Z,29850.75,29861.5,29840.0,29845.75,585
2026-08-10T00:30:00Z,29847.0,29865.25,29843.0,29856.0,414
2026-08-10T00:35:00Z,29856.0,29859.25,29810.75,29810.75,991
2026-08-10T00:40:00Z,29811.25,29823.0,29799.75,29804.5,680
2026-08-10T00:45:00Z,29806.25,29826.25,29805.25,29826.25,551
2026-08-10T00:50:00Z,29825.75,29830.5,29808.25,29812.75,510
2026-08-10T00:55:00Z,29812.0,29818.25,29788.5,29802.0,857
2026-08-10T01:00:00Z,29803.25,29835.0,29791.0,29826.0,897
2026-08-10T01:05:00Z,29824.25,29837.0,29808.25,29830.0,533
2026-08-10T01:10:00Z,29829.0,29855.0,29823.25,29853.0,542
2026-08-10T01:15:00Z,29851.75,29866.0,29845.75,29865.0,642
2026-08-10T01:20:00Z,29864.5,29881.25,29858.5,29879.5,772
2026-08-10T01:25:00Z,29879.75,29882.5,29864.25,29865.25,378
2026-08-10T01:30:00Z,29864.0,29869.0,29840.75,29850.0,551
2026-08-10T01:35:00Z,29852.0,29881.5,29846.0,29877.25,644
2026-08-10T01:40:00Z,29877.0,29878.75,29861.75,29875.5,309
2026-08-10T01:45:00Z,29876.5,29890.25,29871.75,29889.25,447
2026-08-10T01:50:00Z,29889.5,29895.0,29886.5,29888.0,270
2026-08-10T01:55:00Z,29888.25,29889.25,29882.5,29885.0,166
2026-08-10T02:00:00Z,29886.0,29889.25,29874.5,29887.25,383
2026-08-10T02:05:00Z,29885.25,29892.25,29875.5,29876.75,244
2026-08-10T02:10:00Z,29876.75,29885.5,29869.25,29871.25,288
2026-08-10T02:15:00Z,29873.25,29874.5,29852.75,29862.75,696
2026-08-10T02:20:00Z,29864.0,29869.0,29858.5,29858.75,203
2026-08-10T02:25:00Z,29859.5,29872.0,29859.0,29870.0,196
2026-08-10T02:30:00Z,29870.0,29873.25,29854.5,29856.0,210
2026-08-10T02:35:00Z,29854.75,29883.0,29848.25,29882.75,375
2026-08-10T02:40:00Z,29883.25,29890.75,29880.75,29890.25,270
2026-08-10T02:45:00Z,29889.0,29893.0,29886.5,29887.5,208
2026-08-10T02:50:00Z,29887.0,29899.5,29887.0,29892.0,260
2026-08-10T02:55:00Z,29893.0,29899.25,29880.25,29880.25,279
2026-08-10T03:00:00Z,29881.25,29892.0,29878.0,29879.0,250
2026-08-10T03:05:00Z,29879.25,29881.25,29872.0,29876.0,149
2026-08-10T03:10:00Z,29875.75,29880.0,29869.25,29876.25,197
2026-08-10T03:15:00Z,29876.0,29891.25,29871.75,29889.0,217
2026-08-10T03:20:00Z,29888.25,29891.25,29879.5,29881.5,171
2026-08-10T03:25:00Z,29879.5,29884.75,29871.25,29882.5,241
2026-08-10T03:30:00Z,29880.0,29888.5,29872.75,29888.5,233
2026-08-10T03:35:00Z,29888.75,29898.0,29883.0,29894.0,224
2026-08-10T03:40:00Z,29894.0,29897.25,29889.0,29896.5,248
2026-08-10T03:45:00Z,29896.5,29898.5,29889.0,29892.75,206
2026-08-10T03:50:00Z,29893.25,29899.0,29881.25,29883.0,235
2026-08-10T03:55:00Z,29883.0,29883.0,29871.25,29878.0,254
2026-08-10T04:00:00Z,29878.25,29887.75,29873.0,29880.5,244
2026-08-10T04:05:00Z,29881.0,29896.0,29873.25,29895.75,201
2026-08-10T04:10:00Z,29897.0,29897.75,29885.25,29895.5,186
2026-08-10T04:15:00Z,29894.25,29901.5,29892.5,29897.0,237
2026-08-10T04:20:00Z,29897.0,29899.5,29894.5,29897.5,103
2026-08-10T04:25:00Z,29896.75,29904.0,29891.0,29899.25,239
2026-08-10T04:30:00Z,29898.25,29899.75,29886.75,29889.0,189
2026-08-10T04:35:00Z,29889.0,29892.5,29882.5,29883.75,186
2026-08-10T04:40:00Z,29883.5,29889.5,29863.0,29887.25,514
2026-08-10T04:45:00Z,29887.25,29897.75,29882.25,29889.75,219
2026-08-10T04:50:00Z,29889.75,29902.25,29885.75,29886.25,220
2026-08-10T04:55:00Z,29884.5,29884.75,29873.75,29882.75,303
2026-08-10T05:00:00Z,29882.25,29900.0,29881.0,29898.75,336
2026-08-10T05:05:00Z,29898.75,29913.75,29897.5,29909.0,490
2026-08-10T05:10:00Z,29909.25,29918.25,29906.5,29916.25,353
2026-08-10T05:15:00Z,29916.75,29920.5,29910.75,29914.25,365
2026-08-10T05:20:00Z,29916.0,29923.5,29913.0,29923.0,265
2026-08-10T05:25:00Z,29922.25,29924.5,29909.0,29910.75,217
2026-08-10T05:30:00Z,29912.0,29916.75,29907.5,29914.0,242
2026-08-10T05:35:00Z,29914.0,29919.0,29906.0,29908.0,361
2026-08-10T05:40:00Z,29907.25,29910.0,29903.5,29905.5,158
2026-08-10T05:45:00Z,29905.25,29910.0,29899.5,29904.5,259
2026-08-10T05:50:00Z,29904.25,29926.5,29902.75,29924.5,348
2026-08-10T05:55:00Z,29925.25,29930.5,29924.75,29930.5,321
2026-08-10T06:00:00Z,29930.0,29942.0,29927.5,29938.0,843
2026-08-10T06:05:00Z,29937.5,29946.0,29934.5,29943.75,434
2026-08-10T06:10:00Z,29943.25,29962.0,29943.0,29956.25,606
2026-08-10T06:15:00Z,29956.0,29962.75,29947.25,29959.25,490
2026-08-10T06:20:00Z,29959.0,29960.0,29923.0,29928.25,931
2026-08-10T06:25:00Z,29928.0,29928.0,29907.5,29914.25,486
2026-08-10T06:30:00Z,29914.25,29925.25,29907.0,29918.25,502
2026-08-10T06:35:00Z,29917.75,29919.0,29907.75,29915.75,235
2026-08-10T06:40:00Z,29915.75,29921.5,29912.75,29917.25,229
2026-08-10T06:45:00Z,29917.5,29920.0,29911.25,29913.5,216
2026-08-10T06:50:00Z,29914.5,29923.5,29911.0,29914.5,189
2026-08-10T06:55:00Z,29913.0,29916.75,29906.0,29908.5,382
2026-08-10T07:00:00Z,29909.25,29923.0,29902.5,29917.0,589
2026-08-10T07:05:00Z,29916.75,29921.75,29905.0,29911.25,284
2026-08-10T07:10:00Z,29908.75,29914.5,29886.25,29914.0,595
2026-08-10T07:15:00Z,29914.0,29931.0,29911.25,29931.0,517
2026-08-10T07:20:00Z,29932.25,29952.0,29931.0,29947.0,833
2026-08-10T07:25:00Z,29948.0,29952.5,29937.25,29952.25,301
2026-08-10T07:30:00Z,29950.75,29957.5,29948.0,29953.5,357
2026-08-10T07:35:00Z,29953.75,29967.5,29952.75,29964.25,427
2026-08-10T07:40:00Z,29964.0,29970.0,29958.75,29965.5,380
2026-08-10T07:45:00Z,29965.75,29984.0,29935.75,29938.75,878
2026-08-10T07:50:00Z,29939.5,29949.25,29937.5,29944.25,202
2026-08-10T07:55:00Z,29944.75,29959.75,29944.75,29951.5,225
2026-08-10T08:00:00Z,29952.5,29981.0,29948.5,29976.5,638
2026-08-10T08:05:00Z,29978.0,29980.75,29953.75,29962.5,462
2026-08-10T08:10:00Z,29958.5,29964.25,29947.0,29963.0,321
2026-08-10T08:15:00Z,29961.75,29973.0,29958.0,29967.5,314
2026-08-10T08:20:00Z,29966.5,29966.5,29939.5,29953.25,356
2026-08-10T08:25:00Z,29956.0,29959.0,29946.5,29953.5,255
2026-08-10T08:30:00Z,29952.0,29959.0,29944.0,29958.0,244
2026-08-10T08:35:00Z,29957.25,29972.0,29956.75,29969.5,293
2026-08-10T08:40:00Z,29969.25,29971.75,29952.75,29955.5,198
2026-08-10T08:45:00Z,29954.75,29956.0,29949.0,29954.25,149
2026-08-10T08:50:00Z,29952.25,29963.25,29949.75,29962.75,204
2026-08-10T08:55:00Z,29962.25,29975.0,29960.25,29971.5,365
2026-08-10T09:00:00Z,29971.5,29976.25,29966.0,29976.25,292
2026-08-10T09:05:00Z,29976.5,29979.0,29970.0,29977.0,293
2026-08-10T09:10:00Z,29977.0,29983.75,29972.5,29976.0,288
2026-08-10T09:15:00Z,29974.75,29981.75,29963.5,29966.0,231
2026-08-10T09:20:00Z,29965.0,29976.5,29965.0,29976.5,153
2026-08-10T09:25:00Z,29977.0,29978.0,29965.0,29967.75,200
2026-08-10T09:30:00Z,29968.5,29972.0,29958.0,29970.25,306
2026-08-10T09:35:00Z,29969.75,29969.75,29942.0,29946.0,391
2026-08-10T09:40:00Z,29946.5,29948.75,29936.5,29945.0,281
2026-08-10T09:45:00Z,29943.75,29946.5,29936.0,29944.5,154
2026-08-10T09:50:00Z,29943.75,29952.0,29943.75,29945.5,214
2026-08-10T09:55:00Z,29946.0,29949.0,29937.5,29938.75,143
2026-08-10T10:00:00Z,29939.25,29958.5,29932.75,29957.5,438
2026-08-10T10:05:00Z,29958.5,29959.0,29940.5,29940.5,302
2026-08-10T10:10:00Z,29942.0,29944.25,29916.0,29917.25,368
2026-08-10T10:15:00Z,29917.75,29928.75,29916.5,29927.5,238
2026-08-10T10:20:00Z,29928.0,29952.25,29928.0,29951.75,498
2026-08-10T10:25:00Z,29950.75,29950.75,29939.25,29946.75,217
2026-08-10T10:30:00Z,29943.5,29945.5,29929.25,29937.25,256
2026-08-10T10:35:00Z,29937.5,29937.5,29917.0,29918.75,360
2026-08-10T10:40:00Z,29916.75,29920.25,29910.0,29919.5,325
2026-08-10T10:45:00Z,29918.75,29924.5,29917.5,29918.75,137
2026-08-10T10:50:00Z,29919.5,29938.25,29919.5,29926.25,350
2026-08-10T10:55:00Z,29929.0,29932.5,29909.25,29912.25,530
2026-08-10T11:00:00Z,29912.75,29926.0,29883.25,29889.25,961
2026-08-10T11:05:00Z,29888.5,29889.0,29874.0,29876.0,494
2026-08-10T11:10:00Z,29876.5,29882.75,29851.5,29876.5,899
2026-08-10T11:15:00Z,29877.25,29882.5,29864.25,29870.25,551
2026-08-10T11:20:00Z,29869.0,29892.0,29868.75,29881.5,600
2026-08-10T11:25:00Z,29879.75,29913.0,29874.0,29909.0,654
2026-08-10T11:30:00Z,29909.25,29919.75,29904.75,29910.75,708
2026-08-10T11:35:00Z,29910.75,29912.0,29890.25,29895.0,553
2026-08-10T11:40:00Z,29893.0,29908.5,29872.0,29874.75,699
2026-08-10T11:45:00Z,29874.25,29884.25,29846.0,29848.25,1009
2026-08-10T11:50:00Z,29847.25,29874.0,29846.0,29864.0,947
2026-08-10T11:55:00Z,29862.75,29876.25,29859.25,29871.0,357
2026-08-10T12:00:00Z,29870.25,29880.75,29854.0,29877.25,521
2026-08-10T12:05:00Z,29877.5,29882.25,29864.25,29879.5,393
2026-08-10T12:10:00Z,29880.0,29883.75,29843.75,29845.0,531
2026-08-10T12:15:00Z,29845.75,29846.5,29826.5,29830.25,729
2026-08-10T12:20:00Z,29829.25,29834.75,29810.25,29820.5,685
2026-08-10T12:25:00Z,29819.0,29827.5,29816.25,29821.0,539
2026-08-10T12:30:00Z,29823.25,29827.5,29794.5,29794.5,1121
2026-08-10T12:35:00Z,29794.25,29812.25,29782.25,29792.0,1628
2026-08-10T12:40:00Z,29793.25,29808.75,29790.0,29804.0,649
2026-08-10T12:45:00Z,29803.75,29810.0,29791.25,29798.0,648
2026-08-10T12:50:00Z,29796.75,29796.75,29773.0,29778.0,1033
2026-08-10T12:55:00Z,29777.75,29782.5,29771.75,29777.0,698
2026-08-10T13:00:00Z,29778.5,29797.0,29772.25,29795.5,1457
2026-08-10T13:05:00Z,29795.0,29808.75,29791.0,29808.75,892
2026-08-10T13:10:00Z,29807.25,29816.0,29797.0,29805.0,1051
2026-08-10T13:15:00Z,29804.5,29818.5,29793.0,29815.25,912
2026-08-10T13:20:00Z,29815.25,29819.5,29794.25,29813.25,1234
2026-08-10T13:25:00Z,29812.75,29823.75,29789.5,29805.5,2442
2026-08-10T13:30:00Z,29805.5,29841.75,29737.0,29740.75,13761
2026-08-10T13:35:00Z,29741.25,29811.25,29727.75,29764.25,13352
2026-08-10T13:40:00Z,29763.0,29788.0,29718.75,29776.0,10236
2026-08-10T13:45:00Z,29775.75,29828.0,29767.5,29817.75,7938
2026-08-10T13:50:00Z,29817.25,29832.75,29754.5,29776.5,9500
2026-08-10T13:55:00Z,29777.5,29819.0,29756.25,29806.75,6545
2026-08-10T14:00:00Z,29807.0,29831.5,29788.25,29819.0,6669
2026-08-10T14:05:00Z,29819.25,29875.75,29817.0,29874.25,7346
2026-08-10T14:10:00Z,29874.75,29892.0,29870.0,29881.5,5193
2026-08-10T14:15:00Z,29882.0,29900.0,29855.25,29862.25,6004
2026-08-10T14:20:00Z,29863.0,29884.5,29827.0,29837.75,5634
2026-08-10T14:25:00Z,29838.75,29869.5,29814.75,29857.75,6389
2026-08-10T14:30:00Z,29858.25,29882.0,29850.0,29861.5,4601
2026-08-10T14:35:00Z,29861.25,29892.25,29846.75,29860.0,5126
2026-08-10T14:40:00Z,29859.75,29883.0,29855.0,29866.75,3371
2026-08-10T14:45:00Z,29866.5,29886.0,29862.5,29870.25,3079
2026-08-10T14:50:00Z,29870.25,29877.25,29794.75,29795.75,5630
2026-08-10T14:55:00Z,29795.0,29816.0,29777.75,29779.25,5840
2026-08-10T15:00:00Z,29779.75,29815.5,29771.25,29800.0,6158
2026-08-10T15:05:00Z,29800.0,29822.5,29782.75,29782.75,4076
2026-08-10T15:10:00Z,29782.5,29807.0,29766.0,29793.25,4334
2026-08-10T15:15:00Z,29793.25,29817.25,29790.0,29799.75,3708
2026-08-10T15:20:00Z,29799.75,29809.0,29773.5,29783.75,3192
2026-08-10T15:25:00Z,29783.75,29788.0,29753.5,29777.75,3900
2026-08-10T15:30:00Z,29777.0,29787.75,29747.75,29750.75,3307
2026-08-10T15:35:00Z,29751.25,29770.0,29740.75,29761.75,2966
2026-08-10T15:40:00Z,29762.0,29809.0,29753.0,29808.25,3898
2026-08-10T15:45:00Z,29808.25,29818.0,29786.25,29796.0,3504
2026-08-10T15:50:00Z,29795.5,29848.5,29793.5,29846.5,3922
2026-08-10T15:55:00Z,29846.25,29854.5,29837.5,29844.0,2607
2026-08-10T16:00:00Z,29844.5,29858.75,29841.25,29848.0,2447
2026-08-10T16:05:00Z,29848.5,29850.0,29816.5,29826.25,2840
2026-08-10T16:10:00Z,29826.0,29833.0,29811.75,29822.0,2121
2026-08-10T16:15:00Z,29822.0,29835.0,29804.75,29821.25,2736
2026-08-10T16:20:00Z,29821.5,29841.0,29816.0,29839.25,1957
2026-08-10T16:25:00Z,29839.75,29843.5,29807.5,29809.75,2529
2026-08-10T16:30:00Z,29809.5,29817.0,29744.0,29778.25,5323
2026-08-10T16:35:00Z,29778.75,29796.0,29760.75,29769.5,3300
2026-08-10T16:40:00Z,29769.25,29774.25,29729.5,29742.25,4262
2026-08-10T16:45:00Z,29742.75,29768.5,29733.0,29767.0,3525
2026-08-10T16:50:00Z,29766.5,29768.0,29741.75,29755.25,2430
2026-08-10T16:55:00Z,29756.0,29781.0,29756.0,29780.0,2524
2026-08-10T17:00:00Z,29780.25,29783.75,29760.75,29774.0,2507
2026-08-10T17:05:00Z,29773.75,29802.0,29769.75,29800.5,2847
2026-08-10T17:10:00Z,29800.75,29809.0,29793.0,29800.75,2250
2026-08-10T17:15:00Z,29800.75,29811.25,29789.5,29796.0,1869
2026-08-10T17:20:00Z,29796.5,29804.5,29792.0,29796.75,1322
2026-08-10T17:25:00Z,29797.0,29799.75,29776.25,29787.5,2066
2026-08-10T17:30:00Z,29786.75,29796.5,29784.75,29787.75,1443
2026-08-10T17:35:00Z,29788.0,29790.75,29763.75,29769.5,2198
2026-08-10T17:40:00Z,29770.0,29778.5,29756.0,29759.5,1659
2026-08-10T17:45:00Z,29760.0,29763.5,29752.75,29753.0,1708
2026-08-10T17:50:00Z,29754.0,29761.75,29744.25,29752.25,2086
2026-08-10T17:55:00Z,29753.0,29765.25,29745.75,29759.75,1644
2026-08-10T18:00:00Z,29759.0,29768.25,29750.0,29754.5,1567
2026-08-10T18:05:00Z,29754.5,29770.0,29748.5,29766.25,1323
2026-08-10T18:10:00Z,29765.0,29772.75,29750.0,29751.25,1452
2026-08-10T18:15:00Z,29751.75,29756.5,29742.75,29747.25,1724
2026-08-10T18:20:00Z,29747.0,29755.75,29742.5,29750.0,1324
2026-08-10T18:25:00Z,29750.75,29756.0,29743.5,29747.75,1036
2026-08-10T18:30:00Z,29747.5,29765.0,29741.5,29763.0,2132
2026-08-10T18:35:00Z,29763.25,29771.0,29746.25,29755.25,1772
2026-08-10T18:40:00Z,29755.5,29773.5,29753.75,29771.75,1779
2026-08-10T18:45:00Z,29772.0,29774.0,29759.75,29765.5,1345
2026-08-10T18:50:00Z,29765.25,29780.0,29765.25,29775.0,1438
2026-08-10T18:55:00Z,29775.25,29784.5,29767.5,29782.0,1726
2026-08-10T19:00:00Z,29782.75,29793.25,29778.75,29782.25,2236
2026-08-10T19:05:00Z,29783.0,29789.25,29775.5,29787.5,1575
2026-08-10T19:10:00Z,29787.25,29795.0,29782.5,29789.5,1357
2026-08-10T19:15:00Z,29789.75,29796.0,29781.75,29785.5,1652
2026-08-10T19:20:00Z,29785.0,29794.0,29780.75,29793.5,1507
2026-08-10T19:25:00Z,29793.75,29796.0,29779.75,29781.75,1711
2026-08-10T19:30:00Z,29782.25,29788.25,29775.0,29777.0,2000
2026-08-10T19:35:00Z,29777.25,29793.0,29773.0,29788.0,1684
2026-08-10T19:40:00Z,29788.25,29789.25,29770.25,29776.25,2111
2026-08-10T19:45:00Z,29776.0,29784.25,29766.25,29781.75,2695
2026-08-10T19:50:00Z,29782.25,29782.25,29732.5,29734.0,6349
2026-08-10T19:55:00Z,29736.75,29756.25,29722.5,29744.25,14347
2026-08-10T20:00:00Z,29744.5,29754.75,29740.0,29745.75,4305
2026-08-10T20:05:00Z,29745.25,29754.75,29741.5,29753.5,1241
2026-08-10T20:10:00Z,29753.25,29753.75,29740.25,29745.0,906
2026-08-10T20:15:00Z,29745.0,29753.0,29742.25,29743.5,659
2026-08-10T20:20:00Z,29743.25,29750.5,29737.0,29744.0,499
2026-08-10T20:25:00Z,29743.0,29754.5,29742.5,29751.75,467
2026-08-10T20:30:00Z,29751.75,29754.0,29743.5,29747.25,397
2026-08-10T20:35:00Z,29747.25,29753.5,29743.25,29750.0,330
2026-08-10T20:40:00Z,29750.25,29760.0,29748.0,29757.5,510
2026-08-10T20:45:00Z,29758.0,29765.25,29757.5,29760.75,609
2026-08-10T20:50:00Z,29761.0,29770.0,29755.75,29769.0,299
2026-08-10T20:55:00Z,29768.5,29769.75,29762.0,29764.25,336
2026-08-10T22:00:00Z,29764.5,29788.5,29755.75,29773.25,598
2026-08-10T22:05:00Z,29773.5,29774.5,29757.75,29761.25,405
2026-08-10T22:10:00Z,29760.75,29764.0,29752.0,29761.5,388
2026-08-10T22:15:00Z,29761.75,29762.75,29746.75,29746.75,309
2026-08-10T22:20:00Z,29746.0,29751.0,29733.0,29739.25,445
2026-08-10T22:25:00Z,29738.5,29750.0,29738.5,29746.25,302
2026-08-10T22:30:00Z,29746.0,29746.25,29724.25,29727.75,598
2026-08-10T22:35:00Z,29727.75,29732.25,29723.5,29727.0,225
2026-08-10T22:40:00Z,29726.75,29731.75,29722.25,29725.25,214
2026-08-10T22:45:00Z,29724.5,29732.0,29724.5,29728.0,117
2026-08-10T22:50:00Z,29728.75,29735.5,29724.75,29729.75,196
2026-08-10T22:55:00Z,29729.25,29736.75,29729.0,29732.5,70
2026-08-10T23:00:00Z,29732.5,29735.5,29720.75,29730.5,309
2026-08-10T23:05:00Z,29730.25,29732.5,29727.25,29729.25,110
2026-08-10T23:10:00Z,29729.0,29733.0,29728.75,29731.25,100
2026-08-10T23:15:00Z,29731.5,29732.0,29723.0,29723.5,130
2026-08-10T23:20:00Z,29724.0,29725.0,29701.25,29710.25,893
2026-08-10T23:25:00Z,29710.25,29717.0,29704.25,29708.5,283
2026-08-10T23:30:00Z,29708.5,29710.5,29702.5,29708.25,185
2026-08-10T23:35:00Z,29707.5,29715.0,29706.75,29709.0,235
2026-08-10T23:40:00Z,29709.5,29715.5,29707.0,29714.25,150
2026-08-10T23:45:00Z,29713.75,29726.75,29705.5,29718.0,488
2026-08-10T23:50:00Z,29717.75,29719.0,29692.25,29698.0,544
2026-08-10T23:55:00Z,29695.25,29707.25,29677.5,29704.5,980
2026-08-11T00:00:00Z,29703.75,29703.75,29666.0,29688.25,1276
2026-08-11T00:05:00Z,29686.75,29718.5,29681.0,29704.5,1043
2026-08-11T00:10:00Z,29702.75,29753.5,29700.5,29748.75,1703
2026-08-11T00:15:00Z,29746.75,29750.25,29728.25,29736.75,909
2026-08-11T00:20:00Z,29737.0,29755.25,29725.0,29742.5,793
2026-08-11T00:25:00Z,29743.75,29765.0,29741.0,29762.75,774
2026-08-11T00:30:00Z,29764.0,29770.0,29756.0,29758.0,567
2026-08-11T00:35:00Z,29759.0,29771.25,29756.0,29760.25,540
2026-08-11T00:40:00Z,29762.0,29784.0,29761.0,29778.25,550
2026-08-11T00:45:00Z,29779.25,29791.75,29777.0,29778.25,604
2026-08-11T00:50:00Z,29778.0,29793.75,29778.0,29791.5,447
2026-08-11T00:55:00Z,29790.75,29792.5,29783.0,29785.0,265
2026-08-11T01:00:00Z,29784.75,29797.0,29765.0,29773.25,1267
2026-08-11T01:05:00Z,29771.5,29789.75,29764.5,29788.0,547
2026-08-11T01:10:00Z,29789.25,29826.0,29787.75,29826.0,1290
2026-08-11T01:15:00Z,29825.25,29827.75,29808.75,29813.75,586
2026-08-11T01:20:00Z,29815.0,29839.5,29812.25,29833.5,653
2026-08-11T01:25:00Z,29832.25,29832.75,29812.5,29821.75,503
2026-08-11T01:30:00Z,29819.25,29827.5,29813.0,29815.75,437
2026-08-11T01:35:00Z,29816.0,29820.0,29810.0,29814.0,247
2026-08-11T01:40:00Z,29813.75,29826.25,29811.75,29822.5,286
2026-08-11T01:45:00Z,29820.75,29842.5,29817.0,29841.5,681
2026-08-11T01:50:00Z,29842.0,29842.0,29831.75,29836.5,305
2026-08-11T01:55:00Z,29836.25,29837.25,29818.25,29818.25,366
2026-08-11T02:00:00Z,29818.0,29829.0,29813.75,29828.75,291
2026-08-11T02:05:00Z,29827.75,29830.5,29812.0,29815.0,368
2026-08-11T02:10:00Z,29816.0,29823.75,29813.75,29819.5,210
2026-08-11T02:15:00Z,29821.25,29827.25,29814.5,29823.0,221
2026-08-11T02:20:00Z,29823.25,29824.0,29813.0,29819.75,196
2026-08-11T02:25:00Z,29819.0,29826.75,29814.5,29825.0,182
2026-08-11T02:30:00Z,29824.0,29838.25,29824.0,29834.0,530
2026-08-11T02:35:00Z,29833.25,29833.25,29825.25,29827.25,166
2026-08-11T02:40:00Z,29826.75,29839.0,29826.75,29838.75,200
2026-08-11T02:45:00Z,29839.5,29844.5,29832.75,29833.75,316
2026-08-11T02:50:00Z,29833.25,29834.25,29820.25,29826.25,346
2026-08-11T02:55:00Z,29827.0,29827.0,29815.0,29818.25,242
2026-08-11T03:00:00Z,29817.75,29832.75,29815.0,29829.0,325
2026-08-11T03:05:00Z,29830.25,29830.25,29815.75,29824.75,233
2026-08-11T03:10:00Z,29826.75,29828.75,29818.5,29821.5,133
2026-08-11T03:15:00Z,29822.5,29825.75,29817.5,29822.75,135
2026-08-11T03:20:00Z,29822.5,29842.0,29819.75,29841.25,482
2026-08-11T03:25:00Z,29841.0,29847.5,29835.75,29840.75,326
2026-08-11T03:30:00Z,29842.25,29843.0,29826.0,29828.75,256
2026-08-11T03:35:00Z,29829.25,29842.0,29827.75,29838.75,233
2026-08-11T03:40:00Z,29838.5,29842.5,29831.75,29831.75,149
2026-08-11T03:45:00Z,29833.5,29836.0,29828.25,29834.75,177
2026-08-11T03:50:00Z,29835.0,29842.75,29833.0,29841.25,149
2026-08-11T03:55:00Z,29840.5,29840.75,29829.75,29832.0,126
2026-08-11T04:00:00Z,29832.5,29838.75,29832.5,29836.0,138
2026-08-11T04:05:00Z,29836.25,29841.5,29836.0,29836.25,140
2026-08-11T04:10:00Z,29837.5,29851.25,29837.25,29847.75,415
2026-08-11T04:15:00Z,29848.5,29849.25,29843.5,29845.5,149
2026-08-11T04:20:00Z,29844.25,29846.0,29838.25,29840.75,244
2026-08-11T04:25:00Z,29841.0,29854.5,29839.25,29852.75,365
2026-08-11T04:30:00Z,29852.5,29861.75,29847.25,29847.25,461
2026-08-11T04:35:00Z,29847.5,29851.5,29843.0,29849.75,170
2026-08-11T04:40:00Z,29849.0,29849.0,29835.5,29838.25,194
2026-08-11T04:45:00Z,29839.25,29846.0,29838.0,29841.0,125
2026-08-11T04:50:00Z,29841.75,29842.75,29834.5,29837.75,134
2026-08-11T04:55:00Z,29835.75,29840.0,29835.5,29838.75,109
2026-08-11T05:00:00Z,29838.75,29844.5,29834.5,29836.0,176
2026-08-11T05:05:00Z,29834.5,29848.0,29830.25,29844.75,208
2026-08-11T05:10:00Z,29845.75,29854.25,29842.75,29852.0,154
2026-08-11T05:15:00Z,29852.25,29853.5,29826.75,29827.75,230
2026-08-11T05:20:00Z,29828.0,29828.5,29815.0,29815.75,377
2026-08-11T05:25:00Z,29815.25,29820.75,29813.25,29813.75,281
2026-08-11T05:30:00Z,29813.25,29818.0,29798.25,29817.0,818
2026-08-11T05:35:00Z,29817.25,29829.5,29815.5,29820.5,456
2026-08-11T05:40:00Z,29821.5,29824.75,29810.5,29815.5,244
2026-08-11T05:45:00Z,29814.5,29817.0,29797.0,29798.25,314
2026-08-11T05:50:00Z,29799.5,29801.0,29786.75,29793.25,463
2026-08-11T05:55:00Z,29791.5,29802.0,29789.0,29793.25,309
2026-08-11T06:00:00Z,29792.5,29817.25,29787.25,29812.25,613
2026-08-11T06:05:00Z,29812.25,29818.0,29805.5,29816.0,258
2026-08-11T06:10:00Z,29814.25,29827.75,29814.25,29819.5,246
2026-08-11T06:15:00Z,29820.0,29822.0,29792.0,29792.25,376
2026-08-11T06:20:00Z,29791.75,29794.25,29778.0,29778.5,788
2026-08-11T06:25:00Z,29778.0,29780.0,29766.25,29771.25,722
2026-08-11T06:30:00Z,29770.5,29780.0,29732.5,29745.5,1217
2026-08-11T06:35:00Z,29745.0,29776.5,29738.0,29775.25,862
2026-08-11T06:40:00Z,29775.75,29789.25,29775.0,29782.0,757
2026-08-11T06:45:00Z,29785.25,29786.75,29762.5,29766.0,371
2026-08-11T06:50:00Z,29765.75,29770.0,29740.0,29741.0,740
2026-08-11T06:55:00Z,29741.5,29755.75,29738.5,29754.25,335
2026-08-11T07:00:00Z,29755.75,29769.75,29745.0,29760.25,520
2026-08-11T07:05:00Z,29761.75,29762.75,29733.25,29748.25,523
2026-08-11T07:10:00Z,29749.5,29766.5,29744.75,29759.75,357
2026-08-11T07:15:00Z,29758.25,29765.0,29739.25,29743.0,392
2026-08-11T07:20:00Z,29743.25,29746.25,29728.0,29735.0,508
2026-08-11T07:25:00Z,29735.25,29759.75,29735.0,29743.25,471
2026-08-11T07:30:00Z,29744.25,29775.0,29743.25,29771.0,505
2026-08-11T07:35:00Z,29772.5,29780.25,29770.0,29770.5,260
2026-08-11T07:40:00Z,29771.5,29776.5,29761.0,29769.0,293
2026-08-11T07:45:00Z,29767.5,29774.25,29758.0,29761.75,223
2026-08-11T07:50:00Z,29764.5,29775.25,29756.0,29759.5,342
2026-08-11T07:55:00Z,29759.25,29779.5,29756.75,29774.75,299
2026-08-11T08:00:00Z,29776.0,29804.25,29768.0,29779.25,1093
2026-08-11T08:05:00Z,29779.25,29782.0,29747.75,29748.25,671
2026-08-11T08:10:00Z,29750.25,29759.75,29730.5,29731.25,554
2026-08-11T08:15:00Z,29730.75,29738.0,29724.0,29726.75,453
2026-08-11T08:20:00Z,29727.25,29736.25,29718.0,29734.25,414
2026-08-11T08:25:00Z,29735.0,29747.25,29732.75,29733.0,442
2026-08-11T08:30:00Z,29733.5,29745.25,29719.0,29722.25,410
2026-08-11T08:35:00Z,29723.0,29735.25,29717.75,29734.25,324
2026-08-11T08:40:00Z,29733.5,29754.75,29731.5,29753.75,468
2026-08-11T08:45:00Z,29752.5,29763.5,29749.5,29757.0,276
2026-08-11T08:50:00Z,29757.0,29762.5,29750.75,29758.25,191
2026-08-11T08:55:00Z,29757.75,29758.0,29741.75,29749.5,326
2026-08-11T09:00:00Z,29748.0,29753.25,29723.75,29738.25,537
2026-08-11T09:05:00Z,29738.75,29756.25,29719.5,29720.5,467
2026-08-11T09:10:00Z,29720.75,29734.5,29718.75,29733.0,377
2026-08-11T09:15:00Z,29732.25,29759.5,29731.25,29758.25,473
2026-08-11T09:20:00Z,29757.25,29765.75,29747.5,29753.5,354
2026-08-11T09:25:00Z,29753.25,29762.0,29743.25,29759.0,306
2026-08-11T09:30:00Z,29759.25,29774.25,29754.5,29768.25,525
2026-08-11T09:35:00Z,29768.75,29776.0,29763.5,29773.0,297
2026-08-11T09:40:00Z,29773.0,29784.0,29767.5,29767.5,327
2026-08-11T09:45:00Z,29768.25,29781.5,29768.25,29776.25,166
2026-08-11T09:50:00Z,29772.0,29772.0,29764.5,29766.75,135
2026-08-11T09:55:00Z,29769.0,29773.25,29764.25,29768.75,160
2026-08-11T10:00:00Z,29770.25,29773.0,29760.75,29761.25,181
2026-08-11T10:05:00Z,29759.25,29766.0,29754.75,29764.0,253
2026-08-11T10:10:00Z,29764.75,29764.75,29755.0,29756.25,225
2026-08-11T10:15:00Z,29756.25,29774.25,29750.25,29773.25,244
2026-08-11T10:20:00Z,29773.25,29807.75,29771.5,29798.5,852
2026-08-11T10:25:00Z,29800.0,29832.75,29796.25,29821.25,955
2026-08-11T10:30:00Z,29821.75,29823.75,29805.25,29810.0,508
2026-08-11T10:35:00Z,29811.5,29814.5,29803.25,29804.0,241
2026-08-11T10:40:00Z,29803.0,29817.5,29801.75,29815.0,271
2026-08-11T10:45:00Z,29814.25,29827.5,29812.25,29826.5,214
2026-08-11T10:50:00Z,29826.0,29826.25,29816.0,29817.0,176
2026-08-11T10:55:00Z,29817.0,29818.25,29813.0,29818.0,180
2026-08-11T11:00:00Z,29818.75,29886.75,29818.25,29877.75,3366
2026-08-11T11:05:00Z,29879.0,29886.0,29869.0,29877.5,1228
2026-08-11T11:10:00Z,29877.75,29883.0,29867.75,29872.0,606
2026-08-11T11:15:00Z,29871.0,29873.0,29837.0,29837.25,843
2026-08-11T11:20:00Z,29839.0,29845.75,29830.75,29831.25,525
2026-08-11T11:25:00Z,29831.75,29840.75,29828.5,29834.25,444
2026-08-11T11:30:00Z,29833.75,29837.0,29817.0,29820.0,536
2026-08-11T11:35:00Z,29820.0,29828.5,29811.0,29817.75,388
2026-08-11T11:40:00Z,29817.75,29836.25,29812.75,29824.5,633
2026-08-11T11:45:00Z,29825.25,29827.5,29812.75,29823.5,416
2026-08-11T11:50:00Z,29823.5,29835.25,29823.5,29834.5,262
2026-08-11T11:55:00Z,29833.25,29834.25,29825.5,29832.0,253
2026-08-11T12:00:00Z,29832.75,29834.75,29819.5,29830.0,414
2026-08-11T12:05:00Z,29830.0,29854.0,29830.0,29853.5,732
2026-08-11T12:10:00Z,29853.5,29864.25,29853.25,29862.25,679
2026-08-11T12:15:00Z,29861.25,29871.5,29855.25,29862.5,842
2026-08-11T12:20:00Z,29863.5,29871.25,29821.5,29823.5,1815
2026-08-11T12:25:00Z,29823.25,29835.0,29822.75,29828.5,482
2026-08-11T12:30:00Z,29829.75,29837.0,29819.0,29831.5,696
2026-08-11T12:35:00Z,29832.0,29857.25,29831.5,29853.0,551
2026-08-11T12:40:00Z,29853.25,29856.75,29842.0,29846.0,405
2026-08-11T12:45:00Z,29847.0,29854.0,29839.25,29841.5,426
2026-08-11T12:50:00Z,29841.0,29842.5,29827.0,29839.0,501
2026-08-11T12:55:00Z,29839.5,29846.5,29832.25,29833.75,602
2026-08-11T13:00:00Z,29832.5,29851.25,29830.25,29836.0,1040
2026-08-11T13:05:00Z,29836.0,29848.75,29836.0,29846.0,435
2026-08-11T13:10:00Z,29845.5,29847.75,29820.25,29827.5,849
2026-08-11T13:15:00Z,29827.75,29839.25,29813.0,29829.5,1467
2026-08-11T13:20:00Z,29828.5,29837.75,29822.5,29830.5,1001
2026-08-11T13:25:00Z,29831.25,29845.75,29816.0,29839.0,2798
2026-08-11T13:30:00Z,29839.25,29842.5,29726.5,29737.5,16229
2026-08-11T13:35:00Z,29736.75,29743.0,29679.0,29702.25,12219
2026-08-11T13:40:00Z,29701.75,29756.25,29700.25,29723.25,10524
2026-08-11T13:45:00Z,29723.75,29725.0,29631.75,29660.75,13420
2026-08-11T13:50:00Z,29659.75,29696.0,29643.5,29663.75,8606
2026-08-11T13:55:00Z,29664.0,29735.0,29657.0,29732.75,8147
2026-08-11T14:00:00Z,29732.5,29770.75,29718.25,29756.75,8109
2026-08-11T14:05:00Z,29756.5,29792.5,29752.0,29778.0,6944
2026-08-11T14:10:00Z,29778.5,29790.5,29757.0,29763.0,5048
2026-08-11T14:15:00Z,29762.0,29791.75,29740.0,29749.0,8146
2026-08-11T14:20:00Z,29749.25,29773.5,29737.5,29748.0,5984
2026-08-11T14:25:00Z,29748.25,29782.0,29742.25,29777.25,4515
2026-08-11T14:30:00Z,29777.75,29785.25,29732.5,29772.75,5969
2026-08-11T14:35:00Z,29772.5,29778.25,29741.75,29744.0,4534
2026-08-11T14:40:00Z,29744.75,29758.75,29728.25,29742.75,4808
2026-08-11T14:45:00Z,29741.75,29783.25,29740.5,29780.0,4672
2026-08-11T14:50:00Z,29780.0,29804.75,29765.25,29794.5,5612
2026-08-11T14:55:00Z,29793.75,29804.0,29772.5,29777.0,3489
2026-08-11T15:00:00Z,29776.5,29792.25,29771.5,29776.75,3874
2026-08-11T15:05:00Z,29776.75,29777.25,29712.5,29713.5,6749
2026-08-11T15:10:00Z,29713.75,29728.0,29703.25,29712.25,4895
2026-08-11T15:15:00Z,29711.0,29718.75,29697.5,29708.75,4445
2026-08-11T15:20:00Z,29709.0,29735.25,29702.0,29707.25,4154
2026-08-11T15:25:00Z,29706.25,29722.25,29701.75,29702.75,3159
2026-08-11T15:30:00Z,29702.5,29719.5,29666.25,29674.25,5202
2026-08-11T15:35:00Z,29673.75,29693.0,29666.75,29670.75,4113
2026-08-11T15:40:00Z,29670.0,29695.5,29663.75,29693.0,3472
2026-08-11T15:45:00Z,29693.25,29693.75,29667.5,29667.5,3119
2026-08-11T15:50:00Z,29667.5,29685.75,29661.25,29666.5,3636
2026-08-11T15:55:00Z,29666.5,29676.0,29658.75,29663.25,3173
2026-08-11T16:00:00Z,29663.75,29674.5,29647.75,29652.25,3339
2026-08-11T16:05:00Z,29652.25,29681.0,29651.25,29679.0,3178
2026-08-11T16:10:00Z,29679.0,29681.75,29649.5,29652.5,2773
2026-08-11T16:15:00Z,29652.5,29669.75,29643.0,29648.75,2376
2026-08-11T16:20:00Z,29648.5,29661.25,29640.0,29643.0,3406
2026-08-11T16:25:00Z,29642.75,29647.25,29622.0,29645.75,4473
2026-08-11T16:30:00Z,29645.75,29650.5,29630.75,29633.25,2212
2026-08-11T16:35:00Z,29634.0,29666.75,29632.25,29661.5,2926
2026-08-11T16:40:00Z,29662.0,29662.0,29634.0,29637.0,2636
2026-08-11T16:45:00Z,29637.0,29638.5,29614.75,29632.5,3409
2026-08-11T16:50:00Z,29632.75,29643.0,29630.0,29641.5,3060
2026-08-11T16:55:00Z,29642.0,29642.5,29622.25,29626.0,3189
2026-08-11T17:00:00Z,29626.75,29634.75,29604.75,29605.5,3423
2026-08-11T17:05:00Z,29605.5,29623.5,29602.75,29613.25,2257
2026-08-11T17:10:00Z,29612.0,29612.25,29577.0,29578.25,3468
2026-08-11T17:15:00Z,29578.25,29608.0,29573.0,29601.25,3736
2026-08-11T17:20:00Z,29600.75,29617.5,29592.25,29607.75,3312
2026-08-11T17:25:00Z,29607.25,29618.0,29598.25,29606.0,3052
2026-08-11T17:30:00Z,29606.5,29615.0,29598.75,29614.0,2119
2026-08-11T17:35:00Z,29614.5,29629.0,29604.75,29611.0,2902
2026-08-11T17:40:00Z,29611.75,29638.0,29609.25,29634.25,2445
2026-08-11T17:45:00Z,29634.5,29640.75,29624.5,29629.75,2220
2026-08-11T17:50:00Z,29630.0,29639.5,29630.0,29638.75,1398
2026-08-11T17:55:00Z,29638.75,29639.75,29622.25,29628.75,2034
2026-08-11T18:00:00Z,29629.25,29635.75,29618.0,29630.0,2768
2026-08-11T18:05:00Z,29630.25,29634.25,29602.0,29605.0,3040
2026-08-11T18:10:00Z,29604.75,29614.75,29602.5,29607.75,1852
2026-08-11T18:15:00Z,29608.0,29614.0,29601.25,29604.25,1763
2026-08-11T18:20:00Z,29604.25,29604.25,29574.0,29583.5,3411
2026-08-11T18:25:00Z,29583.75,29587.25,29533.5,29544.25,5203
2026-08-11T18:30:00Z,29545.0,29570.25,29540.0,29568.75,4167
2026-08-11T18:35:00Z,29568.75,29576.75,29556.0,29563.25,2044
2026-08-11T18:40:00Z,29562.75,29563.25,29543.5,29548.75,2392
2026-08-11T18:45:00Z,29548.75,29588.75,29548.25,29585.0,2295
2026-08-11T18:50:00Z,29585.75,29599.5,29580.5,29595.0,2619
2026-08-11T18:55:00Z,29595.25,29597.0,29582.75,29582.75,2233
2026-08-11T19:00:00Z,29582.25,29595.25,29575.25,29593.5,2590
2026-08-11T19:05:00Z,29593.25,29594.0,29571.5,29582.75,2056
2026-08-11T19:10:00Z,29582.75,29614.5,29580.25,29607.75,3374
2026-08-11T19:15:00Z,29608.0,29615.75,29602.0,29605.75,2091
2026-08-11T19:20:00Z,29605.25,29617.0,29602.25,29613.25,1829
2026-08-11T19:25:00Z,29613.25,29627.0,29606.25,29624.0,2327
2026-08-11T19:30:00Z,29624.5,29639.0,29620.0,29636.75,3326
2026-08-11T19:35:00Z,29637.0,29660.0,29631.75,29659.5,3339
2026-08-11T19:40:00Z,29659.5,29660.25,29637.25,29640.25,3645
2026-08-11T19:45:00Z,29639.75,29643.0,29620.0,29628.5,3977
2026-08-11T19:50:00Z,29628.75,29648.75,29607.0,29645.75,6501
2026-08-11T19:55:00Z,29645.25,29650.0,29612.5,29635.25,11576
2026-08-11T20:00:00Z,29635.75,29651.75,29617.75,29621.25,4767
2026-08-11T20:05:00Z,29621.5,29635.75,29619.75,29632.0,2360
2026-08-11T20:10:00Z,29632.0,29641.5,29614.75,29640.25,1571
2026-08-11T20:15:00Z,29640.5,29652.5,29639.0,29649.5,1058
2026-08-11T20:20:00Z,29649.5,29669.5,29649.5,29665.0,930
2026-08-11T20:25:00Z,29666.25,29676.5,29663.5,29674.75,625
2026-08-11T20:30:00Z,29674.5,29676.0,29668.25,29669.5,588
2026-08-11T20:35:00Z,29670.25,29673.0,29666.0,29669.0,403
2026-08-11T20:40:00Z,29669.25,29671.25,29664.5,29670.0,290
2026-08-11T20:45:00Z,29670.75,29671.25,29660.75,29661.5,444
2026-08-11T20:50:00Z,29662.25,29662.75,29650.75,29656.5,436
2026-08-11T20:55:00Z,29656.25,29659.75,29643.5,29646.75,605
2026-08-11T22:00:00Z,29657.75,29661.0,29626.75,29643.5,767
2026-08-11T22:05:00Z,29642.25,29647.0,29632.25,29640.25,321
2026-08-11T22:10:00Z,29639.5,29660.0,29631.5,29658.25,325
2026-08-11T22:15:00Z,29658.75,29662.0,29652.25,29654.0,213
2026-08-11T22:20:00Z,29654.75,29657.0,29653.75,29655.25,115
2026-08-11T22:25:00Z,29655.75,29656.0,29650.5,29655.0,91
2026-08-11T22:30:00Z,29653.25,29666.0,29642.25,29651.0,444
2026-08-11T22:35:00Z,29652.25,29655.25,29649.0,29649.25,111
2026-08-11T22:40:00Z,29650.75,29653.75,29637.0,29639.25,241
2026-08-11T22:45:00Z,29639.75,29647.75,29634.0,29644.25,249
2026-08-11T22:50:00Z,29644.0,29649.25,29639.75,29647.0,126
2026-08-11T22:55:00Z,29648.0,29653.75,29647.0,29650.25,228
2026-08-11T23:00:00Z,29649.5,29654.25,29645.75,29648.0,128
2026-08-11T23:05:00Z,29648.0,29652.25,29639.5,29649.75,140
2026-08-11T23:10:00Z,29649.75,29650.5,29640.25,29641.75,163
2026-08-11T23:15:00Z,29641.5,29646.0,29640.75,29642.75,68
2026-08-11T23:20:00Z,29642.75,29646.5,29641.5,29644.5,87
2026-08-11T23:25:00Z,29644.5,29654.25,29644.0,29652.5,192
2026-08-11T23:30:00Z,29652.75,29653.25,29637.5,29641.0,256
2026-08-11T23:35:00Z,29640.5,29644.0,29635.75,29638.0,100
2026-08-11T23:40:00Z,29638.75,29642.0,29637.5,29640.75,69
2026-08-11T23:45:00Z,29640.75,29641.5,29634.25,29635.0,187
2026-08-11T23:50:00Z,29636.0,29661.5,29636.0,29656.25,460
2026-08-11T23:55:00Z,29655.5,29663.0,29654.25,29662.25,203
2026-08-12T00:00:00Z,29661.75,29669.75,29626.0,29637.75,1275
2026-08-12T00:05:00Z,29638.5,29647.25,29624.5,29633.75,437
2026-08-12T00:10:00Z,29633.75,29651.5,29626.5,29650.5,309
2026-08-12T00:15:00Z,29649.25,29668.75,29638.5,29667.75,697
2026-08-12T00:20:00Z,29667.75,29676.0,29658.75,29673.25,550
2026-08-12T00:25:00Z,29673.75,29675.75,29660.25,29665.5,443
2026-08-12T00:30:00Z,29666.0,29673.5,29657.0,29667.5,375
2026-08-12T00:35:00Z,29669.0,29680.0,29653.75,29655.75,455
2026-08-12T00:40:00Z,29656.5,29665.75,29652.0,29662.0,336
2026-08-12T00:45:00Z,29662.0,29672.0,29655.5,29664.0,334
2026-08-12T00:50:00Z,29665.25,29666.75,29657.0,29660.25,165
2026-08-12T00:55:00Z,29660.5,29670.75,29660.5,29665.75,111
2026-08-12T01:00:00Z,29662.75,29675.75,29660.0,29675.25,275
2026-08-12T01:05:00Z,29675.25,29681.0,29662.5,29680.0,494
2026-08-12T01:10:00Z,29678.5,29680.75,29671.75,29674.75,251
2026-08-12T01:15:00Z,29675.0,29675.75,29653.5,29662.5,458
2026-08-12T01:20:00Z,29663.0,29663.75,29639.5,29646.75,421
2026-08-12T01:25:00Z,29646.25,29666.5,29642.25,29661.75,382
2026-08-12T01:30:00Z,29660.0,29662.5,29647.5,29647.5,267
2026-08-12T01:35:00Z,29647.75,29659.25,29646.75,29648.0,280
2026-08-12T01:40:00Z,29648.0,29678.0,29648.0,29678.0,403
2026-08-12T01:45:00Z,29678.25,29680.5,29667.25,29678.25,326
2026-08-12T01:50:00Z,29678.0,29683.5,29664.5,29671.0,387
2026-08-12T01:55:00Z,29671.25,29671.25,29646.75,29658.25,444
2026-08-12T02:00:00Z,29659.0,29670.75,29656.5,29661.5,379
2026-08-12T02:05:00Z,29660.75,29663.25,29650.0,29658.5,246
2026-08-12T02:10:00Z,29658.5,29661.5,29651.0,29658.0,262
2026-08-12T02:15:00Z,29658.5,29664.25,29654.25,29664.0,216
2026-08-12T02:20:00Z,29664.5,29665.5,29657.75,29658.0,136
2026-08-12T02:25:00Z,29658.0,29678.0,29658.0,29678.0,283
2026-08-12T02:30:00Z,29677.25,29693.25,29675.25,29687.75,429
2026-08-12T02:35:00Z,29689.25,29693.0,29687.75,29687.75,202
2026-08-12T02:40:00Z,29688.0,29694.5,29686.25,29688.25,162
2026-08-12T02:45:00Z,29688.0,29698.75,29688.0,29698.5,289
2026-08-12T02:50:00Z,29698.25,29701.25,29694.5,29700.0,234
2026-08-12T02:55:00Z,29699.75,29703.0,29696.5,29702.5,237
2026-08-12T03:00:00Z,29702.75,29710.0,29701.5,29703.25,454
2026-08-12T03:05:00Z,29705.0,29708.5,29695.25,29699.25,270
2026-08-12T03:10:00Z,29699.75,29707.5,29698.25,29705.25,189
2026-08-12T03:15:00Z,29705.25,29708.75,29696.5,29700.0,309
2026-08-12T03:20:00Z,29700.0,29704.0,29695.25,29695.25,208
2026-08-12T03:25:00Z,29696.5,29704.75,29696.0,29702.5,123
2026-08-12T03:30:00Z,29701.75,29704.75,29698.0,29698.75,162
2026-08-12T03:35:00Z,29699.0,29704.0,29693.0,29695.75,166
2026-08-12T03:40:00Z,29696.5,29697.75,29688.75,29691.25,174
2026-08-12T03:45:00Z,29692.75,29701.25,29692.0,29701.25,108
2026-08-12T03:50:00Z,29700.25,29700.5,29684.5,29687.75,220
2026-08-12T03:55:00Z,29687.25,29696.25,29686.75,29694.0,153
2026-08-12T04:00:00Z,29694.75,29700.5,29690.0,29699.5,178
2026-08-12T04:05:00Z,29699.75,29702.0,29691.75,29694.5,239
2026-08-12T04:10:00Z,29693.5,29697.5,29692.0,29697.5,62
2026-08-12T04:15:00Z,29697.0,29698.5,29691.5,29692.25,112
2026-08-12T04:20:00Z,29691.75,29702.0,29691.75,29701.0,92
2026-08-12T04:25:00Z,29701.0,29703.0,29695.75,29698.25,131
2026-08-12T04:30:00Z,29697.0,29699.75,29683.5,29687.0,296
2026-08-12T04:35:00Z,29688.25,29699.0,29688.25,29696.25,133
2026-08-12T04:40:00Z,29696.0,29698.0,29692.25,29696.5,128
2026-08-12T04:45:00Z,29696.5,29712.5,29692.25,29712.25,330
2026-08-12T04:50:00Z,29712.25,29714.5,29709.25,29711.75,270
2026-08-12T04:55:00Z,29711.5,29715.5,29710.75,29713.0,178
2026-08-12T05:00:00Z,29714.0,29714.5,29700.5,29701.0,258
2026-08-12T05:05:00Z,29701.5,29704.75,29688.5,29696.25,233
2026-08-12T05:10:00Z,29696.5,29696.5,29685.0,29685.0,154
2026-08-12T05:15:00Z,29684.25,29690.0,29680.25,29685.0,230
2026-08-12T05:20:00Z,29684.25,29686.25,29668.25,29681.0,446
2026-08-12T05:25:00Z,29681.25,29689.5,29680.75,29688.0,193
2026-08-12T05:30:00Z,29688.75,29705.25,29687.25,29704.0,291
2026-08-12T05:35:00Z,29704.75,29707.0,29701.0,29705.0,146
2026-08-12T05:40:00Z,29705.5,29708.5,29699.0,29699.75,137
2026-08-12T05:45:00Z,29699.75,29704.0,29697.0,29702.5,130
2026-08-12T05:50:00Z,29702.75,29713.5,29700.5,29713.5,184
2026-08-12T05:55:00Z,29713.75,29718.0,29710.5,29715.5,376
2026-08-12T06:00:00Z,29715.0,29724.25,29713.75,29723.0,431
2026-08-12T06:05:00Z,29723.0,29724.0,29718.0,29721.25,193
2026-08-12T06:10:00Z,29721.25,29723.25,29707.25,29713.75,358
2026-08-12T06:15:00Z,29713.75,29721.25,29704.75,29717.5,316
2026-08-12T06:20:00Z,29718.5,29720.0,29698.25,29703.25,282
2026-08-12T06:25:00Z,29703.0,29713.0,29698.25,29711.75,235
2026-08-12T06:30:00Z,29709.5,29718.25,29706.0,29715.25,192
2026-08-12T06:35:00Z,29714.0,29730.25,29712.25,29724.0,269
2026-08-12T06:40:00Z,29725.5,29725.75,29709.5,29718.0,231
2026-08-12T06:45:00Z,29719.0,29730.25,29718.25,29727.25,270
2026-08-12T06:50:00Z,29727.25,29730.75,29724.0,29725.25,188
2026-08-12T06:55:00Z,29724.5,29737.25,29723.75,29736.75,511
2026-08-12T07:00:00Z,29737.25,29750.0,29735.5,29746.5,1602
2026-08-12T07:05:00Z,29746.25,29753.75,29742.0,29743.5,410
2026-08-12T07:10:00Z,29743.25,29748.5,29738.25,29741.25,344
2026-08-12T07:15:00Z,29741.5,29748.75,29737.75,29738.0,148
2026-08-12T07:20:00Z,29737.25,29738.75,29732.0,29734.0,222
2026-08-12T07:25:00Z,29734.25,29741.5,29727.5,29739.25,305
2026-08-12T07:30:00Z,29738.0,29739.25,29729.75,29732.25,153
2026-08-12T07:35:00Z,29733.25,29744.0,29732.5,29739.5,265
2026-08-12T07:40:00Z,29739.25,29742.75,29733.25,29742.75,116
2026-08-12T07:45:00Z,29741.25,29741.25,29730.5,29731.25,133
2026-08-12T07:50:00Z,29731.5,29738.25,29730.5,29736.75,105
2026-08-12T07:55:00Z,29734.25,29751.5,29733.5,29751.5,205
2026-08-12T08:00:00Z,29752.25,29781.25,29748.25,29773.0,1175
2026-08-12T08:05:00Z,29773.5,29776.0,29762.75,29767.75,356
2026-08-12T08:10:00Z,29768.0,29773.5,29765.5,29771.0,239
2026-08-12T08:15:00Z,29772.0,29781.25,29764.25,29779.25,317
2026-08-12T08:20:00Z,29780.5,29792.25,29778.75,29792.25,551
2026-08-12T08:25:00Z,29791.25,29792.25,29783.0,29786.0,241
2026-08-12T08:30:00Z,29785.75,29787.25,29762.75,29765.25,409
2026-08-12T08:35:00Z,29764.75,29775.75,29764.0,29775.75,249
2026-08-12T08:40:00Z,29775.0,29778.75,29770.0,29773.25,160
2026-08-12T08:45:00Z,29773.0,29791.5,29771.75,29791.5,286
2026-08-12T08:50:00Z,29791.0,29797.75,29791.0,29797.5,345
2026-08-12T08:55:00Z,29797.5,29799.5,29793.25,29793.75,267
2026-08-12T09:00:00Z,29794.5,29808.5,29793.5,29804.25,553
2026-08-12T09:05:00Z,29805.0,29812.0,29798.0,29809.5,269
2026-08-12T09:10:00Z,29809.75,29812.0,29806.25,29808.25,160
2026-08-12T09:15:00Z,29808.0,29815.0,29804.5,29808.5,277
2026-08-12T09:20:00Z,29808.25,29847.25,29803.75,29846.25,980
2026-08-12T09:25:00Z,29844.75,29848.25,29817.0,29824.0,708
2026-08-12T09:30:00Z,29823.5,29838.5,29822.5,29831.75,462
2026-08-12T09:35:00Z,29831.75,29838.75,29828.75,29834.0,253
2026-08-12T09:40:00Z,29835.25,29837.25,29828.25,29829.75,253
2026-08-12T09:45:00Z,29830.0,29830.5,29815.25,29819.25,474
2026-08-12T09:50:00Z,29820.0,29834.5,29804.0,29804.25,609
2026-08-12T09:55:00Z,29805.0,29816.25,29802.75,29815.25,427
2026-08-12T10:00:00Z,29815.5,29828.5,29814.75,29824.5,404
2026-08-12T10:05:00Z,29824.25,29828.5,29818.75,29825.0,357
2026-08-12T10:10:00Z,29825.5,29842.75,29824.25,29839.0,477
2026-08-12T10:15:00Z,29839.5,29840.0,29833.75,29838.0,212
2026-08-12T10:20:00Z,29838.5,29845.25,29837.75,29842.75,312
2026-08-12T10:25:00Z,29843.5,29844.0,29834.25,29839.5,236
2026-08-12T10:30:00Z,29839.75,29841.0,29834.25,29839.5,214
2026-08-12T10:35:00Z,29839.0,29839.75,29832.25,29836.75,214
2026-08-12T10:40:00Z,29836.0,29844.25,29834.75,29841.5,239
2026-08-12T10:45:00Z,29840.75,29841.5,29785.0,29815.5,1491
2026-08-12T10:50:00Z,29815.5,29822.5,29802.75,29817.0,857
2026-08-12T10:55:00Z,29818.0,29818.5,29803.25,29814.5,340
2026-08-12T11:00:00Z,29816.0,29832.0,29814.0,29822.5,687
2026-08-12T11:05:00Z,29822.25,29838.0,29818.25,29836.0,385
2026-08-12T11:10:00Z,29836.0,29836.75,29822.5,29823.5,338
2026-08-12T11:15:00Z,29821.25,29821.75,29807.25,29808.0,374
2026-08-12T11:20:00Z,29808.75,29818.0,29805.5,29805.75,294
2026-08-12T11:25:00Z,29805.75,29819.0,29805.5,29810.25,381
2026-08-12T11:30:00Z,29810.0,29824.75,29806.0,29820.5,435
2026-08-12T11:35:00Z,29820.5,29827.75,29806.5,29827.25,355
2026-08-12T11:40:00Z,29827.5,29831.75,29823.75,29825.5,338
2026-08-12T11:45:00Z,29825.75,29827.75,29819.5,29823.5,249
2026-08-12T11:50:00Z,29822.25,29836.75,29819.5,29832.25,377
2026-08-12T11:55:00Z,29832.75,29846.5,29832.75,29845.5,464
2026-08-12T12:00:00Z,29846.0,29858.25,29837.25,29850.0,969
2026-08-12T12:05:00Z,29849.75,29849.75,29831.75,29832.5,401
2026-08-12T12:10:00Z,29832.0,29838.75,29829.25,29830.0,366
2026-08-12T12:15:00Z,29830.5,29842.25,29820.75,29829.0,850
2026-08-12T12:20:00Z,29830.25,29846.75,29825.25,29842.75,861
2026-08-12T12:25:00Z,29842.5,29932.25,29836.75,29905.5,2480
2026-08-12T12:30:00Z,29905.25,29960.0,29750.25,29898.0,6903
2026-08-12T12:35:00Z,29898.25,29924.25,29873.75,29923.0,2683
2026-08-12T12:40:00Z,29923.25,29935.0,29914.0,29917.25,2426
2026-08-12T12:45:00Z,29918.25,29922.0,29901.0,29908.5,1724
2026-08-12T12:50:00Z,29908.5,29922.5,29899.75,29917.25,923
2026-08-12T12:55:00Z,29918.0,29921.75,29907.25,29919.25,701
2026-08-12T13:00:00Z,29920.0,29933.25,29916.0,29925.5,1486
2026-08-12T13:05:00Z,29925.5,29941.5,29923.0,29928.25,1310
2026-08-12T13:10:00Z,29929.0,29940.0,29926.25,29939.0,851
2026-08-12T13:15:00Z,29939.75,29963.0,29935.75,29961.5,1860
2026-08-12T13:20:00Z,29961.5,29981.75,29960.75,29970.0,2258
2026-08-12T13:25:00Z,29969.75,29992.75,29959.75,29991.0,4454
2026-08-12T13:30:00Z,29991.25,30001.75,29877.75,29878.25,18681
2026-08-12T13:35:00Z,29878.5,29946.25,29867.25,29889.25,12483
2026-08-12T13:40:00Z,29889.75,29904.5,29853.25,29899.5,7929
2026-08-12T13:45:00Z,29899.5,29970.75,29871.0,29962.0,10025
2026-08-12T13:50:00Z,29961.25,29962.75,29885.75,29896.0,9453
2026-08-12T13:55:00Z,29896.0,29921.5,29860.75,29907.5,8356
2026-08-12T14:00:00Z,29907.25,29913.75,29856.5,29857.25,7815
2026-08-12T14:05:00Z,29857.25,29922.75,29847.75,29921.5,7591
2026-08-12T14:10:00Z,29921.25,29936.0,29884.25,29892.5,8228
2026-08-12T14:15:00Z,29893.25,29918.5,29876.25,29877.75,4821
2026-08-12T14:20:00Z,29878.25,29924.5,29864.0,29921.75,5872
2026-08-12T14:25:00Z,29921.75,29945.75,29904.75,29916.25,6062
2026-08-12T14:30:00Z,29916.0,29924.75,29828.25,29878.25,9162
2026-08-12T14:35:00Z,29878.25,29929.0,29862.0,29921.25,5397
2026-08-12T14:40:00Z,29921.0,29927.75,29894.25,29925.0,4347
2026-08-12T14:45:00Z,29924.75,29931.5,29891.0,29903.75,3971
2026-08-12T14:50:00Z,29904.0,29904.5,29856.0,29861.75,5749
2026-08-12T14:55:00Z,29861.5,29879.25,29848.5,29868.0,4543
2026-08-12T15:00:00Z,29868.0,29879.0,29839.0,29851.5,4449
2026-08-12T15:05:00Z,29851.25,29878.5,29841.25,29871.25,3958
2026-08-12T15:10:00Z,29871.25,29892.0,29848.75,29879.75,3934
2026-08-12T15:15:00Z,29879.75,29887.0,29862.5,29871.5,2817
2026-08-12T15:20:00Z,29871.25,29877.75,29845.0,29849.5,3067
2026-08-12T15:25:00Z,29849.75,29874.75,29843.5,29874.5,2860
2026-08-12T15:30:00Z,29874.25,29879.0,29819.0,29832.25,4583
2026-08-12T15:35:00Z,29831.75,29858.25,29830.0,29832.75,3113
2026-08-12T15:40:00Z,29832.25,29842.5,29818.5,29828.25,2881
2026-08-12T15:45:00Z,29829.0,29847.5,29819.0,29847.5,2514
2026-08-12T15:50:00Z,29847.25,29854.0,29834.25,29837.25,2273
2026-08-12T15:55:00Z,29836.75,29843.25,29829.75,29831.75,2025
2026-08-12T16:00:00Z,29832.75,29861.25,29829.0,29851.0,3056
2026-08-12T16:05:00Z,29851.0,29871.75,29844.75,29871.5,1905
2026-08-12T16:10:00Z,29871.75,29877.75,29860.0,29873.25,2758
2026-08-12T16:15:00Z,29873.5,29876.75,29857.75,29861.5,3028
2026-08-12T16:20:00Z,29862.0,29883.75,29857.5,29881.5,2344
2026-08-12T16:25:00Z,29881.25,29887.75,29869.5,29873.5,1880
2026-08-12T16:30:00Z,29874.0,29880.5,29851.25,29852.0,3020
2026-08-12T16:35:00Z,29852.25,29886.0,29851.0,29885.0,2746
2026-08-12T16:40:00Z,29885.25,29894.75,29881.25,29885.0,3069
2026-08-12T16:45:00Z,29885.5,29899.0,29879.0,29896.75,1947
2026-08-12T16:50:00Z,29896.5,29918.0,29896.25,29911.25,3507
2026-08-12T16:55:00Z,29911.5,29914.0,29903.0,29905.5,2076
2026-08-12T17:00:00Z,29906.25,29924.25,29902.5,29919.5,2265
2026-08-12T17:05:00Z,29919.0,29924.5,29908.0,29909.25,2015
2026-08-12T17:10:00Z,29909.0,29913.25,29898.0,29911.25,2518
2026-08-12T17:15:00Z,29911.5,29911.75,29889.25,29899.5,2700
2026-08-12T17:20:00Z,29899.5,29909.5,29898.25,29904.5,2098
2026-08-12T17:25:00Z,29904.75,29920.0,29903.75,29909.25,2037
2026-08-12T17:30:00Z,29910.0,29919.5,29901.25,29909.5,2074
2026-08-12T17:35:00Z,29909.0,29917.75,29906.75,29913.75,1328
2026-08-12T17:40:00Z,29914.25,29922.25,29908.0,29915.0,2198
2026-08-12T17:45:00Z,29915.75,29920.5,29910.25,29912.5,1357
2026-08-12T17:50:00Z,29912.5,29924.0,29904.5,29907.75,2095
2026-08-12T17:55:00Z,29907.0,29913.0,29901.5,29910.25,1218
2026-08-12T18:00:00Z,29910.0,29915.0,29899.25,29901.25,1455
2026-08-12T18:05:00Z,29900.5,29904.25,29890.25,29899.25,1567
2026-08-12T18:10:00Z,29899.25,29918.5,29899.0,29907.25,1711
2026-08-12T18:15:00Z,29907.0,29909.25,29893.0,29901.0,1831
2026-08-12T18:20:00Z,29901.25,29909.75,29890.5,29908.75,1882
2026-08-12T18:25:00Z,29909.0,29913.75,29892.25,29894.0,1542
2026-08-12T18:30:00Z,29893.75,29912.5,29893.75,29903.5,1654
2026-08-12T18:35:00Z,29903.0,29913.0,29901.75,29910.75,1088
2026-08-12T18:40:00Z,29910.75,29932.0,29910.25,29919.5,2710
2026-08-12T18:45:00Z,29919.5,29920.25,29909.0,29918.0,1539
2026-08-12T18:50:00Z,29918.5,29923.25,29908.75,29909.25,1207
2026-08-12T18:55:00Z,29909.0,29909.25,29885.0,29889.75,2789
2026-08-12T19:00:00Z,29890.25,29902.75,29889.5,29891.0,1783
2026-08-12T19:05:00Z,29891.25,29905.0,29890.0,29891.75,1278
2026-08-12T19:10:00Z,29891.5,29893.75,29879.0,29884.25,1925
2026-08-12T19:15:00Z,29884.0,29898.5,29881.75,29889.5,1657
2026-08-12T19:20:00Z,29889.25,29890.25,29863.5,29865.5,2742
2026-08-12T19:25:00Z,29864.75,29873.5,29856.0,29868.25,2203
2026-08-12T19:30:00Z,29867.0,29868.0,29852.5,29858.75,2584
2026-08-12T19:35:00Z,29858.25,29864.0,29850.5,29853.75,2025
2026-08-12T19:40:00Z,29854.0,29855.0,29831.75,29849.25,4142
2026-08-12T19:45:00Z,29849.25,29868.75,29840.75,29865.5,3839
2026-08-12T19:50:00Z,29865.75,29870.0,29839.5,29856.5,5370
2026-08-12T19:55:00Z,29856.5,29862.0,29825.75,29852.75,13153
2026-08-12T20:00:00Z,29853.0,29880.75,29846.5,29869.5,4370
2026-08-12T20:05:00Z,29868.5,29906.0,29854.75,29863.5,3440
2026-08-12T20:10:00Z,29864.0,29865.25,29831.5,29846.75,1726
2026-08-12T20:15:00Z,29846.5,29851.25,29828.25,29830.25,1112
2026-08-12T20:20:00Z,29831.0,29835.75,29824.0,29826.75,775
2026-08-12T20:25:00Z,29826.5,29827.0,29814.75,29820.0,927
2026-08-12T20:30:00Z,29820.0,29822.0,29809.5,29817.75,1193
2026-08-12T20:35:00Z,29817.75,29823.25,29813.5,29819.75,594
2026-08-12T20:40:00Z,29820.0,29822.5,29817.25,29820.25,391
2026-08-12T20:45:00Z,29821.25,29821.5,29812.75,29814.25,440
2026-08-12T20:50:00Z,29814.25,29823.0,29813.0,29813.75,288
2026-08-12T20:55:00Z,29814.25,29815.0,29804.5,29805.75,294
2026-08-12T22:00:00Z,29825.0,29831.75,29807.25,29810.25,684
2026-08-12T22:05:00Z,29810.25,29825.0,29806.0,29819.25,511
2026-08-12T22:10:00Z,29820.5,29822.5,29800.25,29804.75,403
2026-08-12T22:15:00Z,29805.0,29809.75,29792.5,29794.0,327
2026-08-12T22:20:00Z,29794.25,29802.5,29789.0,29798.75,330
2026-08-12T22:25:00Z,29798.25,29800.0,29784.0,29794.0,324
2026-08-12T22:30:00Z,29792.25,29792.75,29780.5,29786.0,544
2026-08-12T22:35:00Z,29786.25,29788.5,29781.5,29788.0,266
2026-08-12T22:40:00Z,29788.0,29795.5,29786.0,29793.0,286
2026-08-12T22:45:00Z,29792.25,29803.5,29788.5,29797.0,341
2026-08-12T22:50:00Z,29797.75,29800.75,29795.25,29800.5,92
2026-08-12T22:55:00Z,29800.75,29801.25,29795.0,29797.75,107
2026-08-12T23:00:00Z,29797.25,29808.5,29797.0,29803.0,269
2026-08-12T23:05:00Z,29803.0,29807.5,29801.75,29806.25,194
2026-08-12T23:10:00Z,29806.25,29812.0,29806.0,29808.75,329
2026-08-12T23:15:00Z,29808.5,29809.75,29804.25,29808.25,115
2026-08-12T23:20:00Z,29810.0,29812.5,29807.25,29808.25,146
2026-08-12T23:25:00Z,29808.25,29809.0,29802.0,29807.25,252
2026-08-12T23:30:00Z,29805.25,29805.25,29793.5,29799.25,237
2026-08-12T23:35:00Z,29798.75,29813.5,29798.0,29812.5,225
2026-08-12T23:40:00Z,29812.5,29815.0,29804.0,29810.25,259
2026-08-12T23:45:00Z,29811.75,29812.25,29792.0,29795.5,429
2026-08-12T23:50:00Z,29795.0,29809.25,29794.5,29806.5,289
2026-08-12T23:55:00Z,29807.25,29808.0,29797.75,29804.5,259
2026-08-13T00:00:00Z,29805.25,29857.0,29796.75,29840.75,1436
2026-08-13T00:05:00Z,29840.75,29863.5,29838.75,29855.0,899
2026-08-13T00:10:00Z,29855.25,29861.5,29847.0,29847.75,508
2026-08-13T00:15:00Z,29848.25,29862.25,29838.0,29861.0,710
2026-08-13T00:20:00Z,29860.0,29866.75,29850.25,29860.75,490
2026-08-13T00:25:00Z,29861.0,29865.0,29838.75,29840.25,542
2026-08-13T00:30:00Z,29839.75,29853.75,29828.5,29840.25,837
2026-08-13T00:35:00Z,29836.5,29842.25,29829.5,29839.0,287
2026-08-13T00:40:00Z,29840.0,29844.5,29831.75,29840.75,312
2026-08-13T00:45:00Z,29840.5,29849.5,29831.25,29848.0,378
2026-08-13T00:50:00Z,29849.0,29850.0,29829.75,29834.25,309
2026-08-13T00:55:00Z,29834.0,29849.75,29829.0,29846.0,377
2026-08-13T01:00:00Z,29845.75,29849.25,29821.5,29830.0,655
2026-08-13T01:05:00Z,29831.5,29843.75,29830.75,29841.25,359
2026-08-13T01:10:00Z,29842.5,29853.0,29826.5,29829.25,526
2026-08-13T01:15:00Z,29831.5,29838.5,29823.5,29833.25,393
2026-08-13T01:20:00Z,29833.25,29835.5,29821.75,29827.5,285
2026-08-13T01:25:00Z,29828.0,29828.0,29808.25,29818.25,727
2026-08-13T01:30:00Z,29816.75,29836.0,29814.5,29835.25,548
2026-08-13T01:35:00Z,29836.25,29844.0,29835.0,29840.0,326
2026-08-13T01:40:00Z,29840.0,29843.75,29828.5,29837.75,389
2026-08-13T01:45:00Z,29836.75,29841.0,29828.0,29829.75,246
2026-08-13T01:50:00Z,29831.0,29856.25,29830.25,29856.25,597
2026-08-13T01:55:00Z,29855.0,29866.0,29853.25,29857.25,619
2026-08-13T02:00:00Z,29858.0,29869.25,29853.75,29860.75,440
2026-08-13T02:05:00Z,29861.0,29871.25,29857.5,29860.0,360
2026-08-13T02:10:00Z,29862.0,29865.75,29859.5,29862.25,155
2026-08-13T02:15:00Z,29861.75,29867.0,29859.0,29861.75,227
2026-08-13T02:20:00Z,29861.5,29869.5,29856.75,29864.25,342
2026-08-13T02:25:00Z,29863.75,29869.25,29859.0,29863.0,301
2026-08-13T02:30:00Z,29861.75,29863.0,29833.5,29833.5,786
2026-08-13T02:35:00Z,29834.25,29857.0,29834.0,29854.25,531
2026-08-13T02:40:00Z,29855.0,29877.75,29854.5,29873.75,724
2026-08-13T02:45:00Z,29873.75,29874.0,29866.0,29869.25,234
2026-08-13T02:50:00Z,29870.75,29872.0,29866.25,29869.5,127
2026-08-13T02:55:00Z,29870.25,29874.5,29866.25,29868.5,146
2026-08-13T03:00:00Z,29868.5,29873.5,29865.5,29869.5,184
2026-08-13T03:05:00Z,29868.75,29875.75,29867.75,29870.25,183
2026-08-13T03:10:00Z,29871.25,29875.25,29868.5,29874.5,116
2026-08-13T03:15:00Z,29873.75,29879.5,29871.25,29877.25,231
2026-08-13T03:20:00Z,29876.75,29877.75,29871.25,29874.0,138
2026-08-13T03:25:00Z,29873.75,29877.25,29872.0,29874.0,95
2026-08-13T03:30:00Z,29876.25,29877.0,29867.25,29870.75,159
2026-08-13T03:35:00Z,29869.0,29880.0,29868.75,29876.0,230
2026-08-13T03:40:00Z,29875.5,29876.5,29873.0,29876.0,94
2026-08-13T03:45:00Z,29876.0,29880.0,29875.75,29876.75,140
2026-08-13T03:50:00Z,29877.25,29880.0,29876.5,29878.25,262
2026-08-13T03:55:00Z,29878.0,29880.0,29874.0,29878.5,146
2026-08-13T04:00:00Z,29878.25,29886.75,29876.25,29882.25,298
2026-08-13T04:05:00Z,29881.75,29889.25,29880.75,29888.75,242
2026-08-13T04:10:00Z,29889.5,29891.75,29869.25,29869.25,454
2026-08-13T04:15:00Z,29869.25,29873.5,29867.75,29871.75,215
2026-08-13T04:20:00Z,29870.75,29870.75,29853.75,29868.25,644
2026-08-13T04:25:00Z,29867.5,29884.5,29867.0,29877.0,424
2026-08-13T04:30:00Z,29876.5,29888.75,29876.5,29887.25,149
2026-08-13T04:35:00Z,29886.25,29896.0,29881.0,29881.25,321
2026-08-13T04:40:00Z,29881.25,29886.0,29877.0,29879.0,199
2026-08-13T04:45:00Z,29878.75,29891.75,29873.5,29890.0,299
2026-08-13T04:50:00Z,29889.25,29895.0,29888.25,29890.5,163
2026-08-13T04:55:00Z,29890.5,29891.75,29878.0,29879.25,185
2026-08-13T05:00:00Z,29878.5,29897.25,29874.0,29894.25,279
2026-08-13T05:05:00Z,29893.75,29902.0,29892.5,29901.25,354
2026-08-13T05:10:00Z,29901.5,29916.5,29899.5,29915.0,678
2026-08-13T05:15:00Z,29915.0,29921.25,29909.25,29910.0,458
2026-08-13T05:20:00Z,29910.75,29920.0,29907.75,29910.0,288
2026-08-13T05:25:00Z,29911.0,29922.75,29910.75,29920.5,304
2026-08-13T05:30:00Z,29921.5,29924.0,29902.0,29911.75,512
2026-08-13T05:35:00Z,29912.5,29915.75,29897.0,29907.5,450
2026-08-13T05:40:00Z,29907.5,29912.5,29898.75,29902.75,388
2026-08-13T05:45:00Z,29901.75,29908.5,29899.25,29904.75,196
2026-08-13T05:50:00Z,29904.5,29908.25,29895.75,29897.75,193
2026-08-13T05:55:00Z,29897.75,29903.0,29882.0,29884.5,386
2026-08-13T06:00:00Z,29884.5,29887.5,29869.25,29881.5,827
2026-08-13T06:05:00Z,29880.5,29888.0,29877.75,29887.0,274
2026-08-13T06:10:00Z,29888.0,29897.0,29880.75,29892.75,402
2026-08-13T06:15:00Z,29894.0,29897.5,29885.0,29894.0,228
2026-08-13T06:20:00Z,29893.25,29905.25,29892.0,29905.25,218
2026-08-13T06:25:00Z,29905.5,29905.5,29892.25,29898.0,255
2026-08-13T06:30:00Z,29896.75,29905.25,29885.75,29890.25,485
2026-08-13T06:35:00Z,29888.5,29891.75,29875.0,29875.0,320
2026-08-13T06:40:00Z,29876.75,29877.25,29859.75,29862.25,449
2026-08-13T06:45:00Z,29862.0,29867.25,29858.25,29861.75,334
2026-08-13T06:50:00Z,29863.0,29873.0,29861.0,29868.0,266
2026-08-13T06:55:00Z,29868.75,29890.25,29867.75,29888.5,355
2026-08-13T07:00:00Z,29888.0,29893.25,29852.0,29856.25,864
2026-08-13T07:05:00Z,29857.0,29858.25,29847.0,29851.5,630
2026-08-13T07:10:00Z,29852.0,29854.75,29845.0,29854.0,434
2026-08-13T07:15:00Z,29853.75,29863.25,29848.0,29853.5,391
2026-08-13T07:20:00Z,29855.5,29872.75,29851.25,29870.5,318
2026-08-13T07:25:00Z,29870.5,29872.5,29866.0,29872.5,274
2026-08-13T07:30:00Z,29869.75,29871.75,29863.25,29863.25,225
2026-08-13T07:35:00Z,29863.25,29876.0,29861.25,29874.75,330
2026-08-13T07:40:00Z,29875.25,29882.25,29869.5,29880.5,411
2026-08-13T07:45:00Z,29880.5,29881.5,29866.75,29872.75,497
2026-08-13T07:50:00Z,29875.0,29875.25,29863.25,29864.5,293
2026-08-13T07:55:00Z,29865.25,29868.0,29859.25,29860.0,146
2026-08-13T08:00:00Z,29859.75,29872.5,29829.0,29834.25,1026
2026-08-13T08:05:00Z,29833.5,29866.25,29832.5,29847.5,662
2026-08-13T08:10:00Z,29848.0,29848.0,29829.5,29838.5,477
2026-08-13T08:15:00Z,29838.25,29846.25,29827.0,29846.25,448
2026-08-13T08:20:00Z,29847.5,29853.75,29839.25,29853.25,491
2026-08-13T08:25:00Z,29853.5,29865.0,29852.75,29858.75,319
2026-08-13T08:30:00Z,29859.5,29861.25,29851.25,29859.0,259
2026-08-13T08:35:00Z,29858.5,29859.5,29845.5,29858.5,312
2026-08-13T08:40:00Z,29857.75,29866.0,29850.75,29862.5,269
2026-08-13T08:45:00Z,29861.75,29865.5,29854.25,29857.0,277
2026-08-13T08:50:00Z,29855.75,29875.75,29855.75,29862.0,412
2026-08-13T08:55:00Z,29863.5,29872.0,29860.25,29860.75,159
2026-08-13T09:00:00Z,29861.5,29868.75,29851.75,29856.0,338
2026-08-13T09:05:00Z,29857.0,29857.75,29845.75,29847.0,315
2026-08-13T09:10:00Z,29847.0,29853.5,29833.0,29833.0,436
2026-08-13T09:15:00Z,29832.25,29839.5,29821.0,29839.5,412
2026-08-13T09:20:00Z,29839.75,29848.75,29837.5,29847.0,223
2026-08-13T09:25:00Z,29848.25,29848.5,29835.75,29838.75,151
2026-08-13T09:30:00Z,29837.5,29855.75,29836.5,29854.25,231
2026-08-13T09:35:00Z,29854.75,29857.0,29849.0,29851.75,139
2026-08-13T09:40:00Z,29852.0,29861.25,29850.75,29860.75,134
2026-08-13T09:45:00Z,29860.5,29865.5,29857.5,29862.5,181
2026-08-13T09:50:00Z,29863.5,29874.5,29863.0,29871.25,322
2026-08-13T09:55:00Z,29871.75,29879.25,29871.0,29876.5,214
2026-08-13T10:00:00Z,29876.25,29877.25,29864.25,29866.25,371
2026-08-13T10:05:00Z,29866.75,29877.0,29863.25,29870.75,278
2026-08-13T10:10:00Z,29873.0,29878.25,29868.5,29874.25,148
2026-08-13T10:15:00Z,29875.5,29881.0,29873.5,29878.25,213
2026-08-13T10:20:00Z,29878.5,29884.5,29872.0,29873.0,301
2026-08-13T10:25:00Z,29872.25,29878.5,29864.5,29873.0,274
2026-08-13T10:30:00Z,29874.0,29880.75,29869.5,29870.5,245
2026-08-13T10:35:00Z,29870.0,29878.0,29868.5,29874.0,208
2026-08-13T10:40:00Z,29874.75,29877.75,29872.0,29877.75,121
2026-08-13T10:45:00Z,29877.75,29885.25,29875.0,29882.75,155
2026-08-13T10:50:00Z,29883.75,29886.5,29876.0,29884.5,182
2026-08-13T10:55:00Z,29884.5,29885.0,29880.25,29881.25,159
2026-08-13T11:00:00Z,29881.5,29892.25,29877.75,29879.5,509
2026-08-13T11:05:00Z,29880.0,29887.25,29875.25,29878.0,196
2026-08-13T11:10:00Z,29877.75,29879.25,29870.75,29871.75,159
2026-08-13T11:15:00Z,29872.25,29875.5,29857.5,29861.25,520
2026-08-13T11:20:00Z,29862.5,29866.0,29859.0,29863.25,224
2026-08-13T11:25:00Z,29863.25,29864.75,29855.5,29863.0,273
2026-08-13T11:30:00Z,29860.25,29872.25,29857.5,29871.75,356
2026-08-13T11:35:00Z,29871.75,29885.75,29868.5,29883.75,391
2026-08-13T11:40:00Z,29882.75,29888.75,29875.5,29887.75,401
2026-08-13T11:45:00Z,29888.25,29895.0,29885.25,29888.0,437
2026-08-13T11:50:00Z,29888.25,29888.25,29867.5,29883.0,317
2026-08-13T11:55:00Z,29883.0,29886.5,29868.0,29869.0,250
2026-08-13T12:00:00Z,29869.5,29872.0,29840.0,29840.5,974
2026-08-13T12:05:00Z,29840.0,29853.25,29837.0,29848.75,545
2026-08-13T12:10:00Z,29847.0,29850.25,29832.75,29842.25,570
2026-08-13T12:15:00Z,29840.25,29840.25,29812.25,29816.75,651
2026-08-13T12:20:00Z,29818.75,29830.5,29818.0,29825.75,377
2026-08-13T12:25:00Z,29825.0,29860.0,29819.25,29844.5,850
2026-08-13T12:30:00Z,29849.75,29890.5,29820.0,29847.0,2885
2026-08-13T12:35:00Z,29847.0,29856.0,29839.75,29854.5,1171
2026-08-13T12:40:00Z,29851.0,29870.25,29837.0,29846.75,2172
2026-08-13T12:45:00Z,29845.75,29864.25,29841.0,29858.25,1030
2026-08-13T12:50:00Z,29858.25,29876.5,29854.5,29872.25,918
2026-08-13T12:55:00Z,29873.25,29881.25,29869.25,29880.25,538
2026-08-13T13:00:00Z,29880.75,29910.75,29878.75,29908.75,2578
2026-08-13T13:05:00Z,29909.0,29921.0,29905.75,29917.5,1320
2026-08-13T13:10:00Z,29917.5,29917.75,29903.0,29908.25,743
2026-08-13T13:15:00Z,29908.5,29912.0,29900.25,29906.5,942
2026-08-13T13:20:00Z,29906.5,29915.25,29903.75,29907.0,1139
2026-08-13T13:25:00Z,29906.75,29920.0,29903.0,29910.75,2674
2026-08-13T13:30:00Z,29911.0,29947.25,29863.5,29945.5,14523
2026-08-13T13:35:00Z,29945.25,30039.75,29940.0,30038.25,13264
2026-08-13T13:40:00Z,30038.0,30053.5,29995.5,30012.25,9885
2026-08-13T13:45:00Z,30013.5,30146.0,30005.25,30135.0,12520
2026-08-13T13:50:00Z,30135.25,30155.0,30119.25,30146.0,10971
2026-08-13T13:55:00Z,30146.25,30182.25,30122.75,30176.0,8864
2026-08-13T14:00:00Z,30175.75,30188.0,30155.75,30177.0,9237
2026-08-13T14:05:00Z,30177.0,30189.75,30160.75,30178.75,6646
2026-08-13T14:10:00Z,30178.75,30214.75,30178.75,30204.75,7107
2026-08-13T14:15:00Z,30206.25,30217.5,30193.75,30198.0,6194
2026-08-13T14:20:00Z,30197.75,30216.75,30185.25,30206.0,6222
2026-08-13T14:25:00Z,30206.0,30239.5,30198.0,30234.25,6047
2026-08-13T14:30:00Z,30233.25,30266.25,30227.5,30262.75,7623
2026-08-13T14:35:00Z,30263.0,30267.5,30240.25,30251.75,5388
2026-08-13T14:40:00Z,30252.0,30260.25,30232.5,30236.5,5049
2026-08-13T14:45:00Z,30236.0,30241.5,30212.25,30219.0,6889
2026-08-13T14:50:00Z,30218.75,30228.5,30208.0,30226.75,5234
2026-08-13T14:55:00Z,30226.25,30227.5,30198.25,30199.5,5978
2026-08-13T15:00:00Z,30199.25,30231.5,30193.75,30199.0,6497
2026-08-13T15:05:00Z,30199.25,30224.25,30197.0,30215.0,5055
2026-08-13T15:10:00Z,30214.75,30228.25,30206.25,30217.5,3837
2026-08-13T15:15:00Z,30217.5,30226.75,30202.0,30226.0,4062
2026-08-13T15:20:00Z,30226.5,30238.75,30220.75,30231.0,3675
2026-08-13T15:25:00Z,30231.0,30236.0,30179.5,30188.25,7373
2026-08-13T15:30:00Z,30188.75,30198.5,30143.25,30145.75,6507
2026-08-13T15:35:00Z,30146.25,30165.5,30128.25,30151.75,6954
2026-08-13T15:40:00Z,30151.0,30176.75,30131.5,30157.0,4817
2026-08-13T15:45:00Z,30156.25,30156.75,30126.0,30139.75,3967
2026-08-13T15:50:00Z,30140.0,30142.0,30104.5,30120.0,5119
2026-08-13T15:55:00Z,30119.25,30137.0,30104.0,30115.5,4218
2026-08-13T16:00:00Z,30117.25,30165.0,30114.25,30149.5,4631
2026-08-13T16:05:00Z,30150.5,30172.5,30150.5,30164.5,2748
2026-08-13T16:10:00Z,30164.5,30172.25,30138.5,30140.75,2727
2026-08-13T16:15:00Z,30140.75,30151.5,30133.75,30144.25,2476
2026-08-13T16:20:00Z,30144.0,30168.5,30137.0,30165.25,2581
2026-08-13T16:25:00Z,30166.0,30189.0,30164.0,30186.5,3247
2026-08-13T16:30:00Z,30186.75,30200.0,30184.25,30187.75,3008
2026-08-13T16:35:00Z,30187.0,30194.75,30168.0,30176.25,2681
2026-08-13T16:40:00Z,30176.75,30187.75,30170.0,30183.0,2016
2026-08-13T16:45:00Z,30183.25,30196.0,30182.5,30193.0,1584
2026-08-13T16:50:00Z,30192.25,30203.25,30181.5,30181.5,2361
2026-08-13T16:55:00Z,30181.75,30193.75,30176.5,30193.75,2397
2026-08-13T17:00:00Z,30193.75,30220.0,30193.25,30217.75,3777
2026-08-13T17:05:00Z,30217.75,30231.75,30216.25,30226.75,2833
2026-08-13T17:10:00Z,30227.25,30232.75,30224.25,30226.25,2071
2026-08-13T17:15:00Z,30226.25,30244.0,30224.75,30244.0,2983
2026-08-13T17:20:00Z,30243.5,30250.0,30235.25,30241.25,3038
2026-08-13T17:25:00Z,30241.5,30245.75,30235.75,30237.5,2023
2026-08-13T17:30:00Z,30237.75,30244.75,30230.25,30233.75,2295
2026-08-13T17:35:00Z,30233.75,30236.5,30221.5,30225.25,2315
2026-08-13T17:40:00Z,30225.0,30231.25,30214.25,30214.5,2053
2026-08-13T17:45:00Z,30214.5,30228.0,30214.0,30217.25,1803
2026-08-13T17:50:00Z,30217.5,30222.25,30205.25,30207.0,2015
2026-08-13T17:55:00Z,30207.25,30219.5,30203.75,30204.5,2090
2026-08-13T18:00:00Z,30205.0,30211.75,30201.5,30207.25,2100
2026-08-13T18:05:00Z,30208.0,30215.5,30194.5,30197.75,2657
2026-08-13T18:10:00Z,30197.5,30204.5,30189.5,30201.5,2132
2026-08-13T18:15:00Z,30201.5,30207.75,30193.75,30195.25,2013
2026-08-13T18:20:00Z,30194.75,30200.75,30181.0,30184.0,2854
2026-08-13T18:25:00Z,30184.0,30196.0,30183.0,30192.0,2443
2026-08-13T18:30:00Z,30192.0,30220.0,30191.5,30215.75,3532
2026-08-13T18:35:00Z,30215.75,30222.75,30212.25,30221.0,1982
2026-08-13T18:40:00Z,30220.75,30237.25,30216.25,30229.0,3059
2026-08-13T18:45:00Z,30228.5,30242.75,30228.25,30240.0,2378
2026-08-13T18:50:00Z,30240.5,30244.0,30232.25,30239.0,2115
2026-08-13T18:55:00Z,30239.25,30246.0,30236.25,30244.25,1859
2026-08-13T19:00:00Z,30244.25,30255.0,30242.0,30246.25,2819
2026-08-13T19:05:00Z,30246.5,30272.75,30240.0,30266.5,4523
2026-08-13T19:10:00Z,30266.75,30267.5,30232.0,30238.75,3774
2026-08-13T19:15:00Z,30238.25,30241.5,30221.75,30240.5,3645
2026-08-13T19:20:00Z,30240.75,30246.0,30232.5,30233.25,2102
2026-08-13T19:25:00Z,30233.0,30235.25,30215.25,30223.25,3271
2026-08-13T19:30:00Z,30222.75,30227.75,30211.0,30216.25,3163
2026-08-13T19:35:00Z,30216.25,30223.75,30212.75,30220.0,2109
2026-08-13T19:40:00Z,30220.25,30223.5,30202.75,30204.5,2727
2026-08-13T19:45:00Z,30204.5,30207.0,30195.25,30202.25,3402
2026-08-13T19:50:00Z,30201.25,30206.0,30183.25,30192.75,6574
2026-08-13T19:55:00Z,30192.75,30197.75,30173.0,30194.0,14178
2026-08-13T20:00:00Z,30194.25,30217.75,30144.5,30204.0,8710
2026-08-13T20:05:00Z,30204.25,30220.0,30193.75,30200.0,1921
2026-08-13T20:10:00Z,30200.5,30212.75,30195.75,30208.0,1017
2026-08-13T20:15:00Z,30208.25,30214.25,30202.0,30204.5,853
2026-08-13T20:20:00Z,30204.75,30204.75,30192.5,30197.0,665
2026-08-13T20:25:00Z,30197.25,30206.5,30194.25,30197.75,644
2026-08-13T20:30:00Z,30198.25,30207.5,30195.5,30202.5,596
2026-08-13T20:35:00Z,30202.75,30212.75,30200.25,30211.75,504
2026-08-13T20:40:00Z,30212.0,30213.25,30208.25,30209.5,346
2026-08-13T20:45:00Z,30209.25,30213.5,30208.75,30210.25,374
2026-08-13T20:50:00Z,30209.75,30214.0,30208.75,30212.75,265
2026-08-13T20:55:00Z,30212.5,30219.75,30208.75,30214.25,536
2026-08-13T22:00:00Z,30210.75,30214.5,30186.0,30200.5,902
2026-08-13T22:05:00Z,30199.75,30216.75,30195.0,30200.75,467
2026-08-13T22:10:00Z,30198.5,30203.5,30191.5,30197.25,240
2026-08-13T22:15:00Z,30196.25,30205.5,30190.0,30203.0,291
2026-08-13T22:20:00Z,30203.75,30204.25,30190.75,30198.0,260
2026-08-13T22:25:00Z,30196.5,30200.0,30196.0,30197.0,102
2026-08-13T22:30:00Z,30198.5,30207.0,30198.25,30205.5,239
2026-08-13T22:35:00Z,30206.0,30209.25,30201.5,30202.0,180
2026-08-13T22:40:00Z,30203.0,30210.25,30201.75,30206.75,131
2026-08-13T22:45:00Z,30206.25,30207.5,30200.0,30201.0,131
2026-08-13T22:50:00Z,30202.0,30207.75,30200.0,30203.75,182
2026-08-13T22:55:00Z,30202.25,30204.75,30200.25,30203.25,86
2026-08-13T23:00:00Z,30204.0,30205.25,30199.0,30204.0,96
2026-08-13T23:05:00Z,30205.25,30215.0,30204.0,30213.0,266
2026-08-13T23:10:00Z,30213.25,30224.75,30212.75,30224.75,301
2026-08-13T23:15:00Z,30225.0,30226.0,30207.25,30214.0,390
2026-08-13T23:20:00Z,30212.25,30213.5,30192.25,30198.75,455
2026-08-13T23:25:00Z,30198.5,30203.25,30197.25,30199.5,151
2026-08-13T23:30:00Z,30198.5,30203.5,30195.5,30201.0,176
2026-08-13T23:35:00Z,30201.75,30203.5,30195.25,30196.25,109
2026-08-13T23:40:00Z,30197.0,30201.75,30193.5,30196.25,269
2026-08-13T23:45:00Z,30196.75,30203.25,30189.5,30196.5,671
2026-08-13T23:50:00Z,30196.25,30199.5,30193.5,30197.0,125
2026-08-13T23:55:00Z,30198.0,30204.0,30195.0,30203.25,223
2026-08-14T00:00:00Z,30203.75,30232.0,30200.0,30228.0,1273
2026-08-14T00:05:00Z,30229.0,30232.0,30195.75,30211.25,874
2026-08-14T00:10:00Z,30212.25,30212.5,30198.25,30201.0,353
2026-08-14T00:15:00Z,30201.25,30204.0,30178.25,30183.75,1041
2026-08-14T00:20:00Z,30184.25,30190.0,30179.75,30181.5,353
2026-08-14T00:25:00Z,30182.0,30190.75,30176.75,30185.5,401
2026-08-14T00:30:00Z,30184.5,30191.75,30174.5,30182.75,521
2026-08-14T00:35:00Z,30183.5,30188.5,30180.25,30186.25,235
2026-08-14T00:40:00Z,30186.0,30190.0,30176.25,30178.5,528
2026-08-14T00:45:00Z,30180.0,30186.75,30172.0,30173.0,578
2026-08-14T00:50:00Z,30173.5,30180.5,30169.0,30171.5,647
2026-08-14T00:55:00Z,30172.0,30174.75,30166.25,30170.0,355
2026-08-14T01:00:00Z,30169.25,30169.75,30128.75,30135.75,1526
2026-08-14T01:05:00Z,30136.5,30152.75,30135.75,30144.5,744
2026-08-14T01:10:00Z,30144.75,30145.75,30124.25,30129.0,820
2026-08-14T01:15:00Z,30128.75,30138.25,30124.5,30134.0,674
2026-08-14T01:20:00Z,30131.75,30155.5,30128.75,30143.75,729
2026-08-14T01:25:00Z,30144.0,30154.5,30133.25,30152.5,601
2026-08-14T01:30:00Z,30153.25,30155.25,30140.25,30148.75,341
2026-08-14T01:35:00Z,30148.5,30160.25,30146.25,30157.0,446
2026-08-14T01:40:00Z,30157.75,30163.0,30153.0,30160.0,409
2026-08-14T01:45:00Z,30160.5,30168.0,30159.5,30166.25,285
2026-08-14T01:50:00Z,30166.0,30167.0,30152.75,30153.5,470
2026-08-14T01:55:00Z,30155.5,30157.75,30149.25,30151.5,242
2026-08-14T02:00:00Z,30151.5,30170.5,30149.75,30167.5,462
2026-08-14T02:05:00Z,30168.25,30170.0,30160.5,30165.0,408
2026-08-14T02:10:00Z,30164.25,30171.75,30162.25,30166.5,300
2026-08-14T02:15:00Z,30167.0,30170.25,30155.75,30158.0,342
2026-08-14T02:20:00Z,30157.75,30168.75,30157.0,30164.0,191
2026-08-14T02:25:00Z,30164.5,30168.5,30160.0,30167.25,229
2026-08-14T02:30:00Z,30168.0,30176.0,30167.25,30175.5,257
2026-08-14T02:35:00Z,30175.0,30181.5,30173.75,30174.75,314
2026-08-14T02:40:00Z,30173.5,30178.75,30168.75,30173.5,220
2026-08-14T02:45:00Z,30174.5,30178.5,30159.75,30162.75,354
2026-08-14T02:50:00Z,30162.25,30165.5,30158.5,30160.0,130
2026-08-14T02:55:00Z,30159.25,30160.25,30150.0,30154.75,364
2026-08-14T03:00:00Z,30153.75,30157.0,30150.5,30151.25,256
2026-08-14T03:05:00Z,30151.5,30160.75,30150.0,30158.75,318
2026-08-14T03:10:00Z,30159.0,30165.0,30156.75,30162.75,195
2026-08-14T03:15:00Z,30162.75,30169.5,30161.5,30167.25,187
2026-08-14T03:20:00Z,30167.25,30175.25,30166.0,30175.25,271
2026-08-14T03:25:00Z,30176.0,30180.0,30173.75,30180.0,183
2026-08-14T03:30:00Z,30180.75,30182.5,30165.75,30167.0,401
2026-08-14T03:35:00Z,30167.25,30167.25,30160.5,30162.25,238
2026-08-14T03:40:00Z,30162.75,30163.25,30155.25,30157.75,241
2026-08-14T03:45:00Z,30157.5,30163.0,30154.25,30156.0,225
2026-08-14T03:50:00Z,30159.0,30161.5,30154.75,30156.75,175
2026-08-14T03:55:00Z,30156.25,30160.0,30152.25,30152.25,171
2026-08-14T04:00:00Z,30152.25,30156.25,30144.75,30152.5,545
2026-08-14T04:05:00Z,30152.75,30161.0,30150.5,30154.75,318
2026-08-14T04:10:00Z,30154.0,30161.5,30148.0,30156.75,227
2026-08-14T04:15:00Z,30155.0,30164.0,30154.5,30159.0,242
2026-08-14T04:20:00Z,30159.0,30160.5,30150.5,30156.75,228
2026-08-14T04:25:00Z,30156.25,30165.0,30155.5,30157.5,285
2026-08-14T04:30:00Z,30158.75,30159.25,30146.5,30148.25,290
2026-08-14T04:35:00Z,30148.0,30155.0,30137.5,30153.5,517
2026-08-14T04:40:00Z,30153.5,30163.75,30148.5,30154.75,379
2026-08-14T04:45:00Z,30154.0,30154.25,30147.0,30150.25,237
2026-08-14T04:50:00Z,30149.75,30149.75,30145.25,30147.0,148
2026-08-14T04:55:00Z,30147.75,30150.5,30145.5,30147.0,123
2026-08-14T05:00:00Z,30148.25,30152.5,30136.25,30136.5,385
2026-08-14T05:05:00Z,30136.0,30139.75,30129.0,30133.5,366
2026-08-14T05:10:00Z,30133.5,30145.25,30127.75,30143.0,341
2026-08-14T05:15:00Z,30144.0,30151.25,30138.25,30144.25,297
2026-08-14T05:20:00Z,30142.5,30151.5,30141.5,30150.25,191
2026-08-14T05:25:00Z,30150.25,30152.0,30142.75,30150.5,193
2026-08-14T05:30:00Z,30149.25,30154.5,30140.75,30153.0,163
2026-08-14T05:35:00Z,30152.25,30164.5,30152.25,30161.75,250
2026-08-14T05:40:00Z,30161.25,30167.0,30152.5,30166.5,272
2026-08-14T05:45:00Z,30167.0,30175.0,30164.5,30172.75,291
2026-08-14T05:50:00Z,30173.0,30178.0,30170.5,30178.0,224
2026-08-14T05:55:00Z,30177.5,30182.0,30173.0,30174.0,350
2026-08-14T06:00:00Z,30174.75,30177.75,30149.5,30152.75,485
2026-08-14T06:05:00Z,30151.75,30163.0,30151.75,30157.0,269
2026-08-14T06:10:00Z,30157.75,30159.75,30151.5,30152.5,163
2026-08-14T06:15:00Z,30153.0,30161.25,30147.5,30160.0,238
2026-08-14T06:20:00Z,30159.0,30160.25,30150.25,30157.0,198
2026-08-14T06:25:00Z,30159.25,30164.0,30153.75,30163.25,117
2026-08-14T06:30:00Z,30162.25,30165.5,30154.5,30154.75,221
2026-08-14T06:35:00Z,30154.5,30160.0,30149.5,30154.5,266
2026-08-14T06:40:00Z,30155.5,30159.75,30152.5,30159.75,121
2026-08-14T06:45:00Z,30160.25,30168.75,30160.0,30167.5,189
2026-08-14T06:50:00Z,30167.75,30176.0,30167.5,30171.75,254
2026-08-14T06:55:00Z,30171.25,30178.0,30169.0,30172.5,151
2026-08-14T07:00:00Z,30173.5,30193.5,30171.5,30190.25,724
2026-08-14T07:05:00Z,30190.75,30194.25,30179.25,30190.75,442
2026-08-14T07:10:00Z,30190.75,30191.5,30171.5,30175.25,355
2026-08-14T07:15:00Z,30175.5,30181.0,30175.25,30180.25,138
2026-08-14T07:20:00Z,30179.5,30181.25,30172.25,30177.75,183
2026-08-14T07:25:00Z,30177.0,30180.0,30172.5,30177.0,162
2026-08-14T07:30:00Z,30177.75,30187.75,30173.0,30185.5,177
2026-08-14T07:35:00Z,30185.0,30191.25,30183.75,30190.25,158
2026-08-14T07:40:00Z,30191.0,30203.75,30188.75,30202.75,350
2026-08-14T07:45:00Z,30202.75,30202.75,30192.5,30197.25,235
2026-08-14T07:50:00Z,30196.75,30201.5,30194.25,30197.5,177
2026-08-14T07:55:00Z,30197.5,30201.75,30190.75,30194.75,395
2026-08-14T08:00:00Z,30194.5,30214.5,30187.75,30206.25,806
2026-08-14T08:05:00Z,30205.75,30235.75,30204.25,30227.0,893
2026-08-14T08:10:00Z,30227.75,30232.0,30208.0,30213.25,537
2026-08-14T08:15:00Z,30215.0,30231.5,30207.0,30210.75,463
2026-08-14T08:20:00Z,30210.75,30215.5,30206.0,30211.5,184
2026-08-14T08:25:00Z,30211.25,30225.5,30206.75,30225.5,241
2026-08-14T08:30:00Z,30224.5,30236.0,30222.0,30231.75,372
2026-08-14T08:35:00Z,30231.25,30239.0,30231.0,30237.75,370
2026-08-14T08:40:00Z,30236.75,30240.25,30227.25,30227.75,298
2026-08-14T08:45:00Z,30228.25,30240.0,30228.25,30235.5,195
2026-08-14T08:50:00Z,30235.0,30236.75,30227.75,30228.0,201
2026-08-14T08:55:00Z,30227.75,30228.5,30220.5,30220.75,144
2026-08-14T09:00:00Z,30220.0,30222.25,30210.25,30216.5,337
2026-08-14T09:05:00Z,30217.0,30221.5,30212.0,30214.75,182
2026-08-14T09:10:00Z,30215.0,30220.0,30211.0,30218.5,258
2026-08-14T09:15:00Z,30218.5,30224.25,30214.75,30223.0,248
2026-08-14T09:20:00Z,30222.75,30232.0,30216.75,30231.25,212
2026-08-14T09:25:00Z,30231.75,30232.0,30224.0,30226.75,147
2026-08-14T09:30:00Z,30225.5,30226.25,30211.5,30214.5,289
2026-08-14T09:35:00Z,30214.5,30220.5,30207.5,30217.25,320
2026-08-14T09:40:00Z,30216.25,30216.25,30207.0,30209.75,254
2026-08-14T09:45:00Z,30210.5,30225.75,30207.25,30222.5,315
2026-08-14T09:50:00Z,30223.0,30231.0,30220.5,30226.5,280
2026-08-14T09:55:00Z,30226.75,30236.0,30224.0,30235.0,266
2026-08-14T10:00:00Z,30234.25,30245.25,30233.5,30244.5,451
2026-08-14T10:05:00Z,30245.5,30249.0,30240.5,30242.25,297
2026-08-14T10:10:00Z,30243.75,30249.75,30239.5,30241.5,313
2026-08-14T10:15:00Z,30239.75,30240.75,30233.5,30234.5,311
2026-08-14T10:20:00Z,30234.75,30238.75,30228.5,30238.25,288
2026-08-14T10:25:00Z,30238.0,30238.0,30223.0,30228.75,204
2026-08-14T10:30:00Z,30230.0,30237.5,30225.75,30234.5,206
2026-08-14T10:35:00Z,30234.75,30235.25,30225.75,30232.0,277
2026-08-14T10:40:00Z,30230.75,30237.75,30223.5,30237.0,243
2026-08-14T10:45:00Z,30236.25,30241.0,30232.75,30233.0,310
2026-08-14T10:50:00Z,30234.0,30248.5,30233.75,30246.75,383
2026-08-14T10:55:00Z,30246.5,30252.5,30238.75,30252.0,534
2026-08-14T11:00:00Z,30251.75,30260.75,30247.0,30248.0,682
2026-08-14T11:05:00Z,30248.5,30262.0,30248.5,30256.25,307
2026-08-14T11:10:00Z,30255.75,30259.0,30251.0,30253.75,287
2026-08-14T11:15:00Z,30254.0,30254.25,30245.0,30248.0,359
2026-08-14T11:20:00Z,30248.75,30254.5,30242.0,30249.75,283
2026-08-14T11:25:00Z,30249.0,30254.75,30245.25,30247.25,282
2026-08-14T11:30:00Z,30247.0,30255.0,30239.5,30252.0,437
2026-08-14T11:35:00Z,30251.25,30258.5,30247.75,30249.25,430
2026-08-14T11:40:00Z,30248.0,30252.75,30237.25,30251.5,451
2026-08-14T11:45:00Z,30252.0,30264.75,30250.0,30263.25,571
2026-08-14T11:50:00Z,30262.75,30268.0,30258.75,30259.25,362
2026-08-14T11:55:00Z,30259.25,30267.75,30256.25,30263.75,341
2026-08-14T12:00:00Z,30265.25,30280.25,30260.75,30262.75,1055
2026-08-14T12:05:00Z,30262.75,30267.75,30256.5,30265.0,596
2026-08-14T12:10:00Z,30265.25,30265.75,30208.5,30237.5,1728
2026-08-14T12:15:00Z,30237.0,30238.75,30226.5,30235.0,890
2026-08-14T12:20:00Z,30235.5,30243.75,30230.75,30232.75,541
2026-08-14T12:25:00Z,30232.75,30256.25,30230.0,30251.5,663
2026-08-14T12:30:00Z,30252.75,30279.75,30247.0,30272.25,1597
2026-08-14T12:35:00Z,30272.0,30278.25,30257.5,30264.0,1119
2026-08-14T12:40:00Z,30263.5,30266.75,30258.5,30266.0,560
2026-08-14T12:45:00Z,30265.75,30274.0,30254.0,30270.5,1060
2026-08-14T12:50:00Z,30271.0,30278.0,30265.0,30275.5,540
2026-08-14T12:55:00Z,30276.75,30279.75,30266.25,30268.25,664
2026-08-14T13:00:00Z,30268.5,30276.5,30262.25,30270.25,639
2026-08-14T13:05:00Z,30271.0,30283.0,30264.75,30265.25,1025
2026-08-14T13:10:00Z,30265.25,30266.5,30252.5,30253.0,691
2026-08-14T13:15:00Z,30253.25,30260.0,30245.25,30246.75,1064
2026-08-14T13:20:00Z,30248.0,30257.5,30245.25,30253.25,851
2026-08-14T13:25:00Z,30252.75,30261.5,30236.25,30241.5,2240
2026-08-14T13:30:00Z,30241.5,30269.5,30206.25,30206.25,14625
2026-08-14T13:35:00Z,30206.5,30222.0,30169.75,30220.5,11676
2026-08-14T13:40:00Z,30221.0,30262.25,30195.0,30261.0,11370
2026-08-14T13:45:00Z,30260.75,30280.5,30226.0,30238.0,11381
2026-08-14T13:50:00Z,30239.0,30265.5,30218.5,30238.75,8709
2026-08-14T13:55:00Z,30239.75,30250.75,30208.75,30228.25,6114
2026-08-14T14:00:00Z,30226.0,30257.5,30204.75,30254.25,6753
2026-08-14T14:05:00Z,30255.0,30272.25,30226.0,30233.75,6545
2026-08-14T14:10:00Z,30233.0,30245.25,30215.75,30221.25,5104
2026-08-14T14:15:00Z,30221.75,30228.5,30167.75,30172.5,7510
2026-08-14T14:20:00Z,30173.0,30193.5,30148.75,30160.0,6680
2026-08-14T14:25:00Z,30160.25,30169.5,30134.25,30160.25,7036
2026-08-14T14:30:00Z,30159.75,30163.25,30129.0,30138.75,7887
2026-08-14T14:35:00Z,30138.75,30176.5,30135.5,30169.0,5221
2026-08-14T14:40:00Z,30168.25,30168.25,30142.0,30155.5,4289
2026-08-14T14:45:00Z,30155.5,30165.75,30143.0,30150.25,3169
2026-08-14T14:50:00Z,30150.25,30166.0,30142.5,30144.25,3073
2026-08-14T14:55:00Z,30144.0,30150.25,30123.0,30123.0,3477
2026-08-14T15:00:00Z,30124.0,30143.0,30109.5,30123.25,5260
2026-08-14T15:05:00Z,30122.75,30131.0,30101.75,30106.5,4425
2026-08-14T15:10:00Z,30106.75,30116.5,30088.0,30090.5,4426
2026-08-14T15:15:00Z,30090.75,30110.75,30089.75,30104.25,3995
2026-08-14T15:20:00Z,30103.75,30110.0,30044.5,30047.25,6483
2026-08-14T15:25:00Z,30047.5,30074.5,30033.5,30072.5,6660
2026-08-14T15:30:00Z,30073.25,30075.0,30042.0,30048.25,5122
2026-08-14T15:35:00Z,30049.25,30065.5,30039.25,30042.25,4455
2026-08-14T15:40:00Z,30041.5,30049.75,30029.5,30049.0,3588
2026-08-14T15:45:00Z,30049.25,30066.25,30031.0,30037.75,4502
2026-08-14T15:50:00Z,30038.0,30063.5,30028.5,30056.75,3489
2026-08-14T15:55:00Z,30056.5,30072.75,30052.0,30065.75,3415
2026-08-14T16:00:00Z,30066.5,30084.25,30066.25,30074.5,4026
2026-08-14T16:05:00Z,30073.75,30077.25,30050.5,30059.75,3247
2026-08-14T16:10:00Z,30060.0,30082.5,30057.25,30080.25,3069
2026-08-14T16:15:00Z,30080.25,30088.0,30077.5,30081.75,2673
2026-08-14T16:20:00Z,30081.5,30094.75,30075.5,30093.25,2906
2026-08-14T16:25:00Z,30093.25,30107.75,30091.5,30101.0,2634
2026-08-14T16:30:00Z,30100.5,30102.0,30065.75,30071.5,4393
2026-08-14T16:35:00Z,30072.75,30097.5,30071.0,30081.75,3285
2026-08-14T16:40:00Z,30080.75,30082.5,30064.5,30067.25,2256
2026-08-14T16:45:00Z,30067.0,30076.75,30061.5,30074.5,2237
2026-08-14T16:50:00Z,30073.75,30073.75,30055.75,30061.75,2348
2026-08-14T16:55:00Z,30062.25,30069.75,30052.75,30059.0,1991
2026-08-14T17:00:00Z,30059.25,30066.5,30053.0,30060.5,2130
2026-08-14T17:05:00Z,30060.75,30074.0,30058.0,30067.0,1973
2026-08-14T17:10:00Z,30066.75,30079.75,30063.75,30069.25,2625
2026-08-14T17:15:00Z,30069.25,30073.5,30057.5,30068.75,1961
2026-08-14T17:20:00Z,30068.0,30076.5,30050.5,30054.0,2043
2026-08-14T17:25:00Z,30053.75,30066.25,30046.5,30059.25,2486
2026-08-14T17:30:00Z,30059.5,30072.0,30056.75,30068.5,1802
2026-08-14T17:35:00Z,30068.75,30072.25,30050.25,30057.25,2125
2026-08-14T17:40:00Z,30057.0,30065.75,30052.0,30058.0,1569
2026-08-14T17:45:00Z,30058.25,30064.5,30054.5,30058.0,1586
2026-08-14T17:50:00Z,30057.75,30077.25,30049.75,30073.75,2126
2026-08-14T17:55:00Z,30073.5,30084.5,30065.75,30081.5,2377
2026-08-14T18:00:00Z,30081.25,30091.25,30073.5,30089.25,2120
2026-08-14T18:05:00Z,30088.75,30091.0,30079.0,30088.5,1539
2026-08-14T18:10:00Z,30088.5,30090.75,30076.75,30078.75,1625
2026-08-14T18:15:00Z,30078.75,30090.5,30078.5,30084.75,1905
2026-08-14T18:20:00Z,30084.75,30092.5,30078.25,30081.0,1564
2026-08-14T18:25:00Z,30080.5,30087.25,30064.75,30068.0,2251
2026-08-14T18:30:00Z,30067.5,30075.75,30062.5,30072.0,2082
2026-08-14T18:35:00Z,30072.25,30078.25,30066.25,30076.25,1448
2026-08-14T18:40:00Z,30075.5,30090.25,30073.5,30087.25,2005
2026-08-14T18:45:00Z,30087.0,30088.75,30078.0,30087.0,1529
2026-08-14T18:50:00Z,30087.5,30104.0,30087.5,30096.75,2539
2026-08-14T18:55:00Z,30096.75,30097.5,30086.5,30088.5,1421
2026-08-14T19:00:00Z,30088.5,30091.25,30077.25,30082.75,2281
2026-08-14T19:05:00Z,30082.75,30094.5,30077.0,30092.25,1951
2026-08-14T19:10:00Z,30092.25,30093.0,30081.25,30083.0,1686
2026-08-14T19:15:00Z,30083.25,30092.25,30076.0,30088.25,2438
2026-08-14T19:20:00Z,30088.25,30089.75,30080.5,30087.0,1585
2026-08-14T19:25:00Z,30087.25,30104.0,30085.25,30096.75,2238
2026-08-14T19:30:00Z,30096.25,30103.75,30091.25,30101.25,2325
2026-08-14T19:35:00Z,30101.75,30109.0,30096.0,30105.75,3048
2026-08-14T19:40:00Z,30105.25,30115.25,30103.0,30108.5,2744
2026-08-14T19:45:00Z,30108.5,30120.5,30101.5,30119.5,3862
2026-08-14T19:50:00Z,30119.25,30130.0,30114.75,30126.25,6920
2026-08-14T19:55:00Z,30126.0,30148.0,30112.25,30145.0,11576
2026-08-14T20:00:00Z,30144.25,30153.25,30136.0,30145.75,5680
2026-08-14T20:05:00Z,30146.25,30146.25,30131.25,30133.25,1414
2026-08-14T20:10:00Z,30133.75,30141.75,30131.0,30132.75,1444
2026-08-14T20:15:00Z,30133.25,30135.5,30128.5,30131.5,504
2026-08-14T20:20:00Z,30131.5,30133.5,30127.25,30129.5,294
2026-08-14T20:25:00Z,30129.25,30132.0,30128.0,30131.0,396
2026-08-14T20:30:00Z,30131.0,30145.75,30128.25,30140.5,867
2026-08-14T20:35:00Z,30140.5,30143.0,30136.75,30137.0,402
2026-08-14T20:40:00Z,30138.0,30143.5,30138.0,30142.0,325
2026-08-14T20:45:00Z,30142.25,30143.0,30138.0,30141.5,440
2026-08-14T20:50:00Z,30142.75,30147.5,30142.75,30144.0,356
2026-08-14T20:55:00Z,30145.0,30154.75,30143.5,30154.0,477
2026-08-16T22:00:00Z,30170.0,30196.0,30163.75,30188.0,1266
2026-08-16T22:05:00Z,30188.75,30199.75,30187.0,30191.25,453
2026-08-16T22:10:00Z,30192.25,30202.5,30188.75,30196.5,346
2026-08-16T22:15:00Z,30197.75,30200.75,30191.5,30193.5,174
2026-08-16T22:20:00Z,30193.5,30199.25,30190.5,30192.0,175
2026-08-16T22:25:00Z,30192.5,30196.0,30192.5,30192.75,98
2026-08-16T22:30:00Z,30193.0,30196.5,30188.5,30193.75,221
2026-08-16T22:35:00Z,30194.25,30195.25,30189.25,30193.5,90
2026-08-16T22:40:00Z,30194.0,30195.0,30191.0,30192.25,65
2026-08-16T22:45:00Z,30192.75,30205.75,30187.25,30203.75,480
2026-08-16T22:50:00Z,30204.0,30211.75,30202.5,30208.75,349
2026-08-16T22:55:00Z,30208.75,30209.0,30199.25,30205.0,282
2026-08-16T23:00:00Z,30205.25,30207.25,30199.25,30202.75,158
2026-08-16T23:05:00Z,30203.75,30206.75,30203.0,30205.0,98
2026-08-16T23:10:00Z,30204.25,30205.75,30195.25,30197.0,276
2026-08-16T23:15:00Z,30197.25,30198.5,30194.0,30194.5,177
2026-08-16T23:20:00Z,30194.75,30204.25,30191.5,30200.25,341
2026-08-16T23:25:00Z,30200.75,30201.0,30194.0,30197.0,106
2026-08-16T23:30:00Z,30197.75,30199.0,30192.75,30193.0,162
2026-08-16T23:35:00Z,30193.0,30202.0,30193.0,30199.5,135
2026-08-16T23:40:00Z,30199.75,30206.25,30198.75,30206.25,172
2026-08-16T23:45:00Z,30204.75,30221.75,30204.5,30218.5,552
2026-08-16T23:50:00Z,30219.25,30228.0,30217.5,30218.25,551
2026-08-16T23:55:00Z,30218.0,30219.25,30212.5,30214.25,209
2026-08-17T00:00:00Z,30215.0,30227.25,30209.0,30215.25,848
2026-08-17T00:05:00Z,30214.75,30225.0,30211.5,30211.75,454
2026-08-17T00:10:00Z,30212.25,30223.0,30211.5,30219.5,256
2026-08-17T00:15:00Z,30218.5,30218.75,30189.0,30192.5,694
2026-08-17T00:20:00Z,30192.0,30200.0,30192.0,30198.5,362
2026-08-17T00:25:00Z,30198.5,30204.25,30195.0,30195.5,401
2026-08-17T00:30:00Z,30195.5,30198.25,30186.5,30190.75,376
2026-08-17T00:35:00Z,30191.25,30193.75,30185.5,30187.25,272
2026-08-17T00:40:00Z,30187.25,30196.0,30186.5,30188.75,400
2026-08-17T00:45:00Z,30189.25,30198.0,30185.5,30193.75,284
2026-08-17T00:50:00Z,30195.25,30198.0,30190.0,30196.0,160
2026-08-17T00:55:00Z,30195.5,30202.0,30191.5,30201.75,258
2026-08-17T01:00:00Z,30201.0,30227.5,30199.75,30227.0,914
2026-08-17T01:05:00Z,30227.25,30233.25,30223.5,30226.5,634
2026-08-17T01:10:00Z,30225.25,30226.75,30213.75,30214.25,428
2026-08-17T01:15:00Z,30214.5,30221.75,30203.75,30220.0,793
2026-08-17T01:20:00Z,30220.5,30239.0,30219.25,30230.0,603
2026-08-17T01:25:00Z,30229.0,30234.75,30227.75,30229.75,166
2026-08-17T01:30:00Z,30230.25,30232.5,30199.0,30204.25,587
2026-08-17T01:35:00Z,30204.5,30211.5,30196.75,30211.25,489
2026-08-17T01:40:00Z,30211.75,30213.75,30191.0,30199.0,704
2026-08-17T01:45:00Z,30198.5,30203.25,30192.75,30199.5,262
2026-08-17T01:50:00Z,30198.75,30199.5,30187.0,30192.5,350
2026-08-17T01:55:00Z,30192.75,30195.25,30189.0,30192.0,176
2026-08-17T02:00:00Z,30192.0,30194.5,30187.25,30189.5,203
2026-08-17T02:05:00Z,30189.25,30198.5,30185.25,30196.0,482
2026-08-17T02:10:00Z,30196.75,30200.5,30192.25,30200.25,215
2026-08-17T02:15:00Z,30200.75,30204.5,30197.75,30201.75,182
2026-08-17T02:20:00Z,30201.25,30222.25,30200.75,30214.25,1114
2026-08-17T02:25:00Z,30215.25,30218.0,30211.75,30217.25,176
2026-08-17T02:30:00Z,30216.75,30223.5,30211.75,30218.0,307
2026-08-17T02:35:00Z,30218.25,30219.5,30212.25,30217.75,170
2026-08-17T02:40:00Z,30217.0,30225.0,30216.5,30222.25,148
2026-08-17T02:45:00Z,30220.5,30227.25,30220.25,30225.25,252
2026-08-17T02:50:00Z,30225.0,30231.25,30222.25,30224.5,317
2026-08-17T02:55:00Z,30224.0,30224.0,30220.0,30222.25,199
2026-08-17T03:00:00Z,30223.0,30229.0,30220.75,30229.0,298
2026-08-17T03:05:00Z,30228.5,30233.5,30223.25,30232.5,262
2026-08-17T03:10:00Z,30232.25,30235.0,30222.5,30226.0,302
2026-08-17T03:15:00Z,30227.5,30235.5,30226.75,30231.5,178
2026-08-17T03:20:00Z,30231.5,30234.75,30230.5,30233.0,103
2026-08-17T03:25:00Z,30232.75,30234.25,30229.25,30234.25,109
2026-08-17T03:30:00Z,30234.75,30236.25,30226.0,30235.5,164
2026-08-17T03:35:00Z,30235.0,30240.0,30233.75,30239.5,234
2026-08-17T03:40:00Z,30239.25,30240.75,30238.75,30239.25,39
